id,box_id,song_id,position,status,user_id
2ff54b87-0f19-4e72-8479-60a48bd36970,4ee9b1f2-c7ea-48de-b69c-f9d22f12aa12,d2868457-a2ac-4879-95d4-b77b5b37a02c,1,played,eb25e8c2-0c14-4251-af31-5815e29136af
e9afdfd1-6494-4329-a83b-f90aeafa4fe5,4ee9b1f2-c7ea-48de-b69c-f9d22f12aa12,e9c0010d-4bed-49e2-afe9-f53bb722c268,3,played,eb25e8c2-0c14-4251-af31-5815e29136af
00501aa0-3dfc-4a99-9f10-dc89bca7dcd9,4ee9b1f2-c7ea-48de-b69c-f9d22f12aa12,b6daed71-3598-424b-bb13-788dd8c666a8,5,played,eb25e8c2-0c14-4251-af31-5815e29136af
2c79ff97-a4b4-443c-a694-09c0ba77e3ab,4ee9b1f2-c7ea-48de-b69c-f9d22f12aa12,a6f1b784-f651-4d23-a074-6126579a7ada,7,played,eb25e8c2-0c14-4251-af31-5815e29136af
c069a4b1-6d9f-476d-981b-0bd0890f94fa,4ee9b1f2-c7ea-48de-b69c-f9d22f12aa12,9c2acbe2-611d-4b3d-9183-d545ccc64f63,9,played,eb25e8c2-0c14-4251-af31-5815e29136af
1d31f83e-c3a9-40a4-8d6d-ff31e084d56a,4ee9b1f2-c7ea-48de-b69c-f9d22f12aa12,c215a3f0-8cd9-4b20-93f1-ee05cae2e28f,2,played,7284d072-1170-4df5-8c28-7d641733a0e3
3b2e5e5a-ac28-4529-bad7-07b0549c4e0f,4ee9b1f2-c7ea-48de-b69c-f9d22f12aa12,b2ab2cf1-1633-40fe-b609-8b380ec1b0b9,4,played,7284d072-1170-4df5-8c28-7d641733a0e3
7ef3321a-b454-4759-8117-15e37d241b9d,4ee9b1f2-c7ea-48de-b69c-f9d22f12aa12,72d250bf-b017-43fc-b206-e299706bf101,6,played,7284d072-1170-4df5-8c28-7d641733a0e3
1cdff7a2-5d69-4ea9-ab08-ba5c6c11c4a1,4ee9b1f2-c7ea-48de-b69c-f9d22f12aa12,398b0eac-561e-49f7-bcb4-37211d776799,8,played,7284d072-1170-4df5-8c28-7d641733a0e3
56b85479-0438-4e4c-a39c-771abc5011c5,4ee9b1f2-c7ea-48de-b69c-f9d22f12aa12,dc89304a-41c4-413c-9f2c-c974a5c9f3e2,10,played,7284d072-1170-4df5-8c28-7d641733a0e3
e25dd27b-c050-4f21-a32e-531d05c4f4ef,4ee9b1f2-c7ea-48de-b69c-f9d22f12aa12,951119d8-a07f-4707-a2e6-2ccf9e8bf1d2,11,playing,7284d072-1170-4df5-8c28-7d641733a0e3
1febd150-569c-4696-a0f1-4f30beb53d12,ae64ca68-73f4-4b4d-9f95-15ec010f8137,5df3b872-379b-4a11-b786-9fc4b8c0f4f8,1,played,7284d072-1170-4df5-8c28-7d641733a0e3
c17b6340-1576-4d4e-b0bc-b8b377d0fd7e,ae64ca68-73f4-4b4d-9f95-15ec010f8137,ebaf7a14-c64f-4c01-89e3-18ae0e54b0cf,2,played,7284d072-1170-4df5-8c28-7d641733a0e3
d3306b77-914a-42a2-8422-7e43f3307b94,ae64ca68-73f4-4b4d-9f95-15ec010f8137,8c92bd5e-c978-447a-b3c1-be8e60538f81,3,playing,7284d072-1170-4df5-8c28-7d641733a0e3
ed2fbdc1-d68d-40c7-967d-a67fd0710d32,8b19a934-1ca3-4ce3-b5b0-22cadb519ad6,9a2a9a74-2a94-49f4-945b-8cfa3460b03d,1,playing,6548af85-a074-495d-9e80-e3deba231f97
dca96919-8b60-4b16-bdfa-ccd7f25d1e98,8b19a934-1ca3-4ce3-b5b0-22cadb519ad6,e70079fb-9c9e-4a74-9400-6153214ec230,2,queued,7284d072-1170-4df5-8c28-7d641733a0e3
70814487-5a3b-4c5f-bc1f-25a36cb67c7f,195912ba-b73e-4f14-946f-1c9c009d47a6,53322744-7426-4300-b7a4-dcccb049fb8f,1,playing,eb25e8c2-0c14-4251-af31-5815e29136af
dfca44e3-74c6-403a-b65f-649c4e7f24bd,b9c3adf1-9e06-426d-94f8-f65446b2eb7b,e2f78539-0c1c-45de-a568-28bab28b9b0d,1,playing,0978b2c9-6ca0-44ce-8801-159db630b4f1
10d25bfe-a231-4964-b7d0-6c33894248f6,1f525ff8-fb00-4c25-8054-36d8d8ebe1db,39bd3fae-e9dd-40af-9e8e-5985b2f0e9ca,1,playing,eb25e8c2-0c14-4251-af31-5815e29136af
591ec4fe-ea49-4fcf-a368-59dc3d58805e,39b91e00-d7db-4c77-9281-10035918f8da,d4590f71-dc86-446f-9e23-05708ff15272,1,queued,302a9981-40b7-49b6-9bcc-391a1fd610d2
8defb122-ba60-44b3-91ff-5c4296ecdb7e,b8f2a167-9329-45dd-824c-beaff7620271,bca02f00-b33d-40b4-bdc7-9992b18da974,1,playing,8981765a-2099-4ff3-8178-56c45595e28c
bfebba91-eab6-44db-9a5b-4d4561c50636,fbe59d74-56e8-4f78-9691-2fbbd0ac2720,8eea2152-32b7-4dd1-b854-2825e9da75e2,1,played,1e1e21c9-0c59-480b-81bc-13f33ae07cc0
4567f0d3-fb50-4bd8-8857-b42859ba21af,fbe59d74-56e8-4f78-9691-2fbbd0ac2720,9deef660-f65a-4e4e-8d09-804d9cc0d153,2,playing,1e1e21c9-0c59-480b-81bc-13f33ae07cc0
7ba4ebb0-d0b7-404f-8a20-358a7b42caca,f61dda97-12f9-4d5f-8dff-51d06fa8fb82,1ed4ae18-8452-49c1-963c-71f127757f85,1,queued,eb25e8c2-0c14-4251-af31-5815e29136af
30819a01-8b5a-49a6-b9f1-c05e8d915916,f61dda97-12f9-4d5f-8dff-51d06fa8fb82,4681465e-6f25-4b43-9022-8a87d5c4a8d2,2,queued,eb25e8c2-0c14-4251-af31-5815e29136af
2ad50e9d-e319-49c6-b0a4-330a69257ce9,0e34716d-4cfb-43b2-be2e-1acd5f266408,eb49c737-3dc1-45b9-a73f-dd0c1c79b77e,1,playing,eb25e8c2-0c14-4251-af31-5815e29136af
ccf95834-9a56-4d42-b33f-96ec33698886,edb7eb12-645e-41ae-b843-b24c6bd08db8,e6169d11-c26b-47fc-847f-03f35103404e,1,playing,71751a31-3437-441a-a028-db39e56be01d
f5b5d181-c14a-4a91-9314-bd977845cdc0,edb7eb12-645e-41ae-b843-b24c6bd08db8,396be40b-e3b3-4973-96b1-6a99db378013,2,played,71751a31-3437-441a-a028-db39e56be01d
c44bd19c-4b02-4462-ba54-e6290e589bb7,edb7eb12-645e-41ae-b843-b24c6bd08db8,eaacaffb-aa13-46bd-ae6f-c95b2e96f433,3,played,71751a31-3437-441a-a028-db39e56be01d
4f6b0b4a-3d7e-48b0-bb01-183ba19589f1,39b98cfe-02d0-4bb7-8456-1290d4f44cb7,7c1aee21-daaf-42e1-8ee2-9da59b244f29,1,queued,04010529-350e-4637-8bd3-f70bf6661091
d126620b-0eca-4c46-9427-3ea4ba550aa3,a5a3beec-0e31-4f08-beb4-75875458b61a,ac81236b-e3b2-47af-9708-1e96b263a428,1,playing,b509c3b9-2044-468e-b9ac-c1a694379e3a
2df4434d-2e07-46cf-9f8b-65eb80578e75,e9137ba7-cbab-43c5-85c7-f102b0346bb8,eb49c737-3dc1-45b9-a73f-dd0c1c79b77e,1,playing,9d76f7ee-ad99-4b3c-9a2d-8f895ce5e748
72c3a0d4-ab08-4e19-a70a-801c82c1fdf4,674ccbbf-bcd1-4a10-8569-df9516e2c8a6,8c92bd5e-c978-447a-b3c1-be8e60538f81,1,played,5c4a43b4-dab9-47ad-aff0-d6146bdb9371
b01b8cbf-df89-49c2-98e7-eb551b6389b6,674ccbbf-bcd1-4a10-8569-df9516e2c8a6,8c032817-5b82-49c2-8005-57439a2b5be0,2,playing,5c4a43b4-dab9-47ad-aff0-d6146bdb9371
50352259-38e1-48b7-b046-851733b343be,a0d75346-1fd5-4a8e-82b8-03d1c817ce0e,39bd3fae-e9dd-40af-9e8e-5985b2f0e9ca,1,playing,673e818b-bfe4-46de-87ce-5cf90b4abbfa
c79cceec-c523-46b8-b304-1ea9496b37e5,a0d75346-1fd5-4a8e-82b8-03d1c817ce0e,dae58240-40cf-44b6-8ba3-01fee38d9dbb,2,queued,673e818b-bfe4-46de-87ce-5cf90b4abbfa
c5879226-7258-4d62-adda-7e56dc8a6a94,c802c613-c9ba-42fd-b870-f6a264950a67,76a7ce3f-41c1-443b-8d95-7920cdb498b1,1,played,6678590a-9b83-43ee-ba5b-99c1679faeca
f83f7718-fdd7-419a-a5be-dd0dca6a5487,c802c613-c9ba-42fd-b870-f6a264950a67,a634d281-a426-48c4-b37a-5ff41c534c68,2,playing,673e818b-bfe4-46de-87ce-5cf90b4abbfa
442dd919-62cb-42d5-aa27-659bf2ddca00,f92ffacd-0cde-4f0b-ae6d-f17ac2dc9c9f,f01b3946-ffd5-42b8-a0e2-4912d1ff2f47,1,playing,23af3e55-c4ca-4e8e-a8b6-fb7467c9542d
6222a957-50bf-4365-ba27-73a00c599fb1,ff103317-f09e-47b4-b9ff-91307a9ba3fc,550d8f5b-9dc7-47cc-adcd-8540408682bf,1,queued,23af3e55-c4ca-4e8e-a8b6-fb7467c9542d
458e3585-4659-47e9-800b-3c3c28dd7fe5,dffadd57-cbd8-452f-af6c-3203597b2fcc,b21772b0-e501-4a9b-b9c3-38fb04afa4ca,1,played,23af3e55-c4ca-4e8e-a8b6-fb7467c9542d
05bb85e4-84cb-49a2-8f8e-e5df5c4cfc91,dffadd57-cbd8-452f-af6c-3203597b2fcc,fc3047ca-5464-4869-9543-183762f1a8bc,2,played,23af3e55-c4ca-4e8e-a8b6-fb7467c9542d
94e00b89-bb14-49ac-8af5-a60cdb489b2c,dffadd57-cbd8-452f-af6c-3203597b2fcc,bc383731-d4cd-4dac-90b9-9ea4c059dbe3,3,played,23af3e55-c4ca-4e8e-a8b6-fb7467c9542d
265fe207-5ed6-4771-be5b-35bc67f5f374,dffadd57-cbd8-452f-af6c-3203597b2fcc,6fbc1a1a-25ad-4d0b-85e8-cc7dbf63a7c5,4,played,23af3e55-c4ca-4e8e-a8b6-fb7467c9542d
a49ab48e-94cd-4bc1-be09-fab5a2db4759,dffadd57-cbd8-452f-af6c-3203597b2fcc,db9eb7e0-b73e-4ae9-bce5-6dc84c9e7e23,5,queued,23af3e55-c4ca-4e8e-a8b6-fb7467c9542d
4b30aa92-43ff-400e-9c8a-4ccd3752acb0,dffadd57-cbd8-452f-af6c-3203597b2fcc,1950c698-bed6-48a4-82ef-227f0b3cf31f,6,queued,23af3e55-c4ca-4e8e-a8b6-fb7467c9542d
b6589689-e638-47e4-95b0-85f45f0ea77a,dffadd57-cbd8-452f-af6c-3203597b2fcc,d9b25285-10cf-4c33-b94c-c367368dad9a,7,queued,23af3e55-c4ca-4e8e-a8b6-fb7467c9542d
929de807-cc12-402f-93ee-7d1e5d6448ca,dffadd57-cbd8-452f-af6c-3203597b2fcc,b6ae0c33-b7aa-4cb6-908c-c41dcf3c12e2,8,queued,23af3e55-c4ca-4e8e-a8b6-fb7467c9542d
3af20afd-610b-41e1-bbd8-5c394a9ab9a4,dffadd57-cbd8-452f-af6c-3203597b2fcc,b27106ae-2c00-4e8a-b9be-ec946e6c7888,9,queued,23af3e55-c4ca-4e8e-a8b6-fb7467c9542d
c1a2c98c-303e-49b7-be8c-8d7b40208eeb,dffadd57-cbd8-452f-af6c-3203597b2fcc,7db6e81e-29c7-40be-8bc1-89c9516c7d5f,10,queued,23af3e55-c4ca-4e8e-a8b6-fb7467c9542d
9033c8b0-900c-4d64-a7d8-0a50a1ff6c94,5af81d2a-8de0-4b7e-8a9f-462da785ee67,6bd462fd-4613-4460-b14c-31a58ad9a3e0,1,played,dd64fd79-b750-448a-b1ab-4d12aab68a81
b89cc9ef-4380-4e6a-8fc5-c25edec71964,5af81d2a-8de0-4b7e-8a9f-462da785ee67,11bee21f-7fb5-47e5-b0b8-f691a7650d97,2,played,dd64fd79-b750-448a-b1ab-4d12aab68a81
4f002077-d6db-4660-a18c-986d24c1caad,5af81d2a-8de0-4b7e-8a9f-462da785ee67,f85288bd-5438-413a-8504-ddc4c6c80888,3,played,dd64fd79-b750-448a-b1ab-4d12aab68a81
b9f74077-3a50-4daf-9b0c-d3117828ac7d,5af81d2a-8de0-4b7e-8a9f-462da785ee67,636dfbf9-72aa-442e-b18e-005a1818bdf5,4,played,dd64fd79-b750-448a-b1ab-4d12aab68a81
703f5fab-585b-4d55-92a3-11b091e1ec3c,f062e27c-fad5-4b74-affc-3097f9106eea,74500570-3d0d-438a-905e-0abd878717ed,1,playing,7c2b3dca-b911-4007-be52-7b44c4ab8747
e3b4b260-9305-47e2-83e8-77c3f76c9095,5af81d2a-8de0-4b7e-8a9f-462da785ee67,1a9abd46-dc8b-4732-a229-52756d4fb1a5,5,playing,dd64fd79-b750-448a-b1ab-4d12aab68a81
d983885e-e0e6-4806-b265-fda81d5d410f,c0d0450d-7535-4664-905d-757c7216568e,125af67b-777d-4e00-a584-09cf8bbe95e5,1,queued,b88bb281-b28d-4b5e-89c8-e9ce986a8998
3c6ca253-be9f-4dc6-8164-f6fe41db024d,cd8d375c-0908-40f2-95e5-6dcb6c5cab36,125dfe11-cfb8-4ed2-b653-f7e7b3cf7058,1,playing,563d529b-a948-49df-8b29-0577e527cb77
932e8af0-66d7-4ac1-b27e-69975e487a72,99eda97c-a08b-4a88-b024-bb3f558e294f,bcc1f375-e863-41f2-b4e3-71c5b4f7302a,1,playing,673e818b-bfe4-46de-87ce-5cf90b4abbfa
5cfe7c80-63a3-48fb-8db7-c5d0d2f1426c,0354ba31-4bf7-49da-bcac-e37bba23ffa0,ebe37768-7996-43ad-9c43-582a0fa9cb11,1,playing,308b8109-870f-4837-8ca0-3f45398b2191
54464cd4-cb9d-44b7-965f-c0a0aa72e46c,452c78e8-7b09-4380-823f-3a26776bd96e,3ee19ff3-c45a-4caf-9f3e-1d4e7aab9fb7,1,queued,f051f897-cbac-43c8-8483-ddcacdb6ff74
7576c9e6-8dfc-4ad9-860a-238b3921a3e6,452c78e8-7b09-4380-823f-3a26776bd96e,eefe574b-572f-4fb8-b742-0eeb227be98b,2,queued,f051f897-cbac-43c8-8483-ddcacdb6ff74
83f40e84-6db3-4e8a-b4da-58e9a718865a,cb55a674-0415-44fc-a22f-46ab5ed503a0,ca984932-23e1-44c7-9921-a6cb66633375,1,played,9d76f7ee-ad99-4b3c-9a2d-8f895ce5e748
a34fcbd0-6de6-4435-89dd-b8802fb6d477,cb55a674-0415-44fc-a22f-46ab5ed503a0,a634d281-a426-48c4-b37a-5ff41c534c68,2,playing,9d76f7ee-ad99-4b3c-9a2d-8f895ce5e748
371f5c72-3cbc-4acf-a753-53017374044e,74af4831-0e49-4492-b8f7-fff05336465a,a634d281-a426-48c4-b37a-5ff41c534c68,1,playing,9d76f7ee-ad99-4b3c-9a2d-8f895ce5e748
cc986149-7ea4-48f9-9cde-6b44faf3374e,74af4831-0e49-4492-b8f7-fff05336465a,7bff348e-9321-4edc-9d38-562d5a22e79d,3,queued,9d76f7ee-ad99-4b3c-9a2d-8f895ce5e748
2bd53b33-6a2b-49ad-9723-5e076e4aec43,74af4831-0e49-4492-b8f7-fff05336465a,adb48494-667c-4c1f-bd47-a4116e0e088a,2,queued,9d76f7ee-ad99-4b3c-9a2d-8f895ce5e748
66cd58ee-684d-4f18-9040-a684c724a1f6,c8440db5-dcf4-40b1-9b5e-fdde9626a450,b932739d-d547-4a62-9c5e-bb940b3f5135,1,played,c0c39ad5-34a8-40d9-b29a-fe4c3c69784b
be14f3c2-d60c-4f4c-8faa-28180eb18779,c8440db5-dcf4-40b1-9b5e-fdde9626a450,16e46241-d13e-4137-b0ef-502091e518ee,3,queued,7f19fe64-2bc0-40f8-903c-89e9177f7d43
92db6d58-5c3e-47fe-8cf8-10e3a77a38a7,c8440db5-dcf4-40b1-9b5e-fdde9626a450,c8c2f8ed-7f69-4df2-bfb9-8c61bb313734,2,played,563d529b-a948-49df-8b29-0577e527cb77
33219cd6-63f3-4a80-ac1a-7ae93fc49aef,6a5140cc-1945-4ac4-8d0c-68b42f3a2f9f,ae1d0df8-5f97-4ab8-b820-d634979e90aa,1,queued,c717ea06-079c-435c-8dd7-e5ee896192b0
14f52fa7-99db-4275-bcb3-0e927ab429b8,9edb9a22-f9ce-4fc5-af7f-e6d7505e2294,a634d281-a426-48c4-b37a-5ff41c534c68,1,playing,9d76f7ee-ad99-4b3c-9a2d-8f895ce5e748
3f518b8e-1382-4b6c-b58b-ae586e0b85bb,9edb9a22-f9ce-4fc5-af7f-e6d7505e2294,64a3561a-9b06-44ad-9284-e5d69a3b8818,2,queued,9d76f7ee-ad99-4b3c-9a2d-8f895ce5e748
0a0e61a2-9f39-4c4d-9b6a-ecdd56b90655,974b534a-8e60-4efd-a234-993e51f33cac,a634d281-a426-48c4-b37a-5ff41c534c68,1,played,9d76f7ee-ad99-4b3c-9a2d-8f895ce5e748
073bd39f-6378-48bc-83ed-45c70cdbe9a5,974b534a-8e60-4efd-a234-993e51f33cac,3a73f385-b6af-454d-a3a9-8d4c79f05c96,3,played,9d76f7ee-ad99-4b3c-9a2d-8f895ce5e748
04af744f-b6aa-4426-b42e-aae27e15261a,974b534a-8e60-4efd-a234-993e51f33cac,591642ce-70fd-4781-9090-745bcb001b03,2,playing,c0abae67-0eba-4ff8-95af-57bdf25e174f
8ccb230f-a80d-4140-958c-c2a4ce6f5533,acb9630d-05b5-4617-b19b-134a765a7e70,a634d281-a426-48c4-b37a-5ff41c534c68,1,played,9d76f7ee-ad99-4b3c-9a2d-8f895ce5e748
749ac350-43e7-4042-ba5a-f1dd33118712,acb9630d-05b5-4617-b19b-134a765a7e70,3a73f385-b6af-454d-a3a9-8d4c79f05c96,3,queued,9d76f7ee-ad99-4b3c-9a2d-8f895ce5e748
cc2a8fed-fedb-49f8-8563-87c8f1fc87e4,acb9630d-05b5-4617-b19b-134a765a7e70,591642ce-70fd-4781-9090-745bcb001b03,2,playing,c0abae67-0eba-4ff8-95af-57bdf25e174f
5b63ed8b-1ef1-4753-9aa8-72ffde9ff8c8,6a60144d-eae9-4960-97cd-fef8ba79ee2a,a634d281-a426-48c4-b37a-5ff41c534c68,1,played,9d76f7ee-ad99-4b3c-9a2d-8f895ce5e748
17c1a233-c3da-448b-8302-efac98f5725c,6a60144d-eae9-4960-97cd-fef8ba79ee2a,3a73f385-b6af-454d-a3a9-8d4c79f05c96,4,queued,9d76f7ee-ad99-4b3c-9a2d-8f895ce5e748
58e568f2-9ee7-4235-a9d0-9607c0a7e8d8,6a60144d-eae9-4960-97cd-fef8ba79ee2a,591642ce-70fd-4781-9090-745bcb001b03,2,playing,c0abae67-0eba-4ff8-95af-57bdf25e174f
2b77c9b1-d763-44fc-b453-23982b289f4c,6a60144d-eae9-4960-97cd-fef8ba79ee2a,a7817d57-de40-46d8-9b8d-c25b001c0c0a,3,queued,c0abae67-0eba-4ff8-95af-57bdf25e174f
5c70bbb7-c0af-44da-a7f7-fd1ab79e1811,0da64b02-f747-4060-8269-5713342f972f,a634d281-a426-48c4-b37a-5ff41c534c68,1,played,9d76f7ee-ad99-4b3c-9a2d-8f895ce5e748
7aaa016f-fd51-4d0b-8d58-fc845dbd093a,0da64b02-f747-4060-8269-5713342f972f,3a73f385-b6af-454d-a3a9-8d4c79f05c96,3,queued,9d76f7ee-ad99-4b3c-9a2d-8f895ce5e748
759c9593-611b-4c55-8158-cc210ab14588,0da64b02-f747-4060-8269-5713342f972f,591642ce-70fd-4781-9090-745bcb001b03,2,playing,c0abae67-0eba-4ff8-95af-57bdf25e174f
740f0401-fbed-42e9-b0c3-cab4ddbb178d,0da64b02-f747-4060-8269-5713342f972f,2c2c466a-a714-445b-84f2-eefee0b4e7c6,4,queued,c0abae67-0eba-4ff8-95af-57bdf25e174f
03e821c7-bed5-4c1a-869f-8c618375d3ee,2510d666-fb8b-4dd1-88bf-523c896a95d5,423fc2f4-55e2-4d94-8cca-9fda9a306ec6,1,queued,7f19fe64-2bc0-40f8-903c-89e9177f7d43
e602b347-f540-4f0a-b1b6-3a4b26b5507b,30a72b07-5180-4d9f-8dc8-02d1dad97f37,a634d281-a426-48c4-b37a-5ff41c534c68,1,queued,673e818b-bfe4-46de-87ce-5cf90b4abbfa
8b7b6b94-e8a0-4d31-af56-d0bac08cb6c8,30a72b07-5180-4d9f-8dc8-02d1dad97f37,3a73f385-b6af-454d-a3a9-8d4c79f05c96,3,queued,673e818b-bfe4-46de-87ce-5cf90b4abbfa
8dc6eec5-71e7-42f2-b637-a9cdd5a79cd9,30a72b07-5180-4d9f-8dc8-02d1dad97f37,591642ce-70fd-4781-9090-745bcb001b03,2,queued,71751a31-3437-441a-a028-db39e56be01d
8090af35-fd44-48c2-88a7-2f4553278b95,e02f8e0d-ac87-48ce-bb52-a64144ebac9a,a634d281-a426-48c4-b37a-5ff41c534c68,1,played,673e818b-bfe4-46de-87ce-5cf90b4abbfa
b7d08e53-ed52-49fe-a7b0-9eb8195e5b48,e02f8e0d-ac87-48ce-bb52-a64144ebac9a,3a73f385-b6af-454d-a3a9-8d4c79f05c96,3,played,673e818b-bfe4-46de-87ce-5cf90b4abbfa
f44afb7a-275e-4326-9a79-bd336c854ca7,e02f8e0d-ac87-48ce-bb52-a64144ebac9a,591642ce-70fd-4781-9090-745bcb001b03,2,played,71751a31-3437-441a-a028-db39e56be01d
4248e547-f725-4cdf-912f-967ee604adb2,b9faa045-4db4-4ac7-b19e-3a8ac7b0e7ff,d5abcbe1-fa35-4fee-9908-3286b6f43eaa,2,played,673e818b-bfe4-46de-87ce-5cf90b4abbfa
327d7b9e-3f39-4796-920d-c29015522e53,b9faa045-4db4-4ac7-b19e-3a8ac7b0e7ff,500c17b1-f7b6-449d-a21c-c41ea267cdca,4,played,673e818b-bfe4-46de-87ce-5cf90b4abbfa
a8c528be-7211-4bcc-8b2a-ce4cd5837441,b9faa045-4db4-4ac7-b19e-3a8ac7b0e7ff,509b0bec-ca3d-408e-b64e-b9ee6dec8b61,7,played,673e818b-bfe4-46de-87ce-5cf90b4abbfa
eb24ea62-ada7-41d4-a891-1d06f623d2a9,b9faa045-4db4-4ac7-b19e-3a8ac7b0e7ff,e1be08bf-0196-4658-ad9a-0baf17400eb1,3,played,673e818b-bfe4-46de-87ce-5cf90b4abbfa
172b1cf6-03b6-4993-8159-279e526ee57e,b9faa045-4db4-4ac7-b19e-3a8ac7b0e7ff,bd11966e-e773-4031-854e-5d28cee842bb,6,played,673e818b-bfe4-46de-87ce-5cf90b4abbfa
c0369657-ffae-4a3f-b447-fea3dafd58e2,b9faa045-4db4-4ac7-b19e-3a8ac7b0e7ff,1ccbf105-41ec-4461-9859-2f43b19398f4,9,played,673e818b-bfe4-46de-87ce-5cf90b4abbfa
967287ff-d0fe-49e2-827c-8422f3a830d5,b9faa045-4db4-4ac7-b19e-3a8ac7b0e7ff,3551edca-9c8d-4f0b-9b08-a568bba068dc,8,played,673e818b-bfe4-46de-87ce-5cf90b4abbfa
6b3965cd-bfcb-4cad-9381-a1af5d28d27d,b9faa045-4db4-4ac7-b19e-3a8ac7b0e7ff,56024493-54e2-43a4-8edf-72d5d50d2154,5,played,673e818b-bfe4-46de-87ce-5cf90b4abbfa
a1b7e794-dc00-46c9-a1e9-49d1c71588b2,b9faa045-4db4-4ac7-b19e-3a8ac7b0e7ff,232bff9d-3ef8-46c5-8252-2756f49f6ccd,1,played,673e818b-bfe4-46de-87ce-5cf90b4abbfa
4ef570a2-5b14-4769-a4bd-d863abd85460,b9faa045-4db4-4ac7-b19e-3a8ac7b0e7ff,428ef8a3-b0ef-454f-8126-664807a56bd7,10,played,673e818b-bfe4-46de-87ce-5cf90b4abbfa
7e7229ac-3d75-4f03-aa03-da5a36e24241,f7e90459-1d57-47ac-8add-80f92d7cb410,d04a17bc-d79b-4e30-aae1-9e2d78937157,1,played,673e818b-bfe4-46de-87ce-5cf90b4abbfa
edd56615-99f1-461f-96ce-6d3accbe5ee0,f7e90459-1d57-47ac-8add-80f92d7cb410,247d42a0-63e0-4b2c-9742-e54a863b4349,2,played,673e818b-bfe4-46de-87ce-5cf90b4abbfa
fadae50e-75e6-465b-af82-c6f93b42e80f,f7e90459-1d57-47ac-8add-80f92d7cb410,8786138e-46e8-4e7d-bc87-cedd1b6def4d,3,played,673e818b-bfe4-46de-87ce-5cf90b4abbfa
54caf574-be62-46e9-b478-e285a6e349fb,f7e90459-1d57-47ac-8add-80f92d7cb410,13502614-b9a6-460d-ba19-09c195207d37,4,played,673e818b-bfe4-46de-87ce-5cf90b4abbfa
2e9ec2c7-784f-4259-a4e9-4dbeb2130ef9,f7e90459-1d57-47ac-8add-80f92d7cb410,3551edca-9c8d-4f0b-9b08-a568bba068dc,5,played,673e818b-bfe4-46de-87ce-5cf90b4abbfa
620f0e45-0505-4566-9ca5-f6ca86969e05,f7e90459-1d57-47ac-8add-80f92d7cb410,8361e113-db80-441d-88e6-fc91cd3ec993,6,queued,673e818b-bfe4-46de-87ce-5cf90b4abbfa
3b0f1127-1305-4800-b517-95f0913f78d4,f7e90459-1d57-47ac-8add-80f92d7cb410,2997447b-7c85-4d67-9941-ce7f7eb2a92b,7,queued,673e818b-bfe4-46de-87ce-5cf90b4abbfa
bfcd021e-adba-49dc-906f-24a9a232379a,f7e90459-1d57-47ac-8add-80f92d7cb410,aea1eaca-875f-40a3-9f8d-7f5531b6b58b,8,queued,673e818b-bfe4-46de-87ce-5cf90b4abbfa
7e91b727-fff2-43fb-aa1a-a04c49b9e504,a1476ac9-75dd-40e5-849a-8bc7e5a833b7,8786138e-46e8-4e7d-bc87-cedd1b6def4d,1,played,673e818b-bfe4-46de-87ce-5cf90b4abbfa
24e82604-3390-4100-9474-26f6b8f39ea6,a1476ac9-75dd-40e5-849a-8bc7e5a833b7,3551edca-9c8d-4f0b-9b08-a568bba068dc,3,played,673e818b-bfe4-46de-87ce-5cf90b4abbfa
8ddd2292-3aaa-443b-80cc-b1ef8d1ca052,a1476ac9-75dd-40e5-849a-8bc7e5a833b7,591642ce-70fd-4781-9090-745bcb001b03,4,playing,673e818b-bfe4-46de-87ce-5cf90b4abbfa
e8e20f2b-23fb-4fe5-b1f6-deb67b5a3d15,a1476ac9-75dd-40e5-849a-8bc7e5a833b7,1950c698-bed6-48a4-82ef-227f0b3cf31f,2,played,71751a31-3437-441a-a028-db39e56be01d
cf08a57c-1168-4678-9636-31ca699c1089,7328a8ea-34d0-43ce-9974-feff8be7b9d6,71f07f7d-4e92-4059-9f30-f6be1a5bb5da,1,queued,9d76f7ee-ad99-4b3c-9a2d-8f895ce5e748
aba2a59e-807c-44d3-ac05-ad5d9a7f2d8e,7328a8ea-34d0-43ce-9974-feff8be7b9d6,966dc6f0-f6db-4641-be78-8c0c2766c393,2,queued,9d76f7ee-ad99-4b3c-9a2d-8f895ce5e748
1dc2d32b-7661-4c3b-9b56-eca04c949a47,7328a8ea-34d0-43ce-9974-feff8be7b9d6,193df646-1a45-4b26-8919-d90930056416,3,queued,9d76f7ee-ad99-4b3c-9a2d-8f895ce5e748
5e72530c-61cd-4e8a-96df-91e7dedb49dc,f0e7ae46-0d87-46da-a96f-715a5f8cbcc5,dd2d85de-2014-473e-927f-d7bbd2ea3d1f,1,queued,9d76f7ee-ad99-4b3c-9a2d-8f895ce5e748
ec773a78-1b69-4981-8ba7-155330dd3dbd,f0e7ae46-0d87-46da-a96f-715a5f8cbcc5,6ccf36a1-19f8-4516-ae4d-99a655c7a149,2,queued,9d76f7ee-ad99-4b3c-9a2d-8f895ce5e748
5c7c3ba6-3976-4679-9be8-d949fcf81478,f0e7ae46-0d87-46da-a96f-715a5f8cbcc5,ab15f3ad-c1c3-4639-933e-c221d2d872a2,3,queued,9d76f7ee-ad99-4b3c-9a2d-8f895ce5e748
25b1ef50-fed8-43bd-a3d4-360373bcc33a,9f8dfaf4-01da-40ad-a9bd-5e6ebe201dac,164be936-cdee-4312-b444-bb3fb6cf6b7e,1,played,673e818b-bfe4-46de-87ce-5cf90b4abbfa
2cc237fe-c2a0-4f26-8afa-695f9bcd7f48,9f8dfaf4-01da-40ad-a9bd-5e6ebe201dac,dc782e24-619b-46c7-b219-6ce25d8f0f00,3,queued,673e818b-bfe4-46de-87ce-5cf90b4abbfa
f084402d-0d6b-4b4d-800a-e2d548b2f4e4,9f8dfaf4-01da-40ad-a9bd-5e6ebe201dac,d04a17bc-d79b-4e30-aae1-9e2d78937157,2,playing,b4e61698-4b54-4391-83cb-70d6308af64a
2c1df7d1-474c-491a-9c50-2f8c05368193,f5da0f96-787c-4b15-9f8e-a4c0a0c4b59f,01a33bc2-a265-4cd7-8335-9243e11c7d58,1,playing,516c6297-bff4-4105-99ed-dc08d05b8e1d
96872d93-5468-4bb8-9136-b216e0a31973,51030714-0fab-4131-9b04-4ccf286323cb,5f2f72a1-f4b0-4855-a2b6-61ff0e45bf52,1,played,35fa1895-535d-4e32-abed-e4e702099082
82c77563-eaf5-48cf-964f-91880c2bccbd,51030714-0fab-4131-9b04-4ccf286323cb,a2e9868d-4a7f-44d4-b8fd-22da17f8d5e5,3,playing,35fa1895-535d-4e32-abed-e4e702099082
d80b4d39-598d-478f-9f47-9f70eff41216,51030714-0fab-4131-9b04-4ccf286323cb,ccbfa64a-4ee3-406f-9d76-6a7793ca5001,2,played,3eadf04c-2172-45ec-894e-56e3978fcbff
fc11b651-dd59-459c-9a23-41ce741e2d03,aee18a45-3452-4cf9-bd4d-546252496508,1e309134-d853-449b-9e87-07b9afda1521,1,playing,9d76f7ee-ad99-4b3c-9a2d-8f895ce5e748
b5f61400-453b-4b3b-8875-64ae75bb5f34,a3920a34-7127-4ad0-9295-fe4738cd1f96,8dc66b12-14ef-48ac-94a6-01351ea508d4,1,queued,2548c49c-c869-4be6-922e-d27da49a2449
bc4fbe8e-47f1-4e01-b837-cfe9cc733bb4,a3920a34-7127-4ad0-9295-fe4738cd1f96,099ec8fe-4183-4fd4-b006-acbae41f78a2,2,queued,2548c49c-c869-4be6-922e-d27da49a2449
842641cf-7671-4bd2-b2b5-3dfcb023f8d4,83b4afab-702d-4521-8514-02efdd82046e,68e47066-044a-43ff-8743-3c4260cd5604,1,queued,673e818b-bfe4-46de-87ce-5cf90b4abbfa
fcd1089a-f9d6-4067-98c8-ae41eb6892b4,e02f8e0d-ac87-48ce-bb52-a64144ebac9a,509b0bec-ca3d-408e-b64e-b9ee6dec8b61,4,queued,673e818b-bfe4-46de-87ce-5cf90b4abbfa
c64ffa6f-6d94-40c9-9b69-9e7d2cd40757,e02f8e0d-ac87-48ce-bb52-a64144ebac9a,9fd6ec7a-5b0e-4a8b-ac23-e3555cb8d050,5,queued,673e818b-bfe4-46de-87ce-5cf90b4abbfa
5115661e-556f-45bf-83e2-825ed3c71001,e02f8e0d-ac87-48ce-bb52-a64144ebac9a,8786138e-46e8-4e7d-bc87-cedd1b6def4d,6,queued,673e818b-bfe4-46de-87ce-5cf90b4abbfa
16121f34-9db4-46c6-a775-7a9786fd733a,e02f8e0d-ac87-48ce-bb52-a64144ebac9a,3551edca-9c8d-4f0b-9b08-a568bba068dc,7,queued,673e818b-bfe4-46de-87ce-5cf90b4abbfa
4ce0547c-0774-40de-adab-fc1571416129,e02f8e0d-ac87-48ce-bb52-a64144ebac9a,3648a675-cbe6-4234-adca-997c8822249f,8,queued,673e818b-bfe4-46de-87ce-5cf90b4abbfa
633f5282-4ac7-49ca-9bef-b437279d7c6a,e02f8e0d-ac87-48ce-bb52-a64144ebac9a,56024493-54e2-43a4-8edf-72d5d50d2154,9,queued,673e818b-bfe4-46de-87ce-5cf90b4abbfa
f3d787fc-73eb-4a86-84dd-9675270f1f77,e02f8e0d-ac87-48ce-bb52-a64144ebac9a,f7b0f48d-445e-494a-a6f7-da31f47de589,10,queued,673e818b-bfe4-46de-87ce-5cf90b4abbfa
e0fd21b5-c6d6-49b6-8562-5f5602ca7b63,e02f8e0d-ac87-48ce-bb52-a64144ebac9a,d5abcbe1-fa35-4fee-9908-3286b6f43eaa,11,queued,673e818b-bfe4-46de-87ce-5cf90b4abbfa
79912d3c-cacb-4e70-9e6d-55186e925ffc,e02f8e0d-ac87-48ce-bb52-a64144ebac9a,247d42a0-63e0-4b2c-9742-e54a863b4349,12,queued,673e818b-bfe4-46de-87ce-5cf90b4abbfa
f7845a56-3201-486d-ad59-fd1e3b2cf029,e02f8e0d-ac87-48ce-bb52-a64144ebac9a,500c17b1-f7b6-449d-a21c-c41ea267cdca,13,queued,673e818b-bfe4-46de-87ce-5cf90b4abbfa
1489e87b-edf3-4f34-9efd-acc72bd98d2a,948816c6-d068-41eb-bc0a-73da08b19323,6421ab0a-17fe-4b2c-80d2-8327ba371275,1,played,e8163d03-a85a-4e6c-ae85-488e3de451f7
201eadf3-8e71-47f5-90a1-73cb0a9e3ad1,948816c6-d068-41eb-bc0a-73da08b19323,74d791c9-a749-4121-bfa6-a1b0da3fa2f5,2,playing,e8163d03-a85a-4e6c-ae85-488e3de451f7
d14926a4-5bf6-473b-b7e2-9ea32cd2a91d,48c5cea4-397f-4479-bec9-dfd07ce56f53,ffb65190-2ab1-48d9-853e-b960060ff75c,1,queued,6f3266bb-a162-43f8-a1e3-18232f40a5eb
bfd5e95b-f3ce-430a-8e85-a45a96bf6208,282c7e49-3003-42f1-bb8d-1d8c755377b3,309d641d-47a5-4074-ad59-45cb8098a12a,1,queued,6f3266bb-a162-43f8-a1e3-18232f40a5eb
d6c863c7-ba04-483e-872f-2586da48792a,7dd2ed1f-b3bb-4e63-996d-37e3d71bdcd2,3fc3d6ff-acb6-4cf2-93d6-6cb4ade615f4,1,playing,e442bb48-a6b9-4587-a846-9e5518287c73
12dfa4d0-eba2-4889-a01d-b86ce87faf65,7dd2ed1f-b3bb-4e63-996d-37e3d71bdcd2,2933a282-1cb0-4d2d-bf5e-2d263ea33033,2,queued,e442bb48-a6b9-4587-a846-9e5518287c73
f35e9ee2-bfeb-4ddc-85d2-780d3cf5f06c,c7e5ee7b-3f21-47d7-b34b-53e9833a2f4d,3bcda5f5-36a3-4688-b3fc-f62dc110b1b6,1,playing,74abee82-6b29-4339-b9bc-5f0f8795a4c2
802e4f51-5f43-4399-ab65-e589c3c8f850,c7e5ee7b-3f21-47d7-b34b-53e9833a2f4d,7e708a73-e8c8-4055-b536-70f44de6ad93,2,queued,74abee82-6b29-4339-b9bc-5f0f8795a4c2
c403b92c-7911-4ffa-80c7-a776ce79913d,83def3bd-90a8-4117-a48c-292ef393545a,10d09441-a450-49e1-a065-db14cb9b9a0f,1,played,79663d38-deff-4e70-b8d5-323cac3ffc0d
e30b867a-93fa-4ca5-a25c-8ec2ff310a9a,83def3bd-90a8-4117-a48c-292ef393545a,6e57fd63-c9b0-4a91-8519-d149ca09d5ac,3,played,79663d38-deff-4e70-b8d5-323cac3ffc0d
4af19e14-ca5f-4c1a-a525-dc2f3a81c5e9,83def3bd-90a8-4117-a48c-292ef393545a,76fdc28f-4e23-460e-b402-e011ad17fbc2,8,played,79663d38-deff-4e70-b8d5-323cac3ffc0d
fc810ce9-aaaf-497c-913f-323a25a76f9c,83def3bd-90a8-4117-a48c-292ef393545a,7c89cf69-538f-408f-a90d-ac5c9b130700,2,played,4b775d58-9c43-4bec-b65c-2bd43d50d0d9
fc00aee2-2ba9-4520-ac5c-25ef636aa18c,83def3bd-90a8-4117-a48c-292ef393545a,4b53d623-937f-4f30-9f8f-53152765b287,4,played,4b775d58-9c43-4bec-b65c-2bd43d50d0d9
3ff14e88-13a0-4c49-979f-c8cf9253a9da,83def3bd-90a8-4117-a48c-292ef393545a,10bd602c-32f1-4167-9d3a-f779a1c31b23,5,played,4b775d58-9c43-4bec-b65c-2bd43d50d0d9
d2ab7d15-1fcd-4a06-baa6-f3ec77bacbe4,bcaac3f0-3bee-43f4-b4ba-287d04d19b08,67cb4f3f-e8c8-44ce-b1be-1a9c556ccb6d,1,playing,5e5423ee-dc42-44c2-a032-ab590a9074c5
f51fa32f-86e8-412f-ac91-1af39091e0a5,bcaac3f0-3bee-43f4-b4ba-287d04d19b08,e7e5f350-9a1e-4672-b6dd-018400679af7,2,queued,5e5423ee-dc42-44c2-a032-ab590a9074c5
e1020998-e0dc-47ae-85ef-f80ec82612be,bcaac3f0-3bee-43f4-b4ba-287d04d19b08,a8c98529-e584-4446-9e56-298c23d169a2,3,queued,5e5423ee-dc42-44c2-a032-ab590a9074c5
368d7ce3-478f-42f9-b512-4b87bb8812c7,83def3bd-90a8-4117-a48c-292ef393545a,5379267a-a390-4173-9746-4568c4ec9021,6,played,79663d38-deff-4e70-b8d5-323cac3ffc0d
6b6ada97-99e0-4da7-abb8-4c9c3f90fa0a,83def3bd-90a8-4117-a48c-292ef393545a,441635d7-9b09-401c-9c9a-d53f4e97d71e,7,played,79663d38-deff-4e70-b8d5-323cac3ffc0d
36747b45-6d43-4e9a-b4be-f18c7e240e59,bcaac3f0-3bee-43f4-b4ba-287d04d19b08,593a554b-5fd8-4e68-9fc4-47fff5baa3d2,4,queued,5e5423ee-dc42-44c2-a032-ab590a9074c5
96849093-e576-49ed-b530-1352d91e03c2,3489e6c3-7172-4be1-95de-912dc4660ccf,2a3ef62e-e6ae-49f3-b824-f92596a20ce8,1,played,74bfaa8e-4252-406e-a98b-d397e2af299f
aab37a6c-2fb0-4598-97c1-6aafaae2d8c5,e14de5ff-11c7-4c30-acdf-0b4286794ff1,a51aac95-4405-4c5a-b0da-1b318fd6fb19,1,playing,303f8670-268f-4a89-a8a5-f108580ad588
da4a43a6-3e53-4085-a1fe-039422ae9ead,79ad8f54-0444-4a67-9e69-27433664c0bf,5061a603-2421-408d-8ac1-8e1728f981ee,1,playing,fd5b1959-dee8-4f64-bc39-6087828ed12c
57e01ff4-3532-4b6e-b7ed-22053d561b4d,22e182ae-04f4-4465-8d50-5197136c14b3,6a20c68f-c083-450f-aeff-dd479df928eb,1,played,1b479423-20ef-4676-8df7-b6691f2cb5c8
48f9fe19-aa04-4a11-8d7b-e9ef7069eee6,22e182ae-04f4-4465-8d50-5197136c14b3,62046006-cc93-4185-88a0-b7cc9b4cd396,2,playing,1b479423-20ef-4676-8df7-b6691f2cb5c8
a4989523-16da-461e-a271-764b41700c38,f3181565-b546-4d45-b286-6f218cbaa6d1,8ce902ab-6eac-4d5f-adc4-27577c51d293,1,played,8c4d3d87-4673-4c6e-94d4-879a9a08a617
4a5fe97f-5d69-41df-9dd0-780d5b5e296e,3489e6c3-7172-4be1-95de-912dc4660ccf,5e30f2ce-f4a6-4fe2-b829-ae2db4627fb3,2,queued,74bfaa8e-4252-406e-a98b-d397e2af299f
bd700384-fec7-42e2-963e-4eaf5281b914,f3181565-b546-4d45-b286-6f218cbaa6d1,07e00bfc-b6ae-44f6-a61f-adad4585c539,2,playing,8c4d3d87-4673-4c6e-94d4-879a9a08a617
e6514f51-32e4-43cb-8f0b-db5c2caeafbd,1758bdda-8f1f-4876-86c9-e7cec6d75da2,d7373d3a-0cbc-4238-a98b-7a5eb7064d6a,1,playing,073127cd-4bd8-432b-af8b-7e9b10b2d6a1
a253ed1a-8250-42dd-be8e-35183b4837cb,dafac7e5-92fe-43a5-838c-fb708db6e7c4,818d9eee-108d-4c2a-bd61-02b597829eaa,1,queued,eea7f3a4-df04-4788-b0ef-76189fb2281a
a3266489-389b-4112-a138-ba421c55e851,d303390f-63bd-4d64-8a4b-1569a85aa9c3,b73d45b6-526a-4a15-ab65-f8b2c23cead2,1,playing,ceb87a3a-d7d4-4dda-8c3a-fa313cfdbbab
c1a234fd-901c-427a-ab61-97fadfe6a5af,8e8b1111-405d-4bd8-a36a-76b11a2515e8,8df14a4d-8d6d-481b-8476-3936b9f05c3a,1,playing,2b907a9e-4c61-4ddf-92ef-21ce36abde58
28a8cdb4-dcfe-410f-99a3-a828a5af414e,86229be4-65ca-4129-b288-5a62bd2997ba,12c6be31-2847-42eb-bc21-0580dc419fc6,1,playing,7a081c43-8290-430c-b80c-9867b3c81004
f0fdcd0c-22d1-4e8c-a58a-e8a195d1c7f6,719afab4-7c97-4b55-876c-ef0a079427e4,474aae9f-cdd1-4869-8062-6167e7138dd5,1,playing,03febe6f-4367-4ba7-a67c-3f8120fbdb5e
ac75c341-26b0-4f6a-a9c5-7ec128569e5b,719afab4-7c97-4b55-876c-ef0a079427e4,b8b8deb6-a257-4587-ab76-c6e1b3d5e0f1,2,queued,03febe6f-4367-4ba7-a67c-3f8120fbdb5e
5c79fcf3-1914-420f-a520-5de3c21dca6c,72687da8-6d47-44e2-b080-17e6c0dc4b90,046a4cb5-4254-48c5-91e1-e0e4162ba710,1,played,84df4c31-6e12-4049-9a35-4b52d56d2a72
5c1bbe39-70f0-4780-b10a-da7c85d210ca,72687da8-6d47-44e2-b080-17e6c0dc4b90,a5778fd9-e093-4c12-a02c-2bf18959de1c,2,playing,84df4c31-6e12-4049-9a35-4b52d56d2a72
92d45a62-47d2-46ac-9aff-762b6755cd00,6a142782-b142-4766-a04e-10ac34e18da3,785943ef-cd64-491f-9dff-b53588778a60,1,queued,221a8f31-34aa-4f24-b49f-315f737a0e24
26b87cf9-4e4b-4e6b-afae-16a0cd1f605a,c476162a-d6f0-433b-89ae-d504f1e1852a,f4084af5-0a57-46d5-b408-e89c2657c1ff,1,queued,d6e0b2ec-14f6-457b-8aa2-5d547e45154f
f3c31b22-cdc2-4bad-b532-284b25990c74,ce589c2d-03a5-438d-8dfe-7953415276fe,303bf230-a42e-4103-9def-2232de9f3b33,1,playing,09e0761b-4db4-4c08-83f0-57be3cf53df7
1339044c-b4ae-47e6-907a-6e3bee70e0ea,ce589c2d-03a5-438d-8dfe-7953415276fe,db4c2ab0-fa26-4515-ba20-7467b2d9c5a3,2,queued,09e0761b-4db4-4c08-83f0-57be3cf53df7
4093874d-cca4-409d-a352-0b8d6de59c44,ce589c2d-03a5-438d-8dfe-7953415276fe,7849c668-413c-4f65-a468-4afec06bd574,3,queued,09e0761b-4db4-4c08-83f0-57be3cf53df7
d0344a0b-ae85-4590-9d90-c96d82fade12,ccb5ce94-cd66-451c-8130-4eda8647d531,d6512490-5c7a-4327-8668-4270eaca3f06,1,played,73ebe08d-e24d-4054-8718-bebf2001336f
95cd9db4-4583-4d9d-82a9-76b0824cb121,ccb5ce94-cd66-451c-8130-4eda8647d531,fa3f95d4-40b7-4995-aaee-8e6e255fc769,2,played,73ebe08d-e24d-4054-8718-bebf2001336f
17a59200-7ad1-4e4a-887c-95b11aeec93e,ccb5ce94-cd66-451c-8130-4eda8647d531,8a2c8b28-7f02-4343-ad01-9bfa422491d8,3,played,73ebe08d-e24d-4054-8718-bebf2001336f
436c178d-9f51-4d06-b0c2-e37958525c27,ccb5ce94-cd66-451c-8130-4eda8647d531,dfe2ac9e-5a27-4cdf-920b-9844ef3e9cf8,4,played,73ebe08d-e24d-4054-8718-bebf2001336f
7093b05f-a8a0-4a1b-91cb-d4b911ea99df,ccb5ce94-cd66-451c-8130-4eda8647d531,5c328caa-7cb7-40b6-9567-c5a5a7269cf8,5,played,73ebe08d-e24d-4054-8718-bebf2001336f
f0975cc1-dfb8-4587-81a2-8d39dd8a4cdc,ccb5ce94-cd66-451c-8130-4eda8647d531,3359a86f-b0ae-466c-b17f-7b8c87a4fd34,6,played,73ebe08d-e24d-4054-8718-bebf2001336f
aef3d921-4a29-42a7-bed2-0f75c58456d7,ccb5ce94-cd66-451c-8130-4eda8647d531,741749c9-fd7c-48ea-8751-1fbf36c8139a,7,played,73ebe08d-e24d-4054-8718-bebf2001336f
9ff7badd-805c-4a18-9eaf-f6b9bf562aa1,ccb5ce94-cd66-451c-8130-4eda8647d531,6dabe18f-b753-403a-be9c-89ffecc0642c,8,played,73ebe08d-e24d-4054-8718-bebf2001336f
24f6786f-f360-44f1-897c-4ca2f56e697b,ccb5ce94-cd66-451c-8130-4eda8647d531,04b09b47-f2fc-48c6-a941-6ab15ed5ef03,9,played,73ebe08d-e24d-4054-8718-bebf2001336f
afc85695-3648-403c-ae5b-d5b50daf7118,ccb5ce94-cd66-451c-8130-4eda8647d531,e9264971-d84b-4665-aac7-d33f52229839,10,playing,73ebe08d-e24d-4054-8718-bebf2001336f
babdef87-8619-43f7-a498-bb3fbb121523,f012bf77-a333-44d4-8fc7-6b98dd087669,48b78a33-34e0-447d-bd7d-c8152624aaa4,1,playing,cb3dcfa6-81ab-4cf0-b9d8-4b0a0b04d59a
c488328f-5177-40db-8e02-c26bc73003bd,45ee7dcc-6958-4ba2-9722-2beb030d91e6,716d7999-c830-4006-9d36-bcffe9aea54b,1,playing,39c84bbb-c52d-4a64-ad11-e6f4f907cb63
1c919fa4-daac-4d7a-af82-6d0005550dd0,ccb5ce94-cd66-451c-8130-4eda8647d531,719f28fc-37d2-4388-a2ae-779ea2e8b39e,11,queued,73ebe08d-e24d-4054-8718-bebf2001336f
cf98a31b-90c8-4bd5-a028-ff43f78f17ed,ccb5ce94-cd66-451c-8130-4eda8647d531,fa7c620d-4a3e-46b6-9642-b5411ce66b27,12,queued,73ebe08d-e24d-4054-8718-bebf2001336f
92b08634-0d75-44c9-a9a4-77e6fd035a0f,ccb5ce94-cd66-451c-8130-4eda8647d531,c45a92a3-6bf0-4eaf-b578-d49b8b110a36,13,queued,73ebe08d-e24d-4054-8718-bebf2001336f
061d7090-2c28-4e2d-b2dd-ab7730c138db,ccb5ce94-cd66-451c-8130-4eda8647d531,a02a09d0-75a8-43d8-9241-fc5169fd29c6,14,queued,73ebe08d-e24d-4054-8718-bebf2001336f
5a9e993b-d9e1-4fca-b77e-7759cc590e17,606ccdff-e2c2-4a6c-803c-e5e6a43d6569,ff29deb4-1c72-4e6f-af66-490cd85619b0,1,played,a5f7b215-c8b1-41a8-a15f-b8d4f69605fb
0dbc7ef8-66b1-43de-9d45-3b6a82980e89,8720af07-c2bf-4a40-a40e-e35bfc941d16,be1394c1-e17f-4e2a-8f38-bc61633d0224,1,playing,6ffb2ea8-41ee-46d3-9a25-ce68ad8a5f88
120c74bb-9b42-4b16-b541-87413f59654c,f76dd108-e109-4ac3-b454-34a14a6b7147,0352a1c0-b360-4282-935f-437c5413ad63,1,queued,9bb73cf5-d3af-4ba8-8a58-133178771be4
02a49d95-73e0-4cb6-b5eb-2a80c0ea3f7d,606ccdff-e2c2-4a6c-803c-e5e6a43d6569,5cc8e03b-af9a-4811-8902-1a30024ac2b8,2,playing,75525122-66f2-49d7-b1a3-60eab3b3e44a
0f0dbb61-b16a-4edf-8246-ea4f6e39a12d,037778b0-e1f6-4b02-be28-97515caf9fb5,35c82318-bd6b-4c88-895e-0d7e5dec0403,1,playing,139bb249-7fe8-41b5-a4ee-9a854b94e583
3d42a4c1-2a6c-4bde-b766-e4941342961f,b855ef92-0efd-48bd-997d-1f9be40ae79b,4b2d5e97-7dae-49c1-93b2-639df1bd7b0b,1,playing,afe43e76-2080-4cb9-9faa-bebb98fb050e
31b47650-4c26-4a79-adf0-a97f579767d8,88503a1f-a6bb-443f-8337-3413e86641e5,39880d2d-b3fd-41af-bc29-5d8c936373a4,1,played,a5f7b215-c8b1-41a8-a15f-b8d4f69605fb
2bf84fa7-2e4a-4f1b-92e0-7fc6475d6ca1,88503a1f-a6bb-443f-8337-3413e86641e5,08f9c350-e5a2-4b1b-ae08-2c7340aa2013,2,played,a5f7b215-c8b1-41a8-a15f-b8d4f69605fb
61df99fd-a21a-4a3f-929c-b4e687b075d1,b482df45-17b7-44fc-980f-78621755be51,162d90f9-250c-49e6-89dd-1f6c8f487616,1,played,170cc2e1-f6dc-4b0b-85a2-691de1a74f5b
dabb1d60-c452-4b79-b0f0-17d3aea837f1,b482df45-17b7-44fc-980f-78621755be51,81f85d16-6e62-41c3-b17a-232a02bec940,2,played,170cc2e1-f6dc-4b0b-85a2-691de1a74f5b
3351960c-a44a-40f2-86b7-668b86c94742,78ce5f36-621e-43e5-89e0-28cc8720d152,31070a32-456b-4c5e-9e6c-21deb8e635b8,1,queued,6c7b8689-d2f1-44b2-9108-0dee39a3e4c0
90829bc5-a93f-48ec-96a1-980dc2e874fb,78ce5f36-621e-43e5-89e0-28cc8720d152,dfc19172-d8e9-4413-b8b6-361a12f8cd99,5,queued,6c7b8689-d2f1-44b2-9108-0dee39a3e4c0
5387fe67-b743-41d3-bb3a-6d88722bc72c,78ce5f36-621e-43e5-89e0-28cc8720d152,742c757b-0e5f-43cd-b3f0-1a817419d175,6,queued,6c7b8689-d2f1-44b2-9108-0dee39a3e4c0
e6104493-55e6-4999-9fa5-73cafe67e9da,78ce5f36-621e-43e5-89e0-28cc8720d152,540bbc62-3bfc-4f33-8abd-039f6549687a,3,queued,408ce29e-ff51-4966-8771-75488cc4150e
b8170299-4f79-4a50-b4f9-8eff979a8228,a8ed1aef-52e3-4e8f-b369-5b66e1b803cd,c6d7e8f7-e22a-449d-b710-435dc71a52f1,1,playing,5597eca2-d600-4390-8b6f-0e54ff4db4b4
0a2cc6f0-7f97-4d9d-8110-92bed0e579a3,a8ed1aef-52e3-4e8f-b369-5b66e1b803cd,1e2ebf0f-5687-4a0e-9799-7a53cc4d0681,2,queued,b70fbe84-1424-4efa-a32e-9650834f63a5
7776ec65-24cc-4c59-b29f-c02a4c6dd799,a8ed1aef-52e3-4e8f-b369-5b66e1b803cd,591642ce-70fd-4781-9090-745bcb001b03,3,queued,b70fbe84-1424-4efa-a32e-9650834f63a5
dbc6e9b9-e7ba-475b-a41f-ce7a479ddd03,3a8a9db6-3af2-4ea1-bd07-c4ebb35cac75,56a586fc-0efe-4525-a922-fec887e31932,1,playing,ea101f55-d586-40d8-8b8e-fed1f0792c56
76b5564c-16c3-4254-a46a-a0df073ad4c2,06c48cc7-6ac6-4cff-8bd9-611675e35e85,d4227d4a-a0f8-4e16-8182-70cfadc95458,1,playing,2d88f96c-ac6e-4c07-a876-4cc2d521554f
886f25e0-11b8-4c30-a55a-36c9a56f3e4c,f5b900a7-a5ae-44f1-9d73-a2e05fa4633f,1abf1d75-e81a-4782-ad27-1bff3114e35f,1,playing,ea101f55-d586-40d8-8b8e-fed1f0792c56
208a6056-6ce7-47fd-9878-7422f8bfc67e,f5b900a7-a5ae-44f1-9d73-a2e05fa4633f,5cb65c36-9bfe-405d-9ac6-00399f543549,2,queued,ea101f55-d586-40d8-8b8e-fed1f0792c56
ddef8c1b-14a8-42e2-965e-8be3e1bccc9a,f5b900a7-a5ae-44f1-9d73-a2e05fa4633f,37e359e5-4b2a-40b1-ae75-73f4a4f9f504,3,queued,ea101f55-d586-40d8-8b8e-fed1f0792c56
3fd9a6dd-cb2b-483a-b463-bd882b6c34e1,fba9c52e-ba6f-4b2b-b57f-4b82543a33e2,57dcca05-7d08-4093-af5d-8f2c1c0d628f,1,played,5886ce14-f755-418d-9cb1-0a1b3677d827
03013135-a519-4a30-97c7-c2d848026e2f,fba9c52e-ba6f-4b2b-b57f-4b82543a33e2,2460ed6f-b95e-45e7-b8fd-0237104b5113,2,played,5886ce14-f755-418d-9cb1-0a1b3677d827
f6679e8e-f46b-4494-9388-91c2c4c7196c,039f073d-80ef-4408-a20f-8d83fcade0cb,241c462c-90fb-41c7-8a62-98a762a73560,1,playing,ec0e732b-aa59-44ff-87ba-fe145859279b
36bbf349-febc-415b-a738-d903128e9880,039f073d-80ef-4408-a20f-8d83fcade0cb,8cb1df92-9fd0-49e0-ad2c-9240ce780361,2,queued,ec0e732b-aa59-44ff-87ba-fe145859279b
3a79fa57-4201-4fae-b260-5d7d351fb345,039f073d-80ef-4408-a20f-8d83fcade0cb,b525b850-d417-4ea5-a35c-cca20e085343,3,queued,ec0e732b-aa59-44ff-87ba-fe145859279b
9003ebfe-53e6-4658-ac0a-37b6daed28b8,039f073d-80ef-4408-a20f-8d83fcade0cb,58c365e3-b340-45ff-9529-b0ea2a294e07,4,queued,ec0e732b-aa59-44ff-87ba-fe145859279b
ea6041af-7756-4da5-b4a7-faa4441052a3,29604904-ec07-4631-bbba-d7a28c519d90,35b818b3-ac45-4acc-99ef-2fc9b1263b3b,1,queued,673e818b-bfe4-46de-87ce-5cf90b4abbfa
8cb7654d-3eed-41bf-a6ef-41b85f53bb31,849dd17a-4e32-4b8a-b73a-ae92dec0dc7d,a052b499-8a0e-4f97-9345-f074b19aa7ae,1,played,c4a078b8-1d88-4092-9b65-99b96ea2a8f1
5ce29c98-09c8-499a-bba5-08084f5e7682,849dd17a-4e32-4b8a-b73a-ae92dec0dc7d,24825173-be82-4b62-8b93-6bc148479f81,2,played,c4a078b8-1d88-4092-9b65-99b96ea2a8f1
1a4e0e21-91b2-49c3-b515-9f86f6663df2,849dd17a-4e32-4b8a-b73a-ae92dec0dc7d,fe2d4895-dd97-450a-a318-92d431a4d983,3,playing,c4a078b8-1d88-4092-9b65-99b96ea2a8f1
153f8808-0667-4465-a327-d074d61ef0b2,4da14ea1-f585-49ce-81f7-575101597b26,e7d656bf-bf60-47ac-8957-d24c46515864,1,played,e952e62e-a091-46d1-a7e6-27c0b1b136bd
91d740fe-a183-4ba9-bd0d-c0a6fb6a093f,92566095-b85f-4c62-9ca9-a24a1e010379,f7fcdaf7-3e8b-4a70-bfc4-f7e8666ccb07,1,played,b60921c6-c812-4e69-98c3-cdd49a53b9e2
d58dab99-2ef9-423b-a04e-9f0b5ae63634,92566095-b85f-4c62-9ca9-a24a1e010379,34f8378e-74ff-4f81-8cf6-be95920874e5,3,playing,b60921c6-c812-4e69-98c3-cdd49a53b9e2
152d14e7-6a92-4362-9a17-5dd51a18d979,dcd65a96-cd6d-4c49-807e-308bb36f6639,a8e75d47-23a2-4a27-9c9a-fe846ee0c48f,1,playing,eec0f464-3df7-4ba1-9642-630bf4f23a88
280f857a-3e81-448c-837d-16204262f491,dcd65a96-cd6d-4c49-807e-308bb36f6639,257958f2-99aa-4e79-9af6-9d37271bf101,2,queued,eec0f464-3df7-4ba1-9642-630bf4f23a88
8e61f23e-4705-4b5b-a3bc-a1a38d771c64,dcd65a96-cd6d-4c49-807e-308bb36f6639,e7098815-3ee7-4cef-b31b-8f01f47258f4,3,queued,eec0f464-3df7-4ba1-9642-630bf4f23a88
b9701cee-0be0-4685-9d84-0d7861233288,69d63b66-c705-4901-abe2-3bce1f1edd93,ebe37768-7996-43ad-9c43-582a0fa9cb11,1,playing,4f15dfbd-0746-4f3f-ae77-67d19d0705fd
7a698703-35eb-4653-81f5-6656fa16e09a,4da14ea1-f585-49ce-81f7-575101597b26,cecc1ce3-5ad9-465b-9857-06448eb39daa,2,played,e952e62e-a091-46d1-a7e6-27c0b1b136bd
7c7405ac-d8b0-4230-9425-fb668d860fde,1341b29b-bfc2-40c6-80e7-b0db778795ff,e4dcfa30-6a06-4784-97dc-ca42d7e64cc0,1,playing,eb9a4c10-1b2d-4292-8371-8e803bb62437
d6723ca2-d67d-434c-8dfc-421b80b15ad8,4da14ea1-f585-49ce-81f7-575101597b26,b7aa4809-062f-4243-801e-086f1ed98248,3,played,e952e62e-a091-46d1-a7e6-27c0b1b136bd
cfdb60d8-c4d5-4532-8fb5-c2b300760813,aa57533b-0dbd-412e-a7f9-ef95cf0d4ba1,725503d2-d185-4577-ae04-c57dd206e1cb,1,played,7d3a1ff2-5b41-4eca-9850-3e31bb02e2e5
69d3175f-16c5-491b-91a4-4212441562a6,aa57533b-0dbd-412e-a7f9-ef95cf0d4ba1,3fe6f33b-03a8-4534-bac3-171b74512c1c,2,playing,7d3a1ff2-5b41-4eca-9850-3e31bb02e2e5
d88fed8d-9987-436e-885b-03d184548804,92566095-b85f-4c62-9ca9-a24a1e010379,48f9a280-bb37-4446-bf8f-9f4ad578da2c,2,playing,69f4cb43-a3c9-4dbd-9695-6bc81c3c7449
ff353a40-48c9-4255-8ef9-0ed61e254def,87ce8c43-a3a0-4d61-b10e-b5520b396b51,673daa7d-9ffe-40e0-948d-c2233d83a2ab,1,playing,27ace534-2d36-4d12-ad94-fb4178138075
fb47708d-f246-4cdf-a09e-f13761f43813,4e9db9ef-18c4-44be-a20c-ca2159e3b16f,68825c2c-f1b8-4d28-930a-c2943b28bb69,1,played,1962db85-b425-41bf-b83c-1d6977118cca
893bef09-80d4-4b5e-b820-916d154b502c,4e9db9ef-18c4-44be-a20c-ca2159e3b16f,8aad602f-c6e3-4d7d-b5f4-4a652e61e78b,2,playing,1962db85-b425-41bf-b83c-1d6977118cca
332cebe1-bb19-46e0-b6ca-9b47ca8bd008,87ce8c43-a3a0-4d61-b10e-b5520b396b51,6969998a-cc75-4ed1-bd7e-0ace21859b10,2,queued,27ace534-2d36-4d12-ad94-fb4178138075
721866fc-db36-4749-b2e5-9eca880c65a9,4e9db9ef-18c4-44be-a20c-ca2159e3b16f,eb868641-b30d-444c-945c-4a3dea25c24b,3,queued,1962db85-b425-41bf-b83c-1d6977118cca
618b675a-7256-4522-bd69-74d994478a6d,25f6fdf5-9f31-4af1-9705-3e04d2ba8944,98f66876-e6a1-4b3e-9fa7-4d3ebc2f51e9,1,playing,aea9f6d4-76d6-42d0-8b76-f70a1600ec49
70e2729e-dfe8-4aab-9ceb-bd0d44087db9,de3214db-154c-4eb0-aa16-ec786f007713,884dfd3a-7420-45fa-a1cc-d96d07465eb1,1,playing,8394a21e-0031-46fc-bf16-5941065795fd
9f5f7ebf-e71e-439a-aac5-b9b14c19ac93,99afb4b6-3f77-4a0c-bee0-e60baca6b186,ef79f933-f39b-4efc-aeff-1f08e9cc5c0c,1,played,a06db924-7b43-4965-a830-1a3c33acf980
9519525e-9997-472f-ab87-6c1c6d4bb24f,99afb4b6-3f77-4a0c-bee0-e60baca6b186,7854bcf1-af9d-48d3-b686-6507a94a5532,3,queued,a06db924-7b43-4965-a830-1a3c33acf980
35aeabca-43ba-4021-8a25-2df7a466a08c,99afb4b6-3f77-4a0c-bee0-e60baca6b186,ab4b1ccf-0b82-4eb9-bc70-2728cbde806c,4,queued,a06db924-7b43-4965-a830-1a3c33acf980
563c47b6-fa88-43ac-bdde-3490dcee7943,99afb4b6-3f77-4a0c-bee0-e60baca6b186,e46fc4ac-8c55-4af1-89fa-7b65d40bd27f,2,playing,836c799f-f7dd-40da-9bd5-bf59d14bf297
aada2a76-f5eb-49ba-9573-4b4e37376717,eb3c8950-0d83-408d-95b3-d72703d90545,2ec5bfc0-c149-4095-91a0-ec87c5634879,1,playing,2b6b13ee-386c-4d11-b6d2-3148aee26c65
8ac6360e-a760-4dfb-bd08-270716a3129d,eb3c8950-0d83-408d-95b3-d72703d90545,5fa28bfe-627c-447a-9764-ae330f16f884,2,queued,2b6b13ee-386c-4d11-b6d2-3148aee26c65
034d154a-264a-42f3-8182-cd4e02cb6edb,eb3c8950-0d83-408d-95b3-d72703d90545,83b41f99-3314-4961-9cad-8ee7cba730cd,3,queued,2b6b13ee-386c-4d11-b6d2-3148aee26c65
bf715335-ae9d-4f35-adaa-a79ca34c61e4,eb3c8950-0d83-408d-95b3-d72703d90545,8f549d70-4eaf-472a-8dab-8b065f522839,4,queued,2b6b13ee-386c-4d11-b6d2-3148aee26c65
4a52db09-4169-4a09-9163-ae3f3adf2417,eb3c8950-0d83-408d-95b3-d72703d90545,e91675ee-aa7b-42ff-9034-568cbaf97a09,5,queued,2b6b13ee-386c-4d11-b6d2-3148aee26c65
e49a82b2-a163-4f2f-87e7-34b0bcdd99f4,eb3c8950-0d83-408d-95b3-d72703d90545,e41f9995-62c3-4202-b17e-0559cd8dbb1f,6,queued,2b6b13ee-386c-4d11-b6d2-3148aee26c65
fc342125-ee2b-4602-8b8f-39e4bf5b73b1,fa0aa99d-3800-4971-93f9-1e66cfe15882,6137c7f2-fc73-49ca-9252-31cc12d9f2f4,1,queued,ef3ea699-3120-4467-bb75-d2cbf54720b8
6220222f-a04b-4315-8c35-443c0a4097ec,2ffd1c44-7a0e-4a5b-b4fe-ee39227cfc77,9f2422c3-96e3-4519-8a65-39ba724d8da6,1,playing,7dbe27e4-e02e-4005-a20c-398328c4434c
a27d718c-7a2a-4710-818e-5854446ccc8f,7d522846-578a-4736-9d08-193a3c790ba6,483e89a1-d64b-4294-9a2f-b0355be8a5e0,1,playing,6cc00839-79a5-4d1b-8d43-a59c5821f45d
0f336d2f-561a-4cdf-b624-aafe62228948,7d522846-578a-4736-9d08-193a3c790ba6,fa207726-8d89-4570-a886-51017df2373b,2,playing,6cc00839-79a5-4d1b-8d43-a59c5821f45d
7eec7657-52b3-4740-ab56-6810cb20c1ed,cfc80252-8cd7-4b53-9fdf-2107be9118d0,861817d7-c9a9-4545-ad4f-c9d5ee29c3ff,1,played,65f2b610-b944-440d-aab4-b7300de82de9
6ca938f6-45e8-4b89-a572-a7d00232708b,7d0b474a-b024-4830-ac47-61a432ea11f7,d8930b31-481d-43bc-a47f-034435ce2693,1,played,63761338-51c3-413a-bfee-1dcbe41894f9
ae07c023-f558-4e22-ab5b-d6ea1ca3f999,7d0b474a-b024-4830-ac47-61a432ea11f7,4ebe3919-9b5e-4b04-816a-cc159e0b7a18,2,playing,63761338-51c3-413a-bfee-1dcbe41894f9
bd7a66e1-526c-4d6c-87ba-43d6855be281,1579ee1b-5ac9-49b4-8b9a-2cd7d94a4f33,8096719e-e255-4de0-ac79-33dbdd20a48c,1,queued,9fb18c2d-37ee-485d-afda-9ccf5ff2fdf4
7dffb77e-2d95-43fa-85f5-dd6cfaf1f66b,b0de0ffe-ef97-4cdc-8cbc-8d4ec30e3c17,4a891f37-4c6b-4293-aecd-5d04ed79da7f,1,queued,1a18667d-edf1-4f89-833c-e27a3b788de9
635d5f70-f893-456f-94d3-836e76b6f103,b0de0ffe-ef97-4cdc-8cbc-8d4ec30e3c17,dba03b0d-12c3-43a5-bdeb-9ededeb725bf,2,queued,1a18667d-edf1-4f89-833c-e27a3b788de9
f83f079f-49d2-4ab0-a88b-55fb91da7201,b0de0ffe-ef97-4cdc-8cbc-8d4ec30e3c17,33f6181c-6b3c-4943-8079-15d27924f6b6,3,queued,1a18667d-edf1-4f89-833c-e27a3b788de9
979ae28e-f269-44ab-b4d5-5bfe2a429a6a,b0de0ffe-ef97-4cdc-8cbc-8d4ec30e3c17,d3162d00-dd87-4af2-9f8d-ad8448976c35,4,queued,1a18667d-edf1-4f89-833c-e27a3b788de9
8fe06108-2cb9-4ebc-8506-cbd39aed18c1,545c84b6-8df1-4002-b360-b3ea6b7db0d7,67176a3b-7325-4a09-9750-2c533369f057,1,playing,e5537ee5-ea4f-4439-a93a-7ae98c7532b9
20d5c8d3-426f-434e-9c32-53cf3da44c22,24b78fe5-fbbf-4fe1-9cf4-527f45aeabfc,b6be8315-c96a-42c2-9628-04245c86d2a8,1,playing,0dba2947-ea73-4552-85b0-1e6c7dd7c521
0d7d4644-b1c1-4b58-a0fb-bc1189855d90,d2a256e7-d613-48a6-99ef-e1bc58abc708,8f9c8ea2-52a5-437f-b79d-496b534c3c1d,1,played,38323e6d-21bb-4032-9529-9c5b1abcd1a0
b2af35a8-d49a-432f-bba2-75ef4026d648,d2a256e7-d613-48a6-99ef-e1bc58abc708,c309b630-0092-452b-a02a-a3c55406b756,2,played,38323e6d-21bb-4032-9529-9c5b1abcd1a0
50e0538b-cb4a-44c5-84ac-2ef5572192c2,c7b091d2-185b-4acc-86aa-7095f57515fe,3404bcac-4f8f-4a49-b8be-6e6a6748fdfd,1,playing,8f51c5c5-4f7d-4662-a97a-d5f6d952bc04
cafa4c51-4433-434f-b7df-617eb42d63d2,942fa40f-353b-479b-84d9-3a197e1bc9f5,fa18abd8-dd5b-4ec9-b1f0-32aa7b442423,1,playing,2e83a53c-fd35-48dc-b60d-235001aa6186
d34d3627-c9b6-4e89-929f-9655938a93e9,942fa40f-353b-479b-84d9-3a197e1bc9f5,958e8e41-3d04-4fee-be95-3576a9ea6852,2,queued,2e83a53c-fd35-48dc-b60d-235001aa6186
2095dda2-6076-46ab-b108-7332ddb922ca,942fa40f-353b-479b-84d9-3a197e1bc9f5,26ed5d72-6f3f-4a43-8087-cd27977208de,3,queued,2e83a53c-fd35-48dc-b60d-235001aa6186
9b007fea-78f5-40d5-91f3-252d9ed3d073,942fa40f-353b-479b-84d9-3a197e1bc9f5,8f64c757-2da7-41b3-8c3a-c5833c282afa,4,queued,2e83a53c-fd35-48dc-b60d-235001aa6186
1934191f-b4d1-4ede-9755-d483e338e37b,1d7e1683-4b88-466c-80cf-957acea6357e,9adab0dc-87df-4955-9ae4-68f67e44e828,1,playing,f4aaba43-7afc-4459-b79e-cc0ebf26d8a9
fe2d2ae5-9dd5-49ea-8aca-c527a733f21e,1d7e1683-4b88-466c-80cf-957acea6357e,1586055c-0c38-42da-942a-29493a61f95d,2,queued,f4aaba43-7afc-4459-b79e-cc0ebf26d8a9
de5745d6-debb-4edf-9ff6-3a758dc55aa5,61b9dbe6-c080-453d-b62f-52ee8a7cb990,136336e9-f294-4ec7-9c28-73fb36d23b00,1,played,14fc5a56-91e1-4fc3-b0eb-dc178f1e744d
cec6691d-9d38-40af-aebc-ab24fb7d1315,61b9dbe6-c080-453d-b62f-52ee8a7cb990,58c39ff8-ccd7-4dbb-a7aa-19d723ca9c6f,2,played,14fc5a56-91e1-4fc3-b0eb-dc178f1e744d
fc415df7-e75a-4f59-8d44-c638f14a95a8,61b9dbe6-c080-453d-b62f-52ee8a7cb990,ffaae5cc-3da9-4906-85e9-c56d949fbffb,3,played,14fc5a56-91e1-4fc3-b0eb-dc178f1e744d
96fe1d54-920f-4ea3-ab4f-8353098142ec,9b3fca01-24e9-43db-bb88-15b3ba73c068,de2ff041-563e-4003-9e20-088b44a2f2ba,1,queued,88fcb860-8c83-4d99-9cc0-7ac06fd5a3b3
101128ac-a435-4f2d-8909-f9e0c3b298fa,75f8cbb8-8cd6-477e-adb5-2cff2bb31c1a,32526501-a72a-4444-b99a-e4756f35dfc5,1,queued,8f058135-b0e1-4790-9c08-639f77a4a3ce
c9d304ed-b847-4d3a-9102-2545520f4c69,a718f49a-4906-43b1-a699-839d39e5a79a,5e6e43f6-0a17-4a0b-989a-684e90477ecf,1,playing,28eaf7c0-2654-479e-9b91-590ad10c1ae1
f19a8595-79ba-4b5e-ab18-695beed4d8fe,a718f49a-4906-43b1-a699-839d39e5a79a,4fed5520-384c-4f1c-855f-e23a4fca0d0e,2,played,28eaf7c0-2654-479e-9b91-590ad10c1ae1
17cb46d7-a8fb-426d-b445-0a1fa011b188,4c27e12b-3c03-4785-af57-0740a8161276,fa1c0593-b51e-4ecf-bea3-e9f6088f1b24,1,queued,edf74dfb-52b0-43e5-ac72-7efe10dc35b5
bcf59cf1-933d-414b-89f0-252589f27389,790bba0f-6b9e-478a-be0e-487d7b54460d,98cef370-fe2c-4b98-b47c-102bea6407ef,1,playing,cdb70198-14c9-4569-98fe-6357a84e3907
08a5c5e8-680f-42ca-9f68-6174925a68d9,790bba0f-6b9e-478a-be0e-487d7b54460d,151d969a-c954-46f1-a63b-90bdeec93d77,2,queued,7fbfc7ba-68f7-49ca-b976-52e4dc554879
ba588204-e105-4ea8-9494-bb8d5a0952b8,790bba0f-6b9e-478a-be0e-487d7b54460d,d7128923-1901-4830-b9f4-d78791a4a1f5,3,queued,7fbfc7ba-68f7-49ca-b976-52e4dc554879
34419eb1-5246-49ed-bc36-22206b830696,4f9f5e17-f70f-400a-9b6a-dd6b1e7a5670,09f5a496-e2f7-462f-a31d-2e3c54343b35,1,played,d4281cee-35e0-4305-b0bf-b1d48b5e40c6
226827a9-aad8-4303-9487-67a15bd7f83c,4f9f5e17-f70f-400a-9b6a-dd6b1e7a5670,c50e65da-cc66-4972-bd6d-bf313deccbf3,2,played,d4281cee-35e0-4305-b0bf-b1d48b5e40c6
6d5cb50f-c690-41d1-bd52-143bd79459b9,4f9f5e17-f70f-400a-9b6a-dd6b1e7a5670,baa17bd7-e1f2-4767-abb8-c23b52cfbea2,3,played,d4281cee-35e0-4305-b0bf-b1d48b5e40c6
6a8ffb28-0b95-4a09-af1d-bcd6e2cd3dbc,4f9f5e17-f70f-400a-9b6a-dd6b1e7a5670,bea7fe43-a148-4a62-bd19-dfd73382bd67,4,played,d4281cee-35e0-4305-b0bf-b1d48b5e40c6
e1bcf970-c5f1-4a3b-9bdb-a0d096c11317,e3d368d8-c3ab-4048-8681-04cfdef1ef7c,1ad8cf0f-26a9-4b6f-957e-5fddc0a32576,1,playing,4e33a937-8db5-4748-a2d3-badd65e10239
014c7b4f-5903-422c-b451-69be924269df,e3d368d8-c3ab-4048-8681-04cfdef1ef7c,d41ac49b-5bfa-4708-ad31-461191cc15b7,2,queued,4e33a937-8db5-4748-a2d3-badd65e10239
b0e0cc6b-7b13-4ad2-a1d0-033c4651cae4,e3d368d8-c3ab-4048-8681-04cfdef1ef7c,dc7c9952-6a79-49d2-b86d-6c20b81e5f4b,3,queued,4e33a937-8db5-4748-a2d3-badd65e10239
0e4289c8-3cef-4776-aa0d-baa577c7bb62,4f9f5e17-f70f-400a-9b6a-dd6b1e7a5670,a23eb3f0-3c58-4723-a9a7-c3bef0e60e10,5,played,d4281cee-35e0-4305-b0bf-b1d48b5e40c6
1eafc054-6633-4f05-9edc-bb4ff4e4f92e,4f9f5e17-f70f-400a-9b6a-dd6b1e7a5670,b6378bff-a550-4b27-b5b9-e4ff44c82558,6,played,d4281cee-35e0-4305-b0bf-b1d48b5e40c6
64f29afa-7fc6-4d17-b4d9-4aae151ff2c8,4f9f5e17-f70f-400a-9b6a-dd6b1e7a5670,cd80c2a1-57ad-44ed-9da0-b6d2219c6d02,7,played,d4281cee-35e0-4305-b0bf-b1d48b5e40c6
24d61b02-080e-4da7-bb2f-704a4cc25f7c,3bdd4dbc-c1d5-48f6-9a39-722303360f27,886472a9-2821-4871-a870-0408d07df31c,1,played,7d393d84-ad5d-464f-88d2-7a6144abba83
6de3d9a5-9dfb-40aa-80ad-5d798c952824,3bdd4dbc-c1d5-48f6-9a39-722303360f27,ee2ad00a-9ea5-4fa7-8299-c1dc94dfaf55,2,played,7d393d84-ad5d-464f-88d2-7a6144abba83
a2add3ea-bdcd-4cf9-85a9-a59fec38dc3f,3bdd4dbc-c1d5-48f6-9a39-722303360f27,9a591496-3710-483d-90de-e5126798ad11,3,played,7d393d84-ad5d-464f-88d2-7a6144abba83
3defccb5-33de-461c-99c0-9052bd3777ef,cb86154e-ae85-440c-8962-bc60014d8859,163474ce-b712-42a1-b03e-0b298fea8491,1,played,88596d23-5ad3-4737-8811-8749a0f5d44c
f9571701-5e01-4abf-9351-8b5869d9a999,cb86154e-ae85-440c-8962-bc60014d8859,d54df1e4-686a-42ae-821a-a10d32d31db2,2,played,88596d23-5ad3-4737-8811-8749a0f5d44c
ea688a9f-2f8f-4b28-aafb-3ad10c4ce3de,4f9df29d-6bd5-49e7-92ea-a985bf377c0a,d54df1e4-686a-42ae-821a-a10d32d31db2,1,queued,88596d23-5ad3-4737-8811-8749a0f5d44c
349cb4b9-62e8-4bfc-82a9-e692c15b947e,4f04e98f-7ab9-439f-a469-b55f12dcf4ab,01aaf7fe-838d-417e-942d-e54d8fae7da5,1,queued,4c6b19bd-6ac2-4744-82f3-4cdfd66f7ef2
3f1741c0-f670-45f8-a0bb-6f918b6bf9ed,1fc8db82-7e0c-4520-92e1-84c6aa7dfab2,bba257a0-7764-4baf-95e6-93285bd00475,1,played,72d08935-5462-41c3-a6f6-4d80bc1c6faf
650f73a3-e75a-4b3b-82bd-3b80be767814,1fc8db82-7e0c-4520-92e1-84c6aa7dfab2,88c2aa8b-3eb7-406d-93b5-845459b55b51,2,played,72d08935-5462-41c3-a6f6-4d80bc1c6faf
25398132-0ef4-478d-825d-11c27fd8faa6,1fc8db82-7e0c-4520-92e1-84c6aa7dfab2,9d0f06b4-8f6d-4648-bab3-c28a67a8fdad,3,played,72d08935-5462-41c3-a6f6-4d80bc1c6faf
4dedca5e-3fde-4e16-9a4a-d741668707df,1fc8db82-7e0c-4520-92e1-84c6aa7dfab2,ae0ab066-b9ec-4678-808e-152bc1911832,4,playing,72d08935-5462-41c3-a6f6-4d80bc1c6faf
4c6740ae-58ac-4730-b25e-d667f3e59f45,1fc8db82-7e0c-4520-92e1-84c6aa7dfab2,3db3fc31-25ae-4500-947a-79509aa4d8d1,5,played,72d08935-5462-41c3-a6f6-4d80bc1c6faf
8454b861-5007-4234-b537-af2486248b1f,1fc8db82-7e0c-4520-92e1-84c6aa7dfab2,24b913bc-653c-44da-8540-fa9ca2719e4b,6,played,72d08935-5462-41c3-a6f6-4d80bc1c6faf
9e133216-c8e5-42c5-a338-d1ec9130a4c1,1fc8db82-7e0c-4520-92e1-84c6aa7dfab2,36390fd2-45dd-47c7-a484-e948f12470fc,7,played,72d08935-5462-41c3-a6f6-4d80bc1c6faf
c903d071-8067-470f-a641-21864894a978,65bc5a17-8384-4d38-87e4-9689281d7991,69f3029c-3794-4ad1-bae0-41473803caea,2,played,5533c26a-876b-4025-bfb5-30ee78d5089a
b278ab05-d3e9-4b82-93a6-a4fc5d8cbc64,65bc5a17-8384-4d38-87e4-9689281d7991,c2f69c20-cd49-45e1-9dad-9809a542cde8,3,played,5533c26a-876b-4025-bfb5-30ee78d5089a
f95c25f3-6cf5-4100-9d0c-343c726eb34c,65bc5a17-8384-4d38-87e4-9689281d7991,c6a8bc3c-4663-4f1a-8c70-99dc64d38d7f,1,queued,5533c26a-876b-4025-bfb5-30ee78d5089a
e5a29976-161c-465a-9f71-cd2768adbc14,68218953-bc64-4378-91f9-d152ab1e320e,0946649d-bf74-4a56-b022-d273cfe8a7f0,1,queued,7ab701e7-f0d8-4f72-8633-6614d7cfd796
980ab13c-322c-456d-af93-aa90b8a6bdc2,0c50be93-d9ca-45a3-b153-25a773094111,09bbd202-5031-40b6-86a9-58c8bc3a3dbe,1,played,fa04e0ab-d2d6-4ca9-a7c8-315b54128aff
47eb1807-3d29-4336-9ee3-5398a476f4a7,0c50be93-d9ca-45a3-b153-25a773094111,d5833373-ca6e-4984-b062-efc2b9cf93e4,2,queued,fa04e0ab-d2d6-4ca9-a7c8-315b54128aff
6bed251b-e066-4401-9634-30bd32762990,ea5c6287-e22e-48f1-aea6-4cd9648d7c9b,5d362359-81c0-4bd8-8e66-e1936f56eafb,1,played,e287932e-891b-464a-bb81-e7fa6c176160
6530e3ff-49da-4590-a361-686f58083f27,ea5c6287-e22e-48f1-aea6-4cd9648d7c9b,792d90b0-9055-4f54-8853-9a1efc4ef662,2,queued,e287932e-891b-464a-bb81-e7fa6c176160
5a293787-d43e-4a13-badb-3bda32d4933c,c2862498-1543-48ad-a5e9-8c7dc8dba09e,b65d4de5-13a3-4ad2-a7c8-aaa955c6bdd2,1,queued,a9245c6a-bced-49fb-9485-2ad95cba48c4
186fcd2f-69a3-4256-a5cf-ce84bb47d273,a12ad592-558d-44d6-983e-f9bc7d60ccdf,30bc5025-0dde-4cb3-af04-cde00c74cae7,3,queued,f18c4ab2-fc84-4d42-aca2-547829122538
f3b0ad47-170b-41fe-bf32-0aff4be8909f,a12ad592-558d-44d6-983e-f9bc7d60ccdf,f4be089a-a649-4f89-90ff-907f2cfb546d,1,played,f18c4ab2-fc84-4d42-aca2-547829122538
646ac8b8-97fb-4d79-afae-fc654b5b1ec7,a12ad592-558d-44d6-983e-f9bc7d60ccdf,46070b87-769c-4a83-8ef3-36646c9653f0,2,queued,f18c4ab2-fc84-4d42-aca2-547829122538
8fe6f8e0-ec2e-4e9d-8928-4c27fdb732c7,d189401d-4ce8-42c9-8588-e9366226d95e,24774b32-b4c7-4566-9d80-8ef9919dc5ae,1,queued,82036ee2-beed-4ac6-84c4-8d88c0b06551
56a2d493-55cf-442d-8e8b-1ef0a035bf98,9709acf2-9d0c-47b1-8ead-c8583c05661e,10acd00d-f815-430c-b6e5-c6072fc502f9,1,played,c11d08c8-1c8c-450d-b973-712f06c07965
22163017-e47c-45d9-88e1-97c94a6948e2,9709acf2-9d0c-47b1-8ead-c8583c05661e,8ac9782f-0d1f-48ce-a7d0-39e44f90fb59,3,queued,c11d08c8-1c8c-450d-b973-712f06c07965
3c1dbe4d-fae4-4393-90a7-e33287b3cead,9709acf2-9d0c-47b1-8ead-c8583c05661e,e9ff3483-93e7-4ff0-a935-1161ec56f3c5,2,played,eebd9acf-fdc1-4f1b-8e0a-8ca60189440c
d6c180b1-55e7-4819-9ce2-67f06a41debc,9709acf2-9d0c-47b1-8ead-c8583c05661e,ea46a021-9a1c-4395-ad14-396ac7b5be89,4,queued,eebd9acf-fdc1-4f1b-8e0a-8ca60189440c
02d6a2cb-f82c-4dac-a370-20616e125f08,9cbe9b5a-69bd-4641-95d8-9c523b7523b1,61086915-870f-41d1-b932-bd5a2737e595,1,played,61fe03b1-f234-4de8-bdfa-ff7ae5761dd7
5dde4dc2-1006-41be-987a-584bd68855cf,9cbe9b5a-69bd-4641-95d8-9c523b7523b1,941c0a72-35ef-4f3f-b027-bb19ba83efe5,2,queued,61fe03b1-f234-4de8-bdfa-ff7ae5761dd7
40ccc5bf-86bf-4023-844b-34f2763db58f,22320a21-1f60-400b-8abe-f82bfa63bbe0,c763ee3c-03a7-4445-8690-6189c306f52b,1,played,e0fc8a33-fb61-4a91-a58f-49e55dc94fe1
19d231c8-86b7-4eef-886d-d3116531f470,22320a21-1f60-400b-8abe-f82bfa63bbe0,300d3c24-7ac6-42b3-9564-491ece0fd5a2,2,played,e0fc8a33-fb61-4a91-a58f-49e55dc94fe1
1f0f90c1-0651-4203-88bd-132c084a0053,22320a21-1f60-400b-8abe-f82bfa63bbe0,27bcc47c-2b16-4bae-ad64-a10276044199,3,queued,e0fc8a33-fb61-4a91-a58f-49e55dc94fe1
3695ab78-61c1-4c04-a6d4-4dd73c1d26da,22320a21-1f60-400b-8abe-f82bfa63bbe0,d74603d8-a666-49ec-b1c4-0914da1975e7,4,queued,e0fc8a33-fb61-4a91-a58f-49e55dc94fe1
4f28f6e1-c789-4aa1-8040-fdcfa7645249,9bc3b62c-640e-42ac-b74c-d8561ad7a909,b1c3d59c-5e06-43cf-b9b9-13803b347aaf,1,queued,491353cc-26b2-4d25-8c46-6c601916487c
5ae3e341-e18c-4ad5-a613-790d5e3dd1ce,0ffdc0e5-58fc-4029-83e8-537f46445f8a,eb317f2d-3ff4-487a-98be-b44c79757aee,1,playing,f9a21ba7-3727-4f95-a39f-c115e1b1502d
a2e2292d-12f4-4536-9093-76a8898779be,78ce5f36-621e-43e5-89e0-28cc8720d152,5651d1da-0dc8-4328-958b-7f5276303efe,2,queued,94e94fbd-e678-40e4-bf6d-12e7dc6ab936
ad7d4cef-43ef-4670-bc53-a31070f18877,78ce5f36-621e-43e5-89e0-28cc8720d152,9bce63b4-055d-48f5-96b9-2b749539a82a,4,queued,94e94fbd-e678-40e4-bf6d-12e7dc6ab936
714cd0a0-dd0d-494b-9147-5157e4aa58d8,7627788c-4cc1-44a8-9667-b6c6a99626d6,af9a68ac-bf79-4485-89d8-e90f2c79c364,1,played,94e94fbd-e678-40e4-bf6d-12e7dc6ab936
dc9c8134-7710-4d19-9a68-dab658d89b2c,7627788c-4cc1-44a8-9667-b6c6a99626d6,9bce63b4-055d-48f5-96b9-2b749539a82a,2,played,94e94fbd-e678-40e4-bf6d-12e7dc6ab936
cf871b1f-9adb-44e5-9c1e-4a633c64bc0c,8869b2ce-1d5e-49d2-93e0-cc567b6df2f3,dc421018-7779-46f0-825e-de4741af5e48,1,queued,5090dd3f-66bc-4d2c-b578-74920b9d5ca4
5399a5e0-5ed2-4705-95a5-27d5df635c94,7627788c-4cc1-44a8-9667-b6c6a99626d6,749f1690-cf7e-4ba8-8c57-79b3cdc6454a,3,queued,94e94fbd-e678-40e4-bf6d-12e7dc6ab936
b84ee584-dbd3-420a-a22a-01e7fa193f8d,8869b2ce-1d5e-49d2-93e0-cc567b6df2f3,10a623d4-ad98-44c9-9895-c3e5b8618630,2,queued,5090dd3f-66bc-4d2c-b578-74920b9d5ca4
853e121f-1ef2-4583-aa70-0d80cc477818,8869b2ce-1d5e-49d2-93e0-cc567b6df2f3,9d31bbcc-99aa-42c1-b154-41c56bd5e0a3,3,queued,5090dd3f-66bc-4d2c-b578-74920b9d5ca4
43e91618-e721-4a84-bad7-037b230debf4,85834225-9a48-4fb1-8728-ceaf43158ca5,4abd7c25-b77f-407b-8ddc-2ba3f2b7c377,1,queued,073127cd-4bd8-432b-af8b-7e9b10b2d6a1
00a9a9be-c422-4332-90fb-4081dce95416,0c991deb-fdf4-4ce2-ae1f-9c7f910008c3,07ab7ab1-8965-4dbc-bb6e-423725fdbbff,1,queued,2d5f1bc7-cef8-4f26-8030-fd4e492bf4ed
44b65430-52ea-4805-b62e-4f871b7453e3,0c991deb-fdf4-4ce2-ae1f-9c7f910008c3,28a02d77-bb25-46a2-89df-3a9752ca251e,2,queued,2d5f1bc7-cef8-4f26-8030-fd4e492bf4ed
e1d7e590-3715-473f-9e90-e7b276d316d8,3367d615-831b-4333-aa0c-b810926dfadc,ffb65190-2ab1-48d9-853e-b960060ff75c,1,playing,6f3266bb-a162-43f8-a1e3-18232f40a5eb
39c1cdac-8e53-4b84-b5db-853deb359e2e,86d3b775-c143-4bdd-b028-c3dedc172fdb,2b49f366-3340-42a2-be6a-46cf66dbba1a,1,queued,cca079ed-bd7a-4646-9dae-5e58015bb533
bed1bdc8-c059-48dd-b440-4f37cf8dbb0f,f8c74e8e-9bac-4f52-b5f0-52bffc3dbd70,3c18d6c3-0f8d-41e2-b0ed-b66efdefe3b7,1,played,40bad796-ae17-4ce3-b528-8b9fc6114fa6
de63d025-cbc5-4a45-9c8d-b6c7027fc7d5,f8c74e8e-9bac-4f52-b5f0-52bffc3dbd70,1ebe1fb7-0ab1-4514-a31a-08ce8b22aee5,2,played,40bad796-ae17-4ce3-b528-8b9fc6114fa6
7ba3d4c3-8c78-48f0-94a4-912a729a0f5b,f8c74e8e-9bac-4f52-b5f0-52bffc3dbd70,f4bb9b8a-6812-4d95-be58-532c321446a9,3,queued,40bad796-ae17-4ce3-b528-8b9fc6114fa6
d9e63d0e-c438-42b0-a95e-f057d60549b5,edb732c8-4244-4edc-88f0-7b9698cd0443,aae7b6f0-7d9f-4fd9-92cc-1ce20de00e9c,1,played,a42fd1e9-e8a1-46de-9fde-9fcc5b90e43c
bfb35e1f-db20-480c-abfd-05b3ca028c9c,edb732c8-4244-4edc-88f0-7b9698cd0443,c7cda22a-6151-461c-b3e2-2690ca68b7d4,2,played,a42fd1e9-e8a1-46de-9fde-9fcc5b90e43c
99fdde70-92da-4d81-9598-5f2d0c9b1770,edb732c8-4244-4edc-88f0-7b9698cd0443,f0e81a27-fb7c-4177-9376-881034c90a94,3,played,a42fd1e9-e8a1-46de-9fde-9fcc5b90e43c
59c0b5f8-3797-4003-b563-d9a9ade27ff1,08069bf5-82e8-43a6-ba9d-e484b80797dd,562f167e-3745-40fb-97dd-9378e4b8d076,1,queued,12a20087-b3e5-470c-b966-560c592958f6
df13462d-76e1-4676-b908-bb6eb6ccb0f3,08069bf5-82e8-43a6-ba9d-e484b80797dd,90885863-f191-4fb1-82d2-fa61e3e7748b,3,queued,24fd567e-d184-4fff-962d-12672047482d
010503f8-5afa-4590-995c-a69e57cf7a14,ca6625b4-3153-4d76-ac5f-4ffe253b5a4a,98df007e-ca6b-4df8-b3ba-c74696456dc5,1,queued,0d8fc57f-1a72-42dc-8e3b-1337ff3131aa
9476bb92-7d69-47e9-a756-0cc59ee16613,08069bf5-82e8-43a6-ba9d-e484b80797dd,57ceb25b-dd15-4e94-a86b-3c67fabe3106,2,queued,6d58fd43-060e-4876-8f89-af6f03919597
a757e9b6-5d33-4f0d-8639-9409c97a8204,37a40500-9f36-4723-96b4-18cd59fe29ff,2f73a775-fc53-4a52-b2c3-8f124932398e,1,queued,9262f389-720c-4072-b8b7-d7b54d304d80
ed7a340c-37e3-422f-b37a-642659f9836a,44670453-ace3-440a-a20f-1e8dcd8de902,1ef27ba7-6911-4073-b139-abe5bf8852e1,1,played,a72382ad-0d29-44fd-8092-471c2985a5e6
16fc39c1-44e5-4190-b760-d44331e8c3c3,44670453-ace3-440a-a20f-1e8dcd8de902,a2212225-028a-4b5c-ba3d-143e15da64dd,2,played,a72382ad-0d29-44fd-8092-471c2985a5e6
eb367645-89fa-46f3-8012-1ce7e632d645,44670453-ace3-440a-a20f-1e8dcd8de902,d85ca9b2-b7b5-4591-9d9a-f08ae81497ec,3,played,a72382ad-0d29-44fd-8092-471c2985a5e6
471ff2af-1dcd-4ccd-a78b-c5caa5656e74,f27c82ed-6f27-405b-9ed3-9c3eeb345b35,83b2641f-99ae-4e7e-a61c-39f8bc0e6cef,1,queued,5a97f8d8-190c-4662-a325-16b27bb4d6a0
2967eba7-6f03-4d79-a8cf-2f571cdbed22,f27c82ed-6f27-405b-9ed3-9c3eeb345b35,355c27cf-2ae4-4eab-a112-abf05d9abfee,2,queued,5a97f8d8-190c-4662-a325-16b27bb4d6a0
9f25ca81-9d5d-45c0-a355-dd746da4a542,fb5d21e1-6398-4f49-9e02-91a52cd24544,19971aa5-4d54-4eb9-8cba-7d12e8b23083,1,played,6c9fd11a-19b9-43da-9790-172aadb0838e
64a94172-dc72-4a00-ab5c-9a2f6921ba82,fb5d21e1-6398-4f49-9e02-91a52cd24544,572863b9-e62b-4f7f-9ef3-512c36c4e47e,2,played,6c9fd11a-19b9-43da-9790-172aadb0838e
03c95d24-34a7-4e61-8460-9c5ac866bd6b,fb5d21e1-6398-4f49-9e02-91a52cd24544,c3da6828-b925-4587-b047-010846a19e35,3,played,6c9fd11a-19b9-43da-9790-172aadb0838e
e08f1842-8761-41a0-9d8e-905e0633a8a9,fb5d21e1-6398-4f49-9e02-91a52cd24544,074ea2d2-eee9-4498-8966-34381fb79be3,4,played,6c9fd11a-19b9-43da-9790-172aadb0838e
879e6cb4-24fc-4fa9-8731-565e40de6a71,fb5d21e1-6398-4f49-9e02-91a52cd24544,1d878bba-b984-45d7-924c-1aae6624bb90,5,played,6c9fd11a-19b9-43da-9790-172aadb0838e
73680d21-eabc-48a8-9c3b-937f8cc8e2aa,fb5d21e1-6398-4f49-9e02-91a52cd24544,b68ebac8-e204-4860-9aee-e857c0732dbe,6,played,6c9fd11a-19b9-43da-9790-172aadb0838e
bfa13e8b-0ae3-4ab4-bf92-7951ac653a08,d4284f55-b933-4995-8c44-cb9b486e509d,facd8bca-5797-4203-b739-041b26a03996,1,queued,ae4f9d2d-d286-4f94-b025-49aecda7a92f
620836da-6bd8-492d-91c8-cab62e7fdd3a,4aa0cef0-d0e8-4df1-a6dd-e409e1598525,163474ce-b712-42a1-b03e-0b298fea8491,1,queued,88596d23-5ad3-4737-8811-8749a0f5d44c
dee3620b-eeab-46f5-96de-740a81fc2c9a,e703be21-ce30-4932-920e-1c0ab3b5d52d,1ad8cf0f-26a9-4b6f-957e-5fddc0a32576,1,played,4e33a937-8db5-4748-a2d3-badd65e10239
95b0a56a-509b-4adc-9a01-724c933479ab,e703be21-ce30-4932-920e-1c0ab3b5d52d,bcf2b0a6-61aa-4eab-902b-aea72a2f55e9,2,played,4e33a937-8db5-4748-a2d3-badd65e10239
da948be4-64ab-4872-94c7-274bc0e19780,e703be21-ce30-4932-920e-1c0ab3b5d52d,961c97c6-c73b-434b-82fb-4ff7945bb2f0,3,played,4e33a937-8db5-4748-a2d3-badd65e10239
d80357d6-510f-4e45-b184-228c8fcad95b,e703be21-ce30-4932-920e-1c0ab3b5d52d,8300b61b-8d91-47c8-a48e-ffda5b691c84,4,played,4e33a937-8db5-4748-a2d3-badd65e10239
0afeab22-4bb6-48b1-b333-7e1a539594da,e703be21-ce30-4932-920e-1c0ab3b5d52d,401fcd34-00f4-451e-83f5-f8b1d1d48879,5,played,4e33a937-8db5-4748-a2d3-badd65e10239
953c54ad-50de-40e6-baf5-7ab23aee19ab,e703be21-ce30-4932-920e-1c0ab3b5d52d,2a3d22a8-0c27-4c37-b243-27c86292c252,6,queued,4e33a937-8db5-4748-a2d3-badd65e10239
d2b77c94-a6f7-43b4-938d-e2c292d2cb22,e703be21-ce30-4932-920e-1c0ab3b5d52d,7ac9ed8f-0eca-4fe6-8ddd-dbc55c64410a,7,queued,4e33a937-8db5-4748-a2d3-badd65e10239
d29ed922-a6cf-49e8-bb0d-4e8dad8e8df1,e703be21-ce30-4932-920e-1c0ab3b5d52d,5581be72-b18e-45f8-b7fb-2f89c9cf4366,8,queued,4e33a937-8db5-4748-a2d3-badd65e10239
26150b8c-102f-48e5-9433-2be8dd03d5e6,e703be21-ce30-4932-920e-1c0ab3b5d52d,ab463531-cbfd-4cca-87cc-bf483b3fdf0c,9,queued,4e33a937-8db5-4748-a2d3-badd65e10239
48b336e0-cd25-4182-9242-b0ef0c2f0fc3,e703be21-ce30-4932-920e-1c0ab3b5d52d,7c5d18e9-484c-4d6b-808d-077a971e47e6,10,queued,4e33a937-8db5-4748-a2d3-badd65e10239
f6336b1c-344b-4957-a49c-3add09d09242,e703be21-ce30-4932-920e-1c0ab3b5d52d,fbc26e57-4ff7-4635-9b6d-ea23ca9b882c,11,queued,4e33a937-8db5-4748-a2d3-badd65e10239
e7db7b0f-0d13-4f82-b1d8-b6e4154826ac,e703be21-ce30-4932-920e-1c0ab3b5d52d,27a0b02e-444d-496c-899f-310908a75c74,12,queued,4e33a937-8db5-4748-a2d3-badd65e10239
8dc9934a-055f-4be5-b5e6-13d60d7c16c6,e703be21-ce30-4932-920e-1c0ab3b5d52d,9bb4d1d1-d519-435a-a299-628f1f0dd6a3,13,queued,4e33a937-8db5-4748-a2d3-badd65e10239
08b85513-50b3-4bc8-a299-e61157df29f0,e703be21-ce30-4932-920e-1c0ab3b5d52d,01aedf23-e94a-4a2e-b241-1c11127ebab0,14,queued,4e33a937-8db5-4748-a2d3-badd65e10239
c901e51b-b5a6-4274-bd16-ea7b2a578bc7,e703be21-ce30-4932-920e-1c0ab3b5d52d,e9783197-a1eb-4aa1-81c5-83bc3ed7cc78,15,queued,4e33a937-8db5-4748-a2d3-badd65e10239
9fb8bcee-24dc-4f09-8c17-99a1385740cd,2d905468-c01f-4168-a3c9-16a5e3d2463a,7fdd68f7-1206-4a69-8f4a-aa43f2582139,1,queued,bc8d4482-f20b-4b8a-a9a1-19271bc2206c
a94ff841-0826-4b77-9d7a-a6dca60882a7,2d74ce55-6376-417c-85b4-f7a80c325b6f,42ea5d73-eda5-471f-8f39-fcfd47582c67,1,queued,4e33a937-8db5-4748-a2d3-badd65e10239
02abec19-54b1-49a6-ba81-be422053dd12,2d74ce55-6376-417c-85b4-f7a80c325b6f,2a3d22a8-0c27-4c37-b243-27c86292c252,2,queued,4e33a937-8db5-4748-a2d3-badd65e10239
1b9e11a2-8341-4488-8ce5-fb8666aab218,2d74ce55-6376-417c-85b4-f7a80c325b6f,834044a4-9591-4b6f-939a-51b366850859,3,queued,4e33a937-8db5-4748-a2d3-badd65e10239
084dafab-975c-44fa-8a50-8923214ff0da,2d74ce55-6376-417c-85b4-f7a80c325b6f,5edad2a4-dd8d-49bf-b724-7f7c9da1a5e9,4,queued,4e33a937-8db5-4748-a2d3-badd65e10239
14943ef6-3e64-4f6f-9c06-70a1590ffe15,e9d8b472-6e6d-4fae-932f-46f8601a5b25,25e24c0d-8978-4b3a-842e-99caa7791254,1,queued,8fc823c8-722e-4d73-ba30-77ae9463de0d
3e481a81-840e-4fd3-8948-d5c2aaaff809,5740e8d9-8e5e-4c14-a6ff-c04a9ddd1df7,aed7ec33-497e-46d3-a32b-d0d6aa19398b,1,queued,1bdbdd57-a9f7-44fe-979f-6d21e1cdc871
6c5580b6-8e10-4705-8a40-e9836f41e9de,6a142782-b142-4766-a04e-10ac34e18da3,86d6bbc8-b7e3-4ed5-943c-531a34c27551,3,queued,c3d10f58-c3df-4566-b236-52d703606884
8c650a96-1124-4925-bd2e-9f712763cb59,a66403e6-bc0c-4462-926f-2ca9563611ac,d06a9757-cd65-442e-b743-15a7c521ab10,1,played,18f46356-40a3-4c88-8038-f0974d3f6107
795fa68e-7b6d-438e-a7a2-959a172ceb5f,a66403e6-bc0c-4462-926f-2ca9563611ac,76ddd1e3-f530-4f55-ae9c-5aae9176af86,2,played,18f46356-40a3-4c88-8038-f0974d3f6107
93943eb4-0556-48ad-9946-960faa8b3edb,a66403e6-bc0c-4462-926f-2ca9563611ac,0ba28a86-cfbb-4fab-a92c-917190bc27af,3,queued,18f46356-40a3-4c88-8038-f0974d3f6107
1333a06e-f970-4ef6-8032-6ba26bcc30e5,93309dee-74e1-41f2-95ad-cc24feece0c4,04f84ad1-7eab-406f-b6e5-9b204a353db8,1,played,e67d3c9b-1b4d-4f44-89ae-8a0e86a56852
eb76f713-d382-4bc1-ae2b-ba06ecd63bc2,93309dee-74e1-41f2-95ad-cc24feece0c4,64f3e9d2-7a5c-4ebc-b9d4-acfece2db4d0,2,played,e67d3c9b-1b4d-4f44-89ae-8a0e86a56852
90076687-7269-4ac3-af0f-db77224babd8,93309dee-74e1-41f2-95ad-cc24feece0c4,00f2df6c-3b4d-4e10-aad1-aaa97dddbad8,3,played,e67d3c9b-1b4d-4f44-89ae-8a0e86a56852
8540dd22-d717-4340-8470-3de96ff143f7,2f9514f8-1ac0-4733-b657-83ef69e93ded,41613b98-4e94-4f76-aac8-af90af8feecd,1,queued,f2b46b5b-f0d7-415f-9a45-4aa7e889fe00
6323c57d-7fbe-466c-bed9-8798411ab6b7,f5b900a7-a5ae-44f1-9d73-a2e05fa4633f,9a523429-5bab-46d0-9a49-4f1902941b0b,4,queued,ea101f55-d586-40d8-8b8e-fed1f0792c56
b364c8a7-d3b6-4f03-ab40-58d34fc88aab,96b2b73c-c612-4b26-a1e1-dfd353f5bb77,8cdff14a-467a-4bd3-9c57-548dca0a7021,1,queued,a653ee0d-ff3c-40a5-b271-94ed7d73b588
08800e18-b15b-4bf3-9b9e-1cb6306de10b,83cd6d78-ca7d-40ef-bd3d-5ce93703031f,7ec8fd4e-7bfc-420f-85aa-bcdd7889bdc7,1,queued,68b49aa2-2ee7-4d41-b916-51b624afcd89
d03986d5-35df-4d6f-859a-818dd3f4bdab,e615927f-d0c7-4649-841e-11fe57015522,0317124f-8e46-4eb5-a7b3-c3efff5927d5,1,queued,be01a713-8bd9-4dcf-a0d2-293316a9ec25
26dd45d5-57a3-4802-a8a5-cbaede2a8ad4,e615927f-d0c7-4649-841e-11fe57015522,a6fe3497-f845-4bb8-ac55-106726a63be0,2,queued,be01a713-8bd9-4dcf-a0d2-293316a9ec25
9c574d67-07b6-438d-a282-566fd6f8f269,e615927f-d0c7-4649-841e-11fe57015522,ae0e5319-03be-468f-bb1e-81b55a5badcd,3,queued,be01a713-8bd9-4dcf-a0d2-293316a9ec25
1f536147-d9f6-4ea7-ad73-c537acec4c2e,e615927f-d0c7-4649-841e-11fe57015522,2e64ef27-7f21-4178-be6d-2d3d6b4f378e,4,queued,be01a713-8bd9-4dcf-a0d2-293316a9ec25
4d683047-4d19-4c46-a9d3-145cac378f90,501cc448-5a62-434b-b04b-27305f553c36,c5989197-3bed-4b2e-b7d0-487451187514,1,queued,cc354b99-e4f8-405f-a870-8f98e6591102
f88a41ad-2f97-4505-8e01-193b18227c88,5b2759e3-cef5-4db0-bee2-78822d0a2bbe,9a804e34-933f-4aa1-a8de-9802305c0bca,1,played,5fe298ff-c4a6-4c2b-9bf3-46ebbd660c69
3daef3a4-42dc-4c97-a614-d95397297d61,5b2759e3-cef5-4db0-bee2-78822d0a2bbe,daa13bc1-6ec6-4738-be9c-990b6295c204,2,played,5fe298ff-c4a6-4c2b-9bf3-46ebbd660c69
b0976e7c-18f5-4c83-bcf9-a7e50f761635,5b2759e3-cef5-4db0-bee2-78822d0a2bbe,82f7141c-0701-4759-a5ef-3e3893abd9ee,3,queued,5fe298ff-c4a6-4c2b-9bf3-46ebbd660c69
0c66998a-8db7-4ca8-a97a-5b6c5755ba65,c010ebed-e686-4333-be16-81ff37080a3c,edd13a3d-0003-442e-92f1-11977707d359,2,played,5fe298ff-c4a6-4c2b-9bf3-46ebbd660c69
9b04def8-8d80-4ca9-9f80-e5b6cd6dda61,c010ebed-e686-4333-be16-81ff37080a3c,7edc511b-dc99-4b2a-9b12-8f607c3c54f2,1,played,5fe298ff-c4a6-4c2b-9bf3-46ebbd660c69
17138cff-fb50-4e74-9a6d-f92b22011a68,21108450-e52f-416c-97fa-8a080108048e,f13cd8b2-d531-4336-a426-feb40040ed41,1,played,f53e68f1-96ff-4d4a-9110-c71791971319
44b0e483-5f55-4631-8b91-7505c29c4940,21108450-e52f-416c-97fa-8a080108048e,7654af34-8388-4514-b8f5-30374f75ecee,3,played,f53e68f1-96ff-4d4a-9110-c71791971319
b11f3adb-28b6-4b0d-a39a-5c312a9bb48f,21108450-e52f-416c-97fa-8a080108048e,bd2b96e3-a11e-4b65-a28b-7e5137697a9b,4,played,f53e68f1-96ff-4d4a-9110-c71791971319
cf20a6b1-b75d-4a2d-9381-ed1aac11d73a,6a142782-b142-4766-a04e-10ac34e18da3,dead50d2-0f81-4763-b03b-5deaf059aa49,2,queued,c20508a6-22a7-4e55-9dc9-0c0e92e26890
76c38445-d237-4d70-be2f-33b8bf11166b,21108450-e52f-416c-97fa-8a080108048e,1ed4ae18-8452-49c1-963c-71f127757f85,5,played,f53e68f1-96ff-4d4a-9110-c71791971319
feb661f5-943a-4e76-8485-b540402ea06b,21108450-e52f-416c-97fa-8a080108048e,b1325f19-fcef-4d2b-a84d-4fba06507b3b,6,played,f53e68f1-96ff-4d4a-9110-c71791971319
e0de1ccc-cd64-464f-abc3-cc9aee2a6fab,19a63830-9a4e-47ed-be80-521b164d8b6a,26cccc9e-0d9c-44ba-9040-5a375e358bc5,1,played,673e818b-bfe4-46de-87ce-5cf90b4abbfa
0797d102-1295-4fb6-ae8a-9542b1ecb2a1,730b94c0-6c3a-4480-8732-da2781874541,e4387ee1-a320-421f-bd12-dc0aedb38682,1,queued,a76355da-95cb-4bd3-aefe-3cdd6e6e12ff
1aa54cc8-16d2-436a-b0f3-1f69cfe832cd,e2bd73c6-a681-4686-82a8-c6eb846107ea,c6dcbbc7-8e21-489c-a749-542c3c4e9315,1,queued,acdaee6b-b731-4bc4-8eec-e727866d6ba6
57dbd023-2279-4b3f-9764-309c31506706,e2bd73c6-a681-4686-82a8-c6eb846107ea,d1d2fc13-6bbc-4001-83f7-2b053127b479,2,queued,acdaee6b-b731-4bc4-8eec-e727866d6ba6
286d6358-e306-4208-9a20-00fe10c15bec,730b94c0-6c3a-4480-8732-da2781874541,8769b385-7420-447a-a302-72f09920895e,2,queued,5fe298ff-c4a6-4c2b-9bf3-46ebbd660c69
fec04e05-dfd0-458a-93db-09ff868517eb,e2bd73c6-a681-4686-82a8-c6eb846107ea,1f3de861-9124-4587-9676-1bb768d07280,3,queued,acdaee6b-b731-4bc4-8eec-e727866d6ba6
7c15467d-8fa7-4139-9e5f-ffdd7301c1c1,2dad2442-4197-4ac3-9725-085ec9ebb202,1c0badd6-42b5-42f6-ae36-bed1107480e3,1,played,d393fd26-38e2-4682-a765-afafb6931d4a
635935c5-59c8-4e7e-afcf-aec4bc16f074,2dad2442-4197-4ac3-9725-085ec9ebb202,58c39ff8-ccd7-4dbb-a7aa-19d723ca9c6f,3,played,d393fd26-38e2-4682-a765-afafb6931d4a
37b10994-8d3e-46ed-b5f6-3c2d32e9b106,2dad2442-4197-4ac3-9725-085ec9ebb202,6a621c9d-e29c-4b89-bcbf-1f71211c900f,4,played,d393fd26-38e2-4682-a765-afafb6931d4a
d82bfaa7-df40-42cc-92d5-e9f4525abef8,2dad2442-4197-4ac3-9725-085ec9ebb202,78bc3fb1-2991-405e-b86f-454a167f57f9,2,played,3f03faf3-0da7-4e09-b2bc-7f612e560dd0
489b8112-4d53-4075-9c9a-38ced5dd19d5,19a63830-9a4e-47ed-be80-521b164d8b6a,a5df3abd-2ec4-487d-9456-aa43b5ffc257,2,played,673e818b-bfe4-46de-87ce-5cf90b4abbfa
14364a32-bc93-478f-a97b-6ad85b2f424c,2dad2442-4197-4ac3-9725-085ec9ebb202,417e5ae7-59f0-4b9c-bf04-610db2a4f499,5,playing,d393fd26-38e2-4682-a765-afafb6931d4a
4ea68de6-6c25-4dd2-8690-2b97ea7172f7,19a63830-9a4e-47ed-be80-521b164d8b6a,2c2c466a-a714-445b-84f2-eefee0b4e7c6,3,queued,673e818b-bfe4-46de-87ce-5cf90b4abbfa
1e0fc8fc-b41e-47ff-8cc8-1601c82180b7,19a63830-9a4e-47ed-be80-521b164d8b6a,70d6484a-5b37-402e-9f8b-bc8ff32c9e68,4,queued,673e818b-bfe4-46de-87ce-5cf90b4abbfa
58635f80-c22e-45b1-b6a2-1d3c09158b83,21108450-e52f-416c-97fa-8a080108048e,3e766eb8-5981-4a73-9a01-7c01147155d7,2,queued,daee48e1-d7c1-45df-b2f2-ee706c542732
8bde5f97-8a40-4751-af48-d0b3fd289ce5,b5df64c3-59a7-4e59-9e1b-760ebbcda3b2,f13cd8b2-d531-4336-a426-feb40040ed41,1,playing,f53e68f1-96ff-4d4a-9110-c71791971319
f9e4a7f3-1736-45df-bc31-b0289ac12704,b5df64c3-59a7-4e59-9e1b-760ebbcda3b2,3e766eb8-5981-4a73-9a01-7c01147155d7,2,played,daee48e1-d7c1-45df-b2f2-ee706c542732
4b296cd7-41cb-44ed-b7d7-4dedbde4db1d,b5df64c3-59a7-4e59-9e1b-760ebbcda3b2,1ed4ae18-8452-49c1-963c-71f127757f85,3,played,f53e68f1-96ff-4d4a-9110-c71791971319
c38a5c66-8b05-4938-ba05-ecbaba9530f3,28735b06-f8fc-4588-b1c1-b9d5647c3da2,c9800d5e-093e-4261-9c3b-f7c9a437d9b5,1,queued,e61def05-26b2-4643-acb3-c2c5bcc49b74
214a2521-b934-402e-9f52-1cd693938b84,83df26f5-9cd2-494f-a088-cc354008e1b2,827bb0bf-2509-4de0-8340-11409c8bc192,1,played,8b13997f-1979-4657-bbbb-8a73a99936d5
7ed488f4-9fd0-46f5-a70b-d22aeac13d68,83df26f5-9cd2-494f-a088-cc354008e1b2,b76e7fc8-1a0b-4367-89c2-ab9d81f15d33,2,played,8b13997f-1979-4657-bbbb-8a73a99936d5
b122d9cd-fb6a-44d7-a151-665cc1feb49e,83df26f5-9cd2-494f-a088-cc354008e1b2,2f9c1f4d-7d94-4a28-bee2-e019a497d4aa,3,queued,8b13997f-1979-4657-bbbb-8a73a99936d5
000ee88d-83bb-4206-a99b-918fa9733f81,83df26f5-9cd2-494f-a088-cc354008e1b2,1174023c-9a0b-40bd-8819-98d06bbcd353,4,queued,8b13997f-1979-4657-bbbb-8a73a99936d5
9a8f0674-3812-458b-8665-6f9a205c79cd,b9faa045-4db4-4ac7-b19e-3a8ac7b0e7ff,65744970-aeb5-4430-98f6-acfe864cf10f,11,played,673e818b-bfe4-46de-87ce-5cf90b4abbfa
74be1458-2ad8-43d6-97e5-862d3731cea2,4f9f5e17-f70f-400a-9b6a-dd6b1e7a5670,743bbf50-996d-4ea6-befd-8db20c3fc568,8,played,d4281cee-35e0-4305-b0bf-b1d48b5e40c6
95cd6970-dc95-4773-aa4a-e94b826312a5,996bcacc-73f6-437e-ae75-99bd44cc93d3,b65d4de5-13a3-4ad2-a7c8-aaa955c6bdd2,1,playing,161aa838-8c6c-4ac8-90b2-f174a223b173
d35953b1-aae0-4ca8-aa4d-2d3545f2ee1d,996bcacc-73f6-437e-ae75-99bd44cc93d3,58561c6b-2840-4def-89eb-5f7359ad097d,2,played,161aa838-8c6c-4ac8-90b2-f174a223b173
d9b54b40-dbeb-4cd3-924b-6251e16e0084,3fdf9219-0a4a-4c69-acd6-c7b0f5601c19,ff1d3ce0-4649-4887-bf1f-7c9d5b8ae99d,1,played,88b2932c-7ac0-456b-a319-d6301e2e7577
638753f8-4e77-48a8-8c92-6d92ca60f8f9,3fdf9219-0a4a-4c69-acd6-c7b0f5601c19,0ae2c2ec-0184-4c21-b4b0-907fc369d1b8,2,playing,88b2932c-7ac0-456b-a319-d6301e2e7577
066cacf5-5726-42e9-ad25-06903ed51b88,3fdf9219-0a4a-4c69-acd6-c7b0f5601c19,fd54266a-4103-452f-aee2-f9497036642b,3,queued,88b2932c-7ac0-456b-a319-d6301e2e7577
05f8fc2e-d0ce-466f-8847-f3697c662505,2f424682-2d99-458a-a4d2-16c046ee6132,24eb7f92-fff5-4755-9799-80ed81673cba,1,queued,cd84a3cb-3010-423b-ac64-da268dc19e8d
a461130e-47dc-4474-868e-f2f2bbbe95da,4f9f5e17-f70f-400a-9b6a-dd6b1e7a5670,7b4aa979-d92e-4a05-80c4-10b20f0c5ef9,9,playing,d4281cee-35e0-4305-b0bf-b1d48b5e40c6
ab346330-d003-43bc-803e-8215b7e3a2ed,4f9f5e17-f70f-400a-9b6a-dd6b1e7a5670,4cb1292f-7cef-43a6-85c6-816caaa17afb,10,played,d4281cee-35e0-4305-b0bf-b1d48b5e40c6
c6fdc65f-7ea4-4097-86a2-808730fdac56,4f9f5e17-f70f-400a-9b6a-dd6b1e7a5670,50606258-d857-4d83-a66a-cd5850b4b8e7,11,played,d4281cee-35e0-4305-b0bf-b1d48b5e40c6
dff21b32-24b5-4a0e-9b5f-b116c965da2a,486d1f76-ec70-4ab0-a176-eeef067b6e68,dd62c103-78a6-47ef-9a1f-79f409ba1dcf,1,playing,acbaf31d-4d46-47c5-bc1b-acf0eb8f01f5
ffad3935-3436-4e46-990d-8f7ba87d2500,486d1f76-ec70-4ab0-a176-eeef067b6e68,25a3c662-2545-4def-8a26-24467261f1ad,2,queued,acbaf31d-4d46-47c5-bc1b-acf0eb8f01f5
44830b89-db37-439d-bdf6-95608f9633ce,f31e755a-27b5-41e2-ad55-0f13e4785135,9dc1453c-c326-47c4-9b9a-4eeca1a6351d,1,queued,818b4906-f237-4b4d-8f81-fad7d0ec0645
ad814306-f954-457a-b1e7-e52276e2293c,e71eeba0-7b38-4fa2-93fd-06097054b8ad,db25f39c-2898-44b9-8cd0-91c26581d06b,1,queued,2566ece8-1ca9-4a3e-9e32-b94cba4f8fea
7c659a4d-5bb6-4eee-b4d5-37876752b6ff,e7ffff31-917f-48ea-9761-9890e82d9fe4,2928f04e-29eb-47a5-adaf-510138ed01c2,1,played,409e4393-29c1-4802-be57-cd67a4b79739
074ea5e0-cc64-404f-acd9-90d0d6b8740a,b7f6f2e5-e6c3-462b-bb2d-62280d3071ca,f7d3d4f3-cba8-4f59-b07c-befe2fe780ce,1,played,a0e6bbad-8b07-4d0d-bc08-7b65214b8004
c3393a8e-5276-42b4-9482-fa7b2578b648,563f8382-bfd2-462b-aeb0-e1fc543afb28,98562a05-b809-4db8-b9a4-9b1b67a6fa33,1,played,3eeb76a5-ed6a-46f9-a285-07d8ebbd497f
44ce2281-b9e8-47c5-9769-6114a9e739bc,563f8382-bfd2-462b-aeb0-e1fc543afb28,907c5e61-7d98-47f8-ae31-8b139660761a,2,playing,3eeb76a5-ed6a-46f9-a285-07d8ebbd497f
8f75fa5f-c103-4a5b-92e8-f1c7ed580b92,01afd6db-0776-4cf9-a468-91d9cc098aaa,cbd0b0fd-3d72-470b-adbf-867abdcc04aa,1,played,21811f09-a427-455e-82a1-072a3cbb0f67
8b8b2db0-0c36-45d7-8bf1-43c402fbed9f,01afd6db-0776-4cf9-a468-91d9cc098aaa,aba16f09-a36f-4dab-8956-e83ba3960526,2,played,21811f09-a427-455e-82a1-072a3cbb0f67
a7032192-0bb2-46e4-82e6-eea2aa7e1e05,01afd6db-0776-4cf9-a468-91d9cc098aaa,536b7beb-6e75-485f-b1f7-6645a224ed89,3,queued,21811f09-a427-455e-82a1-072a3cbb0f67
99856ad8-a695-4ba0-a9f6-a34c37c5aebf,b7f6f2e5-e6c3-462b-bb2d-62280d3071ca,899ca135-1e0c-44af-84fb-a47f4af2093b,3,played,a0e6bbad-8b07-4d0d-bc08-7b65214b8004
9bf2540c-4c3a-4885-96bd-e8ae3cb070d9,2bae06a1-cde9-46f6-9f18-0a248d75832b,e5c2ee71-b78d-4b0a-9836-f614aa5534d2,1,played,254c3d85-6038-4258-8271-080df8a72706
a9073d44-7559-44b2-97ec-20861f5744b1,4f9f5e17-f70f-400a-9b6a-dd6b1e7a5670,b0f76587-a0eb-467f-be19-75610a3769a2,12,played,d4281cee-35e0-4305-b0bf-b1d48b5e40c6
e104ccd1-429f-42e3-953d-5c8ab4c696a9,2bae06a1-cde9-46f6-9f18-0a248d75832b,1203ea09-80bc-4c77-9cc0-d61eb34cbed1,2,played,254c3d85-6038-4258-8271-080df8a72706
c10dc148-89aa-446f-a2f9-40c0ae03b107,4f9f5e17-f70f-400a-9b6a-dd6b1e7a5670,decda985-1350-431e-af17-4ff18a963622,13,played,d4281cee-35e0-4305-b0bf-b1d48b5e40c6
c93bedcc-ef55-4b53-8e1c-c2ba1eda396f,00f40e45-db88-4bf3-974b-7d81d3a989c4,9bb9c82d-2d7f-44b0-b46a-035b369e0f90,1,played,6723edcf-e963-471e-a880-03fcc6a1421e
4ddf6a67-1cfb-489c-bab6-04fc4bb0d0a1,b7f6f2e5-e6c3-462b-bb2d-62280d3071ca,6ed4d174-eedc-475a-bed4-3288a787e6c1,2,played,50aff416-1af3-4328-9415-7da6333e5fa9
eaceb154-4451-4e50-b536-d5c58693a654,00f40e45-db88-4bf3-974b-7d81d3a989c4,456c4569-5395-47f1-a509-b7a72494a9da,2,played,6723edcf-e963-471e-a880-03fcc6a1421e
6931e631-5a9f-464d-a19f-ab825698a6c4,b1d79af7-24af-460b-b2a0-77d02f190dc2,3e16b332-2c7c-44c7-bcdb-a63d21f82886,1,played,37a41b44-7c72-47a2-bf1a-334f871a4e96
5eb6d5fb-58f3-4705-ab96-5f3cc1f35e03,2bae06a1-cde9-46f6-9f18-0a248d75832b,f486e0d1-c5c1-4955-9e80-351785bca5e9,3,playing,254c3d85-6038-4258-8271-080df8a72706
723eefa7-8a18-4868-9442-ca1e4a9d9e0b,b1d79af7-24af-460b-b2a0-77d02f190dc2,c83889cd-8881-41fb-ba6b-8b4ad0644b7b,2,played,37a41b44-7c72-47a2-bf1a-334f871a4e96
592eb7f2-9fac-4616-88e7-ef81faf61db8,b1d79af7-24af-460b-b2a0-77d02f190dc2,b139e325-ef4f-41d0-a858-e62330878aa5,3,played,37a41b44-7c72-47a2-bf1a-334f871a4e96
9e52ddee-4c6b-4540-bc23-84212116f90d,c993035e-be2d-4ebc-bbf1-63534ac4cbb4,e4927097-7de5-4fa7-901f-c41cd8cc20a1,1,played,6e7dfad1-d280-4158-a832-57f97bb013a4
ca365450-789d-4e48-9cab-2d285f6ad474,c993035e-be2d-4ebc-bbf1-63534ac4cbb4,742c05df-bc46-4bb5-914c-7be173c5ed09,2,played,6e7dfad1-d280-4158-a832-57f97bb013a4
54e1cccc-52c3-4e27-a40d-a39959e4813b,eb007608-d3eb-45b6-b3fd-5289fe285d01,beaf6c11-3760-4471-a6ae-76f99dedb1e8,1,played,e4a2bd3f-9f2c-43bc-bf03-da3f721d7f45
583ed3f3-4d1c-4e8f-ab3c-29e40953ff62,c993035e-be2d-4ebc-bbf1-63534ac4cbb4,f73cbbaa-bcec-405a-9295-8626e3e4eaf6,3,played,6e7dfad1-d280-4158-a832-57f97bb013a4
f050689c-cc65-4eff-9105-2ba111812549,94e6f3d2-ff19-49c5-92ca-743f7393403a,8c92bd5e-c978-447a-b3c1-be8e60538f81,1,playing,e37887c8-5c6a-45de-9d05-984f76763727
e972bd73-5284-4018-91ce-27387bbf4d33,94e6f3d2-ff19-49c5-92ca-743f7393403a,71b6c56a-5e1e-4e52-9fd2-cf8d325d99ca,3,queued,e37887c8-5c6a-45de-9d05-984f76763727
500f7184-a9aa-4cc5-93e3-bdb7f8ea93e5,9f040f56-791b-444e-9fbb-8cd3b74d7319,0a2db967-388d-404d-843e-9b715a1b710a,1,queued,d28d0374-7be1-45d9-89a0-639bd9ebccf7
89a33f47-74c7-43ea-8f84-a0528c9b4ab6,94e6f3d2-ff19-49c5-92ca-743f7393403a,45e93e96-3783-4978-ac65-419ba923a148,2,queued,e37887c8-5c6a-45de-9d05-984f76763727
831dd623-8944-4252-bf3f-a28fe45502e1,00f40e45-db88-4bf3-974b-7d81d3a989c4,11b9b1d4-fa21-44b3-82d9-e2415edc714b,3,played,6723edcf-e963-471e-a880-03fcc6a1421e
9fb365c3-f5f1-4d77-b056-d58eb458e5d1,0ddb839b-8c06-4097-9f71-b0b5fa86da0e,55738262-d253-4500-91a2-b0ce5dbc4df7,1,played,119f4448-0197-4693-b642-efddf517a0b8
75831bad-9a53-413e-83af-8d667abfae71,0ddb839b-8c06-4097-9f71-b0b5fa86da0e,2be685bc-1f73-478f-af25-303467bb5693,3,played,119f4448-0197-4693-b642-efddf517a0b8
887d167a-bccd-4a8e-b467-45fc72841c30,4f9f5e17-f70f-400a-9b6a-dd6b1e7a5670,fa8bda9e-0afa-435e-a83b-0a9e614c7a1d,14,played,d4281cee-35e0-4305-b0bf-b1d48b5e40c6
a91a2c20-8da5-4afe-9ae5-80db13d6cc5b,b8a7a45a-42c6-4d72-98ac-62ecaef91930,7be74b0e-883e-48cc-beb9-dcd19c6ba3db,1,played,db87fe1b-a1e9-46b5-a3b6-3a26627993c3
e085fab9-77c1-488b-b792-f75584c53948,4f9f5e17-f70f-400a-9b6a-dd6b1e7a5670,bbaadce3-220c-4c36-9e52-e7eded8c0719,15,played,d4281cee-35e0-4305-b0bf-b1d48b5e40c6
1d139a38-ff0e-4073-85f3-0d5cb0146671,0ddb839b-8c06-4097-9f71-b0b5fa86da0e,a5b4ee14-45f2-47f9-9e3f-5c57a00e9ff8,2,played,53dbba13-0694-472d-a710-4aef42720f9b
abcb3950-bc4c-4b5d-9322-c3bdd4500603,b8a7a45a-42c6-4d72-98ac-62ecaef91930,f8223a53-da0c-4a0c-aa4e-23e952ac4e8d,2,playing,db87fe1b-a1e9-46b5-a3b6-3a26627993c3
172be7fd-ac3d-462f-927e-6ee15463c984,b8a7a45a-42c6-4d72-98ac-62ecaef91930,304e4c53-2799-4963-8763-813983d62d03,3,queued,db87fe1b-a1e9-46b5-a3b6-3a26627993c3
fee1e6e1-396e-486d-bb34-5d0fb8f8ef04,8db13b77-a1e3-44dc-acc2-aaa02f12b202,4616e883-7c0e-45b1-8796-a492ace6802c,1,playing,ad91387d-4d5c-4dca-a721-4f773a9d3cfb
d8be7f35-bc73-4ea5-8ce4-473aa4f9362b,c993035e-be2d-4ebc-bbf1-63534ac4cbb4,2b0bef97-908d-4da2-bd0b-42ef0e6d860a,4,played,6e7dfad1-d280-4158-a832-57f97bb013a4
af622d63-69bd-4902-8416-6758821a0c8b,7263f761-03eb-417a-85de-ce1d46ab821e,52c43567-b66c-408a-996e-cedf4cca89d2,1,queued,abfb2328-6fae-4d91-a87e-0d66d2755ff9
ef0c4fe1-c004-4de6-ab0b-e8ece4a4315d,c993035e-be2d-4ebc-bbf1-63534ac4cbb4,4fc5d498-51cc-4c35-b656-4a1f10ce5811,5,played,6e7dfad1-d280-4158-a832-57f97bb013a4
5d0d6429-12ef-4d6b-9580-34af72327f07,b7f6f2e5-e6c3-462b-bb2d-62280d3071ca,86829e9c-3f0b-477f-ba39-05e2ba9b24ca,4,playing,50aff416-1af3-4328-9415-7da6333e5fa9
4f9e3e98-92c3-45e6-be54-e283e8696c34,00f40e45-db88-4bf3-974b-7d81d3a989c4,6c78c62d-fa99-4bc1-87a8-069557b03ff0,4,playing,6723edcf-e963-471e-a880-03fcc6a1421e
102c9100-172f-43c6-925b-2d1b7e51b075,c993035e-be2d-4ebc-bbf1-63534ac4cbb4,9b7ad0c9-d37d-42a3-b6f4-6ab4a78e87d3,6,playing,6e7dfad1-d280-4158-a832-57f97bb013a4
75892aa3-c89b-44dc-9023-33a7013946b0,7263f761-03eb-417a-85de-ce1d46ab821e,5083faf3-dcfd-4f3f-adcd-1cd5b25d00fe,2,queued,abfb2328-6fae-4d91-a87e-0d66d2755ff9
605e308c-e50e-4d1f-adde-e94d2bc12ac5,00f40e45-db88-4bf3-974b-7d81d3a989c4,b9096953-748f-419d-ab08-55dea5d5d576,5,queued,6723edcf-e963-471e-a880-03fcc6a1421e
74891281-e1a0-4101-acaf-95124a057fb9,dcb26ffc-1195-4e79-b006-0c0fe19b2e1d,8a1b0003-fe67-4706-a535-904aa7694e22,1,queued,8baf2e84-86d6-48f8-a25c-5500f63c3077
6cae3bc6-1eb5-4fe6-9af9-2c446b8aa4ed,d71a3d13-bf39-4fcc-9f1f-2e64ab5f5ace,8c032817-5b82-49c2-8005-57439a2b5be0,2,played,5e7bb9c4-7011-414c-a793-254d69948058
0245160c-527b-4966-98ad-239c484968c3,96f2d6ee-c57c-440a-82bf-04fd4c44be53,e9f0919f-f868-472a-b240-2b2502695e17,1,played,85c3b8ce-130c-4800-a28b-557c2770829a
56a8f237-7745-4a99-b820-5d893437e00e,d71a3d13-bf39-4fcc-9f1f-2e64ab5f5ace,0c56b092-b2b3-4fe5-a76f-829255f65f3e,1,played,5e7bb9c4-7011-414c-a793-254d69948058
a0857038-1195-402f-bf74-cab315c66b15,0bc611d6-fbca-4d47-b9e8-2116a78c8b71,3d479831-ec46-4c1a-b15a-f371109fd579,1,playing,d9dd68b7-33fa-4f0f-a99b-e7f3d1df1ea6
07a88623-77ab-4afa-ab85-d56b71c1cd5a,d7bfc43a-b258-46e4-8f3f-93575fac8ac1,7e109e03-42a7-4bf1-afd8-76c4c0cab517,1,playing,130f0193-107c-42d9-8951-b664d90565f2
175a4d51-0a91-421c-8e46-89945a4616ea,8c818b3a-6a57-48a4-96da-5a23eee829b8,cb76330c-6571-4e2b-8962-2b2d8525fb8a,1,playing,eff38d50-7489-439f-a4e9-83c32c044a58
5fa2d0e6-750e-44eb-9a26-f06b07f77d0c,872026fc-a131-4e22-9e23-97d5144d638a,896781c8-66a6-44c8-9353-85153e1276ff,1,playing,8a376d4d-a191-43e8-b15e-98da540c3d08
51598ffc-3ead-4e39-a8ab-9eb066273b9f,8c818b3a-6a57-48a4-96da-5a23eee829b8,6f0306c9-826e-4274-bd65-a8f2aa359809,2,queued,de23f617-df4b-4081-ab2a-1e5933af17d9
98d73567-f764-485f-a5a7-c1905d8b9f3b,8c818b3a-6a57-48a4-96da-5a23eee829b8,521ba9c8-15e2-4de7-97ea-ba76c5b2bf7a,4,queued,de23f617-df4b-4081-ab2a-1e5933af17d9
6602175a-6394-45bc-ad37-e133b44ec6d3,8c818b3a-6a57-48a4-96da-5a23eee829b8,35b9b203-f7c1-4932-9405-b49e4314b0a5,5,queued,de23f617-df4b-4081-ab2a-1e5933af17d9
8aa6b8c5-4082-47f2-90a7-2182f1afcbe9,8c818b3a-6a57-48a4-96da-5a23eee829b8,72268216-cfb7-4aca-8c1b-db7866004f6b,3,queued,eff38d50-7489-439f-a4e9-83c32c044a58
a78290cc-3e6b-4db1-92f0-255f7f6e79bc,7292475f-b415-4e37-b6a3-6241c9f6a272,fe14ca21-9524-44bb-812a-c41bcb362e2e,1,playing,ac65f1c6-e011-46b7-83cd-4149b0f59d9c
5efecc37-7dec-4d7c-9966-0147631ac006,a1b85550-236b-4e8c-9990-394d312c2235,5189cac0-2c7d-4e67-9a22-8899a69b4a53,1,playing,16334d42-5ca6-4f7b-9baf-1bd4f81ba84a
775a4a54-3fb2-41a1-a3d8-0b0da2fc7811,a3a525a0-8f2d-41ad-8c0d-5e795f89117b,73f291e7-bfef-46dd-b8f8-0c55196390a4,1,playing,60c698cd-cb6d-4d95-b42b-e48bda53fd8d
30b11d2d-9ab3-4e1b-83e5-6c2bb47b9b3e,a3a525a0-8f2d-41ad-8c0d-5e795f89117b,e298f50e-37a5-46aa-872c-3c6eba0ef2f9,2,queued,60c698cd-cb6d-4d95-b42b-e48bda53fd8d
a3b5a183-7d84-4b7f-92ac-40ffcfd537aa,7d3728aa-e250-4cfe-a83e-146a4352d280,22e1477f-66bd-4e21-b4bc-1688f25fbc2f,1,playing,8b57c169-56a0-4f84-8ad9-1a77ca204fb1
4a7028e3-1da0-4382-8e94-e257b4a15d53,c04f11ee-4c83-4317-b395-d897beb495cf,28f14889-2ee3-45b9-91d4-247745bb3b4f,1,queued,bce922d3-c158-45c9-9b4a-8b8fb91b6333
23bea3be-b972-49aa-bb81-6740b8900be9,75f6a0d3-cdbe-455e-baa4-28f648ebe99e,e6c47462-3d3c-4e18-990c-17e56c2b1ffb,1,played,8b91960a-5fb7-4c3c-94d8-d5efba4edf10
add63df2-024f-4207-bc49-dc16321b1959,75f6a0d3-cdbe-455e-baa4-28f648ebe99e,4aba786a-b372-41d4-ba25-9a40f68adc56,3,playing,8b91960a-5fb7-4c3c-94d8-d5efba4edf10
26cf7ffb-1c17-47ec-9125-961790a8428a,67df0e9d-7741-4ab8-9984-b08b35cb599b,1b64c53e-0a85-4f68-8dc6-135cb3f72553,1,played,1a9174e4-9208-466e-9873-9e8456ac51fa
fc799ab9-873d-44cc-b75a-376bc4182eb1,67df0e9d-7741-4ab8-9984-b08b35cb599b,32a86ca8-3e11-42c3-b2c5-2d6334d2748d,2,played,1a9174e4-9208-466e-9873-9e8456ac51fa
a25c78cf-1ae5-4867-b75f-33f3863fd8ad,9adc3d29-ffb1-4a5a-8760-335658075089,2272858a-01e8-4117-b488-d2bc49d18afc,1,playing,e4758619-ac4e-49d4-af06-39f865d95cda
30dbe080-de95-4a2c-931a-109c58a472c0,67df0e9d-7741-4ab8-9984-b08b35cb599b,1674fa99-a459-49bb-a20f-2117c1eb7ec8,3,played,1a9174e4-9208-466e-9873-9e8456ac51fa
25b71ea4-1993-4271-b946-a9609ea8c84f,67df0e9d-7741-4ab8-9984-b08b35cb599b,1505076f-5b8e-49f5-99eb-3765c2d74b3d,4,playing,1a9174e4-9208-466e-9873-9e8456ac51fa
e6c6d4b1-f1b1-4a08-bd2f-70ea4b678e09,ec7950f4-f595-4178-b946-6902eaaffc3b,b69a6451-e574-4e7f-986e-9285f92f55e5,1,playing,fb98028c-3667-4439-9d1c-e25d9e7ff283
25b9c649-bc6e-4860-a28d-81a476930676,b4db1533-ba93-4321-9efa-f975fe1ea792,c88b10be-e444-44bb-a142-005d7b166d0f,1,played,5aec4bf5-d3ea-4c31-86b5-bb9fda2df42e
4db11c97-fb56-4de4-8f8f-37562afb032e,a323c077-65e0-4942-a206-b18463a3782d,a9d8716b-a619-41cf-a3e9-21e77e9009ab,1,queued,d129aee6-2f79-447e-9897-f9d6a663431f
203812c7-9662-4fd8-8b1a-2bff71a9d24b,aacee7c8-2d79-4d3c-89f5-67a6d4c46c46,2460ed6f-b95e-45e7-b8fd-0237104b5113,1,playing,9dc8728f-1462-435a-8ba2-384d556bf2f2
4087702e-a296-4e99-8693-c15ef34f8308,50b17728-11d3-4d34-8dc4-bce798590597,c0c5ecc5-e6f9-422a-beb9-8b04251cdd57,1,played,d2be66f4-391b-4cfa-97ec-db091a243379
f8c9a688-dce0-45ca-a77b-37854737182d,a323c077-65e0-4942-a206-b18463a3782d,db7d6357-605c-413a-baea-09d0ffb8aa13,2,queued,d129aee6-2f79-447e-9897-f9d6a663431f
55dc629f-ae11-46ca-8132-a9c31bf9d5a5,75f6a0d3-cdbe-455e-baa4-28f648ebe99e,63ce79b2-c0ef-41fc-a111-c2f2e0e8d1ef,2,played,29ba0294-8480-43b6-8ece-021912292c42
85c9e2a4-d11d-4b3b-a423-f5fc636957dc,43f13961-2c46-40cd-a718-afdf24b2a081,44ee2299-952c-456b-b087-2eb0ffac7d39,2,played,e7d556fe-bb3f-4379-97d2-57cbda112831
db8e6380-7a9e-4ab7-b9ab-be6676bb8698,43f13961-2c46-40cd-a718-afdf24b2a081,df6111fe-f980-4a02-a3c9-50215af8c16a,3,played,e7d556fe-bb3f-4379-97d2-57cbda112831
3a4c43e8-aaa9-40e5-b417-fda9f8ca001b,f0b77894-baba-443f-aabf-c2179d480428,9f45ea5a-8414-45a5-ba86-b2048f50a9a7,1,played,2e5db7e5-32e8-40f1-8111-0eae3e767b76
523d3af7-ebbe-4d6d-ab55-b711dd26bd57,631d46db-8c9b-4288-8b01-c6968a3be392,b64c2f9c-3366-46b9-9307-a3a9a0f3e4c1,1,playing,fdef24ee-c854-4eeb-9916-194a65dd513d
0894edc1-cb7f-4959-b96c-51b354598b56,b4db1533-ba93-4321-9efa-f975fe1ea792,e2e1e204-d548-48e5-8d5f-858de26a025b,2,played,5aec4bf5-d3ea-4c31-86b5-bb9fda2df42e
e2d421fe-bf52-4410-8331-f8529e588a96,f0b77894-baba-443f-aabf-c2179d480428,6a2a4b0d-8476-44ca-96a1-4d74881b5a10,2,playing,2e5db7e5-32e8-40f1-8111-0eae3e767b76
5dd840b8-96b5-452f-9f2c-131f3d983f41,f6bf84ea-225e-413a-8401-25bee74e3c71,edb82ee1-b632-47e3-9b2e-f3ad3fc36d68,1,played,1174aceb-dd8d-4236-9b4a-dedaae9c14b1
4a632b80-f6fe-42f4-b453-c3466c2deb1f,f6bf84ea-225e-413a-8401-25bee74e3c71,7e23d91a-7d6c-4ebc-bde8-f3a84659eb1c,2,queued,1174aceb-dd8d-4236-9b4a-dedaae9c14b1
9d52a751-df50-4fc3-8b21-ae0c1713bbbb,f0b77894-baba-443f-aabf-c2179d480428,42ab380f-50b9-4fa7-89a2-5a1117cb4015,3,queued,2e5db7e5-32e8-40f1-8111-0eae3e767b76
c9b97f47-25fa-4a4d-b81f-41b1eaf51501,b20c9eb3-3a47-4a12-81ce-197b78715885,bf62ce26-fc70-4d57-a5dc-acfdb5083707,1,played,ea9a8d4b-645b-4675-bb4a-22fbc4ceede9
0faf1e37-28dd-4282-9640-93187d9d54cd,b20c9eb3-3a47-4a12-81ce-197b78715885,84c0244d-ed83-42de-a23a-47c66708b914,3,played,ea9a8d4b-645b-4675-bb4a-22fbc4ceede9
b1ba8d94-c6a6-482a-b0c9-f3f357fb0af9,5382b4e2-6d2c-46a1-a36b-4eb029eecd81,5f67b40e-4a68-4f33-8460-6aeae7fd3370,1,playing,cb3dcda9-3888-4c2c-aa0e-0fde917a39da
b6d7b0d7-0993-4845-8bbe-4fbcbd5676eb,b4db1533-ba93-4321-9efa-f975fe1ea792,19e8b50b-f3f2-4de6-8a9d-0e3aecedb76d,3,played,5aec4bf5-d3ea-4c31-86b5-bb9fda2df42e
c75e121c-c160-48e8-990a-1ab5ec0ed045,b4db1533-ba93-4321-9efa-f975fe1ea792,d3d71db8-7172-4014-a64d-9eb2b3f037f2,4,played,5aec4bf5-d3ea-4c31-86b5-bb9fda2df42e
3d3b9b45-388e-45ac-918b-f1558de7c82c,43f13961-2c46-40cd-a718-afdf24b2a081,086f6075-227f-4c6e-97c8-ae12a0fc038e,4,played,e7d556fe-bb3f-4379-97d2-57cbda112831
8a8cde68-f23e-421f-be44-535b7f3c6c3f,b4db1533-ba93-4321-9efa-f975fe1ea792,73dd3776-c1f8-4e7b-9c7e-ceddfd7d34ef,5,played,5aec4bf5-d3ea-4c31-86b5-bb9fda2df42e
81261ad1-e92e-4ee7-b9b9-03c1b6bd0e78,b4db1533-ba93-4321-9efa-f975fe1ea792,d580c12b-0cd7-483e-b1ee-1ec0273bf662,6,played,5aec4bf5-d3ea-4c31-86b5-bb9fda2df42e
9fd7e5c3-b1e6-4494-805b-ecf96c13b4fe,b4db1533-ba93-4321-9efa-f975fe1ea792,e2230f0d-199d-46af-8c84-d474eb895f3b,7,played,5aec4bf5-d3ea-4c31-86b5-bb9fda2df42e
d772955e-518a-4999-b7dc-399c2fbbc0f5,43f13961-2c46-40cd-a718-afdf24b2a081,96509961-2847-4079-aefd-53cde4d13f1c,5,played,e7d556fe-bb3f-4379-97d2-57cbda112831
55329298-012d-4bf2-9403-10a93af0bd90,28b270e4-ab76-4033-ac13-0662d5dfc641,db636b97-49a8-478f-bfd8-3d981841298d,1,queued,9e1c4f29-aded-4257-8882-c420494541b4
e08f05b4-742d-4ab1-abc3-3b57d7c2272b,28b270e4-ab76-4033-ac13-0662d5dfc641,52352d50-cfd7-4fe2-b4c2-d49eb57fb27f,2,queued,9e1c4f29-aded-4257-8882-c420494541b4
3aa86a50-c332-4afb-b385-a1a9dafc2214,28b270e4-ab76-4033-ac13-0662d5dfc641,a2f13b8b-beaf-4826-abb5-7bba2d64c793,3,queued,9e1c4f29-aded-4257-8882-c420494541b4
3e77050b-b398-4020-b415-150784752d02,28b270e4-ab76-4033-ac13-0662d5dfc641,1757eddb-4928-4bb3-b1d4-b9a890dc235b,4,queued,9e1c4f29-aded-4257-8882-c420494541b4
68e3e32a-4a3f-4f8a-a2e1-887838ffec0d,34d41bf8-cc22-4448-a252-07a0d44d18b6,34928eca-1ae3-4c34-905b-d9885d5d8db3,1,queued,97856080-1379-4057-b6ac-165537489c42
3316ca6b-5067-4715-b61a-2c98cf10e415,5fe6c977-689c-480e-8ccd-430443370bb0,e7fead9c-477d-4fa9-8f69-e1881fc9035d,1,queued,b04e3383-597e-410c-b459-a90a6befbda4
3571f2e8-0e33-4c0e-91e8-57ee8e8e3ba5,5fe6c977-689c-480e-8ccd-430443370bb0,652ee1a2-4f64-445d-a1de-7e590f3f46c7,2,queued,b04e3383-597e-410c-b459-a90a6befbda4
fa801775-e727-4426-bd74-ac568678ed3a,43f13961-2c46-40cd-a718-afdf24b2a081,d3f282ec-4788-4f92-be78-c2acf58b0858,1,played,e7d556fe-bb3f-4379-97d2-57cbda112831
1b51d33e-7874-42a4-837b-d157808db12c,5fe6c977-689c-480e-8ccd-430443370bb0,8d1e1969-18fb-49eb-87b7-47831b001404,3,queued,b04e3383-597e-410c-b459-a90a6befbda4
35ddaed5-dce2-47bf-aaa1-130344d3ec94,a63e7ab2-1b9b-4a54-9160-e791cddbd285,e41a62b3-08d0-4aeb-acb3-3f9e2b82b453,1,queued,9f3957c0-183c-449c-9a93-c89cb51d0074
35dd3f8f-fca3-4429-9e14-a6ae938c8992,5fe6c977-689c-480e-8ccd-430443370bb0,11af2acd-7d34-46cf-82cd-de8bf406f35a,4,queued,b04e3383-597e-410c-b459-a90a6befbda4
04dfdcf2-f940-475b-b5f6-0247c01b520e,daff43c5-708a-4105-8c2f-b03df174c4ab,d77c4139-6a82-4ccf-b6dd-d93c066f5616,1,queued,a343684c-a73b-429d-bf17-a066c08ae343
806e02b1-c731-4ec5-89aa-927536a87c27,e245dcac-f7f2-410d-a03a-9804633c045e,125af67b-777d-4e00-a584-09cf8bbe95e5,1,queued,9bfb4e32-d9eb-424a-8353-b6c5d89134d0
a6d7b6bf-27d7-4347-8a1d-664dd513ee55,c521feb6-83f7-4379-a796-e4231182bcc8,a8e7d39d-7dc9-445a-9ca8-c58c22a55919,1,queued,f6a1964f-7058-4800-9969-db503ec1adce
890df81f-bb1c-4df1-bdd9-8a08e03cd385,43f13961-2c46-40cd-a718-afdf24b2a081,657e4fea-c418-48e8-9ae2-f253f8e87e03,7,played,e7d556fe-bb3f-4379-97d2-57cbda112831
5bb5790e-9165-4aec-a468-e973004bbc60,c521feb6-83f7-4379-a796-e4231182bcc8,1fa7ec40-ec80-42a3-ad1c-88b199c9cc94,2,queued,f6a1964f-7058-4800-9969-db503ec1adce
8a674d73-875f-4739-983f-9b078c114295,5ac27d20-feed-4b83-b4e1-2253873b7372,5fe1738e-e5ef-409d-9271-f94d41a44a1b,1,played,eb03c0d1-0da5-4b0d-bb14-eda521d88010
6df5d5bf-9e20-406f-9de1-3c56663709fa,6bd3b25c-be4a-48b5-a4c4-f805033dcb3d,47ce1aab-2716-489d-a17a-68e93c21e46c,1,played,08f45091-96f8-4ee2-a633-4cc732a0a58e
1e0d379d-5a9e-40ac-938a-776ca07a085d,6bd3b25c-be4a-48b5-a4c4-f805033dcb3d,de0963c4-3906-4509-99d1-bf508fdb0354,3,played,08f45091-96f8-4ee2-a633-4cc732a0a58e
bbb4d631-bd25-43b9-860d-adaf15668e7d,6bd3b25c-be4a-48b5-a4c4-f805033dcb3d,1f0f7fed-c7fa-4d9f-9079-2266b6518479,5,played,08f45091-96f8-4ee2-a633-4cc732a0a58e
96205f87-dea8-45e3-8c97-e3877056b281,5ac27d20-feed-4b83-b4e1-2253873b7372,c1d887f4-28fd-4e86-9a4f-51524c919767,2,queued,eb03c0d1-0da5-4b0d-bb14-eda521d88010
791226d0-9bb5-468c-9a48-5d964d26d623,6bd3b25c-be4a-48b5-a4c4-f805033dcb3d,dae48946-ec87-4fb2-90c4-ec695a6dcffa,7,played,08f45091-96f8-4ee2-a633-4cc732a0a58e
907c31f4-e4f6-4790-95aa-16e656b45c6d,e2a89ad7-1250-4410-bfec-d87f01b72df4,16bc1d7a-5699-41de-80e4-975b8be6dcee,1,played,9bfb4e32-d9eb-424a-8353-b6c5d89134d0
fe09a5ef-3cac-497d-9c94-e0a31894416d,6bd3b25c-be4a-48b5-a4c4-f805033dcb3d,57e85340-f671-47e3-ba0f-c4a2151f87b1,8,playing,08f45091-96f8-4ee2-a633-4cc732a0a58e
f96d0df6-a82a-4d22-90c2-09edf32b404e,6bd3b25c-be4a-48b5-a4c4-f805033dcb3d,0a011b57-8df3-4abc-a96e-ca2698b0ba09,9,queued,08f45091-96f8-4ee2-a633-4cc732a0a58e
7089b32f-c24d-4f30-b090-7b0410892c41,6bd3b25c-be4a-48b5-a4c4-f805033dcb3d,6e516732-c0f4-4455-a416-0fda8534fd07,10,queued,08f45091-96f8-4ee2-a633-4cc732a0a58e
129475f9-9ef4-4b46-8411-9738871f5738,6bd3b25c-be4a-48b5-a4c4-f805033dcb3d,1ea3c07e-41e0-4e73-88fe-b52c298d3f8d,11,queued,08f45091-96f8-4ee2-a633-4cc732a0a58e
e9f2eb15-5b1e-4af1-9cbd-a9692d00eef3,6bd3b25c-be4a-48b5-a4c4-f805033dcb3d,46776e4f-2eae-437e-acd2-9b0abcd77052,12,queued,08f45091-96f8-4ee2-a633-4cc732a0a58e
a1abaa9d-973a-480a-92b9-af68332c7e8f,43f13961-2c46-40cd-a718-afdf24b2a081,84e7315c-a469-45d5-9071-77bdb1e5429c,6,playing,e7d556fe-bb3f-4379-97d2-57cbda112831
2c5dc900-4b88-4666-8980-8ca8689a1672,6bd3b25c-be4a-48b5-a4c4-f805033dcb3d,f8211986-bba9-4e56-a6e2-b3fef07e6f07,13,queued,08f45091-96f8-4ee2-a633-4cc732a0a58e
4819f306-a5d6-4c7f-8828-92bd1aff9c6f,6bd3b25c-be4a-48b5-a4c4-f805033dcb3d,aad3a645-80a8-4927-b1a1-3e30a7fb02e6,14,queued,08f45091-96f8-4ee2-a633-4cc732a0a58e
78d5b83f-f783-4db5-bcb8-f25b81caf38d,6bd3b25c-be4a-48b5-a4c4-f805033dcb3d,62ddaa48-2e84-4a24-8c33-0157918b5af2,15,queued,08f45091-96f8-4ee2-a633-4cc732a0a58e
d7b7d694-8c6b-418f-9b4c-8bc0deacef89,6bd3b25c-be4a-48b5-a4c4-f805033dcb3d,f485d6ef-3bf5-4996-b78f-b0431c2a9a3d,16,queued,08f45091-96f8-4ee2-a633-4cc732a0a58e
bd5341ec-1e05-485c-a3ca-f955dd221f35,6bd3b25c-be4a-48b5-a4c4-f805033dcb3d,ab95faa9-122f-492b-a875-9a8d277f7f8e,17,queued,08f45091-96f8-4ee2-a633-4cc732a0a58e
9f04438a-d48e-4e91-92aa-9653ec5af6c1,c66f8cfb-08fd-4a18-99e7-cc88e2c05e0b,0bd09d08-25c9-4137-989f-9e09795c283e,1,queued,74a485ac-cf03-44eb-af08-04cbc2ed3c35
e35b19da-9fb8-4476-bfe8-025384d4c408,c66f8cfb-08fd-4a18-99e7-cc88e2c05e0b,dc1d5b32-4b9f-4f49-89e2-ef3b1a85a9f0,2,queued,74a485ac-cf03-44eb-af08-04cbc2ed3c35
2af68a9e-e19f-4186-8a80-ba12c9314ad3,6bd3b25c-be4a-48b5-a4c4-f805033dcb3d,1b2b32c2-c0c9-4657-9854-1f2f9b11865c,18,queued,08f45091-96f8-4ee2-a633-4cc732a0a58e
b7f74555-1d88-4847-b235-01df923c7436,6bd3b25c-be4a-48b5-a4c4-f805033dcb3d,35656505-7dbe-4cf3-9283-f3ee7c7c060c,19,queued,08f45091-96f8-4ee2-a633-4cc732a0a58e
a0eab1fa-2c35-4878-b367-16b5bae06892,55469198-79e0-45aa-af3b-5dffaff2456e,7367aaff-e1df-4774-aab3-6bdeb9d14cf0,2,played,94f5f1a0-d518-46e0-bd11-6272f05b511a
fab8990a-8d95-48c4-9a8e-220421ba3cdb,50571036-f94c-4af5-b4ea-82c237efafd1,16da786a-d248-4967-ac73-f0b9177d300a,1,queued,72acd1d8-0b31-47db-b299-bc1b25b0da2f
13ca3465-55e7-4c57-9d7a-3e99de5f6b62,50571036-f94c-4af5-b4ea-82c237efafd1,264f9808-82af-4ef4-aa66-cdacc1aa563e,2,queued,72acd1d8-0b31-47db-b299-bc1b25b0da2f
486c777e-383a-4533-a1ab-d6df8fd16c91,50571036-f94c-4af5-b4ea-82c237efafd1,147abca6-a2cc-4ba7-9d42-3a0c54e267c0,3,queued,72acd1d8-0b31-47db-b299-bc1b25b0da2f
d26c3277-cd60-4501-a60b-5b5a691e03b2,50571036-f94c-4af5-b4ea-82c237efafd1,85eea636-c5ff-49cd-b1f3-7e2cf47ed314,4,queued,72acd1d8-0b31-47db-b299-bc1b25b0da2f
b6eafbfb-036f-4f82-8c56-1fec4c58d992,55469198-79e0-45aa-af3b-5dffaff2456e,26cccc9e-0d9c-44ba-9040-5a375e358bc5,1,played,94f5f1a0-d518-46e0-bd11-6272f05b511a
a2963bd2-f710-440e-9749-f15da47d73a4,6bd3b25c-be4a-48b5-a4c4-f805033dcb3d,3447b777-8d95-46bc-9118-2e0623fa23f2,20,queued,08f45091-96f8-4ee2-a633-4cc732a0a58e
c91e4872-43ec-4ee6-baa9-e1d6a3947256,6bd3b25c-be4a-48b5-a4c4-f805033dcb3d,643a2981-d741-4bcc-bbd2-2b3d7ae58bbe,21,queued,08f45091-96f8-4ee2-a633-4cc732a0a58e
0d45de9a-8f20-43d0-a226-f5846201171b,6bd3b25c-be4a-48b5-a4c4-f805033dcb3d,5d712acf-cf9b-455a-8c30-4962fb314ddb,22,queued,08f45091-96f8-4ee2-a633-4cc732a0a58e
a36effe2-1c80-4ccd-809b-daf165094bbb,6bd3b25c-be4a-48b5-a4c4-f805033dcb3d,4d5e6df8-ae0c-42a6-9043-2042e9200c46,23,queued,08f45091-96f8-4ee2-a633-4cc732a0a58e
11d6bea4-44f1-464b-9b31-a923b0e0d569,1fc8db82-7e0c-4520-92e1-84c6aa7dfab2,420ee22d-f6aa-481f-ae76-944578618e0c,8,queued,72d08935-5462-41c3-a6f6-4d80bc1c6faf
1f0a58cc-b197-4e23-8aee-e64ecd342236,6bd3b25c-be4a-48b5-a4c4-f805033dcb3d,4b810bc7-6a86-4b3e-9382-ba7fe07458ed,24,queued,08f45091-96f8-4ee2-a633-4cc732a0a58e
215e0a71-1698-4e94-8051-fe1e0c3cfb73,5fe6c977-689c-480e-8ccd-430443370bb0,20bc0580-9791-4adb-a7d8-edd03e9967c2,5,queued,b04e3383-597e-410c-b459-a90a6befbda4
3de1255f-e95f-4b17-b248-d871f6f1dfd5,55469198-79e0-45aa-af3b-5dffaff2456e,4172e016-34c0-4f51-a153-298ade7c69ce,3,playing,94f5f1a0-d518-46e0-bd11-6272f05b511a
9f7542c5-df1e-451a-8740-de501799a3e9,5fe6c977-689c-480e-8ccd-430443370bb0,b0d90e2d-c53c-4a1b-a8b6-d2aa393bb995,6,queued,b04e3383-597e-410c-b459-a90a6befbda4
e16231b1-534d-4be6-a80a-0104d2ed10eb,1fc8db82-7e0c-4520-92e1-84c6aa7dfab2,80429292-10cc-446b-b3cd-a3573eac877c,9,queued,72d08935-5462-41c3-a6f6-4d80bc1c6faf
1294da5a-1dc7-447e-95ca-118df013cd57,1fc8db82-7e0c-4520-92e1-84c6aa7dfab2,494bdf35-5091-4f79-a4ed-2eab7e2ea593,10,queued,72d08935-5462-41c3-a6f6-4d80bc1c6faf
906a65c9-7e74-467b-8f5c-898638b5193a,769aea67-a581-488d-bc5f-8b1e2e8c307e,ad9e3d9b-ac7a-4736-8704-85ea9526c5ce,1,queued,74a485ac-cf03-44eb-af08-04cbc2ed3c35
00031849-9067-4da6-94d7-4cf600f73d2f,769aea67-a581-488d-bc5f-8b1e2e8c307e,ab023214-a320-4028-849c-014b4c50e930,2,queued,74a485ac-cf03-44eb-af08-04cbc2ed3c35
5fe0d10d-f27b-4703-b232-44e1438656c0,769aea67-a581-488d-bc5f-8b1e2e8c307e,919c59bf-8823-464b-a364-f05e53b3c12f,3,queued,74a485ac-cf03-44eb-af08-04cbc2ed3c35
ab8dd1fe-a5e0-4911-b128-6676d1dff84d,769aea67-a581-488d-bc5f-8b1e2e8c307e,f959b054-3688-4d42-aa92-278528ab88f2,4,queued,74a485ac-cf03-44eb-af08-04cbc2ed3c35
1318e1ee-f16b-4c9a-a729-b8b6d4db2cd0,769aea67-a581-488d-bc5f-8b1e2e8c307e,404c1f45-4f67-48ad-94bd-ee524cd22f07,5,queued,74a485ac-cf03-44eb-af08-04cbc2ed3c35
e3dc3286-48d7-4fa6-b7b4-76620f70705b,769aea67-a581-488d-bc5f-8b1e2e8c307e,dc1d5b32-4b9f-4f49-89e2-ef3b1a85a9f0,6,queued,74a485ac-cf03-44eb-af08-04cbc2ed3c35
3735f194-49a1-4c5b-b3af-8159666ba139,769aea67-a581-488d-bc5f-8b1e2e8c307e,d68dafc3-431b-4744-84bd-eb40ff169fb3,7,queued,74a485ac-cf03-44eb-af08-04cbc2ed3c35
70135ed1-924f-4335-badc-57c4a2763369,b4db1533-ba93-4321-9efa-f975fe1ea792,b9590c42-a64e-433c-bae1-599dc56062bf,8,played,5aec4bf5-d3ea-4c31-86b5-bb9fda2df42e
f87c6f10-b892-47b7-8f36-356dc295b262,5fe6c977-689c-480e-8ccd-430443370bb0,bfa84a6e-67d9-4043-9ded-673f795c3f2c,7,queued,b04e3383-597e-410c-b459-a90a6befbda4
48d4beca-47ea-4478-8c55-2587b596eb11,55469198-79e0-45aa-af3b-5dffaff2456e,ed1339bf-43d7-429a-979f-7a8817a34bc3,4,queued,94f5f1a0-d518-46e0-bd11-6272f05b511a
fa5209eb-8762-45fd-a42f-e67a88205b94,6bd3b25c-be4a-48b5-a4c4-f805033dcb3d,852735f9-cefa-481a-9ffc-dad69b6099f8,25,queued,08f45091-96f8-4ee2-a633-4cc732a0a58e
722ac5b9-03a0-4b51-8fd4-ef7f67d5e7a0,6bd3b25c-be4a-48b5-a4c4-f805033dcb3d,0566fc99-d12a-418e-af13-eabcf1e058ab,26,queued,08f45091-96f8-4ee2-a633-4cc732a0a58e
cfd6ec82-c4ca-4ec6-962a-6a89fc80cb8a,6bd3b25c-be4a-48b5-a4c4-f805033dcb3d,afa92005-d41f-42f1-9992-8d44de419e45,27,queued,08f45091-96f8-4ee2-a633-4cc732a0a58e
b39e87b8-81de-4632-a25d-47f930a3a893,6bd3b25c-be4a-48b5-a4c4-f805033dcb3d,77905395-d8ef-42d7-8ada-a3fa6b3b9972,28,queued,08f45091-96f8-4ee2-a633-4cc732a0a58e
340e0ea4-4c69-49ec-b9c2-4a67e6540318,6bd3b25c-be4a-48b5-a4c4-f805033dcb3d,906771ee-9186-4add-b8c0-7d90ff54be6a,29,queued,08f45091-96f8-4ee2-a633-4cc732a0a58e
30325a02-6069-42ca-bf3b-5bc071f29ee6,6bd3b25c-be4a-48b5-a4c4-f805033dcb3d,2c88c0bb-fd4e-478f-ad3b-4b29b0572cd4,30,queued,08f45091-96f8-4ee2-a633-4cc732a0a58e
bc402db0-ad0b-4652-8b3b-9d51eedddc9f,e20c1a21-e4e1-4152-8877-00e85536257a,e2c09c3b-3640-4a81-9cab-6f118ba4173e,1,played,9de9e3eb-6184-4e52-96c2-d6265163944a
51b56a96-37ed-457f-94c8-a8a4be8614e9,e20c1a21-e4e1-4152-8877-00e85536257a,f4f7fd3c-0af5-4b83-bf1c-1239e355623e,3,played,9de9e3eb-6184-4e52-96c2-d6265163944a
508f88bb-83c2-4335-b922-aba9f116cd9c,e20c1a21-e4e1-4152-8877-00e85536257a,5728836a-93c8-4d2c-99da-07a0cbd36d25,2,played,406e2b2a-0e70-4418-8b22-015f7ad8a74a
027bcc7d-a64f-4cd1-8bd3-ca2f277fa979,fab27e66-2965-4e3b-8c1b-a7aabf6a0dec,fd186db2-f452-479e-afee-92e647066b7f,1,played,ac7129b6-0bfb-4d43-9dfb-aa07d29febee
12bcacd3-b1ef-4c7d-b1fc-173d9f4ddd76,fab27e66-2965-4e3b-8c1b-a7aabf6a0dec,1a3ceab1-6e7a-4cf5-814d-23d0ab1ccf29,2,queued,ac7129b6-0bfb-4d43-9dfb-aa07d29febee
e9d19562-215e-477d-a6d4-8143b44c97ad,fab27e66-2965-4e3b-8c1b-a7aabf6a0dec,d6653383-4dca-4ff6-b19b-fa0f7693bfdb,3,queued,ac7129b6-0bfb-4d43-9dfb-aa07d29febee
91b78878-5664-4c22-bd79-c771883c86ff,ac1bb55c-9cf5-460f-8573-05361a16ffa2,ba5848f3-83e8-4983-9c86-73d2b93c0d7e,1,playing,224adbb9-ed3f-4869-ad73-be65050b18ed
f20506f0-47e3-45e5-b525-65587c114a2c,0d2ece96-4df6-44bd-b402-d862e9e3b6d8,c3f9317e-7962-4c54-860e-117abe69b96b,1,queued,7b2fe197-2898-43f7-8217-724f3bc2d200
2603cae9-3737-4c18-a695-39da920cb4b8,6bd3b25c-be4a-48b5-a4c4-f805033dcb3d,289b0a7c-a288-4a9b-bfd5-debcac18a064,31,queued,08f45091-96f8-4ee2-a633-4cc732a0a58e
3f591d82-7d61-4e06-bac6-6d5a7fd40b4b,6bd3b25c-be4a-48b5-a4c4-f805033dcb3d,38070473-70ef-4f54-9bdc-22c9dec1e09e,32,queued,08f45091-96f8-4ee2-a633-4cc732a0a58e
82233208-ad40-42b7-ac44-e50f576ad4ad,e20c1a21-e4e1-4152-8877-00e85536257a,b74f75d9-dc6f-4c2d-8611-cfc737ef910a,5,played,9de9e3eb-6184-4e52-96c2-d6265163944a
04aee5ad-4afb-47dc-b8eb-dd52d0656b25,e20c1a21-e4e1-4152-8877-00e85536257a,c3f9317e-7962-4c54-860e-117abe69b96b,6,played,9de9e3eb-6184-4e52-96c2-d6265163944a
a6a03e2f-8611-410c-b45a-739aa46e21d4,c3ebb7d5-3bea-4b94-9c88-feded62e35d7,a0162c89-cda3-4f50-969d-116bcd1d36eb,1,queued,35153b4d-0f55-4be1-bcfa-38dd7756f15b
79ee7e17-8ad3-4d2f-a9f5-3bdbd4e3ea1f,b4db1533-ba93-4321-9efa-f975fe1ea792,44bd4c20-f27d-4e09-a2a4-f41568214696,9,played,5aec4bf5-d3ea-4c31-86b5-bb9fda2df42e
7820223f-9797-42b2-9880-fccd6142f141,9eb8ddd1-4191-46de-a5fa-4c0cf9e4c514,c99d0adf-eb90-4323-9496-0a8a818821c4,1,played,9f9fa903-b312-40d9-ad43-6594f80d9ec3
36849651-6901-405f-ba17-181ba3839962,e20c1a21-e4e1-4152-8877-00e85536257a,c46ecbb2-b12f-47c4-a1ef-ce4a9e62c13e,7,playing,9de9e3eb-6184-4e52-96c2-d6265163944a
0a7073a0-7374-4aab-a9eb-6b47491d8898,9eb8ddd1-4191-46de-a5fa-4c0cf9e4c514,da40a9bf-fec0-4147-b816-dc480e46e7ee,2,playing,9f9fa903-b312-40d9-ad43-6594f80d9ec3
c04de6a5-13d9-4da6-bfe9-711ebe2d2e8c,d61d4bfb-de4b-43bc-8ef1-9fb64c726f78,90942214-beca-4cbd-8c1e-d95c1527db95,1,played,3afbab6e-930c-471e-a9e2-ebaa3d3563bb
3a1ac864-d43a-40fb-aab9-35c83d608e2a,25d883a0-56dd-44ba-9560-c89b8ff179de,8be911eb-6888-4b7e-b6bb-cbe7ca1d1b89,1,played,1de7511e-03f2-4e38-9c22-177ab201e242
0aed04a5-72d6-4250-a346-17b5531dcf6b,25d883a0-56dd-44ba-9560-c89b8ff179de,2ce998b4-1ab2-45c9-af73-cead0280c78e,3,played,1de7511e-03f2-4e38-9c22-177ab201e242
ad3b6433-44a3-4480-beac-10791b4b752e,25d883a0-56dd-44ba-9560-c89b8ff179de,98a01c50-d6d7-4dd4-ab61-fcf58bd56f2f,5,played,1de7511e-03f2-4e38-9c22-177ab201e242
ebe5dbd7-6286-432f-90f3-8ca30fdc57e7,d61d4bfb-de4b-43bc-8ef1-9fb64c726f78,244b659e-2e54-49ce-a698-63c306f43e73,2,playing,3afbab6e-930c-471e-a9e2-ebaa3d3563bb
2ac40f39-aeca-46b8-8d54-d6ed7b94f3c3,d61d4bfb-de4b-43bc-8ef1-9fb64c726f78,1fc0a865-aa1c-49a0-b4be-dd0d9fd99ca2,3,queued,3afbab6e-930c-471e-a9e2-ebaa3d3563bb
72275a82-c0b3-4db4-a393-bbd346bd59e1,43f13961-2c46-40cd-a718-afdf24b2a081,ff7bf848-bd9a-4d25-a1f4-7a6044a488ea,8,played,e7d556fe-bb3f-4379-97d2-57cbda112831
2245b4b8-61d4-4529-be00-ce2a42cefdcb,a9872e9b-db8f-466a-a40f-24806e4479f9,cb19fa19-ac23-4ceb-82e3-3431039dcefa,1,playing,8e48a752-6abc-4d06-9f7a-eca4f6cac331
0527d301-3084-46e8-9287-96df4379fe42,39e06f89-9b95-4306-bb35-35353e17319e,ae5cd25f-cdcb-4fa2-aed9-65adee2ebf0a,1,queued,8fc823c8-722e-4d73-ba30-77ae9463de0d
b226a634-98b7-487f-ab2b-8e4088119387,6a962ea8-d05e-4825-9873-10f7a987fcaf,ae20671b-076a-41ba-af50-c521ee774cc8,2,playing,beda8732-6737-4dd5-964b-994560e84d7c
c6c1a42e-6e9b-4e37-83b3-3d345cb91097,a9872e9b-db8f-466a-a40f-24806e4479f9,55cca52f-6fbc-4abb-b5be-57f6fb6bb1fb,2,queued,8e48a752-6abc-4d06-9f7a-eca4f6cac331
11007787-a26d-4af9-9e38-e0700d1f33e9,bbfabb9c-b485-4dd3-ac63-7889113c6cae,3ad7eb16-aeed-487b-8b61-7b4fc583c874,1,playing,a7e03594-d9d8-439a-bd46-4ccf8f9f1f7d
7825eaf3-1577-4355-9072-29f176e5969c,bbfabb9c-b485-4dd3-ac63-7889113c6cae,a4c56086-eddc-4fc6-a7b6-43b27b52b492,2,queued,a7e03594-d9d8-439a-bd46-4ccf8f9f1f7d
6c57e4d3-ba57-4ac6-b965-a9cf6058ec39,a9872e9b-db8f-466a-a40f-24806e4479f9,22b971f0-fe26-43a9-8591-b5e2355206be,3,queued,8e48a752-6abc-4d06-9f7a-eca4f6cac331
c6b005ea-e052-490b-a5a3-0a4f293e8e26,6a962ea8-d05e-4825-9873-10f7a987fcaf,0aec9fcd-873a-46fe-9c9a-f39b5240bef3,1,playing,beda8732-6737-4dd5-964b-994560e84d7c
6ebd2759-3d15-49d7-ac40-1a54dfd4ebab,6bd3b25c-be4a-48b5-a4c4-f805033dcb3d,2930e4d1-b94a-4411-b74b-297440caa3da,2,played,feba6121-4e09-4c19-bf12-31909fdc637e
acc08e11-b1dd-4a55-b1b3-5f2de2dbc1c4,6bd3b25c-be4a-48b5-a4c4-f805033dcb3d,0917e636-9dcf-4bc8-acc4-cd2b543ef054,4,played,feba6121-4e09-4c19-bf12-31909fdc637e
380c6bdd-c3b7-4822-a967-8b28c4b03c02,f0ab6058-2d53-44a8-8e97-ad81832e441b,8d56b3d6-e8d4-4256-886f-b8d2d4e04bc7,1,playing,e925b8ba-733f-4d1f-89c8-6f9107d9bc05
3aec2a78-ce66-45bc-8a5a-d9b018cdcae7,92a2babd-9908-4976-ad3e-42ec24082cbd,1aec6e8e-8fd9-4c11-afcb-ad40f67346a3,1,playing,49e9515f-3117-43a0-9c2e-354836bbcee9
a1490b0a-cfaa-4274-bc46-4249de08286c,f0ab6058-2d53-44a8-8e97-ad81832e441b,73f291e7-bfef-46dd-b8f8-0c55196390a4,2,queued,e925b8ba-733f-4d1f-89c8-6f9107d9bc05
1cfcd801-86ed-4430-b453-6c8ce4c75026,6bd3b25c-be4a-48b5-a4c4-f805033dcb3d,e362b23a-beff-4874-8630-0f629292b5b3,6,played,feba6121-4e09-4c19-bf12-31909fdc637e
793ed34e-165e-4bab-a31d-f3104f314ea0,c3ebb7d5-3bea-4b94-9c88-feded62e35d7,da7554d5-d6e8-4c9f-99da-af5493d3d351,3,queued,5e4932b8-fada-4149-a1fb-b6c9440a94df
cb911568-0a03-4465-b0ba-16983ec7058d,f454ad55-1147-47a5-9626-582ec32a0ac8,0aec9fcd-873a-46fe-9c9a-f39b5240bef3,1,played,beda8732-6737-4dd5-964b-994560e84d7c
668cf234-1dff-449b-a343-4e8915ae72ed,6e9fd1a6-9a18-406f-8985-7ffdd6b5cce1,af2aa2ef-31d9-40f8-ae25-bfdeb5379562,1,played,b80099ec-59fa-40b0-b1ad-4ab6e30163e5
4841f5cb-6a6a-4346-a334-d17c11baa16d,c7e9e7e5-a500-467d-a703-4009da9330cd,18d7930d-bf68-42c7-8725-dde613d71b24,1,playing,673e818b-bfe4-46de-87ce-5cf90b4abbfa
8c67dd23-103e-48af-8bcb-029848c24860,bfd44bb3-2d97-464e-b895-dc9ffa8328e0,6ccf36a1-19f8-4516-ae4d-99a655c7a149,1,playing,4212d24e-de0c-4ef1-96fe-d9f0f9d26435
6fac39d8-44bf-48d2-a61c-7d076e1c619c,6e9fd1a6-9a18-406f-8985-7ffdd6b5cce1,5afff769-19b1-418d-831e-c0e40837737f,3,played,b80099ec-59fa-40b0-b1ad-4ab6e30163e5
111a3068-a2d2-4115-979e-f571f999bb5d,e5cb1165-5657-4ff2-9870-3e4affc14514,2a116774-4b9b-4f3c-8aec-61a03b310109,2,playing,4a6749d5-397f-4799-b092-b15f41909323
32140f03-bb95-4f50-93e9-d2d9e2d70779,eac8b998-00a9-4fb5-8da3-63973eec051e,a581a541-f546-4c0a-8b7f-686d7cbe8812,1,played,782489b7-0dc7-4fc3-9cc3-594cc73a069b
1e6ff706-577c-4a28-8b9f-36ba327ddd6d,eac8b998-00a9-4fb5-8da3-63973eec051e,a89d76e4-5ffd-45d9-a65c-4746f7c6ddf8,2,playing,782489b7-0dc7-4fc3-9cc3-594cc73a069b
b8504322-fc44-4e85-ad7c-a4e695b6d0eb,bfd44bb3-2d97-464e-b895-dc9ffa8328e0,fd99b442-7019-419f-801f-8a93648f87b4,2,queued,4212d24e-de0c-4ef1-96fe-d9f0f9d26435
d2e2307b-231b-48b4-97b8-2712999d0a2d,bfd44bb3-2d97-464e-b895-dc9ffa8328e0,9d3bfd38-62cc-4ff4-8046-a958c2b59da6,3,queued,4212d24e-de0c-4ef1-96fe-d9f0f9d26435
ca1fa1e9-8cd2-4401-bb40-ff7f2c40743d,e5cb1165-5657-4ff2-9870-3e4affc14514,2877d16e-187e-4754-8587-1ed44a7e166d,3,playing,4a6749d5-397f-4799-b092-b15f41909323
e7260544-86b5-46e2-8972-7f269fa4e740,6e9fd1a6-9a18-406f-8985-7ffdd6b5cce1,5fc02899-f628-4b34-9137-dc11c5319578,4,played,b80099ec-59fa-40b0-b1ad-4ab6e30163e5
506ffab2-b0d5-4877-aa7c-9c3f36572325,e5cb1165-5657-4ff2-9870-3e4affc14514,a5369efe-77ba-4f28-90f7-c652a4040c88,1,playing,4a6749d5-397f-4799-b092-b15f41909323
3d137bda-6750-4b94-a6e4-e9ee90782c5b,6e9fd1a6-9a18-406f-8985-7ffdd6b5cce1,2ddf8cbb-fa25-4347-a3d3-21408e669e06,5,played,b80099ec-59fa-40b0-b1ad-4ab6e30163e5
fe6a0491-7ac2-45ff-8281-c4858752af8d,6e9fd1a6-9a18-406f-8985-7ffdd6b5cce1,743c46e0-676c-4ba6-8a3a-28c8a50f2602,6,played,b80099ec-59fa-40b0-b1ad-4ab6e30163e5
a9b10766-ce21-40ed-8330-4c577e0851d8,fa8cb46a-e933-404c-b728-05f64eac55e3,3c5e9776-aa60-4b57-8797-9147fa0c22db,1,playing,427c284f-619b-4878-a401-49b9d5a5f2fa
b9c059cf-4668-4938-9a33-a67ad34e1b74,6e9fd1a6-9a18-406f-8985-7ffdd6b5cce1,3842a7db-67f8-4fd2-9375-ed4a8ba4e2f6,7,playing,b80099ec-59fa-40b0-b1ad-4ab6e30163e5
a8b25b5f-9a2a-4015-afa2-3555d22a7c80,75f6a0d3-cdbe-455e-baa4-28f648ebe99e,b64a5c8d-57c9-4866-85db-e6c13b24c952,4,queued,8b91960a-5fb7-4c3c-94d8-d5efba4edf10
979594fc-525c-40cf-b174-4c1889c18e89,6e9fd1a6-9a18-406f-8985-7ffdd6b5cce1,8440afda-9752-4b7f-ac20-0fa57b61cafe,8,queued,b80099ec-59fa-40b0-b1ad-4ab6e30163e5
95090335-7cea-4a75-8f3c-245471949571,b65685d2-db55-42ab-9b78-bdea031065d3,94151e61-c304-4f06-a04f-cb47bab20821,1,playing,4f6aa7f3-6b03-49d0-a521-0c3fd68d13f9
6f1e3c0a-a196-456a-a4f3-2fa2bd133997,ba543176-161f-4333-a781-a7cead83403d,461de330-8132-4f3f-a166-28e7766f9930,1,played,c5c9a0f8-052c-4bb0-8bb6-a006d1278dfb
78394b1d-e396-4fd4-948d-c856f9d48b72,ba543176-161f-4333-a781-a7cead83403d,eb9e61dd-632c-4f67-83fe-592c9a889d33,2,played,c5c9a0f8-052c-4bb0-8bb6-a006d1278dfb
b92d16ad-0925-4e07-bf2d-2fc019150695,ba543176-161f-4333-a781-a7cead83403d,e30da468-7df7-4b91-aed1-e3f4453fd0a4,3,playing,c5c9a0f8-052c-4bb0-8bb6-a006d1278dfb
6c58df69-18a2-4965-b3e5-ded9302f3ef5,b65685d2-db55-42ab-9b78-bdea031065d3,8f7cb9f0-474e-487b-9a54-f1ee127bca74,2,playing,4f6aa7f3-6b03-49d0-a521-0c3fd68d13f9
c33dbda6-bf8a-474c-8b15-d5944343fda2,b65685d2-db55-42ab-9b78-bdea031065d3,6d87f4d4-3778-4620-9d04-77c173b9a42b,3,queued,4f6aa7f3-6b03-49d0-a521-0c3fd68d13f9
c40fa645-eda4-4f8e-9895-24223198946b,1a262733-cfc5-4c68-b827-8e86dbeb99d6,0e0a2fdc-3300-4a39-9710-abb9b48f4b44,1,queued,bc318e7a-f965-4da3-a3b5-81aab92d8f7e
8ac03679-e6a1-4ea7-a8ba-e5f76cd40dc8,6e9fd1a6-9a18-406f-8985-7ffdd6b5cce1,b15b4b91-877b-41bf-a9e6-a093df763734,9,queued,b80099ec-59fa-40b0-b1ad-4ab6e30163e5
713063d1-d6fe-4162-bc6e-7900aa26ed6f,54a93cb5-9437-4481-b571-944ac3016cc6,a852d9b6-4719-428d-b51d-db7a829d21c6,1,played,3df6355e-a855-47c4-90df-df219b1cbae8
bbe0a8c4-5ccf-4e4c-aea9-d47a7ed62d85,25d883a0-56dd-44ba-9560-c89b8ff179de,5298cb76-33f4-4baa-a277-18bfddab09ca,2,played,d4bec5da-9bb6-4daf-be03-aa7bb3f7fecf
4cde03d9-31b1-4d4c-b842-31f8f8c6fa5f,c86d2400-c72c-4df7-a7f2-aea129dcfea6,e038b080-a9ce-4bf6-a3bb-d8db014e0945,1,playing,0e16869a-a34b-428e-bc38-e508d9ce9a17
37ce4aa1-60d0-41b6-8166-a02a9bc4d2b1,c86d2400-c72c-4df7-a7f2-aea129dcfea6,5e235f2b-c08d-4133-8db0-db3411d67d8d,2,queued,0e16869a-a34b-428e-bc38-e508d9ce9a17
ad40a062-5e34-408c-9976-008cee327d63,c86d2400-c72c-4df7-a7f2-aea129dcfea6,aebbedf1-4764-4c03-a2fc-451cae695ff7,3,queued,0e16869a-a34b-428e-bc38-e508d9ce9a17
2339fc1a-b9f0-4009-92fd-ea7f32e13f93,08764127-114b-4d17-ad5f-19fcf2716187,3cdabcda-e3f6-47c2-bd57-4c488986e3bf,1,queued,85b76f37-7ff8-457d-aee5-c7c7f22f5ad0
778e7201-38f6-4e27-a244-9faf1040eaa8,08764127-114b-4d17-ad5f-19fcf2716187,1cbda361-f68d-4258-87ee-30b26ceee893,2,queued,85b76f37-7ff8-457d-aee5-c7c7f22f5ad0
46b068fb-353e-4071-9edb-cee6b9ed4299,08764127-114b-4d17-ad5f-19fcf2716187,09b9dfd4-ca74-4a59-bade-7161b2e455d9,3,queued,85b76f37-7ff8-457d-aee5-c7c7f22f5ad0
de43b0b1-f219-4c6b-8a60-9aa31aaf366e,08764127-114b-4d17-ad5f-19fcf2716187,a5a91fc7-a083-474f-b595-41543d51e97f,4,queued,85b76f37-7ff8-457d-aee5-c7c7f22f5ad0
e4452789-be9d-4b5a-9766-8f2b94c95c6d,08764127-114b-4d17-ad5f-19fcf2716187,e1c0957c-04a9-4d3a-9a5b-1c248a5e6d7a,5,queued,85b76f37-7ff8-457d-aee5-c7c7f22f5ad0
de657397-a5f7-49f6-b8c9-504ed3fb07f5,08764127-114b-4d17-ad5f-19fcf2716187,27d3a2d7-f6e5-4b0a-91fa-a1719a13b4e5,6,queued,85b76f37-7ff8-457d-aee5-c7c7f22f5ad0
56a3face-cf06-4aaa-84b7-dea412bea4d3,08764127-114b-4d17-ad5f-19fcf2716187,6c18d94b-abd0-48d5-a0b4-36279307cd31,7,queued,85b76f37-7ff8-457d-aee5-c7c7f22f5ad0
8fd8cfa2-90e3-4ae7-ad34-fa3f7b1b666e,c86d2400-c72c-4df7-a7f2-aea129dcfea6,78b38e76-fa2d-4224-96c3-f79f42bec7db,4,queued,0e16869a-a34b-428e-bc38-e508d9ce9a17
5a98ee86-0372-4c3c-a846-e3ab80a3ef51,25d883a0-56dd-44ba-9560-c89b8ff179de,557b6206-06e8-4f91-b3ac-fd8bdfac259b,4,played,d4bec5da-9bb6-4daf-be03-aa7bb3f7fecf
cd687e6c-6366-4b3d-b28a-af0306b2b248,25d883a0-56dd-44ba-9560-c89b8ff179de,06c57e15-81af-4dff-aece-e7fe0e4d4479,6,playing,d4bec5da-9bb6-4daf-be03-aa7bb3f7fecf
ba3235be-ede6-4129-9840-9a42553aa7aa,1b62e581-576d-47d9-b584-24d6817633fd,99fc8e07-e873-4f1d-8ef7-0b1342177a41,1,queued,eeccdbb6-10bd-42a9-99a3-c3570b5875e3
d29dcacc-cbb3-4821-afec-c14f41a126f5,c86d2400-c72c-4df7-a7f2-aea129dcfea6,16fcaec5-d5f8-4cd8-9b08-1e612a36f1fb,5,queued,0e16869a-a34b-428e-bc38-e508d9ce9a17
b247ccfd-ba37-4100-94ef-c9552b63c57c,1b62e581-576d-47d9-b584-24d6817633fd,c551e605-a86f-4f5d-bc10-10761d8611fb,2,queued,eeccdbb6-10bd-42a9-99a3-c3570b5875e3
a83a3ce6-6213-4ea0-bc94-73f1b1349445,216b7353-6197-4d3f-a688-d7f7f089b236,ebe50682-330d-44b2-936a-b5defe8269be,1,played,6fc84a65-d704-40a9-a727-1b0b6ef9553b
8b1ac4bc-e6c4-4262-9b87-7e5462cb9008,f820be51-4f1c-4c3c-9858-ae37b5ff9b42,a27882e5-9d1f-4e29-ac3c-ead25269528e,4,playing,28eaf7c0-2654-479e-9b91-590ad10c1ae1
2defe2dc-816e-430b-a4ee-f7d646d6fbfa,25d883a0-56dd-44ba-9560-c89b8ff179de,41312566-9504-4889-a6b4-5327bee6c12b,8,played,d4bec5da-9bb6-4daf-be03-aa7bb3f7fecf
4d674703-9d89-4276-9cae-a56927981b79,25d883a0-56dd-44ba-9560-c89b8ff179de,52ae3ffd-318c-40de-9cce-852d5920d58d,9,queued,d4bec5da-9bb6-4daf-be03-aa7bb3f7fecf
55349c2e-7431-49e9-bbd4-a98caff973ad,f820be51-4f1c-4c3c-9858-ae37b5ff9b42,5e6e43f6-0a17-4a0b-989a-684e90477ecf,2,played,28eaf7c0-2654-479e-9b91-590ad10c1ae1
2a72b78c-d0cd-4ad8-aea5-cb2d2cc5dcb8,54a93cb5-9437-4481-b571-944ac3016cc6,7ffdb6df-ccc3-4a8c-aa1d-5f64678b7644,2,played,3df6355e-a855-47c4-90df-df219b1cbae8
910eef28-c443-4857-87ee-4bded5117378,f820be51-4f1c-4c3c-9858-ae37b5ff9b42,02889bed-5ac6-4a42-b205-adf97fd9b0e2,1,playing,0c7ab0ff-4932-43c4-a748-b462ff57334e
9fc0e732-902e-4eb1-875b-3526062d8d8e,f1dcbcca-3339-4f5c-a751-f89340fdc36b,a58cb293-60d6-4bdc-8da1-2518e7d0d3b6,1,queued,7d3a1ff2-5b41-4eca-9850-3e31bb02e2e5
e2fa012f-ba30-46a9-8900-2a68a44345e8,25d883a0-56dd-44ba-9560-c89b8ff179de,381a7bda-2cdd-444e-973d-8b50725beae9,10,queued,d4bec5da-9bb6-4daf-be03-aa7bb3f7fecf
e49eaefd-babe-4183-a15f-06ac6a933f12,25d883a0-56dd-44ba-9560-c89b8ff179de,136336e9-f294-4ec7-9c28-73fb36d23b00,11,queued,d4bec5da-9bb6-4daf-be03-aa7bb3f7fecf
072aff70-55a7-43a9-b4ae-973e3bdf7856,25d883a0-56dd-44ba-9560-c89b8ff179de,58c39ff8-ccd7-4dbb-a7aa-19d723ca9c6f,12,queued,d4bec5da-9bb6-4daf-be03-aa7bb3f7fecf
ddc6dcfc-49f1-4bfb-b2ef-25fe4d3a643f,f820be51-4f1c-4c3c-9858-ae37b5ff9b42,8dcce9a0-4c15-4c05-a505-906fe9ec576a,3,played,0c7ab0ff-4932-43c4-a748-b462ff57334e
cfa1774d-f7f2-484f-adc3-eca498d0829d,25d883a0-56dd-44ba-9560-c89b8ff179de,9deb0b3f-a951-4432-9b95-5985a38a3ea1,13,queued,d4bec5da-9bb6-4daf-be03-aa7bb3f7fecf
a7de4c4c-d9f1-44d3-a335-a4bd34174833,f820be51-4f1c-4c3c-9858-ae37b5ff9b42,efba7e15-4d3a-44e7-b25a-f4bf170de04d,6,played,0c7ab0ff-4932-43c4-a748-b462ff57334e
daf832c8-c8c4-4b5a-afee-943d2c4e3562,45fd9c0c-4964-47c1-b61a-99270b2b2e91,ec3680c9-051e-4fca-9a3a-492837101ae4,1,queued,2bf28e73-f882-4b4d-903a-b654f4249c76
bf70fdf6-34db-4bfe-b0c7-c7321d8af8c7,f454ad55-1147-47a5-9626-582ec32a0ac8,b506f3f7-f810-48bd-a222-dd7ad28c7bc5,2,played,aba83a52-ad8e-4a0d-9299-cd487bf06f19
536513e5-6a84-4f77-a8b6-f99fc0018cc9,216b7353-6197-4d3f-a688-d7f7f089b236,290c6b1b-e80e-4ab0-b0d8-fb4d5dacb142,2,played,6fc84a65-d704-40a9-a727-1b0b6ef9553b
2d2a8882-28c7-48ed-b7ce-4f8d279bef7c,54a93cb5-9437-4481-b571-944ac3016cc6,c03e874c-ff22-46e5-8caa-733b5db1bfb8,3,played,3df6355e-a855-47c4-90df-df219b1cbae8
883e5a1e-6bba-4a7c-808d-c5e3c953cfc9,25d883a0-56dd-44ba-9560-c89b8ff179de,b3a82216-9221-463c-9b4c-530cb3f94126,7,played,1de7511e-03f2-4e38-9c22-177ab201e242
31b9bf1a-efd6-4266-8715-f74f0ee89285,fbc7ba80-40e0-4c4a-a5a4-d0f526ba14ff,1e3bcd75-a744-4f46-85a4-69b2aaf0c800,1,played,035342ec-34d3-43b7-a9d3-482571cf7f10
4d75c2a5-ac26-47c7-a0c7-9435832111a3,65298654-70d5-4d38-81ed-ba807c30c942,ebe50682-330d-44b2-936a-b5defe8269be,1,playing,6fc84a65-d704-40a9-a727-1b0b6ef9553b
775f122f-4dda-4da5-b733-7e049332228c,54a93cb5-9437-4481-b571-944ac3016cc6,66d83363-2193-4ecf-993c-f2fda96122b5,4,playing,3df6355e-a855-47c4-90df-df219b1cbae8
ee1af7dd-d132-4748-89e7-df8c9522e89d,54a93cb5-9437-4481-b571-944ac3016cc6,572863b9-e62b-4f7f-9ef3-512c36c4e47e,5,queued,3df6355e-a855-47c4-90df-df219b1cbae8
6ad52c99-91c4-4a77-ba37-cfcdbc67f8a4,fbc7ba80-40e0-4c4a-a5a4-d0f526ba14ff,0f75f74e-7049-409d-9eae-d2a258cabdd4,2,playing,035342ec-34d3-43b7-a9d3-482571cf7f10
20157ede-5974-4c84-b89a-c8bad3e74a71,f454ad55-1147-47a5-9626-582ec32a0ac8,f1b8e77e-c0ea-4758-94b9-1ea5bb4c3914,3,played,beda8732-6737-4dd5-964b-994560e84d7c
dbf607ff-d4b4-41af-ab89-7473df398f5d,25d883a0-56dd-44ba-9560-c89b8ff179de,b2c11506-29af-47a4-8d4d-eab74d2b18a1,14,queued,d4bec5da-9bb6-4daf-be03-aa7bb3f7fecf
a4bec1b5-54d8-43eb-8058-133ae070f2e1,24107309-b01d-4bb1-84de-b5959bff29b3,c7fa4e70-4911-4b53-8f28-5e46a4f4be94,1,played,cba06188-5c3f-4c32-87ee-1fbe967a130f
6583f33e-67b5-4f71-b93a-67c88f42ed67,f820be51-4f1c-4c3c-9858-ae37b5ff9b42,b78bccb3-0ad8-47cf-91c6-4ab0a86dd28b,5,played,28eaf7c0-2654-479e-9b91-590ad10c1ae1
b9651016-4729-46f8-9726-83b8eb3b8349,7b4017fa-f2a3-4694-8567-a3c1d124f1b9,0aec9fcd-873a-46fe-9c9a-f39b5240bef3,3,playing,beda8732-6737-4dd5-964b-994560e84d7c
6e33642d-fe8c-4aa4-8346-a4e6a40d7889,24107309-b01d-4bb1-84de-b5959bff29b3,bca303bf-1a49-45e4-aec3-48a5f0a735db,2,played,cba06188-5c3f-4c32-87ee-1fbe967a130f
a228305b-6692-43d4-8fdd-40da6ee52c7b,24107309-b01d-4bb1-84de-b5959bff29b3,f090cf7e-f27a-4408-8d2c-68ebdbfa79bb,3,queued,cba06188-5c3f-4c32-87ee-1fbe967a130f
ac298b12-e080-4e40-b64f-7345f42ccd88,7b4017fa-f2a3-4694-8567-a3c1d124f1b9,b506f3f7-f810-48bd-a222-dd7ad28c7bc5,1,played,aba83a52-ad8e-4a0d-9299-cd487bf06f19
e6b2dcf1-3fd4-46c1-b7d5-402da668f8d7,e3f579e8-3e54-44a1-9a07-97aaccfcfba6,4b23ca07-aabb-4e09-9774-56640924ee97,1,playing,f660366f-2925-42a8-88bd-d62ffb8de457
d0b0e67c-6c8c-4aa6-93f1-f6bcf0312819,e3f579e8-3e54-44a1-9a07-97aaccfcfba6,2bad2849-b3d7-44e3-b359-221cb328194d,3,queued,f660366f-2925-42a8-88bd-d62ffb8de457
a788397d-8be1-46cf-9ba7-e7f1fdd56bf7,92c343ad-f133-4df6-96ba-0ad95bd4c8eb,c5ff92d5-e52e-427b-9a70-505213e09484,1,played,cfd1f6e1-d2d8-43d9-9309-d0a4970d4670
b9b2da47-32d6-4606-8154-ab45475263ce,7b4017fa-f2a3-4694-8567-a3c1d124f1b9,96ad3efe-2166-4aae-991c-ee80dc4e516e,2,playing,beda8732-6737-4dd5-964b-994560e84d7c
3c05053c-643d-462e-85f4-fca7f97df0bc,e3f579e8-3e54-44a1-9a07-97aaccfcfba6,e6c14fe6-e6bd-4993-b41b-00b9b40d0c23,2,queued,ca55f2c1-1e73-4889-a742-682119b9a9ae
75b01d02-9608-4c10-bd55-bb3989cc75ec,04063c4c-20cc-45c3-9a7f-8967bf243adc,139ded5d-8d9b-408e-8468-d32c80d340ef,1,played,6d97633a-9d60-415d-ba9a-870eb964aa0c
d78268c4-c6b7-4fc1-ad5f-3e59ecca2fd4,92c343ad-f133-4df6-96ba-0ad95bd4c8eb,b186c80e-85eb-4f39-9cac-0d2236a1e0af,31,playing,cfd1f6e1-d2d8-43d9-9309-d0a4970d4670
648f2ad7-b8bf-4e41-b231-5c097933f28b,f936b420-243b-440f-9593-866a7767c36b,2a0a2565-d301-44b9-9eb0-e2e9761ba281,1,playing,3bf9f033-319f-474d-b081-df99ea74a251
ee6f298c-9130-4916-8997-51dd668dcb53,2a8bb78d-c46e-4939-905b-2a8575a5a94a,a3fe3352-c78d-4729-b688-d191cf0f9b9c,1,queued,d4bec5da-9bb6-4daf-be03-aa7bb3f7fecf
872e89c4-401d-4513-a558-849f5eb2aa96,04063c4c-20cc-45c3-9a7f-8967bf243adc,aa49c442-fb72-4489-9a24-f42c257bd023,2,played,6d97633a-9d60-415d-ba9a-870eb964aa0c
3bb8ab5e-ad4b-4c01-89a2-378572deb831,2cd8a447-88f8-4854-940a-18367fb68939,64c6ad2f-b4b6-49b6-b460-19b878d47b72,1,played,2aa51da5-420b-4f8b-b4d3-9b02b668a178
16a96d48-34a7-473a-bd82-3d472e7f6acb,2a8bb78d-c46e-4939-905b-2a8575a5a94a,3a5ac4a5-2ab5-4fae-bed5-61753eb352d1,2,queued,1de7511e-03f2-4e38-9c22-177ab201e242
d0f551eb-c21f-4f46-a3d2-c2aa89a7aecf,6e9fd1a6-9a18-406f-8985-7ffdd6b5cce1,cb780329-17e7-4ae6-95e9-64e780b98990,2,queued,099f2e85-78a7-4b7e-b0f1-1e2cdc203b8d
31a48d25-2990-4158-96a6-ab727d8568c6,2cd8a447-88f8-4854-940a-18367fb68939,9e551b31-9e42-4856-95a6-7cbe61325d11,2,playing,2aa51da5-420b-4f8b-b4d3-9b02b668a178
23a83bbb-f05f-4cdc-98c4-65f049c1bb27,2a8bb78d-c46e-4939-905b-2a8575a5a94a,fab2beb7-1117-4f31-abb7-66ebfa583e45,3,queued,1de7511e-03f2-4e38-9c22-177ab201e242
6bd261eb-9502-4e06-8730-456606b3f472,92c343ad-f133-4df6-96ba-0ad95bd4c8eb,fe2ce7ef-9447-48f5-b954-2be3f848e925,7,played,cfd1f6e1-d2d8-43d9-9309-d0a4970d4670
b7e9d6dd-0ba8-4f14-94ea-064213aa40ec,2a8bb78d-c46e-4939-905b-2a8575a5a94a,791a9f75-be4c-464b-8583-4d5fe8fd7a04,4,queued,1de7511e-03f2-4e38-9c22-177ab201e242
bd8dea4b-a043-4e34-8889-50ce2f947aaf,d3d61e42-5ab0-4d80-b3d2-0d9032c0b1d7,8ca8ed07-ba05-4bd0-b99e-aca109255bea,1,played,246c03de-1e79-4818-9736-11f1ddfb39d6
b989fbdd-c386-4e74-bd8d-b58915e68ba7,f820be51-4f1c-4c3c-9858-ae37b5ff9b42,f3f0c32d-8527-4163-976d-d0c13826abad,7,played,0c7ab0ff-4932-43c4-a748-b462ff57334e
b8c90bd0-a79b-4b3c-9202-78328d9125e2,f820be51-4f1c-4c3c-9858-ae37b5ff9b42,d9f336fc-4e9b-4080-bc17-a34b8f83942f,8,played,0c7ab0ff-4932-43c4-a748-b462ff57334e
7813601f-0f9e-417d-afa2-ab94bb00b221,60d6646d-20a3-4465-81f7-2e538cfef065,ff25ff54-38b5-4192-a8df-669fd807c298,1,played,dc9a83f3-6e57-4ba2-bfb7-ac3cb2c482d4
3383917a-95c1-40a8-a8de-77b96091fb27,92c343ad-f133-4df6-96ba-0ad95bd4c8eb,04ac8745-f2d8-463f-9ab1-19c2c47e8b54,8,playing,cfd1f6e1-d2d8-43d9-9309-d0a4970d4670
5566af85-f558-4c68-99c1-62bc00518591,1eff6193-a997-4d40-b225-466c84467bcd,ce0b8b07-7ad6-4f45-a85f-07cd88d2c968,1,playing,09d3781b-10c0-4090-9e3d-6c6632bbf25c
8736b2fc-4b69-4504-aaf5-bba166ff5ebd,60d6646d-20a3-4465-81f7-2e538cfef065,3404bcac-4f8f-4a49-b8be-6e6a6748fdfd,2,playing,821629ec-d311-4be3-905c-9065e92d8816
6024c28b-2204-486f-b543-913c51b015c8,0d9d0bc7-9007-4e18-8f5c-dfd5a32be80a,cfa928e6-879a-443f-a987-d61e33235b70,1,queued,d8a88f72-06dd-480a-a5ef-394cddb0ab81
0d8bab3d-aced-4976-8012-5e2ee38c43c4,0d9d0bc7-9007-4e18-8f5c-dfd5a32be80a,37f8d0fa-7453-4a93-8cd1-1cd9b66cb177,2,queued,d8a88f72-06dd-480a-a5ef-394cddb0ab81
f9e8ff38-0bbb-48c9-a22d-d3816967a10d,92c343ad-f133-4df6-96ba-0ad95bd4c8eb,19535f71-5fcd-4a18-bd3e-cfc84c185788,9,played,cfd1f6e1-d2d8-43d9-9309-d0a4970d4670
4fedff2c-6786-44e2-a0dd-f5e76b5c8e20,b638f405-92dd-48dc-8e33-28017b672a42,35ea0965-deda-40b1-8ac0-f6863c03b16b,1,played,c69fe2f9-329a-4c14-8747-32a2299906bb
8de34b91-35d7-457e-97e6-7019cba3c403,2e8e0333-c8f7-4637-8b6f-6e68f2d4a276,c648b7eb-c159-441c-8571-0247a9ac5cf4,2,queued,0b555ec9-8744-4b05-bbfb-21f393030fe2
97098f02-16c5-49df-8061-f63741a16acf,b638f405-92dd-48dc-8e33-28017b672a42,31070a32-456b-4c5e-9e6c-21deb8e635b8,2,played,c69fe2f9-329a-4c14-8747-32a2299906bb
f5bbb9b8-ac7b-4651-8312-36648b5bc8c1,80e05008-3fe7-4cc7-9f85-214fbe7fb253,f1392c22-3d78-4063-84a5-a429867d2bce,5,played,a324f746-e7be-460b-8bf8-8b2bda1de1c9
491438eb-890d-452d-a7c7-cebe06d37b5b,2e8e0333-c8f7-4637-8b6f-6e68f2d4a276,6045a24c-7e8e-4e73-b103-a633995236d7,1,queued,0b555ec9-8744-4b05-bbfb-21f393030fe2
ebd6d44f-dc18-43d8-ae77-007f52fcbe63,80e05008-3fe7-4cc7-9f85-214fbe7fb253,3ed414da-af37-4b1a-bbb7-84db890dd8cb,3,played,a324f746-e7be-460b-8bf8-8b2bda1de1c9
a278eb78-3af6-4bbe-8bb9-16e8648f17b1,b638f405-92dd-48dc-8e33-28017b672a42,c0260dc0-417c-48ac-8011-e716901badec,3,playing,c69fe2f9-329a-4c14-8747-32a2299906bb
8d5750fa-d331-44ea-8508-0a6e48bfa21a,e4279fe0-002d-404c-a24d-537ecdf605e7,e963a710-1395-432f-8afc-3e7286082a6a,1,playing,dc3211dd-2bb4-4053-bee0-5c3c0f28142d
7531833f-4e56-4534-840c-4afe9f7ddb11,f2a83c06-7dcb-41aa-8c22-9d5a96b313bc,130e83b8-b615-46fc-95ac-24981fa0ddd1,1,played,9ffa7a0c-89e9-427f-92e9-7c5eefd4263b
8fea2d86-2649-4225-8655-0b0b67ebac8a,e4279fe0-002d-404c-a24d-537ecdf605e7,4f6d4169-2ca2-4651-9dc7-efa9ae2d437b,2,queued,dc3211dd-2bb4-4053-bee0-5c3c0f28142d
6ed72e4f-09ea-4300-a40d-2586f11f09ae,80e05008-3fe7-4cc7-9f85-214fbe7fb253,f561961d-266e-444e-b7ba-f1e7043048d1,7,played,a324f746-e7be-460b-8bf8-8b2bda1de1c9
b48f8942-7c2d-48cc-8821-0145f3dfb17f,f2a83c06-7dcb-41aa-8c22-9d5a96b313bc,1b10f626-0c05-4a3b-9894-34e1ba1e5645,2,played,9ffa7a0c-89e9-427f-92e9-7c5eefd4263b
249b6395-72bc-441e-a19f-f33bbdabde97,f2a83c06-7dcb-41aa-8c22-9d5a96b313bc,0307efc5-b5a1-42ee-85a6-a1f3e8ac8208,3,playing,9ffa7a0c-89e9-427f-92e9-7c5eefd4263b
2a149282-4323-4965-b4a9-c0875b70e214,8f6c9983-d796-4e80-b795-0ed155f565c5,7cff6f2d-536e-43aa-8982-32bfddecaacd,1,queued,b6010d6f-3b81-4b18-af8d-6a03c903be25
7f48aad0-979f-404c-b444-d91a397e15e9,8f6c9983-d796-4e80-b795-0ed155f565c5,7f290b17-8c7e-4ff4-8e88-71c74370cc96,2,queued,b6010d6f-3b81-4b18-af8d-6a03c903be25
dc074da8-693f-40c9-a705-563d642bf518,bb09aad5-a754-4958-a67a-d7ac87c2962a,196ef2f7-2cca-4073-adcd-a1fb6dc600e4,1,playing,c5bf4a2d-62f1-455a-a344-05f2414885d6
0bd38731-48e4-4349-a17e-2e510d3067b1,92c343ad-f133-4df6-96ba-0ad95bd4c8eb,9431ec33-d448-4de6-b988-4914b85b23c5,10,played,cfd1f6e1-d2d8-43d9-9309-d0a4970d4670
31f474f6-4dbe-429f-b1d3-6108a67a1030,9165f8d1-2c2b-4cfc-8a91-e174fb711280,11d29ea3-26e0-4b94-82ea-e090d236e9fc,1,played,a1eeb8e7-d730-4f82-a237-0e30cff78237
ec462769-4b7b-4f1f-ab92-6da000544568,9165f8d1-2c2b-4cfc-8a91-e174fb711280,e559c946-da27-43d7-8c7f-5e15e066a0aa,2,playing,a1eeb8e7-d730-4f82-a237-0e30cff78237
6e4454e4-2892-4fc1-967c-d9dcee9bf92c,80e05008-3fe7-4cc7-9f85-214fbe7fb253,fddc21ec-3b78-4f4c-9c02-733fc1ca9bfb,1,played,a324f746-e7be-460b-8bf8-8b2bda1de1c9
23fd27a3-b7ff-4e8d-af2d-cec7c313fbf0,a36e6a22-9d3a-4dc0-838e-6d0573c36a61,125af67b-777d-4e00-a584-09cf8bbe95e5,2,queued,07e69e25-b7e1-45ad-8da5-0da5bd7c6736
5f6b4782-5049-4744-af53-5a7afed0d89a,a36e6a22-9d3a-4dc0-838e-6d0573c36a61,ca55fcf0-29dc-4545-a1f9-f1943a331b09,1,playing,07e69e25-b7e1-45ad-8da5-0da5bd7c6736
ef68e737-f8df-40f2-94df-874e6baf5ab1,1034b14e-2fe0-4f14-bfff-120c0a09127f,b1a5c7ae-ba6f-4b6f-a6fa-9273e250f5c9,2,played,a8d89293-d608-49b6-ba5f-00d8e531560e
d845d6a3-807f-46f3-91f6-18b20449b279,f5e8640d-4887-4693-badc-c337aba7183d,8fec0c0a-8b6c-4858-b1dd-5fbe4d1dca26,1,played,c7eadff4-2379-45a7-be08-8a84efc76bed
2d973d26-82b8-4fad-872c-9d4144758b30,1034b14e-2fe0-4f14-bfff-120c0a09127f,72cfae92-56e6-4645-82f6-d73573d19dc4,1,played,a8d89293-d608-49b6-ba5f-00d8e531560e
79e594c9-c2a9-47cd-9d4d-a8703300a955,f5e8640d-4887-4693-badc-c337aba7183d,3b9d3543-3974-48cc-939b-4de0db9ed842,2,played,c7eadff4-2379-45a7-be08-8a84efc76bed
3dbe53a2-b4a3-44e5-b4e0-2fe06cf89387,f5e8640d-4887-4693-badc-c337aba7183d,33ccf7a1-296f-4856-8463-aa60a78593a5,3,playing,c7eadff4-2379-45a7-be08-8a84efc76bed
885e099e-e1d7-4ad3-af7e-d03bfeec1042,80e05008-3fe7-4cc7-9f85-214fbe7fb253,fec8e735-66ac-4a14-b863-4e97568f3850,8,played,a324f746-e7be-460b-8bf8-8b2bda1de1c9
0b551c81-3f30-4fe2-9dde-2844b31401b3,ec11a07f-5a0a-401f-b020-2cd3aa3690ac,103853e0-84a4-4629-b4da-cebbe1e5d588,1,playing,2ed01492-1fae-4112-818c-cc1a68f35982
d10f57f2-6dbc-4300-bd19-575e0f1649e5,08930e07-9005-4521-9ffc-5ac44f569851,9ae5acf7-4d24-44ea-927b-2d6e43081a4d,1,played,499748bf-2a12-497a-a5c7-49693cda0bd1
ce85a850-03d6-472f-8627-8eb4e75efbec,08930e07-9005-4521-9ffc-5ac44f569851,edd3119c-4274-4676-b02f-62cc189968eb,2,playing,499748bf-2a12-497a-a5c7-49693cda0bd1
cf07ea69-2b4b-4126-9b5e-8bdabdb027b4,f3628f5d-0ef8-4c47-8625-775d343ae339,2215dff2-3a77-466d-abf6-3baa8e750967,1,played,2632bd40-91cc-43cc-935c-c6a2572e412b
26bee061-9534-4c2a-aa46-a2a7f8afb7f4,f3628f5d-0ef8-4c47-8625-775d343ae339,3fbf0064-8ce2-4256-8dc8-fd099d2d24fb,3,playing,2632bd40-91cc-43cc-935c-c6a2572e412b
ac06d7a9-109f-4101-9630-ed30944a9ea3,c8836b19-077e-4659-a151-1fd8f61b18b2,5ad24516-ea68-4d82-ba66-25e2517f74b1,1,played,4dd3e074-8ee8-4f6b-b9da-675bb2c2342c
f343c76d-5a2e-4110-a46b-0e421e7371e2,d4cbe385-377a-44b6-af2c-552f7fa50a9d,8c032817-5b82-49c2-8005-57439a2b5be0,1,playing,9a291c34-d6fa-4ace-9ec7-63419ae50e51
dde502a7-5348-4a88-b939-e43c51ad8e8c,2e84606d-4bc7-4132-9a83-20f2852b9636,8c4cb40e-598c-4eff-a88f-cc20889c80e7,1,playing,f200a0de-5332-4172-8680-60d599037057
b22273e8-c039-44d2-99ce-ac4ddc0d42ea,6876c686-2223-41f2-88ba-e742f837c317,0c393009-74a3-47b9-a497-ba71c4554167,1,played,cbea8b4d-4e0c-441e-89ce-2b3f05c795ed
eea8a90f-7268-404c-9f44-622657617c18,c45259cb-e026-4db5-aa00-c35b94a28025,09ae0900-e4a4-449f-b387-0f7878a2af9a,1,playing,6033ef4a-77bd-47cd-852b-acbc2976c2c6
e27e59dd-ab48-4030-8231-f6484978a5fa,6876c686-2223-41f2-88ba-e742f837c317,9f67fa5e-4ca4-482f-89d7-f2521ca262d4,2,playing,cbea8b4d-4e0c-441e-89ce-2b3f05c795ed
7f70d79f-4b18-4b8d-b495-42309db3b57c,dbb5e6ea-7589-494b-82b8-5d214153d89e,2c7e92cd-207c-442b-8c50-463377f05c7a,1,played,1d5870f9-966a-4a83-bce6-01da2cdd1c21
2920a687-91b6-45f8-92b8-a26e5563fd43,c45259cb-e026-4db5-aa00-c35b94a28025,20a20fce-1e32-4518-b2f6-9abb9ebcd1f6,2,queued,6033ef4a-77bd-47cd-852b-acbc2976c2c6
3191d3e4-2be0-49b7-82b9-fc0e95cf43f2,5778cfad-1b29-4d42-a588-4a09bd4243f9,7dc10818-ef03-4334-9c0b-fe504da940be,1,queued,824ef688-a1d1-4a15-af3a-823f4afafb9a
760a3524-913f-4894-8554-71001ea351ef,c45259cb-e026-4db5-aa00-c35b94a28025,9ef8e8fe-6342-4749-a1eb-ca7075f03547,3,queued,6033ef4a-77bd-47cd-852b-acbc2976c2c6
e6ddc503-d607-40b3-a7c7-86484c2c0ec7,171ac767-95a4-4ef6-b109-61fdfeed39c4,b968e469-4190-4ad7-97b0-cdd16909ec9b,1,queued,2f6fc071-4ee2-4541-9367-1186dd7aaf5d
652f0055-fc5f-4e5f-b51e-4faa53537645,e3ed8cce-13f3-4ad6-a3dd-1d525393fe99,9f524e20-d262-48a9-a902-c73265a7e4b6,1,playing,d97bdbb9-62c3-41cf-8250-ef3a447926b3
c3fbfd5c-78c9-4c40-9a9b-f3a02cf73ef6,e3ed8cce-13f3-4ad6-a3dd-1d525393fe99,7fe72fa4-fee6-420d-beaf-9080f78d9aeb,2,queued,d97bdbb9-62c3-41cf-8250-ef3a447926b3
07b36200-c697-46dc-acc9-87400add698e,e8721bc7-fed1-4ded-a710-19a5dd043115,c97867e6-c87c-498e-9f42-b1c2c45a1722,1,played,f8ab0a83-e171-4035-9752-6cea3b1b0f38
a016a9d4-8820-459c-9180-b91338a6f8f4,80e05008-3fe7-4cc7-9f85-214fbe7fb253,d629a762-2791-4b49-a235-80f4b7331822,12,playing,a324f746-e7be-460b-8bf8-8b2bda1de1c9
0e80b133-0855-4e96-b4fb-9cd0b37c9eb0,c45259cb-e026-4db5-aa00-c35b94a28025,db4c7ce9-7c92-4405-b47d-6b3f575f77e3,4,queued,6033ef4a-77bd-47cd-852b-acbc2976c2c6
058fdab6-56df-40ef-8540-668402db98fd,14982930-afcb-4069-91b6-d26f6a64682e,978a4996-4cfa-440c-9943-933dbf583d1b,1,playing,00aba9a1-63d2-4bb0-adbd-d37f0a9c843a
88c14efd-008e-4417-b9c6-0c42e7e8f305,f3628f5d-0ef8-4c47-8625-775d343ae339,e9d7cf8f-089a-4912-872f-e8c1a79bf871,4,queued,2632bd40-91cc-43cc-935c-c6a2572e412b
71c4df00-1d12-4dbb-820e-5c564de2fbe6,94f4f223-f773-4f0c-8969-b089ebb04fdf,2bf78f29-4aae-4b61-8805-c5747004a344,1,playing,818e1e88-79dc-4068-ad47-8ba11e793042
cd5b5119-99ef-43ee-8eaa-d9995c948252,b8739838-6573-4c6e-898e-ca02ceeb2112,a255aeee-a186-4789-892e-f3506ea6a50f,1,played,24d2e18c-8dd5-4428-8476-075fd960e0df
386faf94-a639-4f8a-9958-b8f6c22528a0,b8739838-6573-4c6e-898e-ca02ceeb2112,9a6b2942-266c-4c6a-970f-a3a364e24a65,2,playing,24d2e18c-8dd5-4428-8476-075fd960e0df
a2f3e700-37ce-4861-99c6-db15c5f09c6c,a2c22081-fe36-4704-8d7b-a3a091eadca4,7023a406-3dec-4eda-acf2-bda6f5a66f4e,1,playing,69b2b7d6-ca25-472e-9caf-262ccff50b62
6a4e178b-41c2-4604-a38f-f9ede755b108,a5999f72-cea6-46ca-b781-4b9e208b4880,cff2ef61-4d99-4e25-b9d6-6e65bcad6dd6,1,playing,53cdf470-cbaa-4a04-af5a-d2597302a679
3e179ba6-55b8-4198-8894-89baae0fcac2,c45259cb-e026-4db5-aa00-c35b94a28025,28febdd7-69b3-425f-a30c-796e87f2c7c4,5,queued,6033ef4a-77bd-47cd-852b-acbc2976c2c6
ef12319a-2beb-4a91-9f7a-1318c725736f,c8836b19-077e-4659-a151-1fd8f61b18b2,18f731dc-f867-47c3-8c00-9c1b081b07a0,7,played,4dd3e074-8ee8-4f6b-b9da-675bb2c2342c
75e7612e-2c70-42dc-9a5c-bf13417984ab,5af0c069-e6fa-4069-989b-b32bcdb8fc4c,c87e6c3e-ea5c-4c59-ba66-8b247b3a2a0d,1,playing,22faa151-a3ec-4707-a28e-40ed154e3762
f79d8c92-bff5-4fcc-ada3-7b0f6529dd64,a4c1ed29-0175-403f-99a5-505931fa90ae,cab8e446-544d-430e-966d-de2e9f14363d,1,played,5d0bf472-1e26-4342-a745-6660b5b76e95
0c26da49-109f-49bf-8ebb-d22ee6e8217b,9ebe1fed-7de7-4d4c-bb0d-e161d2a34cf0,ab8eecac-a904-4781-b08f-5a4739545358,1,playing,39f09751-eff8-4b73-bcd1-9e5ca07fbd2e
250c4b29-1b2f-4154-9885-0b4bcd4f23b9,a4c1ed29-0175-403f-99a5-505931fa90ae,49e5f88c-2e08-4566-b245-e0a15deeb985,3,played,5d0bf472-1e26-4342-a745-6660b5b76e95
0d5536cf-ed5d-4c7a-a9a4-f2d27bbe7c02,a4c1ed29-0175-403f-99a5-505931fa90ae,4baada38-a5f3-4d79-b5b9-429233c8eb87,4,playing,5d0bf472-1e26-4342-a745-6660b5b76e95
f89f806b-2e92-4026-8c25-e80c28a7102f,c29d0cee-3218-468c-ae99-6fc375470764,f7219eaf-93d8-4bc8-9dc4-ac60e90d51f6,2,playing,a8d89293-d608-49b6-ba5f-00d8e531560e
e49b5810-0804-4dd7-af5a-fc4dd1b77424,c8836b19-077e-4659-a151-1fd8f61b18b2,ca05b38d-4713-4667-8c1a-25bc3a93427c,6,playing,4dd3e074-8ee8-4f6b-b9da-675bb2c2342c
3691e880-982a-4cde-8fcf-165701de6fc0,c8836b19-077e-4659-a151-1fd8f61b18b2,ba5cf2ce-829c-4aee-a5f6-54385cbb7fdf,4,played,4dd3e074-8ee8-4f6b-b9da-675bb2c2342c
4593dd53-e10a-4e9f-9b72-7a808ca330b9,c29d0cee-3218-468c-ae99-6fc375470764,6b3c3ba9-b958-410e-a7d7-cb8ce6ef500b,1,played,a8d89293-d608-49b6-ba5f-00d8e531560e
f9097436-f0fa-4b1f-9310-4b3c9c49cda8,80e05008-3fe7-4cc7-9f85-214fbe7fb253,a46037c5-d8b0-4c7c-9eee-c88627bd31e4,13,playing,a324f746-e7be-460b-8bf8-8b2bda1de1c9
aef8a332-9c69-461a-b3ab-0a742a431a3b,c29d0cee-3218-468c-ae99-6fc375470764,e0944faf-5533-4520-a6de-8367258b6651,3,played,a8d89293-d608-49b6-ba5f-00d8e531560e
def04a06-ada9-48ee-8133-c6335a14d91a,9e2b5dbd-02b9-4f46-8063-c366ecfd6289,a4139bac-6704-492a-810b-acd670bd4061,1,playing,db205e79-1d35-4dca-9d49-02af75e67fde
3ca5352c-c54b-491d-847c-14917b97681d,92c343ad-f133-4df6-96ba-0ad95bd4c8eb,34df8cab-e6ee-49b0-8d35-7e5adf07b360,12,played,cfd1f6e1-d2d8-43d9-9309-d0a4970d4670
f30cbdc8-854f-4b31-b007-0e1130d8f1ca,92c343ad-f133-4df6-96ba-0ad95bd4c8eb,1fcfa37c-74c5-414f-bd49-01b2c7655a13,11,played,cfd1f6e1-d2d8-43d9-9309-d0a4970d4670
434bd6e4-5e9f-465e-a35d-b7cbfbd093d1,61e279d3-d3ba-4a19-b2e4-dcd8db56345b,db9eb7e0-b73e-4ae9-bce5-6dc84c9e7e23,1,played,a8d83872-5929-4688-bd0e-14ab12ebe4ca
333ca972-eb0e-4b11-9fbc-efbb84bf5c9d,215fd048-2dcc-4698-8aed-94f6b21f0be8,7ad69ba3-6a28-41e3-81a5-51f5a5d034f3,1,queued,94090eb4-3082-4146-87ac-a070ee289739
045eb074-ec7a-4990-90ba-11b6f14a1010,58aa08af-7d47-4d70-a3ce-af8e6dcd8f69,a205d41b-3ee5-4f90-8e51-e41faeda1345,1,queued,9a32538c-58ed-41b4-83a7-8c5281cb6ef7
ff5e34ac-62a0-4216-9b04-7887c91572ab,c8dffe18-625f-4839-991b-01702358cae6,09d5d8e9-76b3-4c26-9df9-c2a378cc09f0,1,played,441a20aa-302a-42f3-b276-a1019bbbbc33
6adde228-42ca-4070-aa33-42bc01ec19c4,58aa08af-7d47-4d70-a3ce-af8e6dcd8f69,40fd5cdf-06c4-473f-a7e5-8f0ef7067746,2,queued,9a32538c-58ed-41b4-83a7-8c5281cb6ef7
74823b20-8cb2-47f3-a30d-c9011ac2dcd9,5c4e965e-8adc-403f-b17f-ae873dd41bf2,b5c42d68-11f9-4e2c-b5b6-5b70a76ec030,1,playing,b0bb4f47-a4d3-4ad3-8c35-88a8675a9cce
f5e6ecc8-bf16-42cd-9154-13ab06a1f7e3,92c343ad-f133-4df6-96ba-0ad95bd4c8eb,b53a7a16-fcd0-47ae-9697-21e536a16a60,13,played,cfd1f6e1-d2d8-43d9-9309-d0a4970d4670
8f0b176b-0861-4c75-ba2f-a8393c2979eb,61e279d3-d3ba-4a19-b2e4-dcd8db56345b,d433b0f2-2981-426a-945e-1d95d48a886a,2,played,a8d83872-5929-4688-bd0e-14ab12ebe4ca
834e1146-ff23-4433-a0b5-74d57e5fd212,decfb4e9-c6ef-4df2-b849-d95c72d9cef1,fbfdbbda-10f7-499e-a0fc-69eefb30b85d,1,played,bfb120ea-576b-4048-a45d-9a7b5fbb4619
2dba73fc-73f3-4d2a-a13f-cfae9d30bf90,decfb4e9-c6ef-4df2-b849-d95c72d9cef1,b60ff544-a55e-433a-b2af-10c3adda6ae1,2,playing,bfb120ea-576b-4048-a45d-9a7b5fbb4619
bbad6aa8-0419-4987-b1f8-3f640546e1d4,c8dffe18-625f-4839-991b-01702358cae6,e3d9b4fe-2658-4c5b-93fb-0d83d2862b05,2,playing,441a20aa-302a-42f3-b276-a1019bbbbc33
3daaed11-1608-49ce-9225-e32df258a52c,decfb4e9-c6ef-4df2-b849-d95c72d9cef1,e3906336-e021-49af-a36b-5a4f4256be69,3,queued,bfb120ea-576b-4048-a45d-9a7b5fbb4619
ce8dde84-093a-4fe9-964a-c4c97eee6f1f,decfb4e9-c6ef-4df2-b849-d95c72d9cef1,40fd5cdf-06c4-473f-a7e5-8f0ef7067746,4,queued,bfb120ea-576b-4048-a45d-9a7b5fbb4619
040bb66e-c1f1-4b7a-82a9-04c58f6167ed,922dbc58-35ab-4610-bf73-2f4a61f7b5bd,375c977e-4e1b-4af9-83da-4b6ce6f047c0,1,playing,ea94c50d-161d-42c9-a21b-13ff87856bcf
23fb48cf-cb09-488a-b46b-9e31a69ae344,a7a979f6-b382-4a6d-8acd-caaa83a707b4,460878de-1fb3-4247-bfbc-77597ae63321,1,playing,66b88f6d-a967-4d9e-847c-b7331cbe6cbb
4c7f1cba-b6f2-4f28-8d97-c68a738aec76,a99d7dd3-b8aa-4754-bf2d-3e9cd01f2d73,949f1f1a-7006-42a9-b529-dc8203f7763d,1,queued,fa0a0e91-2d04-4a69-a5b6-58d72c775a96
d0a7e412-88ed-46a3-96ef-d804a2f17975,922dbc58-35ab-4610-bf73-2f4a61f7b5bd,9c879cd9-7a95-4b76-b8d1-485cf610cdd1,2,queued,ea94c50d-161d-42c9-a21b-13ff87856bcf
a71a307e-4099-40ad-a334-33fe5f05ba79,a6020d25-8a85-4300-afb6-f11ffa629fd7,8fa5bf98-50dd-4469-99f9-2f79d6c83a41,1,playing,5593502a-216d-46a1-a00d-e8a7c216c91c
b15676f3-c085-4ea3-a945-4ce3584335a3,4baa10c9-ec43-46ac-82ac-f400602a7d98,8b274ed0-d3d5-4b37-9225-58ea52b537be,1,playing,0286b2d6-c5d7-4b3a-a388-76cb5e290082
69de5fec-760d-4b18-b6a6-9e0d7ac089b8,3051a631-7566-4a56-8463-e25c4383b890,a5036af6-a655-455e-909e-3756f5aae3e5,1,playing,8716925b-8366-403c-8896-0e261f34941a
f4c655ac-5bf1-4d73-9eb6-acb7664b6d96,e20c1a21-e4e1-4152-8877-00e85536257a,745c60db-13fa-433d-8de2-4f0d2ca52378,4,queued,406e2b2a-0e70-4418-8b22-015f7ad8a74a
a07c2bd0-0bd6-4181-8542-1d6809726ebd,4348d1ca-b244-4e31-8fda-e26efb8a2ec2,fbfdbbda-10f7-499e-a0fc-69eefb30b85d,1,played,bfdff01a-b7a6-4a9b-ba03-98e02f168eff
56b71ffe-c7be-4c5c-99e2-811c4ace12b3,4348d1ca-b244-4e31-8fda-e26efb8a2ec2,76ec6905-69f0-4c67-a551-57ef3a5fe643,2,playing,bfdff01a-b7a6-4a9b-ba03-98e02f168eff
288bea42-df16-4192-9299-bd2d003eeb88,ddee7106-899b-404f-af64-2b59ce7748fb,02b82944-c50f-44f9-8161-c9483e855aa0,1,playing,9a492e37-2a1a-497d-8110-09a3f46155ec
8de2a9d2-1790-4c03-b724-b2298d351b0a,423b7d6d-4eeb-409a-bc40-97084330c0e5,36dec0b8-2531-4003-8092-e6fb920fc63b,1,playing,72560320-a700-4dc4-8fa5-cb2dbe2462eb
d72ce934-6da4-47e0-a851-da19e2972d34,7b3f79ca-17b6-4d05-af45-f67ed9281434,dafe7cf6-5104-4577-81b7-558ad577faa0,1,playing,ba9c6e18-d452-44b8-ae7c-28c2d70ab91a
c5dad81c-4d18-4ad6-9b43-acabede2c678,aec6be0f-de6a-4c7d-a92a-8fe58d9c7a8d,ee35d68f-44f4-4257-8426-3200c6a46126,1,queued,8db7ffba-65aa-4788-a68e-876f6e35522a
20871455-4191-4689-a62f-40241a0fec58,423b7d6d-4eeb-409a-bc40-97084330c0e5,649e523b-0b64-4ddb-b8cf-e45eb296a9f7,3,queued,bcaaceee-5179-4b8a-ae05-16cdd5396bec
cd1f3451-cad5-490d-b1cf-f6aca147f1e5,e0b44604-b4fb-4094-bc67-8d414a13e80a,5c90e9c0-3b12-4e33-92e8-61f25d836cf9,1,playing,6e5f01e3-0598-400d-9d0e-f1af5aafbbd2
d66f51e8-ed31-4bf0-b8a1-a30612f70018,7b3f79ca-17b6-4d05-af45-f67ed9281434,a8f71c18-1702-447a-b48b-c8bfd03985cf,2,queued,ba9c6e18-d452-44b8-ae7c-28c2d70ab91a
327310b7-2ae8-4c9e-a476-a8d525ae42d2,c8836b19-077e-4659-a151-1fd8f61b18b2,a47509d4-d40a-46fc-b1bb-d79a577f65d4,5,played,5f0e0e97-52d4-4cf2-bccd-3cb7d660c5fb
91a9962b-d318-4ecc-af03-e464af262d79,92c343ad-f133-4df6-96ba-0ad95bd4c8eb,e3bc67b7-ce80-4c90-a741-e644399a81b0,14,played,cfd1f6e1-d2d8-43d9-9309-d0a4970d4670
df369ef5-dd96-407e-bf25-ee65ea8e53b3,e0b44604-b4fb-4094-bc67-8d414a13e80a,5f9069c8-de57-4474-94ea-d42ae1b670aa,2,played,6e5f01e3-0598-400d-9d0e-f1af5aafbbd2
27791717-e132-4745-a597-91b644669d5e,d652ad44-6854-4fe9-95cc-659d92f363c1,fe4d9cfb-ed32-4389-976e-6ca08875841f,1,played,12c5f4f1-a1ee-45d3-ac80-0d85c29972df
96354f25-bc50-44f1-99f5-fdf3c4f30c47,d652ad44-6854-4fe9-95cc-659d92f363c1,cc660c2f-e5f8-4f78-bc66-67676171a729,2,played,12c5f4f1-a1ee-45d3-ac80-0d85c29972df
a1f2f93d-36b6-488b-92d4-2c398cf642ca,d652ad44-6854-4fe9-95cc-659d92f363c1,c6de80fb-a3c4-41bc-918c-6d8493235af0,3,queued,12c5f4f1-a1ee-45d3-ac80-0d85c29972df
40a60aaf-2028-4cbb-986e-8748cb2e1155,d1b4348f-a9ca-4eb7-ae46-af233efd7d43,96ea8794-c5ec-4724-89b2-9cf3f4c61a24,1,played,76d8a7fc-fe57-4b4f-94c9-85bf6b8ee786
83a093bf-e57f-4852-ab32-4b524ee3bf09,e0b44604-b4fb-4094-bc67-8d414a13e80a,8c1d2fae-7ded-43eb-b2a4-5cade1b2e338,3,played,6e5f01e3-0598-400d-9d0e-f1af5aafbbd2
209b1f33-fbae-442f-be17-55d1e8b9ba40,f3628f5d-0ef8-4c47-8625-775d343ae339,b10151a1-a431-415f-85de-b0e14e9a3f99,2,playing,7062d227-a628-4f8d-8e6d-a381cf5ecff4
b59697a1-dd62-4b0d-9d9e-c82f14389b3f,d1b4348f-a9ca-4eb7-ae46-af233efd7d43,21674eb6-883e-4b10-b112-692aa510674a,2,playing,76d8a7fc-fe57-4b4f-94c9-85bf6b8ee786
479e5ab2-3bcf-4577-b99b-6db6301005f3,8acbacf0-fb1c-4fd4-8401-a8c819c43f56,2158d209-1b68-4291-807d-3177cd3855a3,1,playing,79294337-ddc7-4f28-83d1-8b6ff02e6dc1
19be3d0d-ed2b-4f57-b010-477f9391dee7,c021a4b1-b956-4d2d-a4bc-6f36342e2bb6,787066fd-2afe-4e85-b748-a4147efcf769,1,queued,a3f01e76-06da-48e3-8f43-a27bfe72eded
025533b1-25fb-463e-a883-77c69f94e0d6,aa492be2-437c-4a0f-b539-0c2f3bcece9b,0157fada-e65b-4139-b0cc-bf521c2d954a,1,queued,4ae7884b-a384-4bd1-abc9-eef5e6536254
348e487d-2455-49cc-b2f7-96b23f4afb05,d74ea542-9e1e-4fcc-9ac8-d28a85450266,9a2bf767-678f-45e0-be00-ffa5f921910c,1,played,cbea8b4d-4e0c-441e-89ce-2b3f05c795ed
c7e23573-23ac-469a-a166-b046e6807725,24386137-7d59-4411-a489-c66e6e2e4077,e4f323b0-a220-4e8c-87c7-0b5928775949,1,queued,01ab9ecb-d1e0-41db-90fe-da51f9e87396
d1871c8c-88fe-434b-81ae-72dade91b969,d74ea542-9e1e-4fcc-9ac8-d28a85450266,5b1305c9-36b9-4f47-b54b-1e6eb90273af,2,played,cbea8b4d-4e0c-441e-89ce-2b3f05c795ed
e57a58fa-ca71-478c-9896-0b8f230bbf21,8b6dc1e0-9366-47e2-a689-569d47dbd5f3,3e74b3d0-0037-4698-8c0a-45699ace1f14,1,queued,86f13d54-75a3-4ade-bac4-fa934995806a
fb04ae21-42b6-43b3-996e-82abcd3fbad1,bdaed81e-b779-4feb-90a0-67e5a1939eeb,0cc204b3-8860-45b8-9d66-7a3f6666c15c,1,played,7883698e-81ea-4cbd-9d8c-beeedfeab116
fab879de-cac0-4c32-9a8c-59f8f3d9f0b5,92c343ad-f133-4df6-96ba-0ad95bd4c8eb,2e149304-b532-434f-9275-b4b8e8c917ef,15,played,cfd1f6e1-d2d8-43d9-9309-d0a4970d4670
a7fc4efe-4e7b-444a-a9ce-8c6a90f88481,9e9093bf-1d1d-4c27-b375-6450337ba9ce,a34507f5-af11-4ab3-81b9-96901a402045,1,played,6adee161-4a66-459e-9751-84b74fc96563
53edccd8-58a1-4e7b-af18-f5a1938476a1,0afb801c-36d7-4c6c-831e-b10ea84d3da3,45acf8a7-538c-49db-8f02-56b8e82fb4b8,1,queued,ea340c5d-4928-41b2-8c20-258f69c6994a
80fc2829-2009-4fdd-8497-9c7e8b482ced,9e9093bf-1d1d-4c27-b375-6450337ba9ce,ff52c0be-3d8f-4050-b63f-adf4d44f0bd0,2,playing,6adee161-4a66-459e-9751-84b74fc96563
2dada946-c767-43a2-8836-672e9362e862,3ad89a07-0e08-4864-999e-a83cb762c5fd,f2e0a3fd-f078-4815-86dc-a3c638d4fc4d,1,playing,fa91035a-6b2e-4807-91f3-26373dfb4d35
8df5241a-2eba-425d-a71b-b04f933a4bb1,0d2bc981-a6f5-4917-ab9f-7a7c618f408d,7a2df08c-778a-4470-8790-6d3ceda592cf,1,queued,272bef4f-90de-4cc9-9523-df5b3ea63a0d
36629f08-bb6c-4473-ae44-88ef0d99b974,3ad89a07-0e08-4864-999e-a83cb762c5fd,c9a9dd96-9f0a-4c74-a06a-dfdfafcc59b6,2,queued,fa91035a-6b2e-4807-91f3-26373dfb4d35
8fb9b014-288e-4a99-9ec2-4a117ef93fd8,3ad89a07-0e08-4864-999e-a83cb762c5fd,15da5519-9b40-42fd-89da-ad4e7503305d,3,queued,fa91035a-6b2e-4807-91f3-26373dfb4d35
9eef26fc-bf13-40d8-80f2-fb52b472073e,63909a93-d1f5-48aa-9eea-18189107a5ac,2e64d530-cdb1-4733-b54c-1c94dd57fb97,1,played,82978208-ddfd-4e8d-b675-150eb7a2017b
d51af829-8520-497f-a2ae-af9b26258d1d,63909a93-d1f5-48aa-9eea-18189107a5ac,78ae93a6-8e6c-450d-90f5-b2f40f0b5859,2,playing,82978208-ddfd-4e8d-b675-150eb7a2017b
767276eb-3667-4343-bfcc-04611325c06b,dbb5e6ea-7589-494b-82b8-5d214153d89e,c9f52151-d7ec-4ba2-98d7-e1c7da2144b6,2,queued,918d3a8a-ef9a-4887-b5cb-feff2a7d170f
7b7bed22-4ab7-44a8-b141-d54bfe524ff7,ebd82c11-7b3a-4454-94a2-830c20183e15,1ee5af4e-757d-4162-90aa-c15488a7b3e9,1,playing,2ff33a70-3ec2-4ebe-b6c7-9ebe00b9c0e0
a22187e0-9b6f-4242-a1c8-9b0f1434ef71,2ecd7b42-9d26-46de-bb96-071d52057042,9c5feb34-48dc-4fef-bbf5-931af4df75b5,1,played,3d918438-5634-4abc-9160-e5bbc5e63154
2136c405-9229-4463-83a6-238bb5a3623b,0d5920fb-4be0-4167-84a0-ff492e168711,ffa644d6-2868-478d-aa60-5642688612ac,1,played,aa8f92fd-e567-408e-8c9e-212b53881262
d1c36571-13a5-411d-bc8f-597cb689deff,8b6dc1e0-9366-47e2-a689-569d47dbd5f3,1940e6b5-ec92-4c7c-ba73-66cdaf261eed,2,queued,6033ef4a-77bd-47cd-852b-acbc2976c2c6
93d64198-9b74-4732-8524-a87d14cbf7f7,0d5920fb-4be0-4167-84a0-ff492e168711,014b9f34-7133-4a33-b043-180d08b7db2f,2,played,aa8f92fd-e567-408e-8c9e-212b53881262
b2bdfc69-498e-4ed3-81e9-74d0ba18f86f,2ecd7b42-9d26-46de-bb96-071d52057042,e7098815-3ee7-4cef-b31b-8f01f47258f4,2,playing,3d918438-5634-4abc-9160-e5bbc5e63154
90d97e25-e1c3-4444-8500-929c6ee46759,0d5920fb-4be0-4167-84a0-ff492e168711,8f4cda64-a761-4c50-b7b6-f305f9324cb2,3,played,aa8f92fd-e567-408e-8c9e-212b53881262
a6d06517-8438-4146-b651-23f8b15cd8aa,2ecd7b42-9d26-46de-bb96-071d52057042,a6ccb744-97d6-4730-b71f-0cfcd61d0e55,3,queued,3d918438-5634-4abc-9160-e5bbc5e63154
82cca142-100e-4d11-a953-d183fc1c4560,0d5920fb-4be0-4167-84a0-ff492e168711,4570d7df-e673-4601-a8e1-fd13591fd798,4,played,aa8f92fd-e567-408e-8c9e-212b53881262
befa2462-acb8-41c2-bffb-25493768af27,24bdd2f3-e3ff-4404-94a2-cae3ee14a6c1,6947cbf6-a10b-47c7-8cfd-e4559fdbe06c,1,played,a130018a-e3f2-4c4e-ab84-94c8662bb70f
49ffbbf2-8274-48dd-9c36-74674e365f51,0d5920fb-4be0-4167-84a0-ff492e168711,b4400b2b-9f81-4b50-8765-2e443c1222b0,5,played,aa8f92fd-e567-408e-8c9e-212b53881262
fd04330c-6a98-4888-aa06-999fc490aad1,0d5920fb-4be0-4167-84a0-ff492e168711,408dc310-d56e-49b4-9e71-2e2dd06e1958,6,playing,aa8f92fd-e567-408e-8c9e-212b53881262
0ca2a748-35ba-4aa4-864d-0b1c0210ff15,a2087ef7-431c-4c35-a508-8b6c3c33b1f1,31f7d1e9-5742-4d86-8c4a-2a3a600e8e14,1,played,85fb31a2-037e-40cc-9600-04d0c38d40f3
1f300003-cd11-4852-8ade-7a3efd9af53d,766570f3-ca25-43e3-b685-88efa58a62ce,679afa90-6354-4679-8c34-9ec76c7b7e68,1,playing,d5baa314-6c87-4405-b604-f44d669b48f7
7161989b-83c9-47ae-92cc-fb043fd245d3,dacb0ed4-d577-4995-81de-21f2073556ae,4cb1c6e7-27ce-4548-b322-a5d17ba6fa32,1,playing,f742e58b-e4b3-4294-8c8a-26b06203fdb6
bd6a3402-ea7f-4f5e-9255-2faaf6984c4f,766570f3-ca25-43e3-b685-88efa58a62ce,f3e7ab2e-ad2b-458d-8621-53fba4230b2c,2,queued,d5baa314-6c87-4405-b604-f44d669b48f7
d5bae2a1-9176-4ca6-8cf4-2d84a89a86a2,766570f3-ca25-43e3-b685-88efa58a62ce,81613082-5f41-4e60-9fa0-59328daf4690,3,queued,d5baa314-6c87-4405-b604-f44d669b48f7
88b3e1c4-6b35-4c3e-946d-20017b7d08e4,92c343ad-f133-4df6-96ba-0ad95bd4c8eb,6cce3f91-2087-4307-8e23-29f1652a3d7f,16,played,cfd1f6e1-d2d8-43d9-9309-d0a4970d4670
f15d77dc-8e96-435b-af5c-ff7ce0e2fe55,a2087ef7-431c-4c35-a508-8b6c3c33b1f1,117b8751-cc6b-4cf9-98c1-516abbfadd96,2,queued,85fb31a2-037e-40cc-9600-04d0c38d40f3
5401db1f-148f-44f4-9215-de0244ed6c65,766570f3-ca25-43e3-b685-88efa58a62ce,5a80c311-b084-4857-bbe6-8b826d251461,4,queued,d5baa314-6c87-4405-b604-f44d669b48f7
a1d34c41-28cd-4beb-9ad9-6fc2ff69904b,766570f3-ca25-43e3-b685-88efa58a62ce,381a7bda-2cdd-444e-973d-8b50725beae9,5,queued,d5baa314-6c87-4405-b604-f44d669b48f7
af99bc09-ea9f-4962-b37b-057e6f3752f1,766570f3-ca25-43e3-b685-88efa58a62ce,136336e9-f294-4ec7-9c28-73fb36d23b00,6,queued,d5baa314-6c87-4405-b604-f44d669b48f7
7bd3985d-c0b3-44fe-bd59-7f2badc36b5d,766570f3-ca25-43e3-b685-88efa58a62ce,6a621c9d-e29c-4b89-bcbf-1f71211c900f,7,queued,d5baa314-6c87-4405-b604-f44d669b48f7
96e6444e-6259-49d0-89b1-82854f6d6cd5,766570f3-ca25-43e3-b685-88efa58a62ce,17835eab-f292-4416-bb25-e193cc64619c,8,queued,d5baa314-6c87-4405-b604-f44d669b48f7
1ed2c8b6-fa42-4944-88c1-2c3a3e4eada3,766570f3-ca25-43e3-b685-88efa58a62ce,94bd0fa9-21b5-46e8-9544-dd885bf8ddd7,9,queued,d5baa314-6c87-4405-b604-f44d669b48f7
f2c39720-5572-4da1-afc4-5665dd645673,766570f3-ca25-43e3-b685-88efa58a62ce,f51038d1-6099-4889-b2b3-a2142fc36b03,10,queued,d5baa314-6c87-4405-b604-f44d669b48f7
d47f9b6a-40bd-47b4-9195-3b56dc9a5a39,c3ebb7d5-3bea-4b94-9c88-feded62e35d7,df6567a2-9d9b-4c9d-aa2c-73b773b16465,2,queued,68a9bba1-70b3-4c5a-9159-b37c927d05e2
82b7c0e9-4a4e-4fb5-b348-3b28d41876ac,4cb3179b-980b-48a8-8782-33041c7126fd,9fe00eee-ebf4-4efa-b510-c8c80cda28e8,1,queued,b72be3a7-d32c-4e7f-be32-e6dfe78a928d
832b985b-682d-4a0e-9490-b8976f9b3280,4cb3179b-980b-48a8-8782-33041c7126fd,66e08c23-2101-471c-9d87-0abf3e0835bd,2,queued,b72be3a7-d32c-4e7f-be32-e6dfe78a928d
68299814-d477-44a7-a2de-be1f8bbb2ed4,4cb3179b-980b-48a8-8782-33041c7126fd,64941da3-67b8-48ce-9fa3-41994eb6f16d,3,queued,b72be3a7-d32c-4e7f-be32-e6dfe78a928d
99ee1fa2-3246-4a5e-b7ae-262c9b95737d,ddd8e295-64c1-4fe5-af3c-7171ac4d797a,ab450ac7-1589-40f7-85df-f3473ce59cac,1,played,dddc10ca-f6c7-4fee-bf52-69ca40bbac44
3f712543-0d27-4ee7-9c72-16cd324a6697,4cb3179b-980b-48a8-8782-33041c7126fd,96a41de5-037c-4397-b79e-998bc8f99475,4,queued,b72be3a7-d32c-4e7f-be32-e6dfe78a928d
ee8cc0fa-2d48-4f30-90e9-e7dae7d4c161,4cb3179b-980b-48a8-8782-33041c7126fd,d5f1f061-c98d-4880-8f96-0cd04b68f7f8,5,queued,b72be3a7-d32c-4e7f-be32-e6dfe78a928d
b3f2b93c-f3b8-4ccc-9343-487733594f7e,d9dce9e5-46b5-4704-b13d-505fb4301e54,ed716a8d-f753-425d-a05b-6590060a03d5,1,queued,1b565eb4-a94e-4bd7-952c-047dc666e274
1f5297fa-43b8-4532-919c-a91b3a6c8425,974469d5-b1e7-45f2-8466-0e9acd1d27bb,4987bc9c-eecc-4d0b-9bac-c67615f6b981,1,played,e2e5468a-4bed-4de0-a581-dd7cab8ade87
fcac9832-51aa-47fc-a3ec-afd6e86e93c6,9e4b6919-20bf-4fa1-ac7c-2a1082b6baa0,2c4023b2-7a3f-44ee-af54-dcc7d372d3c5,1,queued,2cc956a2-d455-4bf3-a275-6e605911ebaf
92fc7cc2-a862-4212-bcec-50ae182c53d0,9e4b6919-20bf-4fa1-ac7c-2a1082b6baa0,2fe4cbeb-db47-44f1-9e03-a3dc7aedd6ac,2,queued,2cc956a2-d455-4bf3-a275-6e605911ebaf
612d5af2-427e-4c72-a755-f3bac8b9db15,14e0486c-8c58-4ba4-a0a9-6593dc1e4453,7a1e2de4-026c-4130-a18e-c6d1dc4dbae2,1,played,79a045d2-d9ac-4294-b87e-f974778f286a
6b4ea0c6-bd6c-4b7c-8c82-5418cb707d8e,61bdc932-d4f6-4d14-8732-82cf42010ee7,da8b3560-8d62-4bc7-a725-9ffd472efd70,1,played,50a41459-f9df-463c-b3cb-24adacbd2143
40a1e009-b8df-4b7f-957e-508a0a57c6e7,61bdc932-d4f6-4d14-8732-82cf42010ee7,af1543ee-3289-416c-8ef3-6567587a0c54,2,queued,50a41459-f9df-463c-b3cb-24adacbd2143
398a5d7e-edb9-4610-89f3-35dead077bd0,c660b363-29f8-47e5-942f-e0533d87a386,1c78854b-7d3c-4dc8-8a9d-9d6ecaa989fd,1,queued,de9e3d9e-2d18-4d98-8693-ef611daaa55f
8a5e1d06-fe85-4c5f-8d41-17a291525e51,14e0486c-8c58-4ba4-a0a9-6593dc1e4453,53f158d2-a901-4fd0-8a5b-ac1d7dba45c9,2,playing,79a045d2-d9ac-4294-b87e-f974778f286a
9911d659-e45d-4629-a773-d32ea7bb106d,c660b363-29f8-47e5-942f-e0533d87a386,27d611b9-0299-4039-a17b-601f264f81fd,4,queued,de9e3d9e-2d18-4d98-8693-ef611daaa55f
b4eda746-8f09-498a-9a18-00adde542daa,c660b363-29f8-47e5-942f-e0533d87a386,84d24844-8b10-40f3-834c-dc999c18e44c,3,queued,de9e3d9e-2d18-4d98-8693-ef611daaa55f
9e8e8437-8646-4df3-ac77-3808c81043de,c660b363-29f8-47e5-942f-e0533d87a386,f97af049-9471-4c28-9090-be0b7271e901,5,queued,de9e3d9e-2d18-4d98-8693-ef611daaa55f
c43e422c-b6c3-442e-84d8-d46147533d27,c660b363-29f8-47e5-942f-e0533d87a386,6f9c6378-1eae-4235-b72f-f32d6dce2cbd,6,queued,de9e3d9e-2d18-4d98-8693-ef611daaa55f
2df28bd1-a0da-4656-85f0-f59118b28ae7,c660b363-29f8-47e5-942f-e0533d87a386,98b3158f-9ba5-4f22-b951-cb052e9785b3,7,queued,de9e3d9e-2d18-4d98-8693-ef611daaa55f
c696cd66-d98a-4814-8e39-dca6fa9b779b,b99cc5b0-36b8-4cd7-a87f-a36df194e9c8,ae647835-9390-4bf9-865d-b9c7872b159a,1,queued,7dc79671-554a-4cf6-bd9c-b64c66ae4dc8
3f69ade1-077d-41e9-a5a5-094f470adb6f,b99cc5b0-36b8-4cd7-a87f-a36df194e9c8,d18785ca-d770-464a-b105-2ce55e493f70,2,queued,7dc79671-554a-4cf6-bd9c-b64c66ae4dc8
a6fbfb43-686d-48c6-b339-83affdeedc46,c660b363-29f8-47e5-942f-e0533d87a386,34ca3817-9361-459f-bded-78edaf701cd7,8,queued,de9e3d9e-2d18-4d98-8693-ef611daaa55f
50047037-9158-4962-aad6-126e1b069553,ac44b898-f165-40a3-a904-1083d4da4cb4,1380f3d3-5bb7-404e-9076-7403f2cd7fd3,1,queued,c949577d-d419-40a6-ac28-7bc08965df33
84b5791e-fee6-4412-954b-c3adf0e060a5,c660b363-29f8-47e5-942f-e0533d87a386,cabe1d90-dbaf-4e0f-9715-6c5d5d93cf4b,9,queued,de9e3d9e-2d18-4d98-8693-ef611daaa55f
e6649e59-9e22-4334-99c5-0a42e67baacd,3408964b-2748-4cf0-85a4-b6e86f554327,28f14889-2ee3-45b9-91d4-247745bb3b4f,1,playing,3c536dfb-7f4c-49f7-bf85-cd1a003578cd
2eb4707d-05df-4fa0-8fcc-41322893cd17,c660b363-29f8-47e5-942f-e0533d87a386,037c677d-5680-400f-82a2-46339616ba69,10,queued,de9e3d9e-2d18-4d98-8693-ef611daaa55f
ceeb0c44-9659-40e3-8066-a3c15d048448,c660b363-29f8-47e5-942f-e0533d87a386,6d48106e-36f5-4270-acf2-787ef0698057,11,queued,de9e3d9e-2d18-4d98-8693-ef611daaa55f
a7daec17-2f47-41b8-b27c-7a5e1717dfb9,c660b363-29f8-47e5-942f-e0533d87a386,362a9f9f-763a-4f66-9330-2f6b2595349e,12,queued,de9e3d9e-2d18-4d98-8693-ef611daaa55f
55dc35ef-be1f-49d7-bf45-4b922ec11b8c,c660b363-29f8-47e5-942f-e0533d87a386,a2bed74b-cd22-4497-8f92-ef6d8173a0c8,13,queued,de9e3d9e-2d18-4d98-8693-ef611daaa55f
c7b18d6c-b096-44eb-a3fb-bebd182e26ca,7f13c817-6510-47cd-b052-e4db5d16652e,3c59162e-d0af-43a3-b72a-3408d6b862b2,1,playing,649a8149-f3ea-41e4-84d7-e7b214fc702c
c6bf0c2e-365a-42bb-b681-d161ca8df26e,322e0396-a305-440b-b417-b355a27bd900,cdd243fc-30b1-46ad-a33d-9e53bef60f1c,1,played,37b0cf3d-79d2-4748-925e-22bd69afbfae
68414e38-58ab-496b-a3cb-ee064fceb0b1,322e0396-a305-440b-b417-b355a27bd900,0f026db9-5696-49ab-a4b2-f1464d5ac569,2,played,37b0cf3d-79d2-4748-925e-22bd69afbfae
152ea38d-e697-4040-8afe-fd0e6efba678,322e0396-a305-440b-b417-b355a27bd900,cbac1b65-aaa8-48f8-a9ce-bbd62e11d68f,3,played,37b0cf3d-79d2-4748-925e-22bd69afbfae
746ecf82-a87a-4d52-af3d-daa143e62782,322e0396-a305-440b-b417-b355a27bd900,1f59f644-21b5-43d7-81e4-92a2b4047ab5,4,playing,37b0cf3d-79d2-4748-925e-22bd69afbfae
407b47b9-c966-4158-af42-ec66019009fd,322e0396-a305-440b-b417-b355a27bd900,adc28f26-a9e9-4b7b-8d4c-efb9bd9b7ccf,5,played,37b0cf3d-79d2-4748-925e-22bd69afbfae
41da5213-626e-4590-83d7-bbb7e4f7bf71,3c0c0100-d551-4cb2-b8d5-0ec7b2bef7fb,703e1303-21e1-4ef2-8c8f-567d5dc20d01,1,queued,8b793854-4933-439f-8d3d-580f970a8856
2e7ee3c7-26bd-4446-9b03-aa1d5ccf2104,c660b363-29f8-47e5-942f-e0533d87a386,2c725837-b6be-4b12-bf92-f63774da25e7,2,queued,de9e3d9e-2d18-4d98-8693-ef611daaa55f
157919a1-c2c9-47c6-af19-855fa912d47f,d3abad67-ed83-4546-ae86-5c7c27ce905b,3ab75c47-ca09-485a-b20a-414d476f646a,1,playing,0148c92d-bd0d-4f7d-bd2a-b0fb75d4007f
d7735bff-02cc-46cc-bf82-48ee918690c9,3c0c0100-d551-4cb2-b8d5-0ec7b2bef7fb,d3bc400c-b504-441f-96eb-2b86c14f7676,2,queued,8b793854-4933-439f-8d3d-580f970a8856
8cb2e9d9-2e8b-46bd-8f3d-20cb4596306e,5f9ae8f4-9f87-4e5f-b0b6-75987a9298b0,09248136-c597-4b38-b291-4271ffcc9a53,1,playing,90acb447-33a2-40e0-a8d1-f6923b8c1821
bc5ceb1c-d593-4f3a-8091-cbb229df35a6,005dd7c3-ec2e-4fb1-a30e-1cf4b6b7e287,84b8901d-3a0b-493a-974e-72b53759e6f3,1,playing,59347dc1-486f-4838-8063-70beaeff763d
8956cb20-b773-417d-8fcb-a56512b27bfc,92c343ad-f133-4df6-96ba-0ad95bd4c8eb,e27d441a-c10d-4407-afa8-24a70e5b99a5,18,queued,cfd1f6e1-d2d8-43d9-9309-d0a4970d4670
2dc20e1e-9366-4aea-85d3-3dfa8a5dfd2f,929882f4-b65a-4196-b3d6-deab0ae3e8b3,cd7902ef-87ce-42b4-b8c4-05f589f09322,1,playing,f94efafd-df47-48eb-8b34-574099344360
d7444dd9-cedb-4abd-b8e4-494efd2bc5e1,92c343ad-f133-4df6-96ba-0ad95bd4c8eb,02a0ebe4-9a15-431d-9aef-b0ec3725feb2,17,played,cfd1f6e1-d2d8-43d9-9309-d0a4970d4670
53c32853-febb-4947-bb92-a7613a4242ba,2dc0bb31-6744-4bd3-81b8-2eff59303b61,57314a17-fa88-4391-9882-6bb25150bb98,1,playing,31f33e03-9b2e-4b2a-9cd4-4195bc8e37f0
b407e2f7-a455-46c1-b3c8-2e2bc2a90d0f,a76793af-07cb-4523-86c3-b4e47cbf0092,1a4df413-5229-410a-9833-42f8073d4294,1,playing,d225c5d4-de9f-49da-bdec-12dc66f27e3c
afb7c8c2-a43c-414a-b2d7-eace903b1dc7,9d2f46f3-3964-4e9f-a01c-a4fe6c8cd090,7a272870-5c4a-45d4-a7d7-3f5bfcae9bad,1,played,364c8f9c-62f5-4ea9-80b1-10656feb470a
28cac6b5-3e00-4dce-a764-83d1ca62b874,ff60c214-895d-45b8-be4f-858efb19a450,f550a68c-10d1-42ee-924c-fd30d1a6abc4,1,played,560226d6-c2ca-42af-97a2-6dccd9734801
09e9d5e2-8c2a-4be3-af50-7fdc1a0e6570,cc9f72c7-1391-47fd-98ab-316afed684d9,ed81ca16-4d01-4300-af84-1a7578d950ec,1,playing,46783555-7316-4373-8f43-e4e3c6615550
374af284-8a94-4917-8608-ea040df83f13,ff60c214-895d-45b8-be4f-858efb19a450,5d7cc28e-602f-4e22-bea8-49ba984af04e,2,played,560226d6-c2ca-42af-97a2-6dccd9734801
92654ec0-f58c-4045-8552-8912b07a1da7,7b0a7406-ee00-4c66-bd53-89f8ff806e05,a8c95a9c-dafe-4729-ad2f-13f602b364c4,1,played,5097cbef-96a0-4fc0-838d-c13626177d64
7bfd7619-7bf7-44b7-ad18-aff3ce14bee6,7b0a7406-ee00-4c66-bd53-89f8ff806e05,16d615f6-9044-4d0b-b977-ef734dd4ecf8,2,played,5097cbef-96a0-4fc0-838d-c13626177d64
abecc67f-7536-4149-9496-dbe81b448c6d,c345c142-381b-47e0-90cf-f2665fba5909,f163fe46-04ae-443d-bc14-d23b6c7bc547,1,queued,b1f5e8a9-1889-472e-bab6-deaec2af9223
dbf0b283-b4ba-49ce-a1d8-0827b531edd6,2dc0bb31-6744-4bd3-81b8-2eff59303b61,29ef0a47-098a-4a50-a3d4-8f6785e77dec,2,played,31f33e03-9b2e-4b2a-9cd4-4195bc8e37f0
32d6aad5-30de-4eee-91bf-f6636a8db86f,c345c142-381b-47e0-90cf-f2665fba5909,d98662f0-8b95-4ea1-927d-e685df68a190,2,queued,b1f5e8a9-1889-472e-bab6-deaec2af9223
b513f28c-4342-4cb1-baa2-17d787d72833,92c343ad-f133-4df6-96ba-0ad95bd4c8eb,2c171a4f-d196-4f50-80da-561edde2538c,19,queued,cfd1f6e1-d2d8-43d9-9309-d0a4970d4670
93217633-99b6-4458-bccc-9cccf80841cd,2dc0bb31-6744-4bd3-81b8-2eff59303b61,c6a2879a-2b55-4050-b472-63f2b99d3827,3,played,31f33e03-9b2e-4b2a-9cd4-4195bc8e37f0
48a4ef64-d9ec-4af0-808b-2573c2a5e2ca,9d2f46f3-3964-4e9f-a01c-a4fe6c8cd090,2a8178db-e861-4a26-9133-6cafcc9b6920,2,played,364c8f9c-62f5-4ea9-80b1-10656feb470a
27bbd693-a7b5-4634-b2b9-9b4f04c89631,a95af441-8775-4b7a-b93d-965f6ed375df,ad33bedb-544a-4290-99d1-b15a77e5a3b3,1,queued,0dee2990-3708-4d5c-b3de-9bacde5151b8
d93cc83c-60eb-4b48-9202-da7c9ca8f877,9d2f46f3-3964-4e9f-a01c-a4fe6c8cd090,211e8675-2673-4839-b88d-7d01739f62b6,3,played,364c8f9c-62f5-4ea9-80b1-10656feb470a
24daed72-6423-404c-873e-4dd5d0bad880,469a7a2e-54fe-4411-b490-a00ec42e405f,d8a0b1df-3277-4812-9d19-a23b647f1d00,1,queued,ff2b09d3-2b07-4885-96d0-900ec740f7bc
b952694f-2915-4f76-8501-5f75471dba4b,fca6363d-c925-404f-86a5-f946e02da50e,9a804e34-933f-4aa1-a8de-9802305c0bca,1,queued,040df0fc-7fe2-4c0f-a44f-77b94f5c7e4f
d56b9710-43dd-4051-b734-9bd63d8d2a34,9d2f46f3-3964-4e9f-a01c-a4fe6c8cd090,8a9d58e0-e45f-4473-9a1e-b1362d67fa8c,4,played,364c8f9c-62f5-4ea9-80b1-10656feb470a
2be9873b-b1f1-4ada-95ee-301991ae220e,9d2f46f3-3964-4e9f-a01c-a4fe6c8cd090,de8efff8-c413-40b4-aa63-5a1c0df7f9df,5,played,364c8f9c-62f5-4ea9-80b1-10656feb470a
990d982c-965d-40f5-b9a4-a120904cda2c,60f3329b-7a03-4061-86e5-9ec7a0441f91,3243065f-091d-488f-ac0c-7823ddd58bff,1,queued,4ed99537-6469-4caa-b6be-e4906bf4ea63
d99230c9-5fb7-4731-b5fe-63c1a305291c,60f3329b-7a03-4061-86e5-9ec7a0441f91,8f73188d-39f8-4f47-847f-3c876f809b52,2,queued,4ed99537-6469-4caa-b6be-e4906bf4ea63
780a5d5d-e6b4-4c00-80e4-0188c2408b37,60f3329b-7a03-4061-86e5-9ec7a0441f91,f9cc5ae9-8280-4a3d-bd02-39ba2f7f7307,3,queued,4ed99537-6469-4caa-b6be-e4906bf4ea63
a059ec49-d06f-4294-b89d-68566ca136ce,9d2f46f3-3964-4e9f-a01c-a4fe6c8cd090,ba98aa3e-2f2f-42f6-9160-25f67fb310cc,6,played,364c8f9c-62f5-4ea9-80b1-10656feb470a
f06aa58a-f2d1-40d9-8b4a-5824bcaf0a2e,60f3329b-7a03-4061-86e5-9ec7a0441f91,bf1cb1ac-2bf1-44ab-bcfb-3862e0bdd474,4,queued,4ed99537-6469-4caa-b6be-e4906bf4ea63
d62a4e75-677d-45d8-a427-f4f4f48680d7,60f3329b-7a03-4061-86e5-9ec7a0441f91,f43aeb3c-e389-40e2-9ce3-c78472a6c8e4,5,queued,4ed99537-6469-4caa-b6be-e4906bf4ea63
66b7d3e3-e412-4610-bd0a-8f1fa2529dfd,60f3329b-7a03-4061-86e5-9ec7a0441f91,ccad151f-52de-4212-b018-c0c24b0b7d56,6,queued,4ed99537-6469-4caa-b6be-e4906bf4ea63
b2b6f313-1d6d-4221-bebe-a3c5d81d7788,9d2f46f3-3964-4e9f-a01c-a4fe6c8cd090,48520d5b-44a7-4261-afd4-a165d1adc9f9,7,played,364c8f9c-62f5-4ea9-80b1-10656feb470a
7eea35dd-c3e7-4692-9c61-8175847b198c,9d2f46f3-3964-4e9f-a01c-a4fe6c8cd090,fc32ca43-7fd3-4d6b-852f-00e3033c0bc2,8,played,364c8f9c-62f5-4ea9-80b1-10656feb470a
2ccb14b9-8fca-447c-9dad-5be51cda9563,60f3329b-7a03-4061-86e5-9ec7a0441f91,594418a0-d0ea-42ff-a596-f2dae581a07f,7,queued,4ed99537-6469-4caa-b6be-e4906bf4ea63
44955c66-7c9e-452b-aa91-a04d231ffe9f,9c37a185-98f7-4361-8d39-1569f5bcf66f,2559bdab-77c8-421a-a218-e8784931a933,1,queued,8922715d-dd22-4e3f-b484-a01190b9a69b
82c65bdd-2911-44c6-a084-85449bcb242a,60f3329b-7a03-4061-86e5-9ec7a0441f91,4b30b8a9-b0be-402e-a3fa-782fe798af71,8,queued,4ed99537-6469-4caa-b6be-e4906bf4ea63
823c1238-fe11-4327-854c-31c382c9fb01,d3d96fcd-776f-409d-9d79-1716aee00347,77029b31-c030-4598-809d-0e67bb65a77d,1,queued,802ab1fb-b998-4856-a2c0-bcf6cd92e8d1
8fe2bdbc-5df1-4c94-92a7-b935ce5e591d,9c37a185-98f7-4361-8d39-1569f5bcf66f,14e75d7c-a804-4c5a-9507-e3c15503be54,2,queued,b72e1ef4-4573-47cc-8726-5f117b975649
9a66371e-bc97-42c4-be0d-367c05448cd6,9468ddf0-30d0-4c51-a19e-9c2c61a47102,6382ec25-a82a-47a7-b4d6-f83c5aa95e5a,1,played,ebfa489a-c1e6-45fe-9558-42202b671fb4
51ab2c2a-0dc1-490a-aeb5-6cb605fe41ad,9468ddf0-30d0-4c51-a19e-9c2c61a47102,a921d37b-c46c-40fb-97db-c5abb18df717,2,played,ebfa489a-c1e6-45fe-9558-42202b671fb4
a9c4325b-e09c-4ae3-af46-91d141b88dfc,8326df9f-326a-45f2-9a6b-5dc87e3c0925,15219297-ae43-4144-8ebc-82b00fa863ca,1,queued,aba8cd83-f29a-4545-859a-094c32d15c8c
8bbabf6d-0a61-42ee-b508-a0aa2092843f,8326df9f-326a-45f2-9a6b-5dc87e3c0925,018818a4-344b-421b-8dde-f664da9b6cae,2,queued,aba8cd83-f29a-4545-859a-094c32d15c8c
c7cddc51-891b-4c7a-95b4-80019d213deb,8326df9f-326a-45f2-9a6b-5dc87e3c0925,2108936c-f3ed-4fbe-909d-b7f5b4a9e98f,3,queued,aba8cd83-f29a-4545-859a-094c32d15c8c
f55b29ba-b7ff-43ec-a9b2-e4eb96f09101,ff60c214-895d-45b8-be4f-858efb19a450,224895d5-3ddc-46b3-8bd0-7f671ddf2df5,3,played,560226d6-c2ca-42af-97a2-6dccd9734801
b8c8982b-d401-4120-81b9-9f73f3a80f22,aaadfb7f-0df7-421c-9833-c7061ed8dbb6,506d0fd4-e834-4548-9aa3-391266e21d51,1,playing,c4b24f91-f2af-45f1-8c6c-7f5d27622194
f01c3f0d-e060-418a-a5f2-1e225f73147e,fb784389-edf9-4bbb-8cca-d2bc32ac3c81,34020dd8-b18e-4a3d-af90-c61ea05b9713,1,played,62be9e08-6572-4ea2-81bb-4d0021d0e87e
ded3f409-9695-4eea-b4af-8581b771085f,fb784389-edf9-4bbb-8cca-d2bc32ac3c81,e854faa0-5eca-427c-b436-8060288a197c,2,playing,62be9e08-6572-4ea2-81bb-4d0021d0e87e
955d64dc-2f0e-40e3-b000-ff597f4e30d4,fb784389-edf9-4bbb-8cca-d2bc32ac3c81,6453d2b9-4092-4f49-8119-ccb48dd633f6,3,queued,62be9e08-6572-4ea2-81bb-4d0021d0e87e
8c5f9263-8525-4766-bfd7-850ed8dbbc9a,55537246-f828-4d0d-a77b-e5bef5e69313,4f5cd268-086b-4481-80f5-c3dff691c60c,1,playing,d0ce2a4a-e02b-4451-b867-3fcff73fc9bc
43655d22-6445-4c7a-95d5-11e87acf98f7,ff60c214-895d-45b8-be4f-858efb19a450,fa41c7bd-85d3-45d0-8deb-32d6f66d319a,4,played,560226d6-c2ca-42af-97a2-6dccd9734801
81449813-dda7-42db-9f8b-dde44216aa75,92c343ad-f133-4df6-96ba-0ad95bd4c8eb,19bfc9cc-545b-4580-b0d6-5e41abfd6d71,20,queued,cfd1f6e1-d2d8-43d9-9309-d0a4970d4670
d127ff9a-13af-4e0c-858e-ad81244bf65d,7ec337dd-5eb6-49bd-8b70-a4453ad4f242,01890652-7b81-46c9-9ffc-d1f599ff70c2,1,queued,6a15dfa2-f105-4534-975d-31b485e4ec12
83a76878-8960-40a3-aba4-c61d8a86df77,92c343ad-f133-4df6-96ba-0ad95bd4c8eb,2a62800b-1a47-4a23-a77a-d48829c8ba5b,21,queued,cfd1f6e1-d2d8-43d9-9309-d0a4970d4670
a055ec11-b9cd-4706-a9be-29a686b6ba19,ff60c214-895d-45b8-be4f-858efb19a450,fbd6e46a-adcd-4d4e-8e29-089b3f6daa20,5,played,560226d6-c2ca-42af-97a2-6dccd9734801
e28b443b-fe79-4c7b-a969-aa203bc75417,2b6e0520-ea9b-4f29-8ace-111dd14da25e,f42ed5c7-c35f-4e77-ba07-96c6fb549bd3,1,playing,c27a9cc6-f699-4628-bfec-9e4196d2fcfb
468f5456-a176-4269-9b35-c5715293287d,ff60c214-895d-45b8-be4f-858efb19a450,a32bdf05-7ead-4f6e-862f-c62b20a90b35,6,playing,560226d6-c2ca-42af-97a2-6dccd9734801
f1c4df02-5af3-4609-a59f-cdcb49904aff,2a5c68dc-8a35-4c52-88dc-faea41e7af69,005b72d7-690f-4818-97ff-2864d7e5d9e6,1,playing,e976cc8f-b4ae-4a4a-9385-2111d829c074
b4e57423-a9bb-4cc3-9322-3ad2e916af06,119911b5-3439-4f41-b88d-290a5bb256d4,c1d887f4-28fd-4e86-9a4f-51524c919767,1,queued,8992cb56-1bf3-40f0-9641-ce5d65733567
c99d03b5-f0dc-4f10-8325-0148c4ea3bce,119911b5-3439-4f41-b88d-290a5bb256d4,8457d498-8c58-4bbb-84f5-2559ad12e72b,2,queued,8992cb56-1bf3-40f0-9641-ce5d65733567
287dd0da-4665-40e3-b8d8-c9e9df824168,2b6e0520-ea9b-4f29-8ace-111dd14da25e,37346cb9-0f2b-4398-856d-4bdf02bba705,2,queued,c27a9cc6-f699-4628-bfec-9e4196d2fcfb
8861d0b2-0752-4d99-82dc-a06fbcddcaf6,119911b5-3439-4f41-b88d-290a5bb256d4,4d81907b-7970-4882-a40d-edd60676750c,3,queued,8992cb56-1bf3-40f0-9641-ce5d65733567
2cc9f5c8-02e2-463f-9148-03eec72a2637,119911b5-3439-4f41-b88d-290a5bb256d4,d56c1c99-93d2-49ba-9612-7ae54dca659a,4,queued,8992cb56-1bf3-40f0-9641-ce5d65733567
c9dd8f09-07c4-47da-98f0-cd81a9ef2c35,119911b5-3439-4f41-b88d-290a5bb256d4,de0963c4-3906-4509-99d1-bf508fdb0354,5,queued,8992cb56-1bf3-40f0-9641-ce5d65733567
7bb17ecd-dd50-403c-ad4b-c02b8d7865fa,119911b5-3439-4f41-b88d-290a5bb256d4,47ce1aab-2716-489d-a17a-68e93c21e46c,6,queued,8992cb56-1bf3-40f0-9641-ce5d65733567
f4119d8e-6139-4a5c-9281-dd14f1f1ac57,119911b5-3439-4f41-b88d-290a5bb256d4,5fe1738e-e5ef-409d-9271-f94d41a44a1b,7,queued,8992cb56-1bf3-40f0-9641-ce5d65733567
f4271c69-e08e-4f07-8298-5d3ff5c163a2,119911b5-3439-4f41-b88d-290a5bb256d4,772c62fd-783a-403a-b86a-d2ce0213f9ea,8,queued,8992cb56-1bf3-40f0-9641-ce5d65733567
9982d595-f7cd-42de-98f8-2c1836c45155,93cc9e4e-ea30-4d8b-b47b-4deb04c0946b,d8bf51fe-7ab9-427f-9b00-3c61f2c625ca,1,played,3be278e8-9521-44f2-b530-7c244d4e9356
51beb62c-d87f-4451-bbd6-d9445d192d07,119911b5-3439-4f41-b88d-290a5bb256d4,bab6d697-4e8a-42ef-be5f-491ccfebd28d,9,queued,8992cb56-1bf3-40f0-9641-ce5d65733567
38147df6-a5ee-477b-8c66-9eee2f3abf77,93cc9e4e-ea30-4d8b-b47b-4deb04c0946b,aad1248c-e5eb-47d3-aab9-10048c4b1ea7,2,playing,3be278e8-9521-44f2-b530-7c244d4e9356
e43df8fe-0759-49df-a946-1e48dbcc6fa2,119911b5-3439-4f41-b88d-290a5bb256d4,5b9f6401-03c4-4648-b0e3-1232edb340b8,10,queued,8992cb56-1bf3-40f0-9641-ce5d65733567
3247f311-a922-4c98-a651-925dd2228e4a,119911b5-3439-4f41-b88d-290a5bb256d4,587a2fe9-5a4f-4d3d-a4bd-4222a210c288,11,queued,8992cb56-1bf3-40f0-9641-ce5d65733567
871115c8-f74e-4cef-97f9-9217256ac889,119911b5-3439-4f41-b88d-290a5bb256d4,ad0f9116-f374-4ceb-a7a2-10ee34a37081,12,queued,8992cb56-1bf3-40f0-9641-ce5d65733567
ac779aa3-f10c-448e-ad77-59836156d947,119911b5-3439-4f41-b88d-290a5bb256d4,85b9ae9a-a0bf-4973-a0fa-cf538c91c225,13,queued,8992cb56-1bf3-40f0-9641-ce5d65733567
e17a7f5c-0a24-4d37-a2e3-5b3fe1bf83aa,119911b5-3439-4f41-b88d-290a5bb256d4,a7ebc27e-f726-4719-a8c3-5a172502dc41,14,queued,8992cb56-1bf3-40f0-9641-ce5d65733567
ffd2f7a4-9867-4e49-ab60-c8f52b535a05,90972007-e3f1-4526-a546-1073b445cf92,38070473-70ef-4f54-9bdc-22c9dec1e09e,1,playing,4ac4433a-e95b-40cb-bc22-ca77ba91bcb0
3bfa6e6f-1a5d-47a1-86ca-37bb357f91c3,119911b5-3439-4f41-b88d-290a5bb256d4,246bda44-b44b-47d3-8fc9-42a6846d92ad,15,queued,8992cb56-1bf3-40f0-9641-ce5d65733567
f2441393-d138-4152-822f-652326e5878f,119911b5-3439-4f41-b88d-290a5bb256d4,a9836fb1-9218-4c30-b0cc-f8e8e353d7c3,16,queued,8992cb56-1bf3-40f0-9641-ce5d65733567
4c564fdc-f897-42f7-b658-ec16430583af,a5844372-88a8-4885-a7ee-4240504019b3,3185de90-89fe-4105-9ecc-f65d12af8a32,3,played,73c8aa4b-815c-466e-86d7-48f428b170d0
39cfc2b3-8dde-4201-9eec-371559441eed,119911b5-3439-4f41-b88d-290a5bb256d4,0e94254b-81c2-4377-97c6-c3c135534efb,17,queued,8992cb56-1bf3-40f0-9641-ce5d65733567
20f08b21-b141-4f3c-864d-9106fa768dbf,a5844372-88a8-4885-a7ee-4240504019b3,a2056627-ad5d-4216-9a83-d1bd7d5d0a0e,4,playing,73c8aa4b-815c-466e-86d7-48f428b170d0
c407cf66-54b9-411a-8522-f4a5c58c7799,a5844372-88a8-4885-a7ee-4240504019b3,9a919e18-aced-444b-9122-1bae0441dcf3,5,played,73c8aa4b-815c-466e-86d7-48f428b170d0
137a7400-09c7-4e2d-b539-996a32e132f3,b5e49e7f-de1c-45a1-b2cd-5cd987c28be7,fa6f96e4-165e-4573-a8f6-9aa90305da19,1,queued,e765ab17-97de-4d87-b49c-281181e681be
332512e4-1837-4d1f-84df-cd16e7bda110,50baf95d-9de9-4ed2-9284-d823a1d2894f,8d7573f6-7275-4fee-b549-1f1561a6df49,1,queued,9de9e3eb-6184-4e52-96c2-d6265163944a
ba376200-1b4a-4df2-a051-4d9f12376e27,b99c9883-9a86-46b9-9f05-5a7daa9344b4,a349f259-06e3-4551-a541-682061da00aa,1,playing,44e8b5c0-a6d4-422a-b1ce-d95b2a355a7b
850d4b3a-288b-4bba-821b-4ad51121d313,896febdc-b7df-4de5-9f7f-6c07b9465612,b64cec83-c252-4c91-8767-5f74e685fab5,1,played,62eaecf5-7139-42b9-a977-4271118e4826
70e51644-6742-4b34-bb21-85cffe42c67e,896febdc-b7df-4de5-9f7f-6c07b9465612,a967c6aa-c73e-4523-a786-2a6d0cb4f76a,2,playing,62eaecf5-7139-42b9-a977-4271118e4826
9e909b1a-bd0d-40b2-a023-538146239add,c8836b19-077e-4659-a151-1fd8f61b18b2,163724d0-d05c-4e1f-99a1-babff72ff2f1,3,played,fca3eefc-1ea0-424c-81b1-0671848e3e93
fe286905-f5e7-4fb9-b006-9516f9ff7694,f873b926-6f4c-4f26-9454-8277dcf5bdb9,3cf6e60f-0afd-492c-8dbb-66bc0e1ee3b4,1,playing,2516a9e5-4557-499e-924d-bebe12807643
4353cb73-6998-4fbe-a05f-83cef8928783,5564fd9e-6fc8-444b-8d74-626ad67518eb,ff0ba969-07d6-4d7c-8acb-a2d26747fc45,1,queued,d2fe33c5-4af7-4a10-b746-b05ab16e2373
2fa63a0f-7d96-4bb5-a117-56ccb0016909,f873b926-6f4c-4f26-9454-8277dcf5bdb9,0b7dd658-5a1e-415c-9a61-da24a2bdff63,2,queued,2516a9e5-4557-499e-924d-bebe12807643
a8911d59-4518-48ea-91a6-a1d9e551dc6c,1ca4b31e-66a1-43ed-9774-db9d00cea476,9c13f3ac-cb3d-4089-b76f-c6f9c1ba0259,1,playing,b475bebc-20b3-4975-8b96-43778044d9ed
8cfeae42-9198-44f6-a204-7f3c14b02172,86e523aa-7804-4af7-b348-76843f355065,757b141b-c58b-4fee-b6bc-89224233f92c,1,playing,300c4c41-7f9a-4454-a820-79dec899d4b7
1239201e-c4f1-49fa-9e02-3aee5e25a34b,a84f8861-d0ef-45d2-b191-bd4f465927c6,bb4a7e47-24a2-458b-96d4-677642848706,1,playing,3cbb2249-5485-4c1f-9c25-30dc3e0abf71
0225fe8a-8593-44fe-a98a-eafde18f7218,b4b20b5e-90c8-41bc-b89a-a1f7b7c11458,2dddc76b-6b4b-4d0e-901b-57fb673f9d2b,1,queued,72cabf54-915e-492b-8cca-6550a723a6c2
b07252c0-2e8b-4e45-9084-3908a43860f4,c9f840f8-d01a-4207-839a-7968be344dfb,bfd1d94b-8d87-4314-a8c9-df0e4a403e69,1,played,b938986f-3a46-401f-91cb-0ab5c644d2e4
8ed48fe0-fad3-4b51-b2dc-e99337e2b841,c9f840f8-d01a-4207-839a-7968be344dfb,054930c3-700f-4adf-9df4-ae171e012789,2,played,b938986f-3a46-401f-91cb-0ab5c644d2e4
bf8952cf-686e-480b-8c90-30f8821b499c,e239ad3d-a619-4d30-bc61-f94b90254dd3,2c247aea-bfd3-4037-b9f7-d53ea24765a8,1,queued,82dc8d0e-0537-42b4-9998-ec2962cebb42
537f015e-ddae-4d29-abd0-c5e20023bf85,981c97ee-fdc2-4316-9667-28705fa006c0,d272ed85-8433-41e3-a4d5-2b699560e8dc,1,played,55eb552e-f8d3-4b3e-a798-7c2cfdd0dbb1
341c53af-da50-45ad-a4c4-96b8bab8141e,564e0308-8853-4a68-af9a-4e2c90d6b20e,3b293d23-769f-4e6a-bd7c-ea74b0f8675b,1,played,9dc8728f-1462-435a-8ba2-384d556bf2f2
c568a0c2-4035-4c27-9527-fd498ae2bbfe,564e0308-8853-4a68-af9a-4e2c90d6b20e,0cff4868-2bcb-4098-8cf5-b4a41e63d6bf,2,played,9dc8728f-1462-435a-8ba2-384d556bf2f2
b26df074-9a51-4477-9f7a-06acbb514808,981c97ee-fdc2-4316-9667-28705fa006c0,3234ebe8-f890-46c3-9949-8a27182d791f,3,played,55eb552e-f8d3-4b3e-a798-7c2cfdd0dbb1
6492d063-6c4c-469c-b3db-291861f35f2d,71dd2e86-68ab-4eb6-883c-359fa2e85f34,2da21fb3-1442-4aca-9a66-83f93edec104,1,queued,14057618-9d2d-47e4-862a-54d4b9b4c76c
57644878-5a9b-4a2d-8d8c-16db32eccf5c,2a1a5e1a-52bc-4acf-9306-94e41a3cb5f5,f3991ab7-ad87-4ce7-9948-9ca5dee9712e,2,played,84e2be62-de09-4f22-acba-17baf9bdf68f
96bb2f9d-0ed3-42fc-b459-18c06ffcd942,2a1a5e1a-52bc-4acf-9306-94e41a3cb5f5,c087ee1e-8bf6-4346-b5e5-7a2eb2120ba6,1,played,84e2be62-de09-4f22-acba-17baf9bdf68f
9a99359d-cfa0-4163-a697-1dc757443da0,9d2f46f3-3964-4e9f-a01c-a4fe6c8cd090,5728836a-93c8-4d2c-99da-07a0cbd36d25,9,playing,364c8f9c-62f5-4ea9-80b1-10656feb470a
c8a6d3f1-199d-4571-b932-0941962a624f,d61c27ba-dab9-4faf-8099-a981a2dd95dd,b427df55-ff43-4af5-8e6a-6de56d61a198,1,queued,9b6db913-21f8-487b-a20a-95654db49e8d
47aa63c6-cf48-44fe-92f9-9b9a3a1ebf83,d10fbbf1-707a-4043-a34b-53e8be2b2afa,6809c461-a02c-48f3-a045-bf564868361d,1,playing,5049a2b5-7501-4bbc-b27e-cdff6d15a291
a668be6a-cc57-415f-9442-221c27f381c0,a3ce1828-bb4d-4bd7-a017-c0331ee2fae2,24688572-6e2b-4974-8f52-6e62e20bd92c,1,playing,3f38dd4f-6c4c-4c48-8013-ff6619f81b68
8962dded-c3ee-43c5-b534-0009bf1cf0d0,f21cef41-95d8-44dd-a8f5-5ff6aba82c45,ab0794f2-53d8-4bf1-af0e-166ddbadb41a,1,playing,03911dc7-05c9-4eb0-b16a-e3b256e87c2a
28bfc054-a566-41b3-ad3e-8eeb403d6a6a,564e0308-8853-4a68-af9a-4e2c90d6b20e,6385a8ec-800d-4f25-882e-d6f876da9ab0,3,played,9dc8728f-1462-435a-8ba2-384d556bf2f2
13153a0b-e41c-4af8-b3fa-e96f206aef42,92c343ad-f133-4df6-96ba-0ad95bd4c8eb,64eb8714-1832-4cb2-8307-f9c4181afc6f,32,queued,cfd1f6e1-d2d8-43d9-9309-d0a4970d4670
76faee83-6811-445c-96d0-c37e415ad454,b594bc6e-96a7-4fcd-a7ee-23bb1953aa5a,08151592-8724-41e8-a573-06d43cff98b1,1,queued,77b731a9-384c-442d-a28d-a4e93f47a8ff
38e8fddb-4223-4d5c-b9d2-363b4ea52fed,a5844372-88a8-4885-a7ee-4240504019b3,8c032817-5b82-49c2-8005-57439a2b5be0,6,queued,7b192401-6767-41ea-a9ec-9f930d8c8952
52eb02cc-fb56-4c54-a5c3-a46c7b6a4baf,bcc5571f-b4b2-46c6-802c-cf08b342eff1,0ba9efd4-5819-42e2-abe0-5131640f999e,1,playing,c69b27d1-ceb4-432d-a7a8-5faed77392e4
8d719adb-6f4e-4b9a-85ac-8e607a9bdca1,9788a16c-8ab3-429c-8c82-1ae176229638,20a20fce-1e32-4518-b2f6-9abb9ebcd1f6,1,playing,fecdda39-87b6-4c12-9109-e9eeedb97162
c50c8e74-710a-4109-9a2d-10c6f3066599,45068fd8-82bd-4019-bf3a-86b94aa60ed3,6ccf36a1-19f8-4516-ae4d-99a655c7a149,1,playing,1cc0e0c2-0731-4115-82ee-9154d6107084
33272d6f-34fa-475e-bc0e-5300ae789b95,a810bc24-d6fb-4d62-8832-5d8ae7bdc767,3837d610-0101-4a36-b73b-9163f30b35f2,1,playing,9a6d6e1b-fc04-4ea3-91c3-c70b55f09674
76634a85-d891-4acb-8278-c6423f03060a,2a1a5e1a-52bc-4acf-9306-94e41a3cb5f5,ed536058-39df-4c6e-8b4a-9d07f6299240,3,played,84e2be62-de09-4f22-acba-17baf9bdf68f
ce539aa0-eda8-441c-bbf3-70feef9c6fb4,d9b2457d-f4ac-46fd-bfe8-4b5d75d9023e,055b0220-4dfa-4e6b-8c20-4e4a37944e80,1,playing,9d37cb22-8f38-4873-aba7-ce30d6779a15
29a8322a-5957-40e9-b292-780196dd830c,2a1a5e1a-52bc-4acf-9306-94e41a3cb5f5,0bf6a2fc-7b79-4e6c-af0c-7dab98080ba2,4,playing,84e2be62-de09-4f22-acba-17baf9bdf68f
723b1d29-3da5-44bf-912e-9f813c8f1623,54b7fda2-02ac-439e-ab20-3286954f63c4,040dbc00-0226-44cb-b691-ffbcf5eec361,1,played,62b8a0a4-0447-4457-8701-625a0341983c
5a8b66a7-932b-4a2a-b4c1-6fe2834881d1,2a1a5e1a-52bc-4acf-9306-94e41a3cb5f5,e2ca3612-da61-439c-903e-f65e6d979234,5,queued,84e2be62-de09-4f22-acba-17baf9bdf68f
fc6c8bc2-8ffd-40b5-a7c6-ede672ea24b1,27045eca-dd6a-43e7-924d-65b112288ae3,9cab3789-8afb-419e-8397-4df3fac4ded9,1,playing,8c7ef4fd-e088-414c-8b03-7218810f77e0
3cc42aac-a467-4558-ab55-194145e7542c,54b7fda2-02ac-439e-ab20-3286954f63c4,dedabf88-2620-4f2b-ae1d-ebfcd3360b85,2,playing,62b8a0a4-0447-4457-8701-625a0341983c
352b4557-22cd-45ef-9b63-14e19d9f3edf,ab622d7f-5604-4a2e-8ee9-a7a5198e5d8d,29680c2c-785e-401d-a0e0-074de42ac32e,1,playing,453ed662-3860-49ed-8a4c-b15bd400ecea
55360fcd-720d-44fc-bd7e-dceaecbdf4cc,739260e3-5de4-4f9b-afe1-b809bca6656a,af06625b-a4ec-4753-af2d-eb6901d2a561,1,playing,7cc1063c-7c15-4a24-8ab3-95e368f42f8f
293272db-c468-4721-a938-0ccfcb2c9ef3,31b2d633-e068-4eb6-b07f-a3fb112a8579,f4197d12-6e2e-4875-9474-db298480ecea,1,played,1e16c7aa-4251-43a4-ac76-20ff8ac7f0fe
3ad4f262-0a97-499e-9ae3-df29fe57cbcc,27045eca-dd6a-43e7-924d-65b112288ae3,ec4194bd-cec3-4bed-ad40-c44d41d4e867,2,queued,8c7ef4fd-e088-414c-8b03-7218810f77e0
8955a11c-5c45-493a-af8f-815c582e866d,31b2d633-e068-4eb6-b07f-a3fb112a8579,1b45d26c-ffda-4394-9e99-32876e780a6b,2,playing,1e16c7aa-4251-43a4-ac76-20ff8ac7f0fe
0b736374-01d7-4ec7-83b5-2d9f214be15d,92c343ad-f133-4df6-96ba-0ad95bd4c8eb,85b14bba-599e-492a-bc97-1d21ac3e29d5,22,queued,cfd1f6e1-d2d8-43d9-9309-d0a4970d4670
89dafd0e-6162-4ca5-a2f2-e7f1a2199e64,c21bddcf-1897-40de-9846-c854af464661,be3d9b83-9936-4edd-a75c-3da5ef1138e5,1,queued,8b70c3f4-e66c-4b8b-aa19-d9beae180896
066e128c-c647-4b68-9d83-158efa9ff7d2,7fd5f220-4847-4c60-a2c0-1efdb2c8d8f4,2f46e05c-0bdc-4738-b859-73b9f44cd844,1,played,17ad891d-7bf9-4de1-8693-b1255c281f9b
ef27305c-a2ba-409a-95f8-54156ded8708,7fd5f220-4847-4c60-a2c0-1efdb2c8d8f4,1b78a868-7f59-483a-88bf-8e16136da79b,2,queued,17ad891d-7bf9-4de1-8693-b1255c281f9b
96d44f31-56ec-48a1-a976-dce28530f7f9,404ed536-44c0-4e55-8cbc-7699fee6856a,b0939b20-5e03-43f3-82df-e76ef578e6db,1,playing,705a8e96-1404-4824-b801-95f5d23249db
4e0dd416-bad3-48a9-85dd-1e54de8f5776,404ed536-44c0-4e55-8cbc-7699fee6856a,e8c254a9-0446-4933-ac88-5661f73cac09,2,queued,705a8e96-1404-4824-b801-95f5d23249db
924eefc4-8b96-42b0-9e66-45cf0a7ab6ab,92c343ad-f133-4df6-96ba-0ad95bd4c8eb,d0d6ce2b-dde2-4fb6-8f7f-218f8616e6c4,25,queued,cfd1f6e1-d2d8-43d9-9309-d0a4970d4670
794910c1-be79-488c-8ace-ae2a6d1fe5a9,643759c3-d782-4c08-85e7-d7157bc51fa1,ade105ee-74c9-4cbc-92a1-6bce3542864b,1,played,5d207b00-fca3-4b6d-acde-b3630a5884ff
801a957a-6e01-47c9-be27-b35db786be86,a7421171-7199-4eab-9155-600d400c1743,86c97084-3441-4e77-9b69-718393bb16e7,1,played,2940da4c-e846-41d1-b541-b9fcbd2c7695
79ef7063-b696-499c-9542-6058b88cd0dc,a7421171-7199-4eab-9155-600d400c1743,3b3e7a56-ad26-4970-8177-c8bb68335515,5,playing,2940da4c-e846-41d1-b541-b9fcbd2c7695
8d11aa01-70b2-4cc8-b1f1-696793a46444,a7421171-7199-4eab-9155-600d400c1743,8719e1e3-60a1-474f-a544-eaee1628775b,4,played,2940da4c-e846-41d1-b541-b9fcbd2c7695
c9fa8b98-f8cd-46be-a2c6-5dbf64744a39,a7421171-7199-4eab-9155-600d400c1743,ac1dfbaa-caae-489a-940d-63c20d749a90,2,played,2940da4c-e846-41d1-b541-b9fcbd2c7695
80624f28-c01a-47e4-bf1e-ae334189fbc9,a7421171-7199-4eab-9155-600d400c1743,3ec43c42-53fe-4533-962c-7f4f7ae7ab61,3,played,2940da4c-e846-41d1-b541-b9fcbd2c7695
d6eab84e-38dd-428d-b247-c25ff8f53d60,bdde5cb2-c58e-4485-9f86-a1c5bee01a9f,286fa099-24f6-4341-afdf-b79bc6f679ab,1,played,4e89dc32-2022-402b-9881-b407c6a75e74
71537f3b-952b-42a7-9317-9e5f9b97385f,a0c5fca3-3c0a-45e1-ad62-2a0f4a450059,4fac9a69-4e6b-47b1-af89-43546ebcea46,1,playing,a4b4d781-ef53-4228-82cd-c3443251fb35
ba094146-2861-4895-92ba-f67b2ea82be8,64766625-13c0-4575-b559-e6bc5478a74b,e4dcfa30-6a06-4784-97dc-ca42d7e64cc0,1,queued,4e9aedc4-a24f-48dc-b830-75bfe75b525a
a58c9c14-7ff4-4ca2-a32d-7d2b4bd67f1e,92c343ad-f133-4df6-96ba-0ad95bd4c8eb,62739426-7a23-4154-9b44-b8a92cb98a67,28,queued,cfd1f6e1-d2d8-43d9-9309-d0a4970d4670
d8a7aa81-d947-44cf-9eef-4e8f112cdbd1,643759c3-d782-4c08-85e7-d7157bc51fa1,bcffde39-cf65-4cf8-ac6e-a9fb77054cb5,3,played,5d207b00-fca3-4b6d-acde-b3630a5884ff
dd4a0a71-7521-4309-866c-651d3b038351,abc463af-e4c8-4581-83bd-84ecbc92c8f9,db10790a-c9a4-4942-b5bb-82df18177fac,1,playing,b5c38085-f28f-4b94-bc22-3dfe765a5fbe
53949977-47d5-4bca-b053-ff17ec3fb91c,abc463af-e4c8-4581-83bd-84ecbc92c8f9,d146e838-6743-449d-ae32-43f4405996b6,2,queued,b5c38085-f28f-4b94-bc22-3dfe765a5fbe
abb68a67-4480-4af3-8748-6e75a3810206,abc463af-e4c8-4581-83bd-84ecbc92c8f9,a7441aac-f6a5-45bb-8e4f-754b6cf68458,3,queued,b5c38085-f28f-4b94-bc22-3dfe765a5fbe
8559cae1-fa31-41d7-8104-e738e6a77336,606bf3fd-e9d1-47dd-bfb2-9bed59d0d5d6,26f16e62-13f5-4e71-a646-c815becff59e,1,queued,209d1ff5-1a7c-4d23-97fe-3619fa3d11a6
d34adad2-94f6-4262-bcf4-b1a5f24453d9,bdde5cb2-c58e-4485-9f86-a1c5bee01a9f,ed2d6e89-70ed-4238-9b3e-01dce7e6812e,2,played,4e89dc32-2022-402b-9881-b407c6a75e74
87116bd4-9789-4b49-a0b2-96fe7df55a1f,643759c3-d782-4c08-85e7-d7157bc51fa1,f18c71e8-3974-4cc2-afeb-bab664f16ded,4,played,5d207b00-fca3-4b6d-acde-b3630a5884ff
54878da7-872a-47b9-9eb7-4ebbc67c7d86,a56f418a-f1a4-4e08-873a-ef028ee8b16d,bcf2b0a6-61aa-4eab-902b-aea72a2f55e9,1,playing,b6fef8db-aa57-4786-bf9b-affd994988b6
74612bf5-c7ae-483b-9cdb-ffe2bfc86802,a56f418a-f1a4-4e08-873a-ef028ee8b16d,6120dbcc-d39a-4982-a61b-f8a3535aff40,2,queued,b6fef8db-aa57-4786-bf9b-affd994988b6
44792f47-5f0f-4b42-8182-0f50e2483ab1,643759c3-d782-4c08-85e7-d7157bc51fa1,8a889274-0662-48bd-afc8-d40c3b1d63f7,5,played,5d207b00-fca3-4b6d-acde-b3630a5884ff
516e1ba6-9d93-4e94-b403-fb6cd51f647f,643759c3-d782-4c08-85e7-d7157bc51fa1,86870775-1e71-49aa-8e66-6fde83ada208,6,played,5d207b00-fca3-4b6d-acde-b3630a5884ff
2c2e4d75-38fd-49f7-953e-2218559dfcc2,643759c3-d782-4c08-85e7-d7157bc51fa1,6505a73c-61f4-476c-bf8f-4cbad5906982,7,played,5d207b00-fca3-4b6d-acde-b3630a5884ff
28a7368b-83e6-48dd-b8e4-6605a8b483bf,8556970d-ffde-44e6-b2a9-a833ec881cd3,2cea96c6-2ad3-4a85-b134-4027a5c34ee4,2,played,9d618a74-73ac-4d71-8912-226f21c03d2a
db64152e-b856-4d75-a2d2-c47465f0ff55,8556970d-ffde-44e6-b2a9-a833ec881cd3,c716d83a-dabc-431b-bdc9-b38a6b4f31ea,1,playing,9d618a74-73ac-4d71-8912-226f21c03d2a
d22b43ad-550b-413b-81f0-61363a4df1bc,643759c3-d782-4c08-85e7-d7157bc51fa1,11f700db-a3b9-4df1-a156-276f9378c76d,8,played,5d207b00-fca3-4b6d-acde-b3630a5884ff
7e5872b9-58eb-44c4-aeed-e15941994b5c,bded6e14-b30b-4537-941f-ce4c8c88d6eb,aedf7b5b-c62a-4921-8d81-cac6018e437d,1,playing,845543d3-1c75-4870-87b9-740d7570f4ad
8101e0b0-aabc-4a05-80df-f8794ac2d608,bded6e14-b30b-4537-941f-ce4c8c88d6eb,99a2da1f-c73d-418e-bd02-b4bc67d234fa,2,queued,845543d3-1c75-4870-87b9-740d7570f4ad
c910414f-e037-492f-8adf-7f50bda46dbd,bded6e14-b30b-4537-941f-ce4c8c88d6eb,764af229-6a06-436a-a1a4-0be985508fb8,4,queued,845543d3-1c75-4870-87b9-740d7570f4ad
63f54b28-2a05-4c39-b120-c01e95ec7fe0,bded6e14-b30b-4537-941f-ce4c8c88d6eb,883085c9-4cdf-4fe0-b665-521e9562f0ed,3,queued,845543d3-1c75-4870-87b9-740d7570f4ad
b353d286-15ff-470b-8d0b-b8a17f552834,643759c3-d782-4c08-85e7-d7157bc51fa1,fc0eba55-1f8d-46f8-8107-6b34e7d70b7b,9,played,5d207b00-fca3-4b6d-acde-b3630a5884ff
9db05c93-0a86-4caf-bea3-0b9f0a5c9da9,06b5ed4b-4a92-4c29-941a-dae79063928d,325f81ba-c223-4deb-b590-b59c87693880,1,playing,bb698c37-9461-48c8-954e-92560d05e244
5aa434cc-c3c6-4a42-9d31-602b6def688a,2fea65cb-40f8-4ec7-89e2-1f2447fcdd36,730e13e3-78c4-4410-a43e-548ab12e2d70,1,played,5526c332-7415-41e8-b64f-0cf0ed1f7895
c13a3fb9-898a-4315-b4eb-acf845ba5aef,2fea65cb-40f8-4ec7-89e2-1f2447fcdd36,9593601e-34c1-41ed-9250-8de254247992,2,played,5526c332-7415-41e8-b64f-0cf0ed1f7895
f8f46128-8f42-45d4-8e09-bca23941ea74,2fea65cb-40f8-4ec7-89e2-1f2447fcdd36,0d89c48c-8d92-4473-bd3c-f8d39c4169ca,3,playing,5526c332-7415-41e8-b64f-0cf0ed1f7895
d8e26657-214f-4502-83de-8090d4e2697e,f6fa4ac6-fcf9-45a2-a8ee-d4920c98ba8b,4e7502ff-72ba-49f4-ae8b-fc987d895250,1,played,5edcdeb7-cdb0-4d36-9270-e9a12dec7e12
719958eb-6db5-4f57-868f-8cb7350bbb8a,92c343ad-f133-4df6-96ba-0ad95bd4c8eb,a9507d55-5544-4a54-9f73-0718a8cd66f6,33,queued,cfd1f6e1-d2d8-43d9-9309-d0a4970d4670
ce5cdc8a-6ab3-4181-b880-07a4ee35200c,f6fa4ac6-fcf9-45a2-a8ee-d4920c98ba8b,ac471609-d21d-4a59-97d5-09fff20e9407,2,playing,5edcdeb7-cdb0-4d36-9270-e9a12dec7e12
f38c70c2-f158-4e70-95d3-a5825b9d03ea,99a27437-6e40-47d3-bd15-99a11e4210f6,9d0d3ad7-74a8-4437-8f80-b1385636ca07,1,playing,531c5f10-6cdc-4172-8e2e-d77dfe76b63d
5913e80a-4a83-4bbf-bf27-959edd043448,72e3e20a-69ce-4514-b926-e99d46470272,71b1f29b-2494-4dfd-9e27-3e4a283d023b,2,playing,282325de-02ad-4b36-8b3c-4ab89d46cd30
63cc8377-5ce6-40ba-ab3e-f9afdd8be8a3,b503db8f-0ea3-4267-8477-cc2b372306ac,fda25267-e3d1-4d69-8aa4-8910560cd0ef,1,played,47beb78c-3cb5-4d6f-9e91-5144569b2195
407cffbb-ca94-4a5d-a012-2be3c792d902,643759c3-d782-4c08-85e7-d7157bc51fa1,452b0708-a897-4935-826d-04b864dcfe71,10,played,5d207b00-fca3-4b6d-acde-b3630a5884ff
7bf561de-7b7d-4b48-9a58-bbcf13185fdb,b503db8f-0ea3-4267-8477-cc2b372306ac,090f338a-5294-4b95-a49d-05cf14150682,3,queued,47beb78c-3cb5-4d6f-9e91-5144569b2195
beb743bc-4184-45ff-83a7-ccbc6d9a4563,643759c3-d782-4c08-85e7-d7157bc51fa1,ea09242f-206c-427e-8fe7-924f343ccf28,11,played,5d207b00-fca3-4b6d-acde-b3630a5884ff
ddd0c467-3dc3-487b-9855-34be2f67d224,b503db8f-0ea3-4267-8477-cc2b372306ac,b6be8315-c96a-42c2-9628-04245c86d2a8,2,playing,e8ae0d1a-cca3-491c-91b2-976159bc3cf9
700c2259-1c37-43ae-8059-13a621e7496c,b503db8f-0ea3-4267-8477-cc2b372306ac,785f96b1-2e26-48be-ac35-fade610b3d76,4,queued,e8ae0d1a-cca3-491c-91b2-976159bc3cf9
b04f816f-82a2-4064-80e7-6753d8e98d18,643759c3-d782-4c08-85e7-d7157bc51fa1,1ac061b0-71dc-4361-91cf-9c7039e72790,12,played,5d207b00-fca3-4b6d-acde-b3630a5884ff
f2812702-281b-4ba1-9d35-f8703dc19e51,643759c3-d782-4c08-85e7-d7157bc51fa1,51b3f7b3-daf0-4122-bb89-7dbd34000165,13,played,5d207b00-fca3-4b6d-acde-b3630a5884ff
9906aaae-b78e-449b-be51-5065b7fafa95,b80af132-df4d-4f41-a661-03c77c780d0a,d8a0b1df-3277-4812-9d19-a23b647f1d00,1,playing,0d8d7742-36c1-439a-9eb4-945c476274b6
8fb93b4d-343d-4f00-9278-78148c1def56,be0cb7fa-68d4-4844-8fac-68c52099aa47,03c6c8ab-3f02-41dd-bf26-191508ebbd48,1,playing,41fe84ba-8fa1-449e-8840-fc47de03bbad
48d39830-fa90-4f20-9f3b-60f55612139b,842fe810-b89f-45c2-aaf8-07a3fc8d2f9e,d1b91057-2ba2-4f12-9206-02635a52af8d,1,playing,289082d8-c620-464c-abe5-95b034ababc1
365f1d64-3c7b-4878-bfdf-fdfc8322d2d2,643759c3-d782-4c08-85e7-d7157bc51fa1,a58cb293-60d6-4bdc-8da1-2518e7d0d3b6,14,played,5d207b00-fca3-4b6d-acde-b3630a5884ff
25675865-52c7-4e3a-bb94-312960322e27,643759c3-d782-4c08-85e7-d7157bc51fa1,19e4b593-4bd9-462b-b2a9-1060a0747510,15,played,5d207b00-fca3-4b6d-acde-b3630a5884ff
667bbf81-a903-4f76-8a3e-41d7ac885ed1,643759c3-d782-4c08-85e7-d7157bc51fa1,faec036b-9ac2-4676-be62-a0382f56894e,16,played,5d207b00-fca3-4b6d-acde-b3630a5884ff
95fcdfb7-f160-4e11-b29a-a03eb1b39523,842fe810-b89f-45c2-aaf8-07a3fc8d2f9e,2fd61c94-cc4b-4afd-810f-619f243d46e3,2,queued,289082d8-c620-464c-abe5-95b034ababc1
15dec565-dc19-41bd-b9ef-161d3b5c7eab,0015dea7-862e-45bd-b475-72294aae376f,a5020c74-80d3-4b73-af4f-2d0f9d6d9777,1,playing,3d00856c-f1fa-46bd-9bf0-58769c21473c
5699c816-ccd7-4261-8f4e-3115ebf04e98,d08cf724-4062-47c1-aaa4-bc2c652ee5bd,d6dca0b0-b272-4b3f-982e-bc682b836a7e,1,queued,4ceecd21-3a14-4159-bd72-a999c147706b
30415312-1745-454c-b70f-89661557d3d3,f063d030-b390-44da-a640-05c55d53179f,fbcffba0-4ffc-4086-ad6d-5dafce9efe23,1,playing,f45befa6-6ae3-4a59-949f-1bfed61b4edf
86a1d214-2b6c-4fe6-985a-a1d1d1266f4e,01642006-b14c-470d-9ac7-1cd414646e9e,083ed6a6-1aac-4ebf-bec5-45f1764ed073,1,queued,66a92d3e-3800-4e30-ac60-5c0fbb456a37
68e7a79c-bc2e-4580-8aaf-75898380a097,842fe810-b89f-45c2-aaf8-07a3fc8d2f9e,2be1b43a-fddf-402b-9299-31b8afece351,3,queued,289082d8-c620-464c-abe5-95b034ababc1
e186b326-9ae2-4988-9f85-af5b192a3256,842fe810-b89f-45c2-aaf8-07a3fc8d2f9e,6158cf26-0068-41da-94be-76eaae733cea,4,queued,289082d8-c620-464c-abe5-95b034ababc1
97b24682-09c5-4dc6-b630-b58bff0e3630,842fe810-b89f-45c2-aaf8-07a3fc8d2f9e,2fc8cfff-c637-44ad-98e1-da4fb6f4ce1d,5,queued,289082d8-c620-464c-abe5-95b034ababc1
768f1548-4f25-4005-9f98-80ab375bb0c2,643759c3-d782-4c08-85e7-d7157bc51fa1,6ff78219-d547-4d45-9300-208f2a0fe6de,17,played,5d207b00-fca3-4b6d-acde-b3630a5884ff
0b8b3119-fff3-453d-8398-d586f4de59e1,842fe810-b89f-45c2-aaf8-07a3fc8d2f9e,beff0f99-0e0c-42eb-9a5d-6580bf14d408,6,queued,289082d8-c620-464c-abe5-95b034ababc1
6990c248-ffc8-441f-b327-3f5cad64c710,842fe810-b89f-45c2-aaf8-07a3fc8d2f9e,1eea43a1-aeba-4bb8-867d-d6b031c6c67c,7,queued,289082d8-c620-464c-abe5-95b034ababc1
bc8cc598-fd8a-4984-a1d8-af4604c994c7,842fe810-b89f-45c2-aaf8-07a3fc8d2f9e,e2195473-2046-40ab-b68d-6c366e88e6ad,8,queued,289082d8-c620-464c-abe5-95b034ababc1
bd23e539-a5d9-431c-afa1-8171c0f2ac2f,842fe810-b89f-45c2-aaf8-07a3fc8d2f9e,a59fc69a-0f8a-4a52-bd81-93f376c5952a,9,queued,289082d8-c620-464c-abe5-95b034ababc1
759d4239-cd96-4515-a007-362a7a75080d,842fe810-b89f-45c2-aaf8-07a3fc8d2f9e,3c59198d-d982-4f85-b68b-793f483f82e6,10,queued,289082d8-c620-464c-abe5-95b034ababc1
5a7994e4-995b-42a5-aff3-e1806484e5c1,842fe810-b89f-45c2-aaf8-07a3fc8d2f9e,19c056c4-0d90-47e1-84a6-e15ea5a3a8e8,11,queued,289082d8-c620-464c-abe5-95b034ababc1
745ac158-0610-4999-a01d-480d08b06d32,842fe810-b89f-45c2-aaf8-07a3fc8d2f9e,ec596b2e-ee31-459c-a860-107defb487b6,12,queued,289082d8-c620-464c-abe5-95b034ababc1
c0746edc-7365-4175-b7ea-5e504dc9dec5,643759c3-d782-4c08-85e7-d7157bc51fa1,8f631546-37f0-41b1-9c55-e1d412d36540,18,playing,5d207b00-fca3-4b6d-acde-b3630a5884ff
ae107417-9695-42dc-927e-148a189833df,f121a993-535d-4e6b-a35d-c63da200ef6c,4d52532f-79a0-492b-a7b6-d70f6fd0e600,1,playing,1dab55f6-e568-47e0-8b38-781d14217cc8
5cd5a310-2b13-468d-9289-7528e0d0ebee,643759c3-d782-4c08-85e7-d7157bc51fa1,7154e06c-a414-4f49-b8f3-a93634de2c59,19,played,5d207b00-fca3-4b6d-acde-b3630a5884ff
cb48a0b1-3ee9-4ca5-9652-6b6ffbc4646b,9d477f53-ca1d-4635-9792-0499a6b846d8,a1b711c4-55b2-4813-8371-b8dda05a887d,1,playing,0de53e5c-ef39-435e-8c82-9d4703a25ac3
86e124f9-1e1c-4e21-be6e-36d30b39fd63,01642006-b14c-470d-9ac7-1cd414646e9e,55d1d232-f66a-4d9a-8286-c2798857328d,2,queued,66a92d3e-3800-4e30-ac60-5c0fbb456a37
fa0f4af4-202f-4cf4-846f-11ba90365215,2a5e6f2c-2d5b-444d-a415-785020681d94,ab309eec-64ea-4ef0-b9db-2d852d46662f,1,playing,d3c509de-16d5-413e-be77-5d095c9019bd
79c74079-90a3-4d5a-9b04-04938b1610f0,ed0bd164-5f5d-46e1-84cf-073d78ac74dd,3dc61af0-7740-4698-8bf5-36a31ecd7449,1,playing,289082d8-c620-464c-abe5-95b034ababc1
e63a4347-f474-472d-ab11-dca1caa9b730,2a5e6f2c-2d5b-444d-a415-785020681d94,3c03749f-2204-4bf7-a42e-ff83e5ad7015,2,playing,d3c509de-16d5-413e-be77-5d095c9019bd
8a639882-fc9d-4738-9c71-70a2152656e9,2a5e6f2c-2d5b-444d-a415-785020681d94,0043fe31-fece-4ef9-93bc-9d6af5ae7e51,3,queued,d3c509de-16d5-413e-be77-5d095c9019bd
99ae1853-6247-4026-ac79-17c9fb3ce095,72e3e20a-69ce-4514-b926-e99d46470272,8cce7a2e-4511-4327-a149-3c4fa4f39c46,1,played,282325de-02ad-4b36-8b3c-4ab89d46cd30
5591dd76-c2ec-4e20-a016-42f1ef4f17c3,ed0bd164-5f5d-46e1-84cf-073d78ac74dd,961c97c6-c73b-434b-82fb-4ff7945bb2f0,2,queued,289082d8-c620-464c-abe5-95b034ababc1
15b96eee-3dba-4196-b47f-6126c4bd67ce,2a5e6f2c-2d5b-444d-a415-785020681d94,e91f33a4-e115-43c8-a0e2-d52b01f3d6eb,4,queued,d3c509de-16d5-413e-be77-5d095c9019bd
67067af1-15ee-413d-b895-74a3b20a4151,ed0bd164-5f5d-46e1-84cf-073d78ac74dd,bcf2b0a6-61aa-4eab-902b-aea72a2f55e9,3,queued,289082d8-c620-464c-abe5-95b034ababc1
ae872911-78cf-42c2-8512-b3141c0c2813,643759c3-d782-4c08-85e7-d7157bc51fa1,42829694-4099-4bd7-95e3-cb28606385dd,20,played,5d207b00-fca3-4b6d-acde-b3630a5884ff
7bc017f6-366c-4470-8f53-482eb31e079b,ed0bd164-5f5d-46e1-84cf-073d78ac74dd,faec2f30-2dee-4c9b-bea3-11b6c751947a,4,queued,289082d8-c620-464c-abe5-95b034ababc1
fe5cbeae-d309-455b-b5a4-f46764e32039,ed0bd164-5f5d-46e1-84cf-073d78ac74dd,dd54a542-9751-4e61-9422-1fb5e4c35c8e,5,queued,289082d8-c620-464c-abe5-95b034ababc1
3b125f2a-844b-4207-858c-2ebf02db9d83,3d1138b7-dfb1-454b-bc2b-d9383bfe301f,2b49f366-3340-42a2-be6a-46cf66dbba1a,1,playing,3b68244c-e415-439e-a21c-e6ed918930f5
9d61c7ed-1de9-433f-86b0-26a7b3075952,ed0bd164-5f5d-46e1-84cf-073d78ac74dd,d1b91057-2ba2-4f12-9206-02635a52af8d,6,queued,289082d8-c620-464c-abe5-95b034ababc1
4ad8f334-ab7c-48f2-835d-1ac40733b636,ed0bd164-5f5d-46e1-84cf-073d78ac74dd,2fd61c94-cc4b-4afd-810f-619f243d46e3,7,queued,289082d8-c620-464c-abe5-95b034ababc1
a3d47dcb-a73e-4e5e-85f0-6c8233913c1d,98563053-1401-4308-b4f7-2142488be34d,16322217-81f6-4805-b065-7c4b46ed2c83,1,playing,9eeb5ed8-da0e-4c07-91f7-4e60787701f3
87be8286-d9b4-483e-adba-67ae1e8c3299,ed0bd164-5f5d-46e1-84cf-073d78ac74dd,f3749aa9-dd69-4ca4-881f-6069db0ac1ba,8,queued,289082d8-c620-464c-abe5-95b034ababc1
1e7ebb8b-aff2-4ffa-b9a2-669739f956aa,ed0bd164-5f5d-46e1-84cf-073d78ac74dd,4b58ae1e-3eb1-40b2-b9c1-5d18d725ec06,9,queued,289082d8-c620-464c-abe5-95b034ababc1
630e971f-c3e5-43dc-a537-0b7ca9242b2d,ed0bd164-5f5d-46e1-84cf-073d78ac74dd,63d9f8a6-b20e-47ca-ba33-85a9bb8e9875,10,queued,289082d8-c620-464c-abe5-95b034ababc1
3c07d4f2-d811-403f-b0b8-e14e1dc59f06,ed0bd164-5f5d-46e1-84cf-073d78ac74dd,22cfc159-bade-487a-b819-dac1056cfb86,11,queued,289082d8-c620-464c-abe5-95b034ababc1
dc4f8bc6-4c15-4830-928d-973ced652fcf,ed0bd164-5f5d-46e1-84cf-073d78ac74dd,e317727c-5a3b-44f0-8d85-e3ebf0f4171d,12,queued,289082d8-c620-464c-abe5-95b034ababc1
b243be53-b458-41dc-911c-b482f997a773,ed0bd164-5f5d-46e1-84cf-073d78ac74dd,2b87f988-9c95-4aef-928c-7fe61d0aafb7,13,queued,289082d8-c620-464c-abe5-95b034ababc1
c7181b0c-df99-43f7-82e6-476519db41c9,ffa63374-eb68-4eda-8a65-7871a1eac3f0,78cdcc43-e3b5-404f-b037-be33ca215de7,1,played,a0767aad-a210-4d43-9d62-3e0d2b65112a
85c02bfb-6ae6-4894-bf3b-2ff85a01e8e1,c606e33f-56e8-454e-bb2c-6455fb9673cf,97754e49-f478-44a9-9e2c-d1fa71111ebd,1,playing,80dd3466-ac84-4492-b2d8-b1bf5af30b4f
58032144-54b1-4478-8b8c-4d92b2b32d46,643759c3-d782-4c08-85e7-d7157bc51fa1,a384caac-d25d-4815-a728-935a1a819270,21,playing,5d207b00-fca3-4b6d-acde-b3630a5884ff
73f4b9ba-7911-4fed-9bce-482bcf7be05a,90d537a8-70a2-4114-b009-d3604d4f50be,a22c8781-c192-4502-bbd0-7fd0ef19ccac,1,playing,bab2b613-9e16-4708-93bb-8cea7a56b034
8952cc22-e30b-4523-b21c-907b47c869c2,d85526d9-582d-42f0-8e32-0080b3e46b54,26f16e62-13f5-4e71-a646-c815becff59e,1,playing,a774fdf7-b99a-42c9-ae13-6c263096f79c
6d75226e-098d-4b01-a2dd-070209ab07c9,3eefec78-eb75-4e2d-8e7c-9a25e7275ccd,be5de027-5848-481e-ac4a-74bf8b18136b,1,queued,0d99ad1a-6ff5-45b0-9cca-74861a1a4b64
0ad51654-235d-41f5-bf70-3f9c5682391e,643759c3-d782-4c08-85e7-d7157bc51fa1,87217cb9-d90d-482f-a395-9a8631aaef1d,22,queued,5d207b00-fca3-4b6d-acde-b3630a5884ff
aa20a5e1-2255-4798-bf60-fe04519cbd25,a6e4d3f7-0700-4de6-8ddc-aa473562620c,8289f8fd-6d23-457a-aefe-6e534ae6787b,1,playing,3eb76f4b-d416-424a-abf8-98b6bbba035e
d081c87f-7fdc-4824-a72d-979282bf91a2,3eefec78-eb75-4e2d-8e7c-9a25e7275ccd,9d0037a5-b793-45c0-a0b8-628fadfc450e,2,queued,0d99ad1a-6ff5-45b0-9cca-74861a1a4b64
bf509323-85ae-4204-a386-f072e8613987,1601e59f-58dd-43a0-afd5-bd9ee363e734,d2630e00-5dc0-43c7-a7b4-780bad450b95,1,playing,f368ce42-fd14-426a-9747-a4ce27664802
894b08b6-806d-4160-816f-61e167de33dd,643759c3-d782-4c08-85e7-d7157bc51fa1,dfe1876d-a45e-41bb-b10e-c6c3548618f9,23,queued,5d207b00-fca3-4b6d-acde-b3630a5884ff
6726340e-9485-438a-8c2b-c80e50c2ba0f,643759c3-d782-4c08-85e7-d7157bc51fa1,a4d22849-7924-46af-a758-4beb517675b0,24,queued,5d207b00-fca3-4b6d-acde-b3630a5884ff
6d71e73d-e41b-4ff3-b741-24fb3d825c57,3b3c64cb-f9e4-49a6-a65e-44f96f7b1601,827e73b6-b053-4c92-a16d-3475580b89f9,1,queued,e5b8a7d2-a195-423c-acef-bcc10c5e75c1
fca3a5d9-68cd-4e60-ada1-79de6ebd31de,8653e1ba-c83f-4f6f-b89a-2541f4135640,979f991c-49ee-416f-a05f-f19f08b98ac8,1,playing,778e235a-cf99-4565-815e-73ae087bfa80
ccced3f6-6c47-48ff-b203-b3e88e083267,9d1f604a-07e9-4bbc-91f7-ace5b99ac6d7,39ac4f8e-19cc-424d-b67c-ea7621738690,1,queued,9851ad70-f269-492a-92be-4c083acd70e8
379e3038-103f-4e2e-8829-a8c23e21d20a,643759c3-d782-4c08-85e7-d7157bc51fa1,309bccf4-6dd0-4764-86e7-fc71ee96deb2,25,queued,5d207b00-fca3-4b6d-acde-b3630a5884ff
17db8743-76ad-4f0e-a2be-73a961e0bfe3,643759c3-d782-4c08-85e7-d7157bc51fa1,028a1f5e-2727-4861-9785-4a4cb3e14077,26,queued,5d207b00-fca3-4b6d-acde-b3630a5884ff
3c879db8-affe-4240-afda-53fabe4fdf9c,643759c3-d782-4c08-85e7-d7157bc51fa1,53667ac9-e9d9-4b77-b0ae-593dc90540b6,27,queued,5d207b00-fca3-4b6d-acde-b3630a5884ff
3c6d9903-7569-4d4d-b80c-c64466c94222,aef374a1-9712-4539-b921-bdebc54e9ff7,398b0eac-561e-49f7-bcb4-37211d776799,1,queued,271f57d3-c4b7-49f0-b598-9a673b27c1c1
5a7ed799-57a9-4572-9166-ee8b4a4e74e7,731510a7-9862-4566-8672-2207491c72af,71886ddb-8970-426c-ac1c-3d50a9dbd513,1,playing,a9093da2-ea07-4ba3-ad61-d190868aae46
8bf35a69-4f98-4ef6-a439-7a12df4451eb,aef374a1-9712-4539-b921-bdebc54e9ff7,32cac6ac-9eba-4683-ac5d-2d8e0df67e64,2,queued,271f57d3-c4b7-49f0-b598-9a673b27c1c1
11898f15-0844-49d0-adff-37983e29114e,aef374a1-9712-4539-b921-bdebc54e9ff7,28adbc3a-f656-4e8c-8965-277234c499b5,3,queued,271f57d3-c4b7-49f0-b598-9a673b27c1c1
4d3dd05e-e17d-41d7-afbe-94617a9e8e40,643759c3-d782-4c08-85e7-d7157bc51fa1,eb0942ed-7999-41e5-8b10-9d1f1d7c7611,28,queued,5d207b00-fca3-4b6d-acde-b3630a5884ff
587e7d0c-be69-485b-9314-536e1d478676,aef374a1-9712-4539-b921-bdebc54e9ff7,09e87c4e-8444-4f75-956c-d099de45575a,4,queued,271f57d3-c4b7-49f0-b598-9a673b27c1c1
5add62cc-a1a3-480f-b2d3-9d66fca6cccb,aef374a1-9712-4539-b921-bdebc54e9ff7,4aeb570f-3770-4a4d-ae62-b7e857c2e7b4,5,queued,271f57d3-c4b7-49f0-b598-9a673b27c1c1
791bd5ad-65c2-4dae-a8f8-e942b95b39f8,cfe0197d-897f-41be-aaa4-b1fbbb780ccc,ba56e7a9-bcba-4821-9e39-71fdbd5d12bf,1,played,64ae0d13-00b8-4bc9-be3e-854328dda740
a1d71ba2-689b-4e20-8337-d21e8226c353,a24741f7-7284-4d52-a7df-8ee591c8c878,8b510795-4dac-4659-9910-2941c8a27f41,1,queued,4c689e72-9dfa-4ce0-9228-62f37462c9bb
cc969d5f-547d-4d04-b4eb-6e74169a2b90,72e3e20a-69ce-4514-b926-e99d46470272,4337b96e-21a8-4b06-8670-d40e8e408bc1,3,queued,282325de-02ad-4b36-8b3c-4ab89d46cd30
39f7c15e-fe6d-40f6-8bbc-eebc7341fb29,0844c639-2e13-48a2-9da2-e37d0993a347,73f291e7-bfef-46dd-b8f8-0c55196390a4,1,queued,50fe9265-d8f8-4644-8640-9b3859614004
694cc581-b212-45d0-b3f9-57beda249f6c,c1e14b4d-ab50-4f18-94dc-4888cafd05c9,f927cd0d-c0de-4b10-a259-11331d96759b,1,played,e96acb7e-02f1-4f8e-aba1-c7717897df8e
fad98b24-72aa-40e1-9316-a06a780a1e4f,f7ab1e0e-bcad-44b2-a703-d11bcb0800a3,b656e599-53e5-4fa4-a6a7-3b5a1b1e3c23,1,played,f4724644-acce-475b-929c-2696797c8544
0efce133-adef-4d1c-a6ad-467ef5ce771d,5fee3e22-19c1-4c4b-9155-37cf016b268a,fbfdbbda-10f7-499e-a0fc-69eefb30b85d,1,queued,0228cf24-f260-45f3-a4de-61633ae363a9
69dfc109-e1b4-4c40-8e50-9fad09a4a199,c1e14b4d-ab50-4f18-94dc-4888cafd05c9,a50fad3e-f60f-4d44-b7c6-71588fefa693,2,playing,ce6aeda5-6c37-41ba-9571-3f241586db5d
a7e00bf4-af1e-4781-aed8-d0fd22ea697e,cfe0197d-897f-41be-aaa4-b1fbbb780ccc,88242e4b-f3b9-4d3c-8223-9ff17c3f27b5,2,playing,64ae0d13-00b8-4bc9-be3e-854328dda740
5648186d-95ce-42c1-be4c-ec06084b81e7,f7ab1e0e-bcad-44b2-a703-d11bcb0800a3,f5495cd1-2a6e-4724-ab84-e0bd24eae713,2,played,f4724644-acce-475b-929c-2696797c8544
3085e3b0-f956-409f-9c91-c7c6641a5e4d,f7ab1e0e-bcad-44b2-a703-d11bcb0800a3,65c0e79e-3954-4ec8-b22d-2a28c5b36270,3,played,f4724644-acce-475b-929c-2696797c8544
6c6bf090-005d-4f3f-824e-a2c17d0e98d3,c741587a-e466-44ec-80cb-3d47e08216f3,1965589c-f9c2-4960-9e2c-6c88ff11411a,1,queued,de428795-d55f-4d48-86cc-3c6730c518df
cfe85be6-677e-460b-b368-ca9c89dca65b,496f21fc-4309-4997-973a-33f81404c5a1,92e8b8a6-ab3f-4556-8a26-7d9d8296accb,1,playing,189bbe8f-da60-415b-a02e-f9cf2352127a
745c2c4c-5643-4f66-8edc-731f7e91e9ab,16b87c61-ac9a-4fda-adb1-847f6f7b9006,b9bbc55c-a2f7-4ee1-bfe3-5dfad431b1b0,1,played,42bbb729-0d62-4fa7-bf64-3ff3c9ef2601
f7175d70-26b4-44cf-868f-5b70aa0bfea1,643759c3-d782-4c08-85e7-d7157bc51fa1,5ec027d4-6241-48f2-821c-99255cb91697,29,queued,5d207b00-fca3-4b6d-acde-b3630a5884ff
bf85ea6c-0c69-4395-a339-e115a9b30005,f7ab1e0e-bcad-44b2-a703-d11bcb0800a3,dec5d1e1-3c5f-49f0-90d3-591f76c3a691,4,played,f4724644-acce-475b-929c-2696797c8544
ebf377bb-3303-4d92-ac3b-34b25f5b733f,643759c3-d782-4c08-85e7-d7157bc51fa1,0d1b21e3-2311-47f8-bfa3-e2ba6b78a875,30,queued,5d207b00-fca3-4b6d-acde-b3630a5884ff
50993205-1a12-4f65-a829-12abb0afc2f0,f7ab1e0e-bcad-44b2-a703-d11bcb0800a3,5351656e-2947-499f-bf2d-649fdd5ed191,5,played,f4724644-acce-475b-929c-2696797c8544
f249a46c-f9c5-4aa5-b392-cd336f8aa7be,f7ab1e0e-bcad-44b2-a703-d11bcb0800a3,2c1c0e2d-1187-4f2a-af47-faba27f6a3cc,6,played,f4724644-acce-475b-929c-2696797c8544
7b8ef0a7-b01d-48c6-babe-c9d8fe1ad8db,981c97ee-fdc2-4316-9667-28705fa006c0,ea0ab34b-f49f-4d53-aa56-f33f2d8a1a4e,2,played,a12acba7-bd0b-4674-b802-f7e3c6f8052a
d83a4c7c-c1ce-4236-b597-e91fc956b5c3,643759c3-d782-4c08-85e7-d7157bc51fa1,ea1b04de-f0c1-4387-b489-3bd822fd3aeb,31,queued,5d207b00-fca3-4b6d-acde-b3630a5884ff
89cbfbec-587a-4909-a24d-3225d60bf411,f7ab1e0e-bcad-44b2-a703-d11bcb0800a3,14fc3943-cc61-4770-8fba-3864c7ce8839,7,played,f4724644-acce-475b-929c-2696797c8544
5e58c80b-ba28-444e-8845-5829ef282308,f7ab1e0e-bcad-44b2-a703-d11bcb0800a3,1704509a-0c2f-4689-9c84-51beb2674ef3,8,played,f4724644-acce-475b-929c-2696797c8544
ea0c7896-c67a-4020-b978-f4db5379cb6b,dc95f075-aa52-40e7-bfd6-66de20c8ecab,08ae8fe1-6735-4879-adbc-fdb6f97524f6,1,queued,44b6397a-dd6c-4add-bc09-c7bacf5891af
1abcf683-6eba-4051-9a95-7c91407aac03,643759c3-d782-4c08-85e7-d7157bc51fa1,95905a17-ff73-4a55-9a5b-51be77f7b321,32,queued,5d207b00-fca3-4b6d-acde-b3630a5884ff
2ed9637b-8f60-460f-9cf8-1eb7933d7ce3,f7ab1e0e-bcad-44b2-a703-d11bcb0800a3,8b4df961-cca1-4cd3-94b1-0cd3168a4bda,9,played,f4724644-acce-475b-929c-2696797c8544
46cebf0c-73b3-4cd3-b920-a3613fd81385,f7ab1e0e-bcad-44b2-a703-d11bcb0800a3,4f16ae0b-1b1a-4814-9d90-e6d11e38ad2a,10,played,f4724644-acce-475b-929c-2696797c8544
dba082ca-5fa9-451c-aa33-028c6e0ff9b5,dc95f075-aa52-40e7-bfd6-66de20c8ecab,52af3421-b936-46d3-a477-eb477570ba2d,2,queued,44b6397a-dd6c-4add-bc09-c7bacf5891af
f2896060-2e35-45a1-82ef-514962296713,5beec8d8-5d12-49dc-ba60-6222a1796314,83fcda2d-c7d8-43ef-929a-2a68f36dc5f4,1,queued,453f3dd8-b6e8-4eda-9b11-67eb19fb72ce
864e5e81-80fb-4f6b-ab28-36bbd3249913,15c3c779-8e5e-4556-931e-3f691ef1e762,cee715b9-0a1d-411f-8f2c-00fd95de0dce,1,played,642d4600-b52d-4d38-8e51-a59cac46751a
8737f4e8-6d72-4ba9-94f5-b32eb4153d29,15c3c779-8e5e-4556-931e-3f691ef1e762,f2c01193-86ee-425c-b774-725d0e19a50f,2,playing,642d4600-b52d-4d38-8e51-a59cac46751a
54c6e6a5-049a-4b55-9d8e-2987700a38f9,16b87c61-ac9a-4fda-adb1-847f6f7b9006,a8cf8137-408f-434e-b5bc-cf3b52da27f3,9,played,99e45c48-0d00-4fa0-86d5-81d28dd1357c
1d97440e-cc57-4397-b064-f708c5f1776d,f7ab1e0e-bcad-44b2-a703-d11bcb0800a3,35431dfd-8a04-4071-bd29-ad8bb4a71f47,11,played,f4724644-acce-475b-929c-2696797c8544
4f318a17-1e94-48a1-a636-db191d0a9b11,f7ab1e0e-bcad-44b2-a703-d11bcb0800a3,42af87d1-a0bc-483e-8751-5ff6c19770fd,12,played,f4724644-acce-475b-929c-2696797c8544
7f60e468-517d-402f-85ad-e0bb07b4d243,dc95f075-aa52-40e7-bfd6-66de20c8ecab,a749f0e7-de70-4174-8cb1-4030778a9b6d,3,queued,44b6397a-dd6c-4add-bc09-c7bacf5891af
5e032570-256f-4bff-b2b7-acace83a284e,f9839d32-2768-4a47-9547-c95364de478c,2ade824f-3bb0-49cd-9ad7-8ccefc52ce51,1,playing,c1d7f41b-dab0-444e-9460-5b23ff90a455
12980a1a-b2b8-4892-8e77-26d8bf276207,f7ab1e0e-bcad-44b2-a703-d11bcb0800a3,3e115dbf-1aac-4f2a-b28f-987a82dbd5d3,13,played,f4724644-acce-475b-929c-2696797c8544
34267ae6-49c0-4c75-8ef0-d0a922e0d907,f7ab1e0e-bcad-44b2-a703-d11bcb0800a3,ebc50dc6-fa6c-44f0-8e79-d8719cdbf4e5,14,played,f4724644-acce-475b-929c-2696797c8544
670ae81c-bc3d-4c0a-9181-59c3dd91a500,16b87c61-ac9a-4fda-adb1-847f6f7b9006,dc6b8994-2894-4b2b-9777-9920cde83d44,11,played,99e45c48-0d00-4fa0-86d5-81d28dd1357c
568a38a9-b434-4f06-9789-1ec8284b5949,f7ab1e0e-bcad-44b2-a703-d11bcb0800a3,dec023fc-3306-4092-9dfa-889b14a5e840,15,playing,f4724644-acce-475b-929c-2696797c8544
25a87a32-c9aa-41c3-9b6b-328acea34bb0,811b848e-4562-4133-8d2d-ea2bbc061b44,07feda45-94b3-4e5e-8fb5-22fc7d6037a9,1,playing,bed30c96-ab53-48ee-9cab-e2cf2919a215
9903cb26-68cb-4658-b4d0-3095acbf8e7d,4c7cceb0-7907-4689-aa05-c143c9fc50e0,cac7204c-a255-4e04-af5a-a8b3d6b8a83e,1,playing,46dbd4b4-1dfe-4e26-a582-27e9611701bc
54327a30-bbba-4fd0-8f3b-ef61f7730b72,b4dfd6e4-583a-47b4-97f4-67b17ac6173b,5cfb41ec-848e-40be-be18-f30b3fd3f6b7,1,queued,0ab95f86-1c36-452e-b16a-2a6a20125e74
b0006e79-2338-4d6f-a129-179c9599269a,9807dd58-92cf-4edb-ab36-0913616f9119,894f114c-3919-4140-977b-dd2a50f948e1,1,playing,7c67fbd1-0203-47fc-8bb7-c722ccf62fde
68c68205-2ad5-4d4e-9acd-48236ac6015d,16b87c61-ac9a-4fda-adb1-847f6f7b9006,b0a69981-3d76-4a78-a001-7ffb4bb182a6,13,played,99e45c48-0d00-4fa0-86d5-81d28dd1357c
db0e3fd5-9930-4299-bcdf-5f9e65531a16,db8bc39d-27a6-4a22-a250-ef28af04d245,973c2322-4c5c-4a0f-8f00-49a3d482236c,1,played,8c938906-d39d-4163-9dc2-b9767654ca74
7c5b33ce-6df3-452f-b042-5d82b9fe9f81,db8bc39d-27a6-4a22-a250-ef28af04d245,5e97be03-f75d-4147-9fde-eaafeb0845f1,2,played,8c938906-d39d-4163-9dc2-b9767654ca74
a93765d4-a52d-493d-8c98-91c84d7d06ce,6d93fdca-b896-404c-b165-4cc038741dfd,5d0c9b7b-3ffa-42f9-ae5f-6edbe2e2d2b9,1,playing,41fe84ba-8fa1-449e-8840-fc47de03bbad
57b419e7-83a5-4dc3-9d08-02c51402d4f4,d78d6584-2ce3-46d0-8059-ab05ae365b85,6ffa017f-cf37-4160-a39e-0cdb7201e8a3,1,playing,47fc2db3-f23e-40d2-9a35-27b51df93082
b6e4c12f-e6dc-4359-8113-6ec0b6851153,d3ca17eb-933e-4eab-9d89-b9aec52cb5cb,5bc55d77-2841-4e46-b3db-f1d8629409e5,1,playing,ff4ad257-5880-4936-baf8-4771c8d530f5
7e91f2dd-7b82-43c0-9c1f-b79cfa07b648,08d27e5f-d282-4f27-852f-7dd7f4853cef,f4681a4f-4eec-4f00-92ad-59c687c3daf5,1,played,d9d435e1-fd8b-4e58-b858-4e1e415cc62c
f446e3a8-1567-437c-b285-33a9f98a55e3,f2d3942f-1f68-4cbe-a81e-59808ad091d9,0f44ce9b-cb2b-4759-939f-351b7460d616,1,playing,566121b6-8067-4176-99c8-34bcb83d6113
aba86088-16b7-43eb-bbdb-981c5df0f173,132b938e-1b6a-4ca7-a6e1-33baed5d23e9,e4d5dffd-6274-4b17-8db0-b119f4d7e9e9,1,playing,60a76f5c-3f80-4e46-ab64-3b2b18186b0b
4111d3f6-553e-40de-af05-b9c5697525f8,16b87c61-ac9a-4fda-adb1-847f6f7b9006,3078e62c-507a-4f34-9c92-67344a9e32e9,15,played,99e45c48-0d00-4fa0-86d5-81d28dd1357c
e68dedcd-59cb-490c-91fa-014156df5d54,6d93fdca-b896-404c-b165-4cc038741dfd,3a9b5fff-ad53-4175-8ab0-c90d7b145685,2,queued,41fe84ba-8fa1-449e-8840-fc47de03bbad
9f051828-e493-4302-a490-14e59e07ea25,ba83f734-2277-47a4-8f68-d9b3cec9c471,6e72d102-8bdf-4b33-a219-0f468c32f48a,1,queued,62c7b14b-faa4-4b97-bbd3-6242735387a8
d1aa1680-87eb-4324-b8eb-766336a4d980,b045953d-2dee-464e-9930-71db78d3a847,61183438-e18a-472f-8333-3d0d086a5a55,2,played,ee619afe-fe34-49a9-b9f8-7341899b123e
e74b0b79-f365-4885-812a-5e9ef2d1edc7,a5844372-88a8-4885-a7ee-4240504019b3,713f4ed2-cbca-4fbf-a963-503e10b3f552,1,played,cc5422f0-57d1-4c9d-ba36-8b691d99c8cd
19bbbec1-4c45-433c-8be4-eef3868b55d9,16b87c61-ac9a-4fda-adb1-847f6f7b9006,41dd4ab7-37fa-43fb-b65a-59d21cb2cc10,17,played,42bbb729-0d62-4fa7-bf64-3ff3c9ef2601
8ad95eb7-c8c1-487b-bc6b-8848ed17b2cd,b045953d-2dee-464e-9930-71db78d3a847,cad0538b-65e8-44bb-a44e-d0352c788a33,1,played,ee619afe-fe34-49a9-b9f8-7341899b123e
826cbc5b-ce42-4770-ae67-21de21175ec2,b045953d-2dee-464e-9930-71db78d3a847,ce8246b4-e784-4b15-b1d6-3eabe0a04a9c,3,queued,ee619afe-fe34-49a9-b9f8-7341899b123e
6b9e4a96-b437-4dd0-89ab-397b2519a8f0,c261c8e2-ac38-498e-afa2-c481ab31fc30,896016c8-be01-4179-8fa3-23480805f950,1,played,318be82b-7a02-43da-92e9-6649dd5881de
6b3d5c2e-df27-410b-aeda-687dcfba92c9,b045953d-2dee-464e-9930-71db78d3a847,7f476c6a-1b07-4571-9b65-d01e43b26209,4,queued,ee619afe-fe34-49a9-b9f8-7341899b123e
bf8d1e73-3845-4298-897e-9f8ff0b0734e,b045953d-2dee-464e-9930-71db78d3a847,0238d5b6-dbe6-43bf-a560-51a5227ee3a7,5,queued,ee619afe-fe34-49a9-b9f8-7341899b123e
64a5c79b-f11e-4c43-ab9d-ef084c5a8888,9b528aad-9057-4e61-8515-1891de4862ce,ede501e8-899c-4a1c-a089-5a107f5f9f66,1,queued,94ae83d9-295a-4800-94ed-d0695f84cfae
8ad4e420-e10a-4b09-bf23-fa804db56d10,9b528aad-9057-4e61-8515-1891de4862ce,834065b4-cf37-45b4-b3ec-76df8f2f2900,2,queued,94ae83d9-295a-4800-94ed-d0695f84cfae
f5e9efb6-eb1d-4d28-a1ea-60c2af186396,c261c8e2-ac38-498e-afa2-c481ab31fc30,25a3c662-2545-4def-8a26-24467261f1ad,2,played,318be82b-7a02-43da-92e9-6649dd5881de
fb7438f7-1479-49be-87a2-dd529207365d,c261c8e2-ac38-498e-afa2-c481ab31fc30,64d25662-1576-4a30-9dde-a4c11222f712,3,playing,318be82b-7a02-43da-92e9-6649dd5881de
89c8fa86-ae0a-4ca7-acdf-b101b8740238,dda9a0d7-db64-4213-813f-6cb8b0e3ef5f,6bb00220-690e-4ed0-8bff-982e29bfbe4d,1,played,00db6102-fe9e-45da-bde3-e825d8f8076a
8189f728-0d73-4826-beca-2ee669d304cc,dda9a0d7-db64-4213-813f-6cb8b0e3ef5f,ac46dad0-1a6e-4616-b952-0d69cb74e9d1,2,playing,00db6102-fe9e-45da-bde3-e825d8f8076a
2c38e6f0-ae15-47da-88dd-91544d1904ba,dda9a0d7-db64-4213-813f-6cb8b0e3ef5f,7d1be752-c16e-4e6d-b17f-6ac2428073a1,3,queued,00db6102-fe9e-45da-bde3-e825d8f8076a
7d349a44-fa60-4cb6-b0a7-8602190b729b,a9c7d2f3-e788-4b68-a1ba-fef64a4586da,4b0f838e-3b95-4b37-8330-144b93a35527,1,queued,ad62ab4e-902e-4d9f-93ac-3dc876a8e309
8db0ad58-01cb-43af-a02c-51338dc74a69,4d6fd75b-0919-4d5d-9ee3-c5188ea31e0c,1ae194a8-f77f-4d8a-83e1-ffed8bd814b2,1,playing,60d0cb8c-6b13-4f36-8a72-a5558119eddc
8d9cee82-2f6b-4769-96e5-e2f153cb36d1,464c3cee-4b29-41f1-9215-4ea3b28f3df1,37570d0a-b325-4f73-8888-a4872d390cf5,1,queued,ffc5c431-8e7e-4118-bed2-7bad177cb9b0
717dfd55-cfcb-4155-a24b-7214b75d2d5f,464c3cee-4b29-41f1-9215-4ea3b28f3df1,1df3d61b-5824-43bd-9635-52d59a1d5c05,2,queued,ffc5c431-8e7e-4118-bed2-7bad177cb9b0
bb3a0180-4f4a-4168-856b-0c44489311d8,464c3cee-4b29-41f1-9215-4ea3b28f3df1,40c5d028-223a-4da8-8fbc-e34dc789d1fe,3,queued,ffc5c431-8e7e-4118-bed2-7bad177cb9b0
8754f64b-2aba-47b9-b258-28244c1d0982,464c3cee-4b29-41f1-9215-4ea3b28f3df1,5680bf97-e1ca-4516-94be-6f0250ac5b50,4,queued,ffc5c431-8e7e-4118-bed2-7bad177cb9b0
7856b670-aa99-4002-b491-207fc94c1d3f,16b87c61-ac9a-4fda-adb1-847f6f7b9006,9c1b028a-a7f8-47a9-a536-0241eb3c825a,8,played,41315b36-7e22-4238-972c-b568c8989b14
528a0a46-1071-4349-bdaf-9218aa778394,464c3cee-4b29-41f1-9215-4ea3b28f3df1,00ae3910-3efe-4c99-a749-3251055dc48d,5,queued,ffc5c431-8e7e-4118-bed2-7bad177cb9b0
1b35110f-f7ee-4686-b683-60a5a62e5498,464c3cee-4b29-41f1-9215-4ea3b28f3df1,94ac13c4-e017-4837-9a5f-59d25788efbd,6,queued,ffc5c431-8e7e-4118-bed2-7bad177cb9b0
95d2b1ee-4250-49d7-ac46-6f615ee8a9a6,464c3cee-4b29-41f1-9215-4ea3b28f3df1,834065b4-cf37-45b4-b3ec-76df8f2f2900,7,queued,ffc5c431-8e7e-4118-bed2-7bad177cb9b0
d1a29a04-dd7b-4cf2-b71b-5f6c76fdaa00,464c3cee-4b29-41f1-9215-4ea3b28f3df1,22795572-b650-49ef-bb89-c1641ff7e87f,8,queued,ffc5c431-8e7e-4118-bed2-7bad177cb9b0
70e7ae0e-daa6-428f-b768-7b8615b1dbc5,16b87c61-ac9a-4fda-adb1-847f6f7b9006,6ad9af68-4d90-44d3-a5d7-d0b96f13be33,10,played,41315b36-7e22-4238-972c-b568c8989b14
b6d17955-4fb0-49ac-b592-ff5e23f19ceb,464c3cee-4b29-41f1-9215-4ea3b28f3df1,16e1776b-b6f6-4f6b-8f39-01de2b9a2350,9,queued,ffc5c431-8e7e-4118-bed2-7bad177cb9b0
9b40fd67-f693-4396-83bf-fe7094f618a0,464c3cee-4b29-41f1-9215-4ea3b28f3df1,396cafcc-d2ec-4a18-86d4-26deeb783f3c,10,queued,ffc5c431-8e7e-4118-bed2-7bad177cb9b0
7b59c616-fd10-46e6-8b03-c6a6bbfb5823,5e0a5c32-1694-41a3-9e93-3c17c49d3014,5742b759-267e-4b18-8216-eabbb0112765,1,played,73de7c4f-6e72-4c4a-b837-1c223adfb889
744e172f-6338-40b3-9fb1-4f9e4cce08f6,5e0a5c32-1694-41a3-9e93-3c17c49d3014,4e7ae1d5-6056-491c-8176-20f306288891,2,playing,73de7c4f-6e72-4c4a-b837-1c223adfb889
4e7b586c-3db3-4a09-a084-288654de2777,464c3cee-4b29-41f1-9215-4ea3b28f3df1,b3200321-ac13-4fd8-87a3-26b60ae0bd86,11,queued,ffc5c431-8e7e-4118-bed2-7bad177cb9b0
e016b9fd-d3a0-4c16-82c7-af614cc10c58,5e0a5c32-1694-41a3-9e93-3c17c49d3014,0d89c48c-8d92-4473-bd3c-f8d39c4169ca,3,queued,73de7c4f-6e72-4c4a-b837-1c223adfb889
65020670-0541-4334-adc3-c541db44910b,464c3cee-4b29-41f1-9215-4ea3b28f3df1,f4bb9b8a-6812-4d95-be58-532c321446a9,12,queued,ffc5c431-8e7e-4118-bed2-7bad177cb9b0
6aae2f42-fa37-4a17-808c-d7f8d86e0ee8,f66e1242-2235-4e1e-b6c8-8e0facdf8c33,b3ceef10-7bf6-4a2a-9631-231ea544e2be,2,playing,524d5002-1e8b-4565-8921-58521f830099
7abf5679-f153-40b4-9799-6e83d2795aa0,f66e1242-2235-4e1e-b6c8-8e0facdf8c33,74ccca1c-e6b8-4e33-98dd-e72ac849b89a,3,queued,524d5002-1e8b-4565-8921-58521f830099
df89b4dc-213e-4c34-9462-60414151fabd,f66e1242-2235-4e1e-b6c8-8e0facdf8c33,108177b5-90de-4944-8a85-02fc504309dc,5,queued,524d5002-1e8b-4565-8921-58521f830099
1a4c03aa-6559-4005-a08c-35e061c6e3d8,f66e1242-2235-4e1e-b6c8-8e0facdf8c33,ba7cd065-ec1a-496a-bfd4-439a0ae806fe,6,queued,524d5002-1e8b-4565-8921-58521f830099
2965ae49-68e3-4065-a1ae-edefec0509af,f66e1242-2235-4e1e-b6c8-8e0facdf8c33,86da0c57-b81b-4b45-8be6-0c37c9bda9c8,4,queued,524d5002-1e8b-4565-8921-58521f830099
f0448247-4cd4-4d78-ae1d-73d520943375,41e07a87-88a2-4e64-befa-6a3272fca9d4,b6fec219-ab01-42a7-9d27-8b5018c7796d,1,played,e337a21d-1446-48c1-9b8f-58ea1bd8b6a1
e5938645-9785-4268-bad8-3f8effacb891,16b87c61-ac9a-4fda-adb1-847f6f7b9006,89353fad-f8a7-4506-bfab-8ff472261834,12,played,41315b36-7e22-4238-972c-b568c8989b14
49fb1994-d086-4ab1-8fde-6e4354df14de,f66e1242-2235-4e1e-b6c8-8e0facdf8c33,db9eb7e0-b73e-4ae9-bce5-6dc84c9e7e23,1,playing,524d5002-1e8b-4565-8921-58521f830099
0f0c7b55-4586-44d8-8b4c-aaafd7795cd4,6b01c927-48e5-4344-a8cb-bc258af06e19,20900958-a3fb-4d03-8a1d-dcaf62d87a38,1,queued,dfdc41d9-8b9d-4fa5-8130-36e13da0162e
7ddf0fda-0faf-4b4a-8e45-db7486f61398,41e07a87-88a2-4e64-befa-6a3272fca9d4,cb0f0632-a878-4daf-a6a3-100a9ed36816,4,queued,e337a21d-1446-48c1-9b8f-58ea1bd8b6a1
6f760e0d-3250-4b0f-a3ee-e6f27cc83f77,41e07a87-88a2-4e64-befa-6a3272fca9d4,bd7e25b2-d608-41fd-8082-82c8d12fa0cc,3,queued,100efaf7-410b-4267-9466-3074d33b3773
e4e404d1-6c2c-4373-9643-366f6db4ccdb,f8a3549f-a35b-45da-8d2e-75aa9b610f13,7e1534e3-9637-423e-83fd-9005fc561f51,1,playing,7743d00d-c90b-4d2d-9240-7e6d6051117d
b71f69a7-a31a-40c5-b6f9-06317b5b44d2,07fbafb9-b6b5-4ecd-8e79-bd443ad80ba4,1eb531e8-019a-4285-bfd4-c8943616a18d,1,queued,23cd9e82-f6f3-412e-be04-ac5c68a97630
4ca97c92-5bd1-4159-960a-349f69b9f997,41e07a87-88a2-4e64-befa-6a3272fca9d4,07b1e299-c925-4cb6-a29a-ff32bcb7818d,5,queued,100efaf7-410b-4267-9466-3074d33b3773
18140420-5f29-4822-a302-3e0fe13cf898,41e07a87-88a2-4e64-befa-6a3272fca9d4,30f28d2e-6471-4303-bd32-fd573621fd22,7,queued,100efaf7-410b-4267-9466-3074d33b3773
9b74911b-916c-4ce4-b92d-a7e92877bf8c,fdcc5d55-bc20-492f-a450-5eb2128e1639,6a7adcec-5764-4132-8538-476bb536d5ba,1,playing,1b09d9b9-a326-469e-950a-9399e32441a1
7023609b-5791-402d-835d-c28373b7ef0f,41e07a87-88a2-4e64-befa-6a3272fca9d4,6952b019-6265-4a60-bbd1-2e9535366abe,6,queued,e337a21d-1446-48c1-9b8f-58ea1bd8b6a1
c0d902ad-2791-473b-9600-e22d98e1f60a,fdcc5d55-bc20-492f-a450-5eb2128e1639,3ad7eb16-aeed-487b-8b61-7b4fc583c874,2,queued,1b09d9b9-a326-469e-950a-9399e32441a1
500ca9c6-1975-4979-8651-fe833fe36c70,73748ced-87b3-4341-9d03-c0fcb8dc76a0,1bac5efe-b6ef-4f97-bc6d-df76eb171e89,1,playing,dc9d7919-e1b0-4caf-abca-71ec2cf74080
1098434e-19bc-4da8-a782-64ccee00464b,fdcc5d55-bc20-492f-a450-5eb2128e1639,dd1afff2-b11a-4393-aaee-b072d0668285,3,queued,1b09d9b9-a326-469e-950a-9399e32441a1
2593b4f5-6b55-49fb-a073-d741f00328e6,fdcc5d55-bc20-492f-a450-5eb2128e1639,d25bf5ee-0e40-475c-adfc-d34894c0f0bd,4,queued,1b09d9b9-a326-469e-950a-9399e32441a1
7b404a25-de89-4a7a-9622-a7607a4187f3,fdcc5d55-bc20-492f-a450-5eb2128e1639,0ac7ef72-7670-474f-bc83-518886263876,5,queued,1b09d9b9-a326-469e-950a-9399e32441a1
73d2fcc9-a7ba-41d6-8963-08cb5af46e58,73748ced-87b3-4341-9d03-c0fcb8dc76a0,458b0210-16a3-45a5-a491-d3dbcf7a8ed5,2,queued,dc9d7919-e1b0-4caf-abca-71ec2cf74080
5637f90c-22a0-4252-bdd9-d8d85dd6226f,b530f209-a00f-4ba9-ba4a-2a01d1c38556,c13f5aaa-14e7-43de-8593-14715bec767a,1,playing,066e678a-4db0-4bca-b718-f0247e21173d
d1f67d39-d72b-4fe8-a4b3-869d25914ffd,41e07a87-88a2-4e64-befa-6a3272fca9d4,d4883377-ab27-4d07-b56c-66fcb8687416,8,queued,100efaf7-410b-4267-9466-3074d33b3773
34850e8d-5897-46ce-958c-d7ae43ab7ae0,41e07a87-88a2-4e64-befa-6a3272fca9d4,14429a9f-c546-4b2d-9a21-0f666ae40b91,2,playing,eaa2fbe6-926d-4afe-9f51-5b482d5764ed
aab843c6-6bdc-48ae-9ddb-ba618dd67dfd,e35cd2e0-7b5b-43f7-a351-f50096ca8acf,f04002ff-7948-45ee-ac93-222bb0193980,1,playing,89061e51-5af0-4307-ab35-972bdaf9ab8c
00bbc528-030e-4980-87bc-e4f1e7f40970,c4b66790-9b94-4f26-8d61-2824ac401c21,fc7092f2-90fd-4fe0-ac0e-cade82fce851,1,played,2797b345-f76c-4191-a149-bd3a611ce6fb
73dcaf27-2f09-4e94-a13f-591f0bd68b70,3a6ba29b-6faf-40ee-abdc-491e22dcd0c6,47820353-37c1-4db3-83f5-0707fe431952,1,queued,9189a398-50fb-4fdb-b0f1-2c9e323833c2
97c644df-b368-4282-8865-3c5052d75969,ad9b1328-6b96-4a7b-a348-a8167412c0d4,e1ff39e4-d399-4798-9178-b3e09682a3f8,1,playing,dc1d9ba3-bfec-49e6-a352-b4fbdf391ced
4bab026a-bf30-405d-8951-e84d7f0bd732,2802aaa8-d7bc-464d-9dfd-9bf1f9c0732b,6ccf36a1-19f8-4516-ae4d-99a655c7a149,1,playing,f106e46d-2d3c-44ab-8afc-93e4ae6dbca5
44c92825-9871-4c71-9d02-a36cfbdc5dd1,2802aaa8-d7bc-464d-9dfd-9bf1f9c0732b,c18a19cc-035e-4729-b05b-0870a8becfc3,2,queued,f106e46d-2d3c-44ab-8afc-93e4ae6dbca5
5036caa9-0c0d-4a87-96b8-abff3ea892f8,c4b66790-9b94-4f26-8d61-2824ac401c21,0ff8bbe7-aece-4f37-bbfd-c109c74f29e8,2,playing,2797b345-f76c-4191-a149-bd3a611ce6fb
f28e2dfd-4c34-4f19-8ff2-6b5d39c22067,2802aaa8-d7bc-464d-9dfd-9bf1f9c0732b,5ef03081-f5c4-40ec-bf70-722e5f181226,3,queued,f106e46d-2d3c-44ab-8afc-93e4ae6dbca5
29bd00f6-d224-4a76-96e2-b6a67cf57066,2802aaa8-d7bc-464d-9dfd-9bf1f9c0732b,172c95f4-ee93-4f45-b327-38ad989a9da1,4,queued,f106e46d-2d3c-44ab-8afc-93e4ae6dbca5
bfb8ca37-0ff1-45f7-8054-0197b4683cfc,2802aaa8-d7bc-464d-9dfd-9bf1f9c0732b,6581d688-50ef-4fe6-b604-fedd6632364d,5,queued,f106e46d-2d3c-44ab-8afc-93e4ae6dbca5
91f49a21-cab3-409f-b057-4c1c0130d004,16b87c61-ac9a-4fda-adb1-847f6f7b9006,4e19faf1-1411-43a9-b938-5d17ba320662,14,played,41315b36-7e22-4238-972c-b568c8989b14
c71fdcaf-23f8-4ccc-91e8-6360847faf1c,16b87c61-ac9a-4fda-adb1-847f6f7b9006,12ef6bed-ef21-4f10-92a3-b270616ad1e7,16,played,41315b36-7e22-4238-972c-b568c8989b14
a65a9c42-8c1b-4df5-84e0-b19ea7d1add5,2e42568d-d807-40f8-96fe-e26ed9e8387f,ad65a75f-ba75-4a08-b8e1-29ebc220d031,1,playing,4038c2b4-58f8-4358-8848-586261f3876c
e7b39694-6c69-48dc-84d4-7109fd6999d5,16b87c61-ac9a-4fda-adb1-847f6f7b9006,4a464ae9-7756-4706-b55d-cdd37cdfd472,7,played,e93d2e85-61d9-41c3-88d7-409d082050e0
baf8e15f-9e29-4263-9a50-660d7c1035fc,c4b66790-9b94-4f26-8d61-2824ac401c21,a212f64e-438c-4f9f-a783-87e17823a1be,3,queued,2797b345-f76c-4191-a149-bd3a611ce6fb
2eba53c5-45fe-4b0e-8a43-62b772cad643,64de3318-b87e-46b6-826e-1475bca0e5a4,dcf673d2-0639-4754-9b62-e55036d4dd92,1,played,d802f054-3aea-4479-9f26-20e4c5e1f2d6
e1bbbe31-40d0-4b07-bf1e-b601e0ae9f12,64de3318-b87e-46b6-826e-1475bca0e5a4,04967299-f73b-4548-affb-31195b5c152f,5,played,d802f054-3aea-4479-9f26-20e4c5e1f2d6
7f68b170-43d2-472d-89e1-88f4dd7408bd,64de3318-b87e-46b6-826e-1475bca0e5a4,4ba730e1-2be9-4318-ae53-29fe36ccf2c6,3,played,d802f054-3aea-4479-9f26-20e4c5e1f2d6
5db57853-2e69-40c8-969b-e8f86174196e,4bb3a247-5d6b-4f3e-89e8-8767b833da8a,c570c0f9-ae03-40b3-84cf-363716894086,1,playing,61f396cd-19a9-487f-9906-9a14342f297a
6ec4f123-0f3a-4686-a8d9-eb2d1df54d1d,64de3318-b87e-46b6-826e-1475bca0e5a4,1f437b15-892a-4930-9925-7dd6ce6c7c3e,2,played,d802f054-3aea-4479-9f26-20e4c5e1f2d6
d4ef15b6-d454-4ccb-bc1f-61122c2145be,64de3318-b87e-46b6-826e-1475bca0e5a4,63369c96-0188-4094-b1bd-ed55b3832546,4,played,d802f054-3aea-4479-9f26-20e4c5e1f2d6
bbfaddad-b573-4bd1-9ae1-f3ca4f2740cf,6a707c7c-2bc3-4b0a-b0ea-9f44d7b9ee28,54a22953-0725-4659-acdd-6eaf2992f768,1,playing,5bbf39b6-fafc-4d86-b1de-8a421bdc9858
df59b3c9-18bd-4666-af0b-e82cec852424,16b87c61-ac9a-4fda-adb1-847f6f7b9006,9b970290-c332-44e0-b3db-c4f026255e09,6,played,b4842fa1-bb6a-4bba-9522-b7c699821ac9
12f6279d-6ec2-442f-a674-bf970f73840c,b544b78e-4c57-4891-94e3-75ab3611359a,f40eed1e-390a-477b-858a-a3fade6061a2,1,played,d9051aa1-f213-4466-abff-32d79783fe4a
d7fe52f7-5634-4ae0-b4cb-84048d2b0136,b544b78e-4c57-4891-94e3-75ab3611359a,25c3167d-4b12-4fe7-b015-36ff53149a02,2,played,d9051aa1-f213-4466-abff-32d79783fe4a
3f0b215d-685a-495c-8f42-7c56e70d9906,c92cb72e-7a44-4131-a5a6-4768f68fb1ef,3772571b-f274-4950-ab5c-1c803b28c567,1,queued,f176f49b-a26e-4bf6-b9ab-a75e4d95bc5a
91cf13a3-d5db-42fd-86e5-672eea42a6d5,fedc5449-0704-4e32-85b2-8eecdf75fe5e,86f4b134-2647-45c3-a305-97716195e346,1,queued,9d0dcd49-3b99-4ebc-a029-8713274b7f22
d27ed9f3-4ae4-4b6c-bdd0-b32ba3c55940,47cd4de7-a332-4479-9b6e-8b79c50112b4,b6be8315-c96a-42c2-9628-04245c86d2a8,1,queued,bb12d7a8-5ea8-4796-910f-7a5057557368
f6f80653-4360-4a08-b8a7-a8ec161b9f18,d856cebb-ecd6-45a5-bba1-192b510073d7,cb5215f1-5126-487a-bbe6-581f336f7193,1,queued,0bddb72c-b5bb-41bb-9590-18b09400347e
3603031c-1df8-498d-9389-d6c082326ab3,47cd4de7-a332-4479-9b6e-8b79c50112b4,625aa1df-9475-4e4b-8ec7-25f56fe83a20,2,queued,bb12d7a8-5ea8-4796-910f-7a5057557368
873e3fd3-b2f7-461e-b835-90da6f696953,c2227dfc-74b3-4acc-be05-76051e5f72ab,fb15d491-fe42-4883-8352-ad752a806757,1,played,40de408f-77b1-4eb2-9435-600c3fc25d9e
ba9a3af3-e943-443a-aa29-f38078e3bfaf,3e3fd48d-9c19-48e8-9c07-25efcf191ca8,30b64fbc-b6b0-441a-ba53-da8e0d2998b8,1,played,658c9cf7-f366-464a-aab3-9f0671bb69c8
9c3559d1-732c-4f0f-9402-aaf1a5ddac3b,c2227dfc-74b3-4acc-be05-76051e5f72ab,7f1e5c60-60c8-4cc8-a7cd-64f5064849c1,2,played,40de408f-77b1-4eb2-9435-600c3fc25d9e
ee6646c2-9758-4165-9f32-085f13832227,c2227dfc-74b3-4acc-be05-76051e5f72ab,4fbc91c6-605a-42d6-9906-4f12f42e17de,3,played,40de408f-77b1-4eb2-9435-600c3fc25d9e
5e25db6d-945d-4e39-b905-35a18a3b129d,c2227dfc-74b3-4acc-be05-76051e5f72ab,190a9fec-3f56-4a9e-8ed3-9387f006ffe3,4,played,40de408f-77b1-4eb2-9435-600c3fc25d9e
b81fa051-2db6-43d2-b667-7a5bca344e7d,3e3fd48d-9c19-48e8-9c07-25efcf191ca8,247b9aec-8102-4f12-8596-995a08b9ca52,2,playing,658c9cf7-f366-464a-aab3-9f0671bb69c8
99c03ab7-9e34-4aaa-acef-4d95071a8466,c2227dfc-74b3-4acc-be05-76051e5f72ab,fd71b15c-da72-4515-8a43-eb068f3d9eca,5,played,40de408f-77b1-4eb2-9435-600c3fc25d9e
47ee2bf8-826d-4c0c-ba3a-e754d980caed,c2227dfc-74b3-4acc-be05-76051e5f72ab,b895a9c4-6753-4b94-b350-c3c2b5068fc5,6,played,40de408f-77b1-4eb2-9435-600c3fc25d9e
b876cb3c-433a-4a78-a974-8d24279dfc35,c2227dfc-74b3-4acc-be05-76051e5f72ab,f077c070-432f-4817-90d1-86d0a1c10eaa,7,playing,40de408f-77b1-4eb2-9435-600c3fc25d9e
cf069bac-33d9-4317-be00-94d7a2cca52a,538f43a6-7f00-43c2-a314-b9a002818113,fcf88b79-da0b-4773-94eb-75b78958584f,1,queued,f5bb0300-b4d5-4538-b651-50c608b5ee94
6d9c5e4d-3d0d-4f6a-974a-bf76cf2cd0f1,b4aded4a-6c1e-46a2-bd66-26fd16c10460,12b57bc4-61db-4174-95bb-73334ad398bf,1,playing,130994b7-c911-43af-b72a-4a539a6a4615
49da929d-5e07-4e2e-a59a-3ee87db99aa3,9205d801-2b48-4691-81dd-53df774c61d8,250baeef-9c6e-4740-8534-a8633b0fa47d,1,playing,3fe27650-08e6-4a17-b11b-aa50a2bee547
ac83c724-a0be-4d45-a5a1-4e3cf0cb7351,b4aded4a-6c1e-46a2-bd66-26fd16c10460,78bae52b-229a-40d2-997b-3c1ced4b50e5,2,queued,130994b7-c911-43af-b72a-4a539a6a4615
1c21f542-4ffe-49a5-b176-41aae224d97c,9205d801-2b48-4691-81dd-53df774c61d8,a427dd84-f8a4-4349-9316-911f9dfcfc45,2,queued,3fe27650-08e6-4a17-b11b-aa50a2bee547
1abcfcb4-50a4-4c8d-a57f-66540d4ceec6,ccecb857-c09e-413d-aede-7e09df68ab13,ac2e745f-b5ed-4c6f-bd41-7ac6e16aa5b5,1,playing,94fb2fae-4adb-4d7b-9657-f57502fd4e77
9518332a-d14f-4b96-8b67-11da84257cef,d1392ee4-e412-4b16-aecf-ddfcd5fdaff4,15417876-a308-4363-a43b-583afdaf72eb,1,played,32d75d00-40d7-4b00-81f6-7151fcaa870a
042336eb-6566-45ca-8b3e-74640bd8f6d8,adce547a-458a-4e9c-b63b-ea7a8bf7bfd5,3171443e-84e9-4aac-9dbd-8f06aa4f6e56,1,played,3d63a3f7-7a23-4c51-9c6d-beef9b021592
e66fd041-bea4-437d-804f-4a64db5a5981,24e09754-ab97-4478-9de5-5f353f69b535,03792b90-9a68-46cb-8d3d-b2d39e79b050,1,played,9c2abaa2-221f-4f41-9532-5847b16f80fd
9de6cc5f-6bec-4ed4-9224-5006adae1fc9,d1392ee4-e412-4b16-aecf-ddfcd5fdaff4,0426cd3a-bc78-41c4-925c-255899f8a7ce,2,playing,32d75d00-40d7-4b00-81f6-7151fcaa870a
f83daca3-68f1-4e73-938e-72b48bd37157,0f1c9671-4c22-4b6e-b4d7-c152f9aff819,b8c453a4-4adb-48b0-a53a-f4277210edb6,1,played,45a3e05b-8e6e-4c6f-86c6-e1e9d4c8e28c
9ea11595-f23e-4ba8-aa61-609169da9d90,0f1c9671-4c22-4b6e-b4d7-c152f9aff819,39c20fb2-baa3-482b-957e-9389b8275059,2,playing,45a3e05b-8e6e-4c6f-86c6-e1e9d4c8e28c
5c450daa-fef3-4637-8e0b-aa6186060187,ec5f9632-a068-490a-8166-44d97fe7ce95,c58b17d9-29da-45b0-8441-9851ee4a34c5,2,played,d2871270-5ab5-48ec-b4a1-e6fe21addd51
4c1bc6c6-7627-4b8c-8bc9-c6d16f29feeb,adce547a-458a-4e9c-b63b-ea7a8bf7bfd5,cd25d5a0-042c-4409-a3db-c6f10f44181a,9,played,3d63a3f7-7a23-4c51-9c6d-beef9b021592
c37e547f-b982-42c4-93b5-4ea3389e0e21,3f70290b-21cc-44fc-8571-9d04647cf8fd,8c92bd5e-c978-447a-b3c1-be8e60538f81,1,playing,12f7cd5c-304b-4f4a-ba94-cd144a12b5ea
22aaece1-ed5b-4f58-849e-2aae56b361f7,3f70290b-21cc-44fc-8571-9d04647cf8fd,71b6c56a-5e1e-4e52-9fd2-cf8d325d99ca,2,queued,12f7cd5c-304b-4f4a-ba94-cd144a12b5ea
36a3c2e0-97c2-47d3-bbe7-3d367b739274,23a8507a-e279-4012-a19e-0291d38405dd,d1052bfb-38c7-4329-9e2b-745708ea8365,1,played,6b66a83b-7c29-4810-bafa-db622f730130
f4291f0a-9861-44be-bd35-51afddf9fbed,ec5f9632-a068-490a-8166-44d97fe7ce95,7ae913c2-7b08-4e8b-b572-52a80837ab9c,1,played,d2871270-5ab5-48ec-b4a1-e6fe21addd51
0ddf794b-9dbd-43d3-850b-e01a938cf90e,adce547a-458a-4e9c-b63b-ea7a8bf7bfd5,76d32d0b-21c4-4121-9a8a-b25a0765f0c3,8,played,792c3166-62e2-4a87-b124-ecb440de6b30
54524416-7ccd-4ea6-86d9-345277166942,d6f35d43-5d9a-4ede-ba79-b8f9b440e30f,9b4001d8-a86a-4edd-82df-b47b90f31c21,1,playing,d80909c0-48e7-4fbf-bfa8-696674a68f90
a0c6a10b-5cd3-4426-9547-bdaa4919ce1e,d6f35d43-5d9a-4ede-ba79-b8f9b440e30f,41a182d2-9a98-49d7-b5eb-80d9303a6d19,2,queued,d80909c0-48e7-4fbf-bfa8-696674a68f90
e3dcba97-fb38-49ed-9954-f3d30cdb5913,c25f6987-3254-46a6-a546-b9b44d94794f,3203003d-03fc-4a10-978c-0eb4cd4729b8,1,playing,14d99d5a-cbec-4474-8a5a-2f9ea0031a49
ae24f243-b54a-406a-a4b8-cb231154b676,c25f6987-3254-46a6-a546-b9b44d94794f,01addaf8-0bdc-4b6c-8c33-a0e20dbc4075,2,queued,14d99d5a-cbec-4474-8a5a-2f9ea0031a49
26351998-7499-4abc-80d3-cf57b76c02e8,c25f6987-3254-46a6-a546-b9b44d94794f,d6007355-b8aa-4c78-b2f2-e9963f1c0ad5,3,queued,14d99d5a-cbec-4474-8a5a-2f9ea0031a49
48e9260f-c33a-42f0-a50b-35c6edef820a,c25f6987-3254-46a6-a546-b9b44d94794f,ac315b2a-37ab-49c5-9b4a-f36ba311362e,4,queued,14d99d5a-cbec-4474-8a5a-2f9ea0031a49
5c9f0641-e856-4898-86dd-377b89d4456e,ec5f9632-a068-490a-8166-44d97fe7ce95,247ca917-e70e-4e5b-961f-e8d51d722d74,3,played,d2871270-5ab5-48ec-b4a1-e6fe21addd51
2066f9c0-25d9-47b4-ba8b-7f23c9577091,c25f6987-3254-46a6-a546-b9b44d94794f,85f4dd52-6376-4f11-8ae6-3c8aa37b4621,5,queued,14d99d5a-cbec-4474-8a5a-2f9ea0031a49
b6434871-f4af-4bb5-b7cb-3a613e85edae,ec5f9632-a068-490a-8166-44d97fe7ce95,276bd620-dd26-4513-9938-2f1124eb5a6e,4,played,d2871270-5ab5-48ec-b4a1-e6fe21addd51
1a3e3b84-0c0b-4e50-81da-b73914fc9548,ec5f9632-a068-490a-8166-44d97fe7ce95,6b655a1d-b939-4ded-8b76-65b3625d2a45,5,played,d2871270-5ab5-48ec-b4a1-e6fe21addd51
e9d242df-2718-4e39-90ef-900b20118d9a,c25f6987-3254-46a6-a546-b9b44d94794f,afa0df28-ac9c-44fc-8827-bd1bfa97a81d,6,queued,14d99d5a-cbec-4474-8a5a-2f9ea0031a49
ee5ad65f-3e39-45cc-b66f-02e10de699ab,23a8507a-e279-4012-a19e-0291d38405dd,492770bf-5b27-4365-a12c-400b0f71630e,2,played,6b66a83b-7c29-4810-bafa-db622f730130
57c0cd8a-d6c5-4e2f-8ad1-a590004a2786,079b9cc1-5794-42dd-aed5-2be56345763a,bcf2b0a6-61aa-4eab-902b-aea72a2f55e9,1,playing,7bd7f9b5-ecb9-4e47-ac7a-4b90696400c1
e64604b3-f197-42d1-9fae-18bea39f2517,adce547a-458a-4e9c-b63b-ea7a8bf7bfd5,9d552c33-5001-40f2-81c7-74c86aace796,6,played,2c2848d4-5d5d-47b9-9f28-cca7b455ed45
47f5050a-dfba-44fe-ba71-368b819d5346,24e09754-ab97-4478-9de5-5f353f69b535,00ca4222-005a-4604-a7fb-212c5541aa67,2,playing,9c2abaa2-221f-4f41-9532-5847b16f80fd
711bb185-d5aa-4b3e-94c0-90ee469f889c,adce547a-458a-4e9c-b63b-ea7a8bf7bfd5,2342d115-f60b-4cae-99d3-a4159af7355f,7,played,3d63a3f7-7a23-4c51-9c6d-beef9b021592
4a5ae368-8478-445e-946f-bdbd17eb0304,380cf389-5730-4ba7-9228-6ea3e7c2eae7,4acc39b1-cdf0-4edb-aeb9-2bd665eb9041,1,playing,be3d7b5b-9424-43e7-a8c4-22b35dccdc17
f979c5e5-0d63-4dec-a8b3-008ef5d382a8,380cf389-5730-4ba7-9228-6ea3e7c2eae7,1f303ff8-578a-4ea1-aacb-dcd9b94d2f62,2,queued,d3fb1641-9575-4d0d-ab73-9d80905e3a79
05ab487e-f6b3-4036-8cf7-d6f9d3cb6806,380cf389-5730-4ba7-9228-6ea3e7c2eae7,4c092a4a-46ba-47ad-96e0-36b3f927a303,4,queued,d3fb1641-9575-4d0d-ab73-9d80905e3a79
b9051090-f561-4a7a-9e11-55637c135393,380cf389-5730-4ba7-9228-6ea3e7c2eae7,3bbebfb7-87bc-45fd-9514-59e23db0fad7,3,queued,be3d7b5b-9424-43e7-a8c4-22b35dccdc17
d5145731-a526-447c-8730-c936bc6c5a3b,380cf389-5730-4ba7-9228-6ea3e7c2eae7,7d1be752-c16e-4e6d-b17f-6ac2428073a1,5,queued,be3d7b5b-9424-43e7-a8c4-22b35dccdc17
c978771f-afe4-4ff6-b416-04f4bf7a58c4,380cf389-5730-4ba7-9228-6ea3e7c2eae7,08e654c6-ba3d-40f6-ba52-1885cf611629,6,queued,be3d7b5b-9424-43e7-a8c4-22b35dccdc17
9e0eded1-1ea0-486c-bb53-64fffb459b36,380cf389-5730-4ba7-9228-6ea3e7c2eae7,e1e002cc-ed60-4f29-bcf2-c8bbb61ca606,7,queued,be3d7b5b-9424-43e7-a8c4-22b35dccdc17
154607f2-c94f-4351-9ce4-19b4961e1ebe,adce547a-458a-4e9c-b63b-ea7a8bf7bfd5,b447977a-2c6c-4e4d-8c6c-8dd70275f958,10,played,3d63a3f7-7a23-4c51-9c6d-beef9b021592
d8071a29-b367-4925-a92b-9ca404d92d5c,c49201fb-2117-44a1-8551-3d0f03500294,ce1e788f-6264-4f0b-b053-6c32aafbb65b,2,played,770d5c11-18d8-4980-bf10-56f5e22f368f
c6477bc5-099d-4b48-8935-523f14a3e890,c49201fb-2117-44a1-8551-3d0f03500294,49c2c5b4-c1ab-4379-9abc-7c4fa108c010,5,playing,770d5c11-18d8-4980-bf10-56f5e22f368f
7ac03017-8c2c-4a88-843b-b6de65c138f2,c49201fb-2117-44a1-8551-3d0f03500294,7d42767b-a275-425f-bcfd-35fb030666aa,4,playing,770d5c11-18d8-4980-bf10-56f5e22f368f
8ce6efec-8f8e-46e6-93d2-5c67d35ee8b2,c49201fb-2117-44a1-8551-3d0f03500294,39e55fa3-89b4-4a62-95ac-f6b7ec853162,3,playing,770d5c11-18d8-4980-bf10-56f5e22f368f
587f4c81-db6b-4d1a-ab50-e26a01adcc5d,2b73c34c-387b-4ae7-8dbe-3943ee2c3357,34d34349-4460-421a-852c-28c612471385,1,playing,300bf7ed-6adb-483f-9451-2981f88f4c5a
6568d648-6684-4404-a10b-d2328cff1c23,2b73c34c-387b-4ae7-8dbe-3943ee2c3357,b66c54f5-6f5d-4d58-9755-8ee748617f80,2,queued,300bf7ed-6adb-483f-9451-2981f88f4c5a
11d3c486-4f2c-4dfb-9f7b-5e8e00bf35db,2b73c34c-387b-4ae7-8dbe-3943ee2c3357,81b71905-8192-4da3-946d-c3f2a50f8505,3,queued,300bf7ed-6adb-483f-9451-2981f88f4c5a
097a4c03-2dd5-4633-b0ca-95499434e143,2b73c34c-387b-4ae7-8dbe-3943ee2c3357,a6391fd4-da6b-4980-a916-6c89fbb6e8c2,4,queued,300bf7ed-6adb-483f-9451-2981f88f4c5a
018540c8-d38b-455b-8c89-623ab98c9560,2b73c34c-387b-4ae7-8dbe-3943ee2c3357,27d2bd68-f2ca-4471-b96e-ae35ca65f777,5,queued,300bf7ed-6adb-483f-9451-2981f88f4c5a
2f0d0ecb-808c-4836-a30e-a216606f3d7a,9020a2d0-f9a2-447c-a64b-926719de56a0,7be436c5-31ec-4b32-8796-fbec9a1d837b,1,played,2a838055-bff1-4716-9e41-e1e6341988ab
323ba0ef-6f0c-47ba-ae9b-3f038612b511,9020a2d0-f9a2-447c-a64b-926719de56a0,7beee565-0d15-4111-b625-abf3ae2b5f11,3,playing,2a838055-bff1-4716-9e41-e1e6341988ab
6de03490-47fd-4cbd-97c9-62b830e8b293,adce547a-458a-4e9c-b63b-ea7a8bf7bfd5,21f5a2b2-2cfb-4632-9f34-6860f6c691b9,4,played,26f6252f-7611-4f2c-b1b1-64a50d854255
0cba9dd2-3e2e-48f0-b54e-ae2d909f4dbb,c49201fb-2117-44a1-8551-3d0f03500294,d2473853-9943-43c0-8334-bac02fcb259a,1,playing,770d5c11-18d8-4980-bf10-56f5e22f368f
57e852bd-1ba4-45ee-b56f-a66bbf1e4e57,5d1721b9-4945-40c9-9d21-b33a9edc2a56,bc2bdda1-b31a-49b8-b387-0b2204f21725,1,playing,5e61477e-8a37-4744-a6ba-974721d71b89
70460013-9556-4110-b001-b92e83f95061,72792cc1-95b2-4846-9387-2d9123cb1a19,14d19eb4-3d86-48f6-916d-d2efc60d6c83,1,playing,c2fba468-f3a8-4d4a-ab15-629cf313a8da
eb359d51-6e72-44aa-a4ec-4f86f0eddcc4,5d1721b9-4945-40c9-9d21-b33a9edc2a56,5eea9848-1b56-47bf-a513-5a4043d8bfc2,2,queued,5e61477e-8a37-4744-a6ba-974721d71b89
00749432-5480-455f-a9f1-cdbe88810e7e,c41f442a-2965-4a20-b548-07dd54b87708,f501dc1a-7e68-41c1-ae46-9b37974d9151,1,playing,367b6205-c069-4412-9bb1-65eabde5437e
4ac5e96a-9315-4dca-bd51-2b12a8e2bb57,5d1721b9-4945-40c9-9d21-b33a9edc2a56,85a571f2-55de-4487-a4ea-6f1fcacdaac1,3,queued,5e61477e-8a37-4744-a6ba-974721d71b89
edba83f5-01d8-47bd-86ee-d2af09f0699a,5d1721b9-4945-40c9-9d21-b33a9edc2a56,14ebf39f-1ea3-4353-9a4e-9fbb242cee3c,4,queued,5e61477e-8a37-4744-a6ba-974721d71b89
3a0afeab-5c92-4ad1-a506-19b76dc73de9,a708e1f2-0943-42fd-8c50-5dc7f551fcf2,ec523e1e-3d29-4324-81f4-407e51dff0fd,1,playing,07a3d71c-5bd6-4af3-aac8-2c60a08a4c51
776de896-bb6c-413c-a782-6242f0a3f2bb,68ee294d-bed5-4d9a-9dd5-85ebc82ebb71,bbd4d02c-2632-462b-810c-1d456d10ca7c,1,playing,3a874cd7-e74a-4ad2-93c0-c7e0414e86d3
68ac0e24-d415-488b-9982-be6697093838,a708e1f2-0943-42fd-8c50-5dc7f551fcf2,c9364184-3b86-4014-8f3a-992ed938be05,2,queued,07a3d71c-5bd6-4af3-aac8-2c60a08a4c51
ba19e7e2-7790-424d-a214-580416f19e83,adce547a-458a-4e9c-b63b-ea7a8bf7bfd5,5740480e-4a03-4858-8938-169560178236,12,played,3d63a3f7-7a23-4c51-9c6d-beef9b021592
fd4715b5-3cb1-4bcf-9387-8fa91431dcac,c41f442a-2965-4a20-b548-07dd54b87708,a7e79d38-e6ed-4ab0-8f37-61178ac4700c,2,played,367b6205-c069-4412-9bb1-65eabde5437e
cda575fd-c6ee-44bc-810a-29042d28b167,3b17c83d-8043-4aba-a193-ec76a01d885b,12ebc380-e145-4128-94a6-069d3a26a7f2,1,queued,fccf5eb2-962f-40c5-9104-a79b7d880dad
df589ba1-2d2d-4239-bae5-bb7b8782d33d,c41f442a-2965-4a20-b548-07dd54b87708,1f48541d-f382-43d7-8814-aa1f0fb0f562,3,played,367b6205-c069-4412-9bb1-65eabde5437e
08255733-2f26-430d-bc6a-b4325c5aec3d,9020a2d0-f9a2-447c-a64b-926719de56a0,4b92001d-8474-42f1-b406-6a9099f5a947,2,played,11de8092-967c-4094-9795-ad17c0562134
fa72dedb-4e90-4272-81cb-d69a87238b23,c1cf3a6d-46ee-4611-8892-3fdeca8da1c6,080b88ee-ce3c-4af5-a6ad-91b320b8dd39,2,playing,5d4c8507-b075-485a-9774-2bece999e086
045d5bc9-55b8-4e68-9ab1-bf8e9815fe6e,7b86c7ec-259d-48dc-b96e-09aa7383e5b4,41272047-89ae-4fdc-82af-126f8f86b384,1,playing,8640e806-0da4-457a-9377-5ec968c0b46c
9b59b3ea-cdf4-46bd-874d-130688c74a1d,f3d8b9b6-da89-4f9e-8f21-374c2b0de351,1950c698-bed6-48a4-82ef-227f0b3cf31f,1,playing,2d59547b-97c9-4d3f-a537-16532d142e54
8adb2080-04f5-4af5-b7a1-da9ab12245da,6db0db35-360d-4f7f-b3d8-8aa00e649c0c,c50dc77b-eacc-4308-867c-509721525594,1,played,41bde153-8fdf-460c-b5c7-d4efb969f4fe
27fb3ecd-48c5-4e89-8357-c65f68e302a0,c1cf3a6d-46ee-4611-8892-3fdeca8da1c6,a56180ec-3f0e-4ac7-8a1b-9824d6e20c7a,1,playing,5b527b85-c05a-4d06-a69e-35a767a5f5ac
93944d7c-44a1-4907-88b7-442179266abe,904c46e4-4f9a-4bc7-ac6d-2f3adfadd782,71d045fb-1d16-4e46-ae96-64121d1dc2af,1,playing,6b66a83b-7c29-4810-bafa-db622f730130
e197ef16-a897-47ce-b7d3-d76e049e3a36,6db0db35-360d-4f7f-b3d8-8aa00e649c0c,f48b0de0-5e14-441d-828b-3f3bc0cee125,2,played,41bde153-8fdf-460c-b5c7-d4efb969f4fe
74b81cd1-2344-4fe7-8c7b-8deac24023a5,3d6df4aa-4fb6-4571-ac49-3be2936db885,f2b972e2-ad31-4b5c-8332-63267b8bd82f,1,playing,4e2a3ad6-e5ca-4cfb-8001-5030cbdd33e3
97dfb13e-346a-4afd-bc97-73fae162f4d3,904c46e4-4f9a-4bc7-ac6d-2f3adfadd782,64be0cc3-8c80-43a8-b428-9235a52dc649,2,played,6b66a83b-7c29-4810-bafa-db622f730130
276b7d36-768a-46df-b7e1-d0c3300cee4e,6db0db35-360d-4f7f-b3d8-8aa00e649c0c,3f9fe611-c0e2-417b-8163-b5d81267ee93,3,played,41bde153-8fdf-460c-b5c7-d4efb969f4fe
20b9e250-e6ba-4182-b35c-b1dc799b27c8,16b87c61-ac9a-4fda-adb1-847f6f7b9006,f9873482-aa60-4f9e-af0a-d4f8a4473eff,4,played,134e75a7-5531-4774-b97f-f388803c3524
c04f09af-561d-41d1-972d-628fa64a8d53,9315d95d-215a-4a25-97c0-c344655b450d,9f43aa13-2341-4ad9-bf7e-733215d99617,1,queued,afc06030-8249-474d-bf2d-942cbd20b53d
46b5f67f-bd4c-4022-9ea4-d75ede6ff778,adce547a-458a-4e9c-b63b-ea7a8bf7bfd5,ea311123-8bd1-46cb-87c5-036f61710666,5,played,3d63a3f7-7a23-4c51-9c6d-beef9b021592
3368becb-aa93-48b4-bcbb-afc52c824062,adce547a-458a-4e9c-b63b-ea7a8bf7bfd5,e74ae0ec-f48d-46d4-83c1-b3c6bcc3d0aa,13,playing,3d63a3f7-7a23-4c51-9c6d-beef9b021592
bce65798-2b57-4e3f-9ffb-8b4b4c5d35e6,508730e4-225c-4164-b8c1-ba05b7cb0cbe,576bfc73-eb22-4493-a3b3-9efc6393171a,1,played,5d28736a-c684-49ad-bd0a-bddc0a6efff5
fe128f18-a01c-4c60-b779-d9325b45a5e1,508730e4-225c-4164-b8c1-ba05b7cb0cbe,eb9e61dd-632c-4f67-83fe-592c9a889d33,2,played,5d28736a-c684-49ad-bd0a-bddc0a6efff5
6af3e71a-82ee-430f-bcab-c69095bc9811,bd52433f-7eb7-4593-b261-1ece0bc7082a,1dc012a3-b9eb-4b2f-8c34-1719ec6de955,1,queued,8a574154-7a93-427f-9e25-9c655fa8c1e2
efc5f66f-7cc8-418f-996e-eb2cfbb9845b,bd52433f-7eb7-4593-b261-1ece0bc7082a,61378fcf-ea9a-4666-ac71-81934396e6c1,2,queued,8a574154-7a93-427f-9e25-9c655fa8c1e2
39e9f141-9629-41c0-93ac-fe3eb14194e9,bd52433f-7eb7-4593-b261-1ece0bc7082a,ebb40f3c-44e9-4511-b4d9-95f6307e40a8,3,queued,8a574154-7a93-427f-9e25-9c655fa8c1e2
dae06141-da6c-47d6-9633-1b3e6479fd3d,bd52433f-7eb7-4593-b261-1ece0bc7082a,fcab4125-876e-4f75-882f-cbefee989e86,4,queued,8a574154-7a93-427f-9e25-9c655fa8c1e2
64626d22-9e2a-442e-97f4-b35d27e06928,508730e4-225c-4164-b8c1-ba05b7cb0cbe,9410bbb9-53ce-454f-ac20-35771463f09b,3,played,5d28736a-c684-49ad-bd0a-bddc0a6efff5
185f3486-46f6-493a-a74b-3d9758cf36f1,508730e4-225c-4164-b8c1-ba05b7cb0cbe,2da7b1f4-7bc5-4a0b-b28d-047e7b68d3f4,4,played,5d28736a-c684-49ad-bd0a-bddc0a6efff5
d52abe4f-a3db-4321-af53-f20c4a324270,508730e4-225c-4164-b8c1-ba05b7cb0cbe,39f73a2f-8a8f-471c-84b2-a28c4580312e,5,queued,5d28736a-c684-49ad-bd0a-bddc0a6efff5
db894bcb-a3b2-4ea7-8a77-7fb3e39ffa99,adce547a-458a-4e9c-b63b-ea7a8bf7bfd5,e9f0919f-f868-472a-b240-2b2502695e17,11,played,3d63a3f7-7a23-4c51-9c6d-beef9b021592
b5966336-39d1-4d5f-9cec-5f99305764a3,adce547a-458a-4e9c-b63b-ea7a8bf7bfd5,4dc17966-ab54-423d-be14-da382e29c18d,2,played,2c2848d4-5d5d-47b9-9f28-cca7b455ed45
41f503b1-8783-4f75-8eb8-17fff92005e5,acfbce94-cfe7-44ed-88cf-2fef6e513237,7098cc75-b82d-4ad2-b293-6513e5abeff6,1,playing,7c73418b-0679-4c49-948f-2d565580f3d0
73a7bd50-7ba9-435a-ad9d-92c0e031a7b3,f3d8b9b6-da89-4f9e-8f21-374c2b0de351,cba675ff-8e7f-46fc-bbff-e6b929ce3ace,3,queued,2d59547b-97c9-4d3f-a537-16532d142e54
2ad947a9-67f3-43fd-8471-2e3bc423e9fc,6db0db35-360d-4f7f-b3d8-8aa00e649c0c,cfcc00a9-5ea1-4fb2-9869-64bab8a4a10a,4,played,41bde153-8fdf-460c-b5c7-d4efb969f4fe
b8bc3004-ebf8-4cf1-806a-4002e5c97ba0,e6110226-f717-4d2d-a0c7-d51105b1adb3,cf7ceba6-253d-4320-8dfb-773d8aaa8c9f,1,queued,d8c8ca90-3a35-4d62-9e82-1a800bccb42e
a33fab30-b12e-46e0-9116-cad747115f11,51314fc9-fd28-46e9-84ac-4c88a4bdfca4,af2f6fe6-2d28-4cb3-be13-cdd8e9cd954f,2,played,24fc0b55-3ce8-4e15-a27f-866949a00cf1
2d59327d-6b16-4888-9c5d-44f386fad5e1,6db0db35-360d-4f7f-b3d8-8aa00e649c0c,e2879220-9c33-4071-9b34-553b748d9551,5,played,41bde153-8fdf-460c-b5c7-d4efb969f4fe
659bc1ee-1e44-41a2-9813-3c39b5e82b83,e9d3f831-14a6-476c-b65c-a943dece886e,6f2ca122-c026-4cab-ba13-5417faed839e,1,playing,be95f10f-1eec-41d8-9c36-938929c2db92
12f9dc05-97e2-49bd-bf87-c3250ed21522,e9d3f831-14a6-476c-b65c-a943dece886e,92925e6f-ecd1-4fba-ac4e-31820f1eb577,2,queued,be95f10f-1eec-41d8-9c36-938929c2db92
1586368c-c229-4ce6-a6a4-c5ffd9c9e9e2,e9d3f831-14a6-476c-b65c-a943dece886e,d44696a0-5a0c-439d-adb3-177afb600bf5,3,queued,be95f10f-1eec-41d8-9c36-938929c2db92
3949a45c-3c26-43aa-85ae-4812b19b796c,e9d3f831-14a6-476c-b65c-a943dece886e,e04400fc-1abd-4935-b38f-5d2bc3f00e4c,4,queued,be95f10f-1eec-41d8-9c36-938929c2db92
36b13746-3961-41ef-8edc-a1a6f94c08a1,51314fc9-fd28-46e9-84ac-4c88a4bdfca4,bb803483-0be3-439d-a1b1-3cfbe3142c2c,1,queued,24fc0b55-3ce8-4e15-a27f-866949a00cf1
6da7743b-e987-414c-97d9-3c8b24ae823b,e9d3f831-14a6-476c-b65c-a943dece886e,704d82b3-a77d-4eaa-a4ce-fa4dea54dbb2,5,queued,be95f10f-1eec-41d8-9c36-938929c2db92
e59753dc-d26d-45c1-8650-00fa0e454ec3,e9d3f831-14a6-476c-b65c-a943dece886e,3cbb4ebd-3195-4879-bab1-69a4a2280481,6,queued,be95f10f-1eec-41d8-9c36-938929c2db92
affdb49c-f33a-4ab4-944e-3f300301ae08,e9d3f831-14a6-476c-b65c-a943dece886e,08dac3ff-4fc5-4c07-bb91-2e20b71f2537,7,queued,be95f10f-1eec-41d8-9c36-938929c2db92
830c3335-ee80-4b52-8898-1f92976947ac,e9d3f831-14a6-476c-b65c-a943dece886e,09ea7e96-aefd-45c5-9880-8db8e4071a67,8,queued,be95f10f-1eec-41d8-9c36-938929c2db92
19491130-7a59-4283-9167-6f231a40da82,e9d3f831-14a6-476c-b65c-a943dece886e,9ddde5ec-0f44-42e7-87c3-5bb90c5c3b68,9,queued,be95f10f-1eec-41d8-9c36-938929c2db92
82ebd94f-3894-44ed-8deb-d4aceb4b2c7d,e9d3f831-14a6-476c-b65c-a943dece886e,6d097250-b391-478c-b690-87ea74ae1a78,10,queued,be95f10f-1eec-41d8-9c36-938929c2db92
5d7d9f73-4dc2-46b4-83b7-184c4fee2e10,0a836ea1-d97f-4853-a0ce-c9586e779888,c612a495-4ab0-4433-ab96-c2e548e6f9eb,1,played,7adf4c17-071b-4b9f-9b7b-476e5fe6b3ab
ba2149ba-ea50-4c6e-b0c3-9c224e5d71a8,206c6abf-498f-4291-907b-d6aa790b9e14,a4ed4c6e-beb6-4e6b-b8f3-fb5579860019,1,played,b6809a3a-efe3-4dae-8779-a92752fb6f85
c5bed605-9d97-495a-8a5c-ff18fea9e5c3,206c6abf-498f-4291-907b-d6aa790b9e14,7333e5ec-be42-4013-aba4-2c9aaf91dbb4,2,playing,b6809a3a-efe3-4dae-8779-a92752fb6f85
817d582c-4d7d-453b-8088-893487db3a7c,14fe7f7a-aae3-471d-872d-0af9816e4382,7cc72692-4e5f-414e-9e0f-6e96f7be274c,1,playing,0443e1d6-d43e-41c0-b375-d2c12ca09b96
4967e6f8-eaf9-4dac-ab90-7177c168ca16,0a836ea1-d97f-4853-a0ce-c9586e779888,dfdddbcb-7959-45e7-b4f0-31cf1ed510d0,2,playing,7adf4c17-071b-4b9f-9b7b-476e5fe6b3ab
4c466444-f540-405c-a735-9161f975218c,4fb58b62-ca94-495b-b573-6c0c33e81e62,193e49da-4cdd-4233-a576-da211a89095b,1,playing,50d61237-68bd-4f45-9330-46f6be9efed2
ba5e3165-7dc3-4a90-a6c1-f63faa753bfb,0a836ea1-d97f-4853-a0ce-c9586e779888,af7d6e48-019f-42f8-a760-7813d3f9fd39,3,queued,7adf4c17-071b-4b9f-9b7b-476e5fe6b3ab
0da5c06a-59dd-4944-ae3b-d6cbd9f3a05d,0a836ea1-d97f-4853-a0ce-c9586e779888,29210e8e-fee0-4806-893b-c74da164a45d,4,queued,7adf4c17-071b-4b9f-9b7b-476e5fe6b3ab
d610b9b7-1245-48ad-8cc4-dc1841063633,f3d8b9b6-da89-4f9e-8f21-374c2b0de351,d541ab9f-fe4c-4f6e-857f-c6047038dbb6,2,queued,8dcc9de6-3141-4f0b-b350-7add31e1bcaf
0010a9e8-e609-4a8c-8723-790cec58143c,f3d8b9b6-da89-4f9e-8f21-374c2b0de351,e3ab21f0-2930-45b9-abed-70dece680f9f,4,queued,8dcc9de6-3141-4f0b-b350-7add31e1bcaf
f29ec3ad-9b27-4599-ac0b-3d49d1db52b6,f3d8b9b6-da89-4f9e-8f21-374c2b0de351,e075d11b-7fbf-491f-b780-414e693799b4,5,queued,8dcc9de6-3141-4f0b-b350-7add31e1bcaf
8c80eb87-6377-42f6-b936-99c6268b3a7d,f3d8b9b6-da89-4f9e-8f21-374c2b0de351,086ee7eb-2678-483d-afbd-0549294095e7,6,queued,8dcc9de6-3141-4f0b-b350-7add31e1bcaf
e49c83f9-1c20-41c1-ae34-2aa8eee63c3b,f3d8b9b6-da89-4f9e-8f21-374c2b0de351,ff5353fd-9f59-4254-8609-5d0dff621947,7,queued,8dcc9de6-3141-4f0b-b350-7add31e1bcaf
0c686813-3bdd-4c33-b0d0-8414feb906af,843bab0a-e2ec-467b-8e42-ee792cfe87e5,83f2b0ba-3db9-446c-983c-312d03e02b9a,1,playing,38a18de4-0d1c-4bdd-8aa9-8b0be0cf12f0
df1144df-7f02-4570-9f8f-f232916a9404,843bab0a-e2ec-467b-8e42-ee792cfe87e5,ae70cf89-7cb2-4b92-b725-75e318b49d91,2,queued,38a18de4-0d1c-4bdd-8aa9-8b0be0cf12f0
c2d68d73-8481-424a-abc6-c9351a773c90,ca8d662f-b2a2-43f7-82c8-a64653b4d9b1,75025576-0cb2-40f1-9897-6fd45b312429,1,playing,c0c3ce1a-485a-406b-8011-e92f12becb9e
90ba15eb-f3b8-452d-8b37-caf7236445bb,1a419666-9de0-48f8-b457-5141274197bc,1d63d5ea-907f-4350-b885-9ae9d7943ed3,1,played,bab3fbe2-aa32-4dc3-bdb2-9cb84b9025fd
fbd12dda-c934-4731-913a-f537daf25823,adce547a-458a-4e9c-b63b-ea7a8bf7bfd5,a1a0f04d-140c-4ca1-b21c-bb311c6de73f,3,played,3d63a3f7-7a23-4c51-9c6d-beef9b021592
3c8fb2a3-3fbf-4c8e-9e31-ffe2a66c2301,b93703cb-fee1-4151-be6a-43512bf6f788,c12d3221-dbe7-4510-b776-4c42e231d02d,2,playing,1666b2e0-ec8b-439f-b525-f996463b5e3c
926fb263-ef61-47b2-b25a-278bbe4d9cba,b93703cb-fee1-4151-be6a-43512bf6f788,395af4e1-74a8-47fe-8919-8a69fb0de34b,1,playing,1666b2e0-ec8b-439f-b525-f996463b5e3c
9394b997-5cd0-4f65-8d69-93e2c1ba5c12,b93703cb-fee1-4151-be6a-43512bf6f788,dac85f40-2e12-4770-9cfe-004c4ee38250,3,played,1666b2e0-ec8b-439f-b525-f996463b5e3c
c22f91a3-1379-4acc-bd6b-b62cff4ca47b,a03f13cb-77aa-4781-8372-6af8f9b3b912,1bb238b2-1012-4da6-a4d5-8342b5b023d3,2,played,5c6d5119-2653-4aab-880b-7a8844d95c41
1b4302d0-9956-4802-8390-6325ec2c0c03,411591fa-82f0-4651-808c-6a68dc8d9a92,e570376b-174d-4363-9289-f100f095bc45,1,played,58e0474a-e471-4c26-86de-02ea0edaeac5
a6d41d82-7484-4ef9-b41c-7b8340296d2d,411591fa-82f0-4651-808c-6a68dc8d9a92,0943046d-3015-4698-9b34-8470e1f13458,4,played,58e0474a-e471-4c26-86de-02ea0edaeac5
82bca50d-6f94-4c21-b2cc-950a93feac5e,a7d100f6-aebd-4602-ad3b-a8dfe38aa92d,59e7c817-0c2c-4c59-8d1c-2df8d6f9fae4,1,played,e7a97470-cb17-44b3-92cb-bd39435d392a
11626c46-beda-454c-9e94-320fd15509a7,a03f13cb-77aa-4781-8372-6af8f9b3b912,356f15a1-68b8-4de6-b94c-e7bf3fcc04b0,3,played,5c6d5119-2653-4aab-880b-7a8844d95c41
ec3491ee-a330-4b15-a887-17893748b836,411591fa-82f0-4651-808c-6a68dc8d9a92,ce0b8b07-7ad6-4f45-a85f-07cd88d2c968,3,played,e98f6958-4d0a-48c6-86dc-ec26dcb566e1
a84dc7b9-e325-43b3-b3c9-66246405d6db,a03f13cb-77aa-4781-8372-6af8f9b3b912,b3eff889-acaf-4e9c-a2b6-85bd7d302aba,1,played,5c6d5119-2653-4aab-880b-7a8844d95c41
9373dfc8-1961-499b-bb8e-ad8789984011,411591fa-82f0-4651-808c-6a68dc8d9a92,4b98f105-d060-46d5-9229-731c02d3a0cc,5,playing,58e0474a-e471-4c26-86de-02ea0edaeac5
db6e7ffa-0c7f-4183-b450-bb4e42db7648,a03f13cb-77aa-4781-8372-6af8f9b3b912,5c0ca507-69fa-4fc4-af2e-e23f4fcf661e,4,played,5c6d5119-2653-4aab-880b-7a8844d95c41
55789cbe-bc05-4485-9fff-4755d64d8cb5,db189a50-5602-4c76-8e45-ebba9aeffdf3,df2f0293-92ac-4435-b8a4-c84ee34804c0,1,playing,dae58034-4152-4306-aa21-5f6ae38b3fad
56995b6d-3172-483e-b5cd-bc68f0ed2551,411591fa-82f0-4651-808c-6a68dc8d9a92,4b038026-2064-4742-b0e0-de43f87d4c65,6,queued,58e0474a-e471-4c26-86de-02ea0edaeac5
3de20823-ed81-4bd8-b2c4-5c13b6a1340c,e14afb31-e0b0-47d3-b25d-17214e824182,91be19ab-d87f-4f5b-b529-47339195579b,1,playing,94e313d1-0660-4130-ae79-f938104460f0
66507ae2-3221-442d-85a8-bbf23a3b1a3e,411591fa-82f0-4651-808c-6a68dc8d9a92,d850ce26-d5fd-45fa-bfc9-ddd165d00bc2,7,queued,58e0474a-e471-4c26-86de-02ea0edaeac5
3af1ea20-9799-448a-80f4-0432c53267c3,411591fa-82f0-4651-808c-6a68dc8d9a92,29f6e73e-777e-45a7-a1a0-1641910746d2,2,queued,90ab7ed9-fc62-446d-942f-6df3c9bf6d0c
6e2ab1f6-be85-4f4d-9c1b-c87ec3e822ed,adce547a-458a-4e9c-b63b-ea7a8bf7bfd5,aee034a3-94c9-451b-bb5a-725443adb4c7,14,played,3d63a3f7-7a23-4c51-9c6d-beef9b021592
35f6e234-b23c-49ab-a9e8-477c76321c29,a6020d25-8a85-4300-afb6-f11ffa629fd7,8c032817-5b82-49c2-8005-57439a2b5be0,2,queued,81a2708c-726f-4d83-86e7-cb5665f77de2
2a1fb705-c063-4361-94c7-85f63bec88d6,110a88a7-99a4-4a7f-b89f-49c424f31323,e2db615f-e52f-42f2-a94c-e1a61050bae1,1,playing,280df978-5350-478d-a315-01a389efbf27
acbcdca0-139f-4e96-8306-135e87c0cf7f,fb5d21e1-6398-4f49-9e02-91a52cd24544,e3697d3f-b96c-4585-ba7e-807ea4ffb2a1,7,played,6c9fd11a-19b9-43da-9790-172aadb0838e
cd7f4fba-7d9f-4718-bb39-d54ef64058ea,df686547-fc41-476d-8276-394489ee745b,ac349faa-aff3-4494-89c5-7c13e07f4bd9,1,queued,6a19dbe7-0b84-4e1e-82b6-0ba05325bc49
e76aa183-237c-4296-905b-75999d1d51d2,fb5d21e1-6398-4f49-9e02-91a52cd24544,0753d781-6c77-4650-b4a4-1af4ab9e959a,8,played,6c9fd11a-19b9-43da-9790-172aadb0838e
00e0d380-509c-40ea-a79c-e09b43af94d3,fb5d21e1-6398-4f49-9e02-91a52cd24544,0378f5b2-394c-4e2a-8407-ec5b4b18bc87,9,played,6c9fd11a-19b9-43da-9790-172aadb0838e
7a297996-cf7d-4c48-8782-3580ffcc5679,fb5d21e1-6398-4f49-9e02-91a52cd24544,486f3274-dd72-44ad-9556-23fb782ddf20,10,played,6c9fd11a-19b9-43da-9790-172aadb0838e
08ce5387-e00b-4530-99e8-25471fa45398,fdcb80fa-e040-47b8-b83d-026f4057c7bc,645e1729-cd97-40fb-8446-8f470dd4cb48,1,queued,462188ed-c07f-4250-b08d-8382bfd0f333
f4425223-1555-49cf-8c4f-d3407facd8bb,4726773b-a44b-4b0e-ab1a-b7824f656945,0de43492-8845-445e-8013-f753b2cafb03,1,played,136100bc-6fdc-4768-9816-a2f2932eb5e0
0e379ac1-31f7-494d-9f0e-63cbcceea73a,92c343ad-f133-4df6-96ba-0ad95bd4c8eb,e765eef4-840c-4eec-9b98-cfddf5091592,30,playing,c424dc52-601b-4228-a6f5-a500110a065b
d4fc0709-cb71-4659-924a-638508338eb6,c8836b19-077e-4659-a151-1fd8f61b18b2,4e03a87b-b4ff-444c-bfdb-2ccd846762ed,2,queued,6e50a3c6-e634-4da1-8029-a50fa4e2e151
8c063c60-3426-4bea-bbd6-2b25b58cf281,4726773b-a44b-4b0e-ab1a-b7824f656945,7df548e6-4cc7-49b9-93d5-8b01ede3a3ca,2,played,136100bc-6fdc-4768-9816-a2f2932eb5e0
d8f69b32-d757-4dcb-951a-316eb6f734a3,4726773b-a44b-4b0e-ab1a-b7824f656945,bec5573f-6fa5-45c9-a472-2c0306e5559c,3,played,136100bc-6fdc-4768-9816-a2f2932eb5e0
80b6a865-8431-4c4d-b95c-afb022fb6e94,89122d70-843a-4bf7-b3c8-1c65290fc9c0,e4dcfa30-6a06-4784-97dc-ca42d7e64cc0,1,queued,54fb1e05-c04e-4886-9f3c-c64032acd549
0e7aa84b-f0ab-4724-88fb-882d1eaa2d2a,89122d70-843a-4bf7-b3c8-1c65290fc9c0,e9322116-ca8f-40e3-9e95-aaa6704f51dc,2,queued,54fb1e05-c04e-4886-9f3c-c64032acd549
542eb0fd-1205-4dca-aa7a-a6a62e1f3f1b,067294a3-c937-4ec0-92ea-b66a4eb4d002,c8ac4d70-9084-41ba-9051-e9861b283495,1,queued,c126ddcc-fe89-4529-a404-c17ef551de79
f18c1b58-7408-4fa6-a3e4-088b545efcdd,fb5d21e1-6398-4f49-9e02-91a52cd24544,40fad3ab-b247-4560-b315-d90712232cdc,11,played,6c9fd11a-19b9-43da-9790-172aadb0838e
a5d26b40-a002-4344-a2e2-94cfc5565f6a,fb5d21e1-6398-4f49-9e02-91a52cd24544,162b883b-1f52-4d59-a8b7-26894b137464,12,played,6c9fd11a-19b9-43da-9790-172aadb0838e
33f2dc0b-867d-4b42-b526-8899eedb4d5c,cea1e4bf-aa81-4861-a441-6dbe8bad4a05,75e31c21-b38d-4b5f-9d14-caceac7501e8,1,played,c9a69dc0-288b-473a-9b88-561f3ac363b7
6ac96001-aa69-4bad-a04b-e6bb8af5e802,fb5d21e1-6398-4f49-9e02-91a52cd24544,7706a322-5782-4235-af77-4d2af6117f8b,13,played,6c9fd11a-19b9-43da-9790-172aadb0838e
e04145a9-83d9-4a6b-9955-a45e0b13b0dd,ef8d9be3-9648-405f-839c-db06fb08d6d6,725ba711-7bcd-45b6-bd7e-b992bceddf1a,1,queued,81e10dea-f778-456c-af52-e412a69c66da
001eebc3-b45e-4860-92cb-7d9ee962992e,6144df9f-c580-48ea-81d8-a230a95d0c58,af0e6ea2-57fa-4adc-846c-3682179b205c,1,played,5234d839-1d5a-49d6-9d01-7e3bc15d5cec
8f37f117-1f9e-49bd-b3e9-327e7d3abfaf,cea1e4bf-aa81-4861-a441-6dbe8bad4a05,bac66881-985c-4442-8c8a-5b710a9c2e37,3,playing,c9a69dc0-288b-473a-9b88-561f3ac363b7
f6efe1de-2739-4f97-9c41-9509589cf7dc,6da3af5e-c0ce-4d21-944b-81389968309c,75e31c21-b38d-4b5f-9d14-caceac7501e8,1,playing,c9a69dc0-288b-473a-9b88-561f3ac363b7
22dda74e-8d08-4202-87c3-ed76dcb5cf9a,3f9dabb6-1c51-448f-8ac2-626299dccdce,f99194a7-f158-4e83-ac15-2a902e79d8ef,1,queued,24b7ae41-a029-4185-8f6d-89508f69ca84
a07634c8-0df8-4283-a5b3-5056268eb9f4,a03f13cb-77aa-4781-8372-6af8f9b3b912,0ee23a73-9ce1-4126-a4ec-39e9a3c77070,5,played,5c6d5119-2653-4aab-880b-7a8844d95c41
d81a141b-c3d1-4806-918a-587f96cba273,a03f13cb-77aa-4781-8372-6af8f9b3b912,fb7c3d6c-958e-4403-9c84-0997631894b1,6,playing,5c6d5119-2653-4aab-880b-7a8844d95c41
94e4c721-02ca-4f5a-8e5c-db06d099924b,a03f13cb-77aa-4781-8372-6af8f9b3b912,f7e83fdf-02fa-4e1d-a971-fa5192cca2d4,7,queued,5c6d5119-2653-4aab-880b-7a8844d95c41
89ba864b-0682-4d1a-a270-29f766f31c8d,a03f13cb-77aa-4781-8372-6af8f9b3b912,26894534-ce96-410e-b789-f3af52a8396a,8,queued,5c6d5119-2653-4aab-880b-7a8844d95c41
9e3ba83e-0668-4b38-a2a8-5da3e61964ce,6da3af5e-c0ce-4d21-944b-81389968309c,bac66881-985c-4442-8c8a-5b710a9c2e37,2,queued,c9a69dc0-288b-473a-9b88-561f3ac363b7
db4419e2-c89f-4f49-a3dc-1bfac87c5707,3f9dabb6-1c51-448f-8ac2-626299dccdce,f25bd568-3163-4fe1-8021-e04d89ad7822,2,queued,24b7ae41-a029-4185-8f6d-89508f69ca84
eeeb30be-6376-4b54-80e0-95d2e2c2af6c,3f9dabb6-1c51-448f-8ac2-626299dccdce,a7ea5512-b671-4675-b756-a52aebaf2015,3,queued,24b7ae41-a029-4185-8f6d-89508f69ca84
fd9bb938-0305-4772-9fbc-9e03b4eaaaec,af5f348d-e7ce-45e8-bed6-5c35618cc430,d4590f71-dc86-446f-9e23-05708ff15272,1,playing,28abdb36-0b65-4233-b48d-c393de2e0940
e8ca0d5d-ec1d-4cc2-86c0-8c2c5d08a830,cea1e4bf-aa81-4861-a441-6dbe8bad4a05,200b322e-7fd4-4040-ba0c-1e996a3b6d16,2,playing,339dbcc4-35f3-49e4-8fa7-796ebb26013a
5d0fe1c0-a2c4-4862-8e7d-965c9990c6d1,72ed21bb-34ab-49a2-9563-51f159139c2a,2f97e0ac-46d5-419f-964f-bea5307aed81,1,playing,cefefc4b-a20a-4133-a599-471d0c945c99
107d643d-bc83-47d8-8fe8-1a40db41c65d,72ed21bb-34ab-49a2-9563-51f159139c2a,24b8203b-ed85-4b18-8323-f758974bc255,2,played,cefefc4b-a20a-4133-a599-471d0c945c99
62191fd4-c5c1-42df-b245-d5e40618dc23,cea1e4bf-aa81-4861-a441-6dbe8bad4a05,2bd132ef-7300-4f35-a455-08047cd7df05,4,queued,339dbcc4-35f3-49e4-8fa7-796ebb26013a
27db1d9a-384b-4593-92d5-3bd0670ee79d,208fcdb6-9c1e-4090-9994-bd1d964e4603,671f4c4e-ccf4-4673-92b1-c24f58e1a1e4,1,playing,774b7e0a-102b-41f0-8198-524e979cc034
914ee8d4-e675-447c-9970-aa7e717a99d0,ecdda986-53f9-4435-98fe-9c1975eb7b75,7b2220f6-9abc-4784-ba50-5cdc3cde4c8c,1,playing,63c13589-b288-4580-82c6-059e87848e58
e3fa2ae8-9301-4acb-a064-1a6b620e5969,35ef613e-bcf7-4b50-821f-02d87684293b,5e8e37f4-01a5-47b8-84f3-d4b6bf15fa89,1,queued,b9937380-a6ea-48d9-a069-6c885b29d358
016a2fb5-efad-4df2-9b5b-7653f581d5fa,cea1e4bf-aa81-4861-a441-6dbe8bad4a05,6d029237-a497-41fe-b1b7-51563f7f6234,5,queued,c9a69dc0-288b-473a-9b88-561f3ac363b7
b8da1d0c-c42f-472f-95d7-77ae653b62ce,9df66426-2cfc-4d96-a2b1-cd2631722a76,6a7adcec-5764-4132-8538-476bb536d5ba,1,queued,1f447f45-4b31-4191-9b05-559bb8fc718b
2487a3fd-5ee8-4271-9874-b5a1ee3e889b,946b8e75-b4e6-4a0e-aab5-7af6e7fbcef5,d8af32f9-37e9-46f3-938e-fe64463b2168,1,playing,7e1acbf4-524a-4d6d-be92-0232fb50b445
14157148-eba0-409b-bd3b-616da8dff769,bd90904a-56a2-4e0a-a614-f2a4bd8b8843,e161442b-5edc-43a8-96f3-e6fa5d75ba06,1,played,15e15447-3153-46d0-ab5b-c011e99c2d03
a35db81d-b4cd-4466-ac0c-7cc63b53d549,59dea186-6396-404c-acf2-4c81f969dfa5,8b274ed0-d3d5-4b37-9225-58ea52b537be,2,playing,585a4b4a-be6f-442b-b75f-87b5cb0aabf7
8a02be6d-f8aa-43ec-86d9-959c3ae3609c,3f9dabb6-1c51-448f-8ac2-626299dccdce,aa420925-1f2c-4689-a74c-415c7e44cd02,4,queued,24b7ae41-a029-4185-8f6d-89508f69ca84
5c70f1a9-3216-4793-abc3-f4025fa8b446,59dea186-6396-404c-acf2-4c81f969dfa5,c4f256de-afab-4978-bea5-b7f1548d28bd,1,playing,585a4b4a-be6f-442b-b75f-87b5cb0aabf7
bb233ce2-a7d4-4370-b851-4a70b8e485c1,fdd59f7e-7510-4e4c-8330-b2ea16e5f3cd,5b3ed6c3-0b95-40a6-a0d0-ab7ab8dee6f3,1,playing,301fcbd4-8cfc-4c67-848e-4926227df7c3
a359833b-9756-4e6f-bf19-819d7f627b42,bd90904a-56a2-4e0a-a614-f2a4bd8b8843,b3346e41-e02e-4ef3-9f49-515cedf7809d,2,played,15e15447-3153-46d0-ab5b-c011e99c2d03
97737fbe-bae5-42b2-b63a-5813b528aaa0,dd263919-ebba-40b4-a579-fd5cc1d0443f,74df4f56-940c-47b5-9130-67069847ca9f,1,played,4f793a7f-8ec3-4b2f-a916-c39b1e34c260
6b45caa9-c210-4d46-89e5-3864147e49ea,88200570-1e5b-452a-9a5a-e9d5da7c5bd6,cbf358c0-3dee-4772-8723-33c252474a09,1,played,d2054790-7add-4a5b-b8e7-0e5948986503
51f3671c-b9a1-4dd9-98d6-2a1c195537d5,88200570-1e5b-452a-9a5a-e9d5da7c5bd6,f163fe46-04ae-443d-bc14-d23b6c7bc547,2,playing,d2054790-7add-4a5b-b8e7-0e5948986503
c9e8c8e0-459b-48eb-8341-98b5464d66ed,bd90904a-56a2-4e0a-a614-f2a4bd8b8843,72f998e9-7112-4b40-8710-77e777e3a084,3,played,15e15447-3153-46d0-ab5b-c011e99c2d03
6215f17d-f170-4f15-a889-1a5a7c061717,bd90904a-56a2-4e0a-a614-f2a4bd8b8843,31180073-c5fb-491c-8e83-97b7b657dc71,4,played,15e15447-3153-46d0-ab5b-c011e99c2d03
243e7f93-ac97-4933-8a1e-2c4c29d1016f,cea1e4bf-aa81-4861-a441-6dbe8bad4a05,d636f46d-1307-4c49-830b-e48f775992ed,6,queued,339dbcc4-35f3-49e4-8fa7-796ebb26013a
343a5cce-eab1-4e12-b97c-0a9858f87b52,dd263919-ebba-40b4-a579-fd5cc1d0443f,e244eb16-a093-430e-8a3e-abbc30799959,2,played,4f793a7f-8ec3-4b2f-a916-c39b1e34c260
dfc121d9-bfd5-4711-ab67-4d543bd7df00,baa4fbc6-933e-4187-975f-93e7e757ac9d,662c619b-ec46-473f-bfc9-a45efcf6525d,1,playing,8f995a68-6db3-4a84-9a44-b7996821faaf
d99988a2-0871-44c8-8eb7-80ae7e9daa12,bd90904a-56a2-4e0a-a614-f2a4bd8b8843,7fc27163-8c38-482e-a17c-4bb67e8b36da,5,played,15e15447-3153-46d0-ab5b-c011e99c2d03
9095fb4c-a083-404e-a2d0-6b17fb482815,bd90904a-56a2-4e0a-a614-f2a4bd8b8843,e018e143-b542-4ac7-87e8-089ce63a13d2,6,played,15e15447-3153-46d0-ab5b-c011e99c2d03
567295ad-ef60-47d1-8308-32c9d569fbb6,bd90904a-56a2-4e0a-a614-f2a4bd8b8843,328889df-eb73-4019-a73d-460f034e133d,7,played,15e15447-3153-46d0-ab5b-c011e99c2d03
34e06217-5b62-4b76-b363-dbfbd58309c8,bd90904a-56a2-4e0a-a614-f2a4bd8b8843,1494a175-6bce-4ba8-9d6e-57daeb253b3c,8,played,15e15447-3153-46d0-ab5b-c011e99c2d03
29f3d7bf-8b18-410a-b686-7e805378859c,bd90904a-56a2-4e0a-a614-f2a4bd8b8843,a0cb609d-d8ce-4fbf-b027-e69eeecd91f5,9,played,15e15447-3153-46d0-ab5b-c011e99c2d03
9647b397-1ee5-4571-abf2-0fa56fe0d91c,bd90904a-56a2-4e0a-a614-f2a4bd8b8843,4b40cd6c-c746-427a-8ef9-a284dd059b5a,10,played,15e15447-3153-46d0-ab5b-c011e99c2d03
51cdcec7-7263-4354-a4d5-566eed01773d,bd90904a-56a2-4e0a-a614-f2a4bd8b8843,d731df7f-2873-4c98-b19a-715dfea3738c,11,played,15e15447-3153-46d0-ab5b-c011e99c2d03
98561adb-b68a-4734-9392-0a62558de974,bd90904a-56a2-4e0a-a614-f2a4bd8b8843,871c12cd-2522-4240-8b31-888df34c25d2,12,played,15e15447-3153-46d0-ab5b-c011e99c2d03
d5f31d79-249a-42b1-9619-dbb6219c130e,bd90904a-56a2-4e0a-a614-f2a4bd8b8843,39d9fc9b-40c2-4ce4-a7e4-5652d9ada2ef,13,played,15e15447-3153-46d0-ab5b-c011e99c2d03
972a6eb7-d9a0-46f4-9c3d-1b20bd08f8bd,bd90904a-56a2-4e0a-a614-f2a4bd8b8843,4cd98456-2538-480a-a649-178dc24eb4ec,14,played,15e15447-3153-46d0-ab5b-c011e99c2d03
4bf5362d-78cb-4f1f-9c55-db40cf115be3,bd90904a-56a2-4e0a-a614-f2a4bd8b8843,ce578578-5138-41e1-b247-807ae9843e15,15,played,15e15447-3153-46d0-ab5b-c011e99c2d03
4eb2921a-7b32-492a-9ee2-fca1781f5b8e,66bdaeab-8037-4e25-b2cd-643ebf332612,0910343f-0ffe-4a55-937c-29a673b6372d,1,playing,5beb1a05-7af4-44d6-a3e2-cc0280c89988
b9bb2acc-6517-4d26-b0d1-4ff9bbf901a7,bd90904a-56a2-4e0a-a614-f2a4bd8b8843,ba2e5a65-5606-4ea7-a1b0-7d4e21a789ad,16,playing,15e15447-3153-46d0-ab5b-c011e99c2d03
ea1e9ff4-018b-4ced-8f06-3330034eb5f2,dd263919-ebba-40b4-a579-fd5cc1d0443f,786be3e4-de2c-4a5e-960a-0558462b7764,3,playing,4f793a7f-8ec3-4b2f-a916-c39b1e34c260
4a895b34-b9b5-4e89-92b9-088ef22d75c1,dd263919-ebba-40b4-a579-fd5cc1d0443f,39127ae7-3453-4541-9fc7-fea847726495,4,queued,4f793a7f-8ec3-4b2f-a916-c39b1e34c260
d03f84db-1ce3-4450-8228-1a12796305c3,92d8ba2e-9e34-410f-a7b3-846e020aaac5,526a5ebc-3e91-4d07-a6c5-de5ae62a051f,1,played,026d5502-761c-4854-a8a2-6e2d19316092
b508b8d4-3681-440a-9b89-6d61fd3efcb5,7cf7d800-f13a-43d2-a703-79c529d5371d,e9579ee5-142e-497f-b3fe-cb98c8c8933e,1,playing,44807857-b707-4997-b51e-c766ccf35973
fb6dc882-625d-4b7c-8249-5f151cb1d4ab,dd263919-ebba-40b4-a579-fd5cc1d0443f,64f63cd2-b04b-4ddb-bf34-f5c18a9df64b,5,queued,4f793a7f-8ec3-4b2f-a916-c39b1e34c260
496ddd2f-11c9-43ba-b56f-f5b8058c75b1,dd263919-ebba-40b4-a579-fd5cc1d0443f,7c403191-13be-4ccd-a03a-4b3084add157,6,queued,4f793a7f-8ec3-4b2f-a916-c39b1e34c260
7f21d7fd-bde7-4edd-81a7-cbc879d76cb3,4cd86587-05c0-4e05-b133-801d2d6459df,bcbafaac-e080-4571-b127-587a071de109,1,queued,62043bf2-2d05-44de-a739-a679cd6c375a
db6d068f-1af2-4b5b-ac55-c1f5c9a49fd3,1107eb82-0d45-4df0-8daf-b6afc9673c8a,8164a718-f3d7-43a0-b8ed-45193bf929ec,1,played,9c7c636b-24a8-4c0c-b920-ce775c1f321f
29aa9286-60d6-41cd-860d-e2131b6ea2b1,1107eb82-0d45-4df0-8daf-b6afc9673c8a,14a8fc4f-589c-4e29-9461-7ea6891501ac,3,played,9c7c636b-24a8-4c0c-b920-ce775c1f321f
5505a309-2b7f-4f79-ab70-511cc84f3a05,1107eb82-0d45-4df0-8daf-b6afc9673c8a,b84f47ca-04d9-4895-9b4d-56955857190c,4,played,9c7c636b-24a8-4c0c-b920-ce775c1f321f
c086839d-cd00-4f6c-aacd-fede05d412f6,1107eb82-0d45-4df0-8daf-b6afc9673c8a,8f336874-a2ab-4029-ac43-14d0410b6faf,5,played,9c7c636b-24a8-4c0c-b920-ce775c1f321f
35a2f4de-b32b-48f7-80ea-97a3fe590b74,1107eb82-0d45-4df0-8daf-b6afc9673c8a,8812f21e-6d34-4605-86bb-1d9380be1b0f,6,played,9c7c636b-24a8-4c0c-b920-ce775c1f321f
ff16b927-0e5e-43ff-9644-58cde5822656,1107eb82-0d45-4df0-8daf-b6afc9673c8a,99dcded7-ed3c-4307-8748-bf92e68ddc34,7,played,9c7c636b-24a8-4c0c-b920-ce775c1f321f
14b86b2d-b24e-4ca7-bf5c-ea553c669fc1,1107eb82-0d45-4df0-8daf-b6afc9673c8a,03452977-da84-4907-b1f4-62e6ddba997f,8,playing,9c7c636b-24a8-4c0c-b920-ce775c1f321f
4d9096ea-5813-45b7-86d2-a0034b2e7014,c6a24fe8-ebe7-4e6d-a9a9-fa048c55ec83,ca6651f2-71bc-490a-a777-cce48c127c8e,1,queued,41d6c824-e7f9-43b5-a6bd-b0178cffcb14
cd5d53ae-eca1-4ad7-99d7-0aa482dc7fad,1107eb82-0d45-4df0-8daf-b6afc9673c8a,ae48d44c-6675-47ea-adab-75212e124791,9,queued,9c7c636b-24a8-4c0c-b920-ce775c1f321f
fff22856-5778-4dd0-890a-a57a5698c44e,1107eb82-0d45-4df0-8daf-b6afc9673c8a,046e07bd-46bb-48b2-9147-c1f248e551bb,10,queued,9c7c636b-24a8-4c0c-b920-ce775c1f321f
11412d74-fd11-44da-872b-5b41e6a49ae8,1107eb82-0d45-4df0-8daf-b6afc9673c8a,00bbf3fe-44cc-4dc0-880f-d1d1ff314e8a,11,queued,9c7c636b-24a8-4c0c-b920-ce775c1f321f
dc978579-ed50-4beb-81f3-1bb1c14bb16a,1c78f7bf-bbc0-4e42-9ec1-10dad9adb16a,d880d4ef-20d8-4973-be1d-f60fadfc221a,1,played,b56254a5-94ce-4c6e-9040-a5e326763961
efb6b6f5-12b4-47e9-b746-048cb9fb07aa,4107658c-0a94-44e5-8f81-c066779d6524,1d4d28dc-d17f-4333-8c86-17f237a9aeac,1,played,314db7c5-3919-48d2-85fd-28fed9fed8f7
f901c862-a32f-44e5-a0c4-711066eb759a,2e266b2d-db5e-43d7-b24c-81c99fd11a57,07fb2655-a400-4e6c-b86f-9a298eef0074,1,queued,b70fbe84-1424-4efa-a32e-9650834f63a5
623174e3-d2d7-4a70-a199-9c035cac82cf,2e266b2d-db5e-43d7-b24c-81c99fd11a57,e44fc770-ba2a-4727-a68b-ab5c5ad2120a,3,queued,b70fbe84-1424-4efa-a32e-9650834f63a5
41391480-bf7c-4839-bae3-f33ba932d859,2e266b2d-db5e-43d7-b24c-81c99fd11a57,d4fadc9b-03b5-4a65-b013-286c7d94e892,4,queued,b70fbe84-1424-4efa-a32e-9650834f63a5
555b6533-5323-429c-86ba-13e9d787fb30,2e266b2d-db5e-43d7-b24c-81c99fd11a57,31f9aab8-c671-45fc-aa16-50c513f8f279,5,queued,b70fbe84-1424-4efa-a32e-9650834f63a5
827b71d4-8f1f-4a11-b8fa-5a10cea4463b,2e266b2d-db5e-43d7-b24c-81c99fd11a57,b6b7b0e8-3e32-4659-8a94-8512f8c58a02,6,queued,b70fbe84-1424-4efa-a32e-9650834f63a5
881d7080-5e64-4868-bec8-eb69d6b47f36,2d837788-24d1-44ae-bd9f-175985c2ee33,8095e69e-f67a-4450-8a5c-83527c6eed9d,1,playing,8b98121e-b9f5-41d8-a105-c2645e26bd9e
3cfef227-e985-46bd-8cd2-62c80267076c,4107658c-0a94-44e5-8f81-c066779d6524,a2d8bf71-0ff4-4814-9c9d-48413b373f18,2,played,6b3d5a69-c6c3-4abb-bec7-7ee603213266
c22f579f-116e-4d15-8868-c3bb6b6b6fde,4107658c-0a94-44e5-8f81-c066779d6524,c00117fe-3cfe-4315-be8d-6fd769190973,4,played,6b3d5a69-c6c3-4abb-bec7-7ee603213266
52368ab9-99f9-44e6-a55f-b2e9b0bc66d7,4107658c-0a94-44e5-8f81-c066779d6524,78907704-70ee-4e18-9181-fdefac7dac8f,3,played,314db7c5-3919-48d2-85fd-28fed9fed8f7
78f61b1a-342d-4a3e-9ff5-a48d7ae98e42,4107658c-0a94-44e5-8f81-c066779d6524,392b5611-ccae-4807-9fba-0c8973272e7a,5,played,314db7c5-3919-48d2-85fd-28fed9fed8f7
09e41133-7323-4c25-8122-e562dd2d4033,2e266b2d-db5e-43d7-b24c-81c99fd11a57,c149ce21-d08f-4113-938e-41b6f5d9213b,7,queued,b70fbe84-1424-4efa-a32e-9650834f63a5
10da55c7-25ed-4ce9-9333-28ba89777344,2e266b2d-db5e-43d7-b24c-81c99fd11a57,8c92bd5e-c978-447a-b3c1-be8e60538f81,2,queued,799e86ca-a5e4-43db-a1b0-34fe80ae97fa
2c90d27d-a286-44ab-88bd-817bfa3e8167,3a5e25c2-1bfb-48a8-a6cb-42160fe6b157,53bdbd3c-1f13-43c6-9fb0-8bd088f1a8ba,1,played,799e86ca-a5e4-43db-a1b0-34fe80ae97fa
da943756-b493-43e9-a36f-666c52b7298d,1108ff9e-d791-4cb6-bee3-fdfa5787c5c7,2bc9730b-4f98-4f96-b651-1b7eb1b7c373,1,played,5657fff3-4206-481e-9e80-084255d7d120
582619b8-0796-4ea9-8a25-6ef637706d3b,3a5e25c2-1bfb-48a8-a6cb-42160fe6b157,07fb2655-a400-4e6c-b86f-9a298eef0074,3,played,799e86ca-a5e4-43db-a1b0-34fe80ae97fa
a6b3cba6-ccda-4461-bee1-b298b05089bc,1108ff9e-d791-4cb6-bee3-fdfa5787c5c7,153d6fb4-98c2-4da2-bcaf-34d604bf19ae,2,played,5657fff3-4206-481e-9e80-084255d7d120
21f1de5a-064e-46f2-a2a5-4557799e5223,1108ff9e-d791-4cb6-bee3-fdfa5787c5c7,6b26aef3-b092-4f20-9d4d-4641b76134d0,3,playing,5657fff3-4206-481e-9e80-084255d7d120
98a588f0-c4b3-4297-a851-38ce2943b3bd,1108ff9e-d791-4cb6-bee3-fdfa5787c5c7,1f85ee33-f811-4ab1-88a9-15b8fc411ba7,4,queued,5657fff3-4206-481e-9e80-084255d7d120
e10a4b1e-e5ce-496f-afd7-13003f017347,1107eb82-0d45-4df0-8daf-b6afc9673c8a,5950d44c-f6ba-41ed-8fbc-575d032639c4,12,queued,9c7c636b-24a8-4c0c-b920-ce775c1f321f
84f25f14-289e-4292-b4c3-4c841eacd8d2,3a5e25c2-1bfb-48a8-a6cb-42160fe6b157,c65aaea7-e0f0-426a-b561-d72ee15dd94f,2,played,b70fbe84-1424-4efa-a32e-9650834f63a5
a9c18266-ffc2-4dca-825e-8fa5f2f3446f,6ef7fffc-a17a-4dcd-8cdf-eb7254822908,45bda8f8-242b-4525-be26-6c018b8d380b,1,playing,e92bd7bc-3e33-4aef-9369-ebea19374a06
5123888d-0e6d-4af8-8ec0-c6d5752ad764,3a5e25c2-1bfb-48a8-a6cb-42160fe6b157,22b971f0-fe26-43a9-8591-b5e2355206be,4,playing,b70fbe84-1424-4efa-a32e-9650834f63a5
d272f9a6-0449-49db-befc-f364a77d238f,a940ce0a-be49-4924-a67f-c58b7e591e3d,15f4ff74-3c7b-49e2-8493-a29ae5653757,1,queued,78ffe946-7157-4561-adec-bf182f85f638
e10fa1b9-3e36-4258-9860-4e2aa45e0829,1107eb82-0d45-4df0-8daf-b6afc9673c8a,08b0ce61-6701-4159-ad12-cc5d06c83bae,2,queued,8105a7a5-f47a-4722-b2d7-3cbd5c4a2abb
8000c970-44a0-43b0-bb34-604e7f7c9274,194c1c65-a86e-455f-92ea-c610fbd2ccc9,00c4d0c6-ace8-4703-ba3d-235871d959e4,1,played,60e80c59-de1b-4eea-9c65-abfbfdd57122
5a676b92-7f66-4a55-993a-0c58d9a358e9,f1b30596-8405-47d9-a3be-53c235f5e978,cc27a76a-dc47-45b3-b8b5-553a352450d8,1,queued,22d636f1-7d1a-477b-b3ce-465411e13026
418767aa-509f-4ff9-b196-2050b4dcf141,f1b30596-8405-47d9-a3be-53c235f5e978,dd216c21-3612-4205-969c-46daa3ab7891,2,queued,22d636f1-7d1a-477b-b3ce-465411e13026
52a7ea2b-c13e-4fcd-84da-a9c96b6cbd0e,96ea1f45-1975-43f6-ae2d-1e200b8f637c,5babc07a-f2c3-4633-a3c0-80b2dfa998fd,1,playing,b24c0e66-7cc2-4f58-9064-7acd90c50b74
f81dabfa-6a2a-420c-9164-b8e2f36d590f,2bb563ae-ecc6-42ff-a431-ce1ab4e84cc0,e3ee1822-0f1f-4b13-be92-100160fe20f4,1,queued,3804ebd0-3a3e-4784-9342-4a4cef3350b6
6580fcd4-8b5d-470a-a06e-e2d10266de42,e732beb6-584f-45d1-a982-171871f68a35,1a4df413-5229-410a-9833-42f8073d4294,1,playing,efd56fc3-43b7-4372-93bd-d2d0234bf578
b47ded00-8516-4da4-8880-f4ed81081970,2bb563ae-ecc6-42ff-a431-ce1ab4e84cc0,b0b0bafa-e87e-4611-b4d3-775258758ebf,2,queued,3804ebd0-3a3e-4784-9342-4a4cef3350b6
3178fc83-bb0d-4eef-a796-9589f6fe70d9,2bb563ae-ecc6-42ff-a431-ce1ab4e84cc0,59d8d44f-7d45-42c8-9e4e-22d70c8db7ba,3,queued,3804ebd0-3a3e-4784-9342-4a4cef3350b6
9dcc6622-3586-4b39-8052-d534e9304ae2,2bb563ae-ecc6-42ff-a431-ce1ab4e84cc0,b2e64b48-774e-48b0-b45c-81e198942035,4,queued,3804ebd0-3a3e-4784-9342-4a4cef3350b6
fe98c667-c563-48f3-991f-38bfbb54de3b,2bb563ae-ecc6-42ff-a431-ce1ab4e84cc0,704f5b91-9735-4101-aee3-a20ebb1a26c6,5,queued,3804ebd0-3a3e-4784-9342-4a4cef3350b6
dab99ffd-71e3-4ee7-9d0f-b07b47b6f722,2bb563ae-ecc6-42ff-a431-ce1ab4e84cc0,86db96c4-8781-4beb-b972-4bc91c36c9bc,6,queued,3804ebd0-3a3e-4784-9342-4a4cef3350b6
f8a5c106-b7b8-41b5-8f0b-751b8f51b6f3,251bfb84-065d-4aa0-b79b-2cc13c1560fc,608df704-da86-49bb-b2dd-7a7830e30a49,2,queued,359dd2ac-d18a-4946-9639-1f3da547a64a
371d6d0d-3e43-42f4-85c3-650c16b11ff3,251bfb84-065d-4aa0-b79b-2cc13c1560fc,a34ab657-236b-42c7-95b6-6b2815266291,1,queued,359dd2ac-d18a-4946-9639-1f3da547a64a
f516e9a6-0e72-440a-8ced-30bcecad0060,cea1e4bf-aa81-4861-a441-6dbe8bad4a05,9ffa1d3f-0887-4ec7-9c84-1c5bdefbf199,7,queued,c9a69dc0-288b-473a-9b88-561f3ac363b7
531afb8f-b0ae-475c-bfcf-3932ee2bdae0,9d262b1a-08af-44cc-acbc-72179c28be40,572863b9-e62b-4f7f-9ef3-512c36c4e47e,1,playing,e79aa46d-d5f8-41df-b621-045e072bfb17
1807180f-70de-44e0-81e7-2876c3bd8d78,9d262b1a-08af-44cc-acbc-72179c28be40,357ffcfc-514a-468b-990d-238b50a8b97f,2,played,e79aa46d-d5f8-41df-b621-045e072bfb17
7f1e88b0-40c5-4f09-bbd8-de726f711b25,9d262b1a-08af-44cc-acbc-72179c28be40,db4c7ce9-7c92-4405-b47d-6b3f575f77e3,3,queued,e79aa46d-d5f8-41df-b621-045e072bfb17
e4fc6083-c448-4c55-b8aa-863fa938afa2,b472d578-d628-47f8-919d-9a3a43330146,c1be8d35-b10b-4e8d-9572-4c5125107d1a,1,played,53492e42-f1c8-41af-87dc-d42a79fd0bf5
0fee80d9-9f6a-4a64-8a9a-957fc08c12f7,d7f57e81-608f-4695-8c85-18383157bffb,a1a5554e-a622-4667-8b98-01d906b12c78,1,played,d2e53f48-8de9-442e-a941-d00e249adde8
b6e719a9-8afc-4c27-9aa9-1ecf72ec0261,9d262b1a-08af-44cc-acbc-72179c28be40,abb519c4-fb12-4bfb-8940-9d1f98629bd3,4,queued,e79aa46d-d5f8-41df-b621-045e072bfb17
bcae1a1e-976e-4355-936a-eb5763a9c1d2,d7f57e81-608f-4695-8c85-18383157bffb,5026411a-cc4b-4b18-aac3-ee80d5c327c0,2,played,d2e53f48-8de9-442e-a941-d00e249adde8
419077b8-18bf-4b10-9a88-84f6adf2c16b,d7f57e81-608f-4695-8c85-18383157bffb,c2a7ceab-2a36-4fbc-bba6-061a317976a3,3,played,d2e53f48-8de9-442e-a941-d00e249adde8
67c54770-51cc-4a91-9132-39704683243e,d7f57e81-608f-4695-8c85-18383157bffb,8d1dfd3e-e28f-4121-aeec-81d9a1831d47,4,played,d2e53f48-8de9-442e-a941-d00e249adde8
b78345a3-0e54-4b4e-b476-25a4d278d520,d7f57e81-608f-4695-8c85-18383157bffb,6b3e9ab2-fac3-497b-bb47-4bcc42c551a0,5,playing,d2e53f48-8de9-442e-a941-d00e249adde8
f131da66-a5b9-44a1-b811-9b9ea0c95340,b472d578-d628-47f8-919d-9a3a43330146,25438d80-c6da-44f7-816b-30e07a7f503d,2,playing,53492e42-f1c8-41af-87dc-d42a79fd0bf5
7ba5a77e-a838-42eb-ba58-478020c0f5c2,0b6b8129-83c6-4f21-b8ca-2840115ff0d5,65b27f9c-8cce-4df6-a21d-d3e9ccc5c801,1,queued,a134b0fd-4115-4548-a1ae-fee18ebdba46
6ac518df-9816-4411-811d-432457095ff6,48864f9b-cd1b-4142-9a15-918284753661,35bdae0a-c21d-430d-a4f2-a890b009797f,1,played,3a2f1de0-b489-4851-9240-6e75f00b2bcb
bba4bf71-c8d9-4284-b805-afce8c4f4b58,48864f9b-cd1b-4142-9a15-918284753661,00bc3bb2-d4fd-40cc-961d-c80bb9c52da3,2,queued,3a2f1de0-b489-4851-9240-6e75f00b2bcb
8d490bbd-48c8-4e47-918a-b38061d8d794,4db70e9a-5b0e-44f9-987b-aabd46cf6365,0dc285c1-5f94-463e-b229-d5da3ab7f575,1,queued,5cab2f80-25de-45e7-ac67-37e1f187d127
0d538951-7113-4ab7-8334-d7e0ed00508d,16a309b7-ad2d-4e48-a9a2-3df5428bc6ad,17acada8-7167-4309-bb1d-cb566ed352e9,1,queued,d1522bd1-7dbe-48b2-a01d-eec15203d491
3d6ef651-8252-4675-98cd-0a10cbe3ca1d,16a309b7-ad2d-4e48-a9a2-3df5428bc6ad,826fae47-dd3a-49da-9554-0216a2270f3d,2,queued,d1522bd1-7dbe-48b2-a01d-eec15203d491
3b32f434-9a3e-454e-8a28-08230064a9ac,16a309b7-ad2d-4e48-a9a2-3df5428bc6ad,e4387ee1-a320-421f-bd12-dc0aedb38682,3,queued,d1522bd1-7dbe-48b2-a01d-eec15203d491
3beed68b-fcc2-4dc3-91a0-dcad9f9df16f,16a309b7-ad2d-4e48-a9a2-3df5428bc6ad,3c8203fa-1f08-4506-88a2-8933e3cbf296,4,queued,d1522bd1-7dbe-48b2-a01d-eec15203d491
a316f2c4-9c8e-4b53-8f02-52799a7a15ae,c046fb47-4881-4108-85ee-41eac73e775d,3754fd76-c629-4d32-a0ef-c9bda0dfb66c,1,playing,d1abb056-8633-4610-9b15-9465c4c32fe4
82de6f42-4440-4be7-9b6d-8637371ccac8,e2df4b5e-d9f1-4ad5-96fd-e3412ff7d60c,2928448d-4808-4a76-a6e1-0546183e5276,1,queued,774b7e0a-102b-41f0-8198-524e979cc034
2d78339c-80cc-45e8-8da5-f1859d1fabbd,c046fb47-4881-4108-85ee-41eac73e775d,13d0eff6-e898-4127-adf4-722c447930b1,2,queued,d1abb056-8633-4610-9b15-9465c4c32fe4
f1d03b09-4435-4fa8-a78d-4ed152141b15,dd755253-e89c-416a-9e71-d3fafce39f70,3cfdca5a-bf04-4511-a96e-54ee2c015b45,1,played,2b13b358-d14c-41d2-885e-8557184861dc
feefa062-ef38-4517-ba03-0947afecac9a,dd755253-e89c-416a-9e71-d3fafce39f70,119760f4-c542-4b46-98db-e79b3a585e82,2,played,2b13b358-d14c-41d2-885e-8557184861dc
979394e1-97d9-42e4-84b8-04f628677b7e,dd755253-e89c-416a-9e71-d3fafce39f70,44f18bd2-bdfa-471e-a5d2-02893f6247d3,3,played,2b13b358-d14c-41d2-885e-8557184861dc
a516c31e-3f66-4741-aabe-3a3178f54f23,51cba756-4b73-4485-ba9e-45d2a491b5ef,894f114c-3919-4140-977b-dd2a50f948e1,1,played,076379e3-3f69-4e47-b403-976dfe45535b
a7f1f362-27b3-4d87-a5bc-1f43dc82c410,3ee4ca50-4f40-44df-ad78-a6e92bab5c45,8c032817-5b82-49c2-8005-57439a2b5be0,1,played,46f54e7b-82aa-45bb-8723-d3a780b75c5b
a2e96468-0749-4794-a5b1-a713e29b3ca0,51cba756-4b73-4485-ba9e-45d2a491b5ef,f7116a79-1775-484b-b634-24229bc43585,2,playing,076379e3-3f69-4e47-b403-976dfe45535b
9874a9a4-eb1f-420c-aec5-e5d8e7ebc7fe,3ee4ca50-4f40-44df-ad78-a6e92bab5c45,a077ccad-30a2-4457-9802-4c7771db5d72,2,queued,46f54e7b-82aa-45bb-8723-d3a780b75c5b
0c731ceb-7e3f-42a1-9add-275c46d6f9d0,51cba756-4b73-4485-ba9e-45d2a491b5ef,9b3eeffe-8cb4-40e5-ad3e-0528ae2668da,3,queued,076379e3-3f69-4e47-b403-976dfe45535b
8ad8fe31-df2a-4505-a373-2fd06912a5b9,dd755253-e89c-416a-9e71-d3fafce39f70,fd45af53-f68e-4243-b9e6-8e200614c3bc,5,played,2b13b358-d14c-41d2-885e-8557184861dc
4d801fa8-6265-49da-ab61-29b8b052ff1e,dd755253-e89c-416a-9e71-d3fafce39f70,86f7c160-b8a2-4cf5-8a8e-a45e5f4206cd,4,played,2b13b358-d14c-41d2-885e-8557184861dc
24181249-affc-4f57-9209-3733bf95a6f3,7c91b851-4fc1-483e-b8c2-d1563c085e1b,e37af3d6-9209-4c2a-973a-3cf9d02663e5,1,played,2cedbf78-0bb0-4bb7-9fce-3c26160b70df
022a8aae-def0-43a1-8974-8e4346b92ab0,7c91b851-4fc1-483e-b8c2-d1563c085e1b,c1c19e8f-e0aa-421e-a839-8adb3bbdbf1a,2,played,2cedbf78-0bb0-4bb7-9fce-3c26160b70df
9ca50cbf-7774-41da-b5e6-ec736c5a065a,84df361b-8b43-49a1-9467-2c9aa5e93aac,e4a21a98-e5ab-478c-84c3-d108f1f1c7e8,1,queued,d16e6164-f6dd-4583-bdaa-5d4d71f683ab
771ee2fc-59e8-41b8-83dd-d76f3d600daa,2df282d7-fbbc-42f2-b7d5-a8b99f96c440,7d8ac28e-f35d-4c4b-8f34-29c015675358,1,queued,e1ad5582-9e18-4ee3-8d1d-003bfbf7a364
59906074-2738-4d5c-b885-1e2885bdf7da,a4fbeb4d-5031-4582-a712-b0e7f411b7fd,48137990-ab63-4ae1-95ad-803d94bbcfc0,1,played,67b83115-cb82-4ae6-941d-96e32351ecbe
a3adf09d-4ec9-4b5c-aead-6f168c6f9d42,a4fbeb4d-5031-4582-a712-b0e7f411b7fd,6c7d280b-dac8-4690-81ef-390767ccb999,2,queued,67b83115-cb82-4ae6-941d-96e32351ecbe
dd1e9846-0d25-4abd-b46f-284a88749e42,bc7e01fe-9ed3-43b6-812d-b6575e16669d,3985331d-28f4-4706-9598-f384a9b3ea0a,1,queued,372aa3a5-8e72-467d-888e-5c08d76f6290
f895bfcd-57e4-4ce6-a73e-598a15875f42,82210d94-a1ac-4ac0-8b91-21bf7c0b8c74,49ff99aa-12e6-48b5-b340-71b903ef7cf7,1,queued,b35b8ed6-93b6-4016-baa0-9edb875b8323
3e21cfad-87f0-4847-875a-0b22e411d651,dd755253-e89c-416a-9e71-d3fafce39f70,b8fb1bde-b1f9-4c2d-a5fe-51bf00d96b76,6,queued,2b13b358-d14c-41d2-885e-8557184861dc
66664081-3d0f-443b-a69e-a4a85cc90b4a,2f0e876b-a008-44c4-ab2a-9193d1574cd8,9a2f5fda-0fc9-47af-a044-c01226f2666e,1,queued,81114ef9-c91e-4af2-a1ac-c65884c7a954
9b443eea-dd28-4592-add1-723937b7841b,2f0e876b-a008-44c4-ab2a-9193d1574cd8,9a804e34-933f-4aa1-a8de-9802305c0bca,2,queued,81114ef9-c91e-4af2-a1ac-c65884c7a954
854ca80c-47d8-4e62-95ce-83b105591943,7f7a6ef2-a33b-4adb-bacc-f8ae2c0d9190,e2db615f-e52f-42f2-a94c-e1a61050bae1,1,played,c9cfe88e-9ea4-4ff7-ae0d-cfa48ba67123
824dec46-01b0-4e8d-8a9f-b77fd6851772,7f7a6ef2-a33b-4adb-bacc-f8ae2c0d9190,19bf13b4-d01f-403d-aaa1-fce92d315c29,2,playing,c9cfe88e-9ea4-4ff7-ae0d-cfa48ba67123
fcc945d6-1704-4e16-9d75-6f6b8cc097c2,6ddb6476-8651-49bd-ba9f-8e5e1bc86e9e,1b64c53e-0a85-4f68-8dc6-135cb3f72553,1,played,a83f4570-ebaf-4d05-aa16-f2e53cab9dd1
9eb69156-1498-4f96-bbda-1f0cd5e7dc52,7f7a6ef2-a33b-4adb-bacc-f8ae2c0d9190,94ac13c4-e017-4837-9a5f-59d25788efbd,3,played,c9cfe88e-9ea4-4ff7-ae0d-cfa48ba67123
a02c71b7-82c7-4bf9-947c-d1ca9f1ade16,6ddb6476-8651-49bd-ba9f-8e5e1bc86e9e,1950c698-bed6-48a4-82ef-227f0b3cf31f,2,played,a83f4570-ebaf-4d05-aa16-f2e53cab9dd1
2b90d21e-8436-4b80-91e3-65f6aebf2c43,77cdb0b1-f312-47bb-87d7-5e1f7422582d,97a6ceac-3ded-427c-a951-da123aa2124f,1,queued,71751a31-3437-441a-a028-db39e56be01d
a9721b44-ba9d-4a83-9087-cb5a0a03d965,6ddb6476-8651-49bd-ba9f-8e5e1bc86e9e,b4ab61a7-980f-44be-baa5-5c7d88b19bc8,4,played,a83f4570-ebaf-4d05-aa16-f2e53cab9dd1
ca709df4-b5a0-4ff6-ac0c-c790753c4271,7f7a6ef2-a33b-4adb-bacc-f8ae2c0d9190,02cde4d8-e2d0-4c76-89a1-34575ad312e3,4,played,c9cfe88e-9ea4-4ff7-ae0d-cfa48ba67123
d67b8833-8365-44e8-b442-fb302797af42,6ddb6476-8651-49bd-ba9f-8e5e1bc86e9e,972c378d-f6c0-4a5a-a2b9-02f6612f79e7,3,played,a83f4570-ebaf-4d05-aa16-f2e53cab9dd1
72beab22-37ed-4a44-8e6c-9341a70ce2eb,e75bf7db-5540-4bcd-a2a1-27a1579710fe,3958a1c5-400f-46c2-8f0c-1252fe9bcf56,1,queued,e9479d89-61ea-42db-ad39-fbd5fdf66bda
f2f968a1-7089-445a-ba91-88acb4fe8047,7f7a6ef2-a33b-4adb-bacc-f8ae2c0d9190,e1b967ae-4e04-40d5-9ece-bc68a9099ad5,5,played,c9cfe88e-9ea4-4ff7-ae0d-cfa48ba67123
e5b7dec5-3909-4ed6-beb4-b5ff4a1ef231,36c0b3e1-e612-4cb0-85e5-356d20849656,8c598fff-505b-44f1-a9a9-73d6b745ff9a,1,queued,68b527cf-6650-4964-a577-2a5aa0629af5
b08afa49-f777-470c-9181-ae1fb1cd790c,e75bf7db-5540-4bcd-a2a1-27a1579710fe,abd2fa4e-f53a-412d-9ed0-66cb450bdd7a,2,queued,e9479d89-61ea-42db-ad39-fbd5fdf66bda
04428920-7b42-4b63-abc9-cf812daebea0,d1ef09ee-0e6f-4df8-bf28-837f792873f5,29cd3fe5-ef8d-461e-b526-950589e85642,1,playing,57d79bf8-8cd4-4c19-9fad-7c1331621b65
9205404c-fa18-497d-a5a4-3170b3323ad1,d1ef09ee-0e6f-4df8-bf28-837f792873f5,a40fe4ff-bae8-42d5-9ca8-c9c652bcf602,2,played,57d79bf8-8cd4-4c19-9fad-7c1331621b65
d8f58f19-c475-4c72-ac42-2e719467208d,37dae9b8-26f9-45ed-882e-c791c6f3518c,6d23fa04-620e-425a-ae7c-0550fb2191f6,1,queued,2677a751-941e-46b4-83fa-63cd58fe751a
14cdb871-b03e-497c-8eaa-c2d02c4f5ef5,d1ef09ee-0e6f-4df8-bf28-837f792873f5,94bf90a3-71e4-4edd-83f7-3a5ecc858de9,3,played,57d79bf8-8cd4-4c19-9fad-7c1331621b65
c4c13862-cf5c-4c50-9500-98eb1eb7fbbc,4a164298-234d-4638-bbaf-292038bee502,3cf6e60f-0afd-492c-8dbb-66bc0e1ee3b4,1,playing,edf875a4-be96-40c0-b626-6f743600006a
2788c48e-61ee-4d76-bf91-263b33426dfd,30884943-deba-40ef-a9c7-72980b541837,0a8043fb-d967-4f2a-a25f-3af486d60da7,1,queued,00a3a2dd-99ef-4b28-8eb7-8e61b29f9467
9e94bfaa-4b9f-40b1-a280-348ba04194ee,30884943-deba-40ef-a9c7-72980b541837,d8838590-bfe3-4aba-a929-eece97c2395d,2,queued,00a3a2dd-99ef-4b28-8eb7-8e61b29f9467
80c63c75-6965-472d-9c78-aa41ed816527,79b6c745-00ff-4103-9364-1a14bc778a05,d8838590-bfe3-4aba-a929-eece97c2395d,1,queued,00a3a2dd-99ef-4b28-8eb7-8e61b29f9467
598fe2bc-ab20-41be-8d72-bdf8ee64dd44,47e6419d-c02d-4868-82a1-7fc883e01564,0a8043fb-d967-4f2a-a25f-3af486d60da7,1,played,34c8b6b9-ea76-4818-a211-732470baf76e
beb79d9e-93bc-4d81-8f76-a1b3ae629d63,47e6419d-c02d-4868-82a1-7fc883e01564,d8838590-bfe3-4aba-a929-eece97c2395d,2,played,34c8b6b9-ea76-4818-a211-732470baf76e
01e781e9-452a-49d4-9696-b3e5ed68b2da,47e6419d-c02d-4868-82a1-7fc883e01564,22169afc-518f-4229-802c-c709c97356a3,3,playing,34c8b6b9-ea76-4818-a211-732470baf76e
bcfaf7fc-9cf6-4c7b-8489-5870eda57f07,47e6419d-c02d-4868-82a1-7fc883e01564,afdb0d3d-3e25-4508-ae4e-4f5487dfbbd0,4,played,34c8b6b9-ea76-4818-a211-732470baf76e
54ebae02-e0a8-4eee-8c47-d450d5b8e99a,082dc45d-1070-4ed2-a3e4-66e3ae981d0d,09553877-f213-45f6-8fb1-96112329f23f,1,playing,3f7953ff-92fe-4af6-bc09-4bbe93b0ad19
99df2237-4c72-499d-8b62-97ae17d1b299,7677226d-9d36-4c95-9c8c-c2b9e2d4f256,7bd09e2b-726a-4cb8-bf8b-ffd05680e28e,1,playing,f9e22e4e-5719-4197-9ae3-f2f3e592a28d
00762ee1-e04f-4b69-a0ac-791d2d383411,607f479c-9fb4-4696-8cdf-bced5be411c8,7be5484b-6f94-4784-8b8b-3743d32ba7e5,1,played,93f4f58f-af42-44d0-9392-62e199f7da41
4c396ad3-1b90-4e5e-ba8f-a0ef62ac0703,7677226d-9d36-4c95-9c8c-c2b9e2d4f256,4df3627a-cf50-406a-97fd-02f6b4041e8f,2,queued,f9e22e4e-5719-4197-9ae3-f2f3e592a28d
df500d02-2c89-482f-8f15-5af9a6156b59,082dc45d-1070-4ed2-a3e4-66e3ae981d0d,4a467730-6ea6-46c0-be47-4d8fa5fbcebc,2,queued,2a7635e2-287c-4a87-bbc9-2d6569723f0b
47ae3d70-4eac-4743-a0b9-2ad9c47b5557,895c3b71-de7e-40b3-86df-1e7959e6edd9,66845bb8-5caf-406a-9016-eb7afdb53733,1,queued,f6363f14-4221-4a9a-a27b-0ab4790a50b4
4006a683-9de0-4f05-8108-2d52d46ea84b,607f479c-9fb4-4696-8cdf-bced5be411c8,ae6b873f-f802-4aaa-b639-495bc39e2125,2,played,93f4f58f-af42-44d0-9392-62e199f7da41
84168ed4-4935-4286-9bb4-43c7d3608730,ec5f9632-a068-490a-8166-44d97fe7ce95,c35161da-ec35-4bd1-b4be-2370a51da8ca,6,queued,d2871270-5ab5-48ec-b4a1-e6fe21addd51
508bffd3-174e-4494-8946-f1ea6de3c30b,9c3886f2-39fc-41c5-adaf-17e7078afdc5,58dfef46-ea1a-48a0-b64c-3e1799fcc2c1,1,queued,651f1649-cff7-427d-acf1-d506c96fed8e
473efdde-dff2-4dc6-84dd-8efc0ed747c9,38f6cb29-7b94-4dfc-a1ba-0f157ade000b,eec41999-e7e8-4c72-b3c3-fe1f5c71c31f,1,queued,51bb8dba-0089-4462-86ee-294fc5675228
ccedfc56-e545-458e-aa00-2ce6169d3299,8f9c206e-c131-4368-b6e4-e77b92425441,a03a3181-23fd-4346-ab30-46df3bb70ef8,1,played,5de2eead-fb89-443d-b4c8-c965030da495
f0523e9f-df38-4e00-bebf-c033b4f65e17,8f9c206e-c131-4368-b6e4-e77b92425441,0bc09d1f-e76c-4125-a91e-1ac9faaf847f,2,played,5de2eead-fb89-443d-b4c8-c965030da495
19082e29-e5ad-43dd-adca-3fd2cb3a07a4,ada6ba00-c16b-4944-be4a-3f7657d653fe,36d52768-d6e7-4028-81a7-e4b7eaa8724b,1,played,45c9f2aa-d751-43f8-b3c7-27f7c9af29a3
738d184f-7ed8-44d4-bcf2-a22dc45366de,ada6ba00-c16b-4944-be4a-3f7657d653fe,401fcd34-00f4-451e-83f5-f8b1d1d48879,2,played,45c9f2aa-d751-43f8-b3c7-27f7c9af29a3
9283469e-8fcd-4147-83d1-7a254ce3e5a6,ada6ba00-c16b-4944-be4a-3f7657d653fe,0a682492-0dea-4573-9d48-040959884470,3,played,45c9f2aa-d751-43f8-b3c7-27f7c9af29a3
12287b47-a7ad-4786-aafd-f5646c7b4a55,ada6ba00-c16b-4944-be4a-3f7657d653fe,a25172d5-28ef-4e68-bc7b-60b7b84b71e7,4,played,45c9f2aa-d751-43f8-b3c7-27f7c9af29a3
cc30268b-f9d0-4ec7-b5c3-cd58171cba7a,1826b5f4-d8b9-48a9-84d3-ba0723da2a19,8c032817-5b82-49c2-8005-57439a2b5be0,1,queued,4b4b738f-9c6b-4b42-a2d7-6e3d50b8e31d
485e5f00-51be-41a1-836b-277a634dcd0c,47e6419d-c02d-4868-82a1-7fc883e01564,cab3e123-8448-494f-bbe3-ea38e550e873,5,queued,34c8b6b9-ea76-4818-a211-732470baf76e
37c2280a-fa9e-452b-9cbf-8c92d00ee813,47e6419d-c02d-4868-82a1-7fc883e01564,1679567b-3424-4d65-a1b8-5c0517d42c70,6,queued,34c8b6b9-ea76-4818-a211-732470baf76e
540dd986-6e64-4b2e-a706-854f9be72d32,47e6419d-c02d-4868-82a1-7fc883e01564,507b2b23-92f7-4a7f-a8f1-01a8b3d3d040,7,queued,34c8b6b9-ea76-4818-a211-732470baf76e
781d1cf8-e307-468d-bfde-bafb9f8eb979,77f93c87-f662-4302-80e0-ad52440708aa,d0c113a3-d538-45e7-baa6-f975eeb74f55,1,queued,7e4135df-4da2-4b1a-93f5-30cd0f17bccd
202c9350-8061-4600-b20a-591e02b26405,26caf828-72e7-4834-bad6-0bb4e76f846f,6d07a33f-57ef-47a2-b9b4-d8d35f36aa57,4,played,8afba1bc-79d9-4ba1-8ea4-fcca21e5594e
b53bf2d6-a473-4493-8356-ce550bc01dca,26caf828-72e7-4834-bad6-0bb4e76f846f,68825c2c-f1b8-4d28-930a-c2943b28bb69,2,played,8afba1bc-79d9-4ba1-8ea4-fcca21e5594e
14f06594-33ad-412c-b942-f2d9aa5276f2,26caf828-72e7-4834-bad6-0bb4e76f846f,b5b0c2fe-a8c8-4f0f-9e16-ba06f43bc9d0,3,played,8afba1bc-79d9-4ba1-8ea4-fcca21e5594e
71fe9f04-155b-4de9-b2b3-491f4b57c256,26caf828-72e7-4834-bad6-0bb4e76f846f,d5b216ad-8db9-4130-aefa-a51eddc2345b,1,played,a97fb571-0309-4aa4-b5ad-047d7e7f9e0e
470541c4-a582-48a8-9c09-67efb5237dc4,d49743cb-1cae-45f6-9596-e1582deb79f9,92dafd73-6a43-433c-8ca9-4ce413e7e799,1,queued,e6571692-21b5-43f9-bdd5-ea9ffea92bc8
b68a29e7-568e-4838-9ba8-fdd243e5062b,32334fc0-7091-4672-96ef-85ad92749dce,b5d26ca5-5054-4664-8733-696ffb634a07,1,queued,e3f272e1-e6ad-4734-a22e-7d9974d5816a
a6508b3e-590d-40f9-b97f-68bc109a47be,12779820-6123-42ed-8a50-36a0d8983b72,410b8f21-0c7f-4426-a06f-2c6ef1037eab,1,queued,0366a5c9-04ab-4554-a0bd-342e5f7e778b
65fd1112-9a1f-4436-ab4d-a592a776eea9,72ed913f-f37d-4e7f-9398-ac11655ca9e2,22f103b9-20e5-4959-8e14-63f3ce56d62c,1,played,3ac061d9-353e-498a-bde2-b7dfee81e848
1411048d-5690-45da-b9d9-75c05870f26a,72ed913f-f37d-4e7f-9398-ac11655ca9e2,739a51b3-3ea6-4d9c-87ff-ab2d1c3dd103,2,queued,3ac061d9-353e-498a-bde2-b7dfee81e848
676f676e-69dd-4ccd-8a8e-d0c255673270,c5507121-f240-4995-b14f-2fe110e69ee0,73f291e7-bfef-46dd-b8f8-0c55196390a4,1,queued,953bbcd2-e0b7-43ae-8cf9-f8cdde7db7f8
cddd9853-49da-48bc-ad89-d0ae4c78fe21,05fa823c-ca04-4c94-b72b-3456cd88d46e,6e9388ed-54ec-4f01-a60a-f1a29c042a78,1,played,29e18c8e-fd39-43d3-b68d-a43225dd8cc2
047551b6-886e-42d2-9e09-c933a808c69c,05fa823c-ca04-4c94-b72b-3456cd88d46e,165d8e1e-1956-40c2-b798-2827d66d3a07,2,queued,29e18c8e-fd39-43d3-b68d-a43225dd8cc2
5f9c95c4-9ef2-4745-a05d-6e40f4ac0f58,be3738a6-eb1f-4171-a249-7abadc92f4a8,27c5ba6c-faef-41f9-afc0-0fbf4eeda7c2,1,queued,1688fa59-6a32-46bb-b863-892c473f9063
cd3b89e1-abd8-44a0-9981-3eb5c8c05738,e7ad4d47-92c1-452b-8af5-91b36ba937d2,2fc12f5c-8d9c-4642-9ef2-73daf55a3b88,1,queued,0f5bb49c-02a2-4d85-b269-3e81e319fa22
a008c5d0-07f4-4691-a161-76c217ade8f3,f835245a-f6f5-4407-b7ca-44be2780738e,f8664b18-a357-475f-b376-9cda8fe9917e,1,queued,a664b1c8-f2b5-48f2-a4e2-3ceb875ffb36
350ed61c-cd99-4364-a67d-39d6af76b99f,e7c9d297-c1a8-4cc5-8540-f98549ccfb1c,d3cf3345-a477-4c93-ab18-031d83906ea9,1,played,47170cc5-3964-4614-8fad-880a671ccf62
3166c324-fba2-492e-b67c-cc5dae5e6d29,e7c9d297-c1a8-4cc5-8540-f98549ccfb1c,e3e0dfea-13a6-4995-9430-7b0d15e6fc95,2,queued,47170cc5-3964-4614-8fad-880a671ccf62
28db8e77-7851-4833-92d7-254dd0b0a87d,e7c9d297-c1a8-4cc5-8540-f98549ccfb1c,7c7964e5-d5f7-4345-ad28-c196305d3be2,3,queued,47170cc5-3964-4614-8fad-880a671ccf62
35debb91-c6b9-4f54-8cbb-94956b1c26f2,e7c9d297-c1a8-4cc5-8540-f98549ccfb1c,19b40a34-f1d9-45e2-be04-3a93d50ce1bb,4,queued,47170cc5-3964-4614-8fad-880a671ccf62
ce20a00a-0846-4639-a774-2eb472a702a3,2555711b-4a1f-40b4-851d-b816287e1ae1,91ecc31d-5e0d-4f03-a3c8-2a203cdc010f,1,playing,4e33a937-8db5-4748-a2d3-badd65e10239
1942dff3-238b-484b-9ab3-728b5ad1c373,2555711b-4a1f-40b4-851d-b816287e1ae1,bad683ab-ec4e-4f33-ad3f-00eeb933e318,2,queued,4e33a937-8db5-4748-a2d3-badd65e10239
f847fd50-71a9-4733-8cd8-d922ab620b33,2555711b-4a1f-40b4-851d-b816287e1ae1,1c51060b-fdaf-491a-9fae-530cb55dc0c4,3,queued,4e33a937-8db5-4748-a2d3-badd65e10239
43d1c4b1-d95b-45bc-85ff-f229b8c191f7,2555711b-4a1f-40b4-851d-b816287e1ae1,d9754261-dae6-43af-9517-d519efb90fce,4,queued,4e33a937-8db5-4748-a2d3-badd65e10239
a64b3ca3-7ea8-4a42-92ce-f63a1161fbd4,2555711b-4a1f-40b4-851d-b816287e1ae1,299c56f5-2cbf-47ba-bf19-f4ea4e02b390,5,queued,4e33a937-8db5-4748-a2d3-badd65e10239
b4ba5d82-7b9d-4b17-ae8a-f74783a97fd8,2555711b-4a1f-40b4-851d-b816287e1ae1,33c96b23-2fa4-4f26-ab79-fd6a5b24f041,6,queued,4e33a937-8db5-4748-a2d3-badd65e10239
40eacc02-6b5f-40dc-aecd-b34c9f27d121,2555711b-4a1f-40b4-851d-b816287e1ae1,30609de1-ed27-46a2-b345-6e40169d0906,7,queued,4e33a937-8db5-4748-a2d3-badd65e10239
b0d0f4c5-cd76-46f5-9ec1-68a87aaf5eab,2555711b-4a1f-40b4-851d-b816287e1ae1,cd48205b-e17b-4830-b160-ef97d3f2c8b5,8,queued,4e33a937-8db5-4748-a2d3-badd65e10239
9107e088-962b-4518-b002-c7c5200f539e,2555711b-4a1f-40b4-851d-b816287e1ae1,68830678-246b-41ce-9f2e-c372cbe3c704,9,queued,4e33a937-8db5-4748-a2d3-badd65e10239
dedc5043-9584-4bcb-b4c1-8be83fd156e5,2555711b-4a1f-40b4-851d-b816287e1ae1,63234ee7-727b-473b-992e-01dbb0aefbfd,10,queued,4e33a937-8db5-4748-a2d3-badd65e10239
1da6b230-d820-483d-a67a-c0af13ea95bd,2555711b-4a1f-40b4-851d-b816287e1ae1,ec939013-5491-42d8-a84d-66dff8340816,11,queued,4e33a937-8db5-4748-a2d3-badd65e10239
acbee1f9-e0c4-40be-87ff-1db228e65491,2555711b-4a1f-40b4-851d-b816287e1ae1,7372252d-584b-450c-adc2-089822db08d6,12,queued,4e33a937-8db5-4748-a2d3-badd65e10239
aba43b6e-795d-4237-8849-ea923483d608,2555711b-4a1f-40b4-851d-b816287e1ae1,aeb8d690-7b8d-4e5a-86b6-c556abbf09f6,13,queued,4e33a937-8db5-4748-a2d3-badd65e10239
f71a423b-ea0f-4824-8100-f24efa8bb9d1,2555711b-4a1f-40b4-851d-b816287e1ae1,ebce56c4-6f1e-46ce-b84d-ef2e33bda12b,14,queued,4e33a937-8db5-4748-a2d3-badd65e10239
4f88893e-44f6-4c50-8b61-53f0aaec4b4f,af8eada8-c010-4289-bb6b-fc375c314b1b,38ad0bd3-8006-40bf-8f2c-5138ef0e3bed,1,playing,427b842b-527e-4683-867c-e3ef5fbd7d14
6f6976fd-de88-4c47-a2fa-5b978f882dff,49cafe09-efb5-4ea5-8c9c-3dd7876ff3ec,c69a701f-e708-40e6-b7fb-b1aad4f7e4f9,1,played,6344bd93-ef49-4a8a-a958-47b0b2e0e391
e7b6dd6d-898c-4398-9663-782d9833585a,49cafe09-efb5-4ea5-8c9c-3dd7876ff3ec,07207858-639d-4eba-b05e-5192770928ce,2,played,644005d9-17a7-4f75-9382-cd3525202d54
0f15e6cd-cba6-42c5-a025-b657d0b1e0c4,3cf52cce-3e08-4895-8966-76dd4a4b695f,eb971c48-313e-4f6b-aa66-8c416f391e1b,1,queued,8d5879e8-fa04-43de-9d22-b9c68cfceddc
2c1fe1f1-6774-4546-8549-2778887645e6,32334fc0-7091-4672-96ef-85ad92749dce,26cccc9e-0d9c-44ba-9040-5a375e358bc5,3,queued,e3f272e1-e6ad-4734-a22e-7d9974d5816a
c65fba17-3c7f-4954-a1cf-fd0a3e79a51d,4f9f5e17-f70f-400a-9b6a-dd6b1e7a5670,c5647eb4-4a65-4e74-a77c-7d2a3b3dd7bb,17,played,d4281cee-35e0-4305-b0bf-b1d48b5e40c6
935e7e1a-58dc-43b6-a3e8-2f5a4a9eb81c,32334fc0-7091-4672-96ef-85ad92749dce,332a3180-46ca-45cb-8eb0-e28854729fff,2,queued,e3f272e1-e6ad-4734-a22e-7d9974d5816a
e3e302b0-c3b4-4226-b842-e4717101ff6c,7055fccf-aac1-4305-aebf-02595b2dfaf3,d56eebd0-9952-4ba4-b7df-dd1023904232,1,playing,fbaa1fb3-352b-490b-b786-a162401604a6
8cd88bb9-7d58-4c83-8475-248e75db23b2,7055fccf-aac1-4305-aebf-02595b2dfaf3,31070a32-456b-4c5e-9e6c-21deb8e635b8,2,queued,fbaa1fb3-352b-490b-b786-a162401604a6
f4acaa18-ceab-4ed9-9f5a-cc80eb8bf9e5,4f9f5e17-f70f-400a-9b6a-dd6b1e7a5670,07f111db-c3fb-4fc1-b798-4243ab425961,16,played,d4281cee-35e0-4305-b0bf-b1d48b5e40c6
a0aafcf4-7f3b-4422-8f49-78fb83ce2f22,4d77edc9-6616-48ee-970f-918d99231dd1,6bd6e2d9-a533-4281-a716-fb4d1909ca88,1,played,e265133b-71d9-4833-a403-20bd89e8a98c
68e4010d-e97a-4320-a24b-ceb63e440b6d,4d77edc9-6616-48ee-970f-918d99231dd1,3645f752-e860-4c4f-af1f-2be783d5d8a6,2,played,e265133b-71d9-4833-a403-20bd89e8a98c
41ec32ae-7b44-4092-accb-967e03997208,a5844372-88a8-4885-a7ee-4240504019b3,da177c99-cf14-4ac1-b361-8688d5a72880,2,played,c5d15948-4990-434e-b435-663216e5756a
32e74092-a4e5-4c9a-913a-861b212a6805,49cafe09-efb5-4ea5-8c9c-3dd7876ff3ec,46a47ad1-1925-49e7-a1ab-c8cda4900e78,3,played,6344bd93-ef49-4a8a-a958-47b0b2e0e391
a92bc4f7-aba3-424d-b5c6-6572ce17b3f9,589826f2-b3e3-4f22-a67c-b2d27198159a,06058f45-3a37-4c90-b3f7-bf5d52a69dc6,1,queued,5cd025b4-e30a-43e1-a6a5-669e083c53f6
1eb3f0f4-8083-474f-8e20-406dad04688d,a57b9db4-91ad-4ba6-9289-ac72dfff5edd,3dc421bd-8719-483f-b434-42d0a34ac289,1,played,b9c369fd-5389-476e-92a6-f0a1c703ab82
f16b7c9e-abbb-42e4-832a-4e9d1b1bd1d4,58f39853-24e9-4ec3-b7ee-0e19f70b544a,a19c3477-e3e9-485c-85f2-1c3c0c0de53f,1,queued,0e6234a1-756a-4d1f-abbe-a467bf1a01f5
aa97fd4e-b3f2-4eef-907f-33a608036c51,26e4aba8-d9cf-41ce-be7c-d1fa358011a1,52ab5663-4f0b-484a-ae34-a249f8d3db5d,1,played,20ff7933-bf42-461e-b2e8-37222891a5ba
034c2d73-f952-47ad-b05b-39aee5e56361,a57b9db4-91ad-4ba6-9289-ac72dfff5edd,2e6aa7d4-535e-4fe1-90a6-71576a30cedd,2,queued,b9c369fd-5389-476e-92a6-f0a1c703ab82
e9497808-f910-4180-a2d2-ec499f703c21,26e4aba8-d9cf-41ce-be7c-d1fa358011a1,96e2bde4-de79-4803-b494-4f04194d2bfe,2,played,20ff7933-bf42-461e-b2e8-37222891a5ba
202b2bbc-9578-4653-8685-09278b9f72af,9859714a-7b9e-42d4-b698-300c02260f2a,ec6418a0-75ee-4cf9-bf1f-319a4b392194,2,queued,183f5654-70b4-4619-9b69-7adb1398c96b
3d0eb290-868d-401a-b31d-3c4712119651,9859714a-7b9e-42d4-b698-300c02260f2a,c7905ec7-1993-4c86-9372-f58be2f68798,3,queued,183f5654-70b4-4619-9b69-7adb1398c96b
1724604f-fea4-4eb4-86a5-e0f01b16cfb6,9859714a-7b9e-42d4-b698-300c02260f2a,af3cf936-7d56-4c88-9a42-3710d0184fdf,1,played,183f5654-70b4-4619-9b69-7adb1398c96b
7b41a2a9-0e9d-4f15-9016-aa9588ad7415,dfc6e3d8-c185-43f4-9aca-c6fcd2ff5c3f,6b0c73bd-93d9-4028-b1c4-07c41880bfd0,1,queued,a1fa9037-889f-4772-8751-1dc354da3b9a
24ab77d1-9bf1-4a21-991f-58c99d445f7e,dfc6e3d8-c185-43f4-9aca-c6fcd2ff5c3f,d5a00789-6884-42f2-8fb7-827fac4ff2ee,2,queued,a1fa9037-889f-4772-8751-1dc354da3b9a
1964f3a1-4033-423b-9358-84d851ee3c36,4c8aae28-e805-4b52-923c-6c3240a758ab,1bfdf0df-5ad6-4631-bc43-1b16f9e01fc6,2,played,7c1b5270-0fb6-4947-9892-a5c26fe7e649
e077c8d2-0514-4290-8e44-013d6ef49307,4c8aae28-e805-4b52-923c-6c3240a758ab,aee7acab-045a-461b-ac04-e3d6537f298c,3,playing,7c1b5270-0fb6-4947-9892-a5c26fe7e649
c22adf04-86ee-4ecc-a23b-77f36d2689e3,e75869a7-6dac-4999-8dc7-80c1475ac7cf,1a21a7d1-c2db-4e59-a515-99e977698a10,1,played,995ac2e0-7cfe-4d41-a061-eb93f314763f
09adb492-94bd-42ba-af06-74f0204130c5,4bbad9af-e13f-4c88-90e0-128cd86ac683,ea52fe77-3829-4740-93ee-05682159b030,1,queued,e0c036be-ac50-4740-adbf-40909eb36f00
3985a0b3-86e8-463e-9571-4148bcf7aa10,e75869a7-6dac-4999-8dc7-80c1475ac7cf,1e2dc838-defd-42be-89d1-625fb99781a9,2,played,995ac2e0-7cfe-4d41-a061-eb93f314763f
1d0adc07-914e-4de8-a225-6f8903fc0dc0,5df4fcee-360f-4976-90f9-2d0d42973497,166ab360-69fd-4468-a77b-820b8ddc651a,1,played,e55046d2-f6a6-43ee-b5dc-4a1a9dc96360
3376c85a-abbc-4f99-aad1-ca18ea44af64,b8020832-6679-4e99-9c13-a5d0e813caab,e5b5ac45-a30a-44e3-a937-c55c285a1d9d,1,played,11881215-34ec-45b9-a96c-d441d00410b5
3bbeafbd-176c-48f3-bfbb-828d4f179dec,cf1aaa8c-4c97-4940-8e9b-e2892b1164d6,53108e9d-ac8b-40dc-9ef8-a482da8f5bb6,1,queued,67dce440-799a-4b9c-a593-631b1c401261
fa27167a-2b91-4ed0-8795-67267568957b,5df4fcee-360f-4976-90f9-2d0d42973497,41366e46-0c19-4f96-956f-ac927b145d57,2,queued,e55046d2-f6a6-43ee-b5dc-4a1a9dc96360
f7d8a54f-bf00-49ac-89e0-792a113c8f6c,cf1aaa8c-4c97-4940-8e9b-e2892b1164d6,8edf77e8-0008-4a48-8632-0648fd8bbe50,2,queued,52fde081-18f8-4689-94dc-a362f4542029
0708d3a6-8c83-4726-bd0a-5b82703459ad,b8020832-6679-4e99-9c13-a5d0e813caab,bc81d137-e6b3-4083-9089-63f5e4c832de,2,played,11881215-34ec-45b9-a96c-d441d00410b5
465794b3-1d2b-40cb-adef-364ca491b21a,9e3781cc-34eb-415b-8832-07432e178cc3,61955d9a-e65c-4ef2-9b78-f588f5de6542,1,played,fc993e0d-d1b3-4ea3-9168-1daa41dc6e3d
d71d44c7-bff1-44cf-87d8-631d69df910b,9e3781cc-34eb-415b-8832-07432e178cc3,447e88a4-b243-44fb-802e-c5ae40ccc573,2,playing,fc993e0d-d1b3-4ea3-9168-1daa41dc6e3d
4494bfd3-a12d-47c3-8f19-00642defb97e,9e3781cc-34eb-415b-8832-07432e178cc3,acc083cd-8358-47b0-843c-b8c839cdf38e,3,queued,fc993e0d-d1b3-4ea3-9168-1daa41dc6e3d
21095b11-979e-4d83-b1f4-02bb92f8ce68,56dcb4a3-2a93-405e-a559-2cd16d806eac,8c032817-5b82-49c2-8005-57439a2b5be0,1,played,efe3b0f1-d0fd-4558-b92a-dfeb5c50c6d7
e19ccca2-79e1-4adb-be01-cd8baa6439b2,21e92af9-3b86-4cab-9035-9dbc963561a9,e373529d-4c3c-45da-a105-2b41098144f1,1,played,3840349a-6e95-4dea-912d-e80d05bd79fb
b4ae08ef-7df7-474e-a83b-6b923f2888ba,56dcb4a3-2a93-405e-a559-2cd16d806eac,fa156975-af4c-4dbb-9eb9-cc1f290f5354,2,queued,efe3b0f1-d0fd-4558-b92a-dfeb5c50c6d7
787c043d-a015-4df7-af4c-05273d5de7ff,56dcb4a3-2a93-405e-a559-2cd16d806eac,46e11429-6267-448b-ae15-5d8c36d94a45,3,queued,efe3b0f1-d0fd-4558-b92a-dfeb5c50c6d7
15c8cd98-be66-4daf-a103-136bdca45fe5,56dcb4a3-2a93-405e-a559-2cd16d806eac,6d5ef7e1-40e1-4e4d-8836-0c2a7dacb399,4,queued,efe3b0f1-d0fd-4558-b92a-dfeb5c50c6d7
5c218f1b-4d30-4511-962c-87f4ea7538a4,d6c3945b-be7a-488e-ba41-ca32d01a8be2,47fa154e-a73e-46a5-923d-846fbfd35e49,1,playing,e2d6ecb6-b7fd-438d-84cf-e6e67afa0c96
8e32cb8d-7da3-45b7-a927-2029ec395461,21e92af9-3b86-4cab-9035-9dbc963561a9,477cdc18-367e-4ccd-86cf-450db207a75e,3,played,3840349a-6e95-4dea-912d-e80d05bd79fb
2aa7b898-7b55-436c-915c-cc39c44736b4,60cfa798-71b9-4e40-b44d-2d4e2db72933,2d1841c2-ee71-4e0f-8a32-f37e0e81e10e,1,queued,edb733de-b710-4ae6-83ee-c9301c77837e
36fdf625-5004-4369-b84b-bdc4f84faf23,b1659678-d032-4ddb-a658-e07cc6361905,c87b34fa-f271-4847-8fe9-e4efba2aea78,1,queued,20b8e7bd-18f0-432b-8c58-2935ababebd3
5e379a52-3b56-44b8-bfac-d7e6ed936544,21e92af9-3b86-4cab-9035-9dbc963561a9,93320495-6715-46a9-9db7-74f0f9dcbe9e,2,played,8853f469-64e0-404f-8fd7-b4fa9e7a5ee9
9ed47305-22c6-4f93-b717-7a00c76567c8,21e92af9-3b86-4cab-9035-9dbc963561a9,cef9c87b-0b5a-4991-a14e-2c1cbb29681a,4,queued,8853f469-64e0-404f-8fd7-b4fa9e7a5ee9
d7cc2d15-0025-4d79-bb0f-b01b700d79c1,8150c165-0d9e-4eb0-a4b8-aafe1e78b0c5,f03e9398-e9ea-403b-ad9f-dabcad1b2e23,1,played,a804feb2-a8a6-4318-8579-e3287e70fb30
7b6445e3-156d-498f-aead-242af5e49812,c6d6ecfb-c975-40c8-8ac1-8f6323063b8d,5b7c91a4-b4a7-45f2-abc5-29bd4847c9f6,1,playing,7d3a1ff2-5b41-4eca-9850-3e31bb02e2e5
b5520c00-8286-412e-971b-00a2f088e3f6,8150c165-0d9e-4eb0-a4b8-aafe1e78b0c5,fce26eed-04d2-4f5f-a3e9-fa8a830c690f,2,played,a804feb2-a8a6-4318-8579-e3287e70fb30
0540e1b0-0fee-4280-b0e5-bb1e3c7ce009,8150c165-0d9e-4eb0-a4b8-aafe1e78b0c5,33638498-d6e4-4df5-bea5-df0960419549,3,played,a804feb2-a8a6-4318-8579-e3287e70fb30
a6e401b1-3838-4819-b238-d68ce1945dd9,8150c165-0d9e-4eb0-a4b8-aafe1e78b0c5,d29d4d80-7931-415c-a04d-bc15ad35cf58,4,queued,a804feb2-a8a6-4318-8579-e3287e70fb30
e8cda5a5-5672-43fa-9aa3-49c2a999ffc0,8150c165-0d9e-4eb0-a4b8-aafe1e78b0c5,d8abfee4-6d3a-439b-93c4-ea1ea8a9608f,5,queued,a804feb2-a8a6-4318-8579-e3287e70fb30
0da0c7d2-e14a-4ea1-8ced-fa01eac810ec,8150c165-0d9e-4eb0-a4b8-aafe1e78b0c5,5eeeddb1-8d33-4376-bc58-3c2d5d34c2e2,6,queued,a804feb2-a8a6-4318-8579-e3287e70fb30
8aee8376-09eb-4158-b839-fcd418044785,8150c165-0d9e-4eb0-a4b8-aafe1e78b0c5,2bf82c25-afc4-43a9-bf71-80f0b02e4441,7,queued,a804feb2-a8a6-4318-8579-e3287e70fb30
aecd88d1-a632-4086-96ea-a1a23bb0beda,dfb7e2a0-2aa5-487d-bfec-cc2df1144105,6bd6e2d9-a533-4281-a716-fb4d1909ca88,1,playing,027a0144-8ec5-4c06-bee9-c0a5747da438
abfa09b2-1ec6-433b-9c23-a8f1eabd2a17,8150c165-0d9e-4eb0-a4b8-aafe1e78b0c5,cf1051b3-f071-4fdd-b7a0-e5d9f2e88870,8,queued,a804feb2-a8a6-4318-8579-e3287e70fb30
4a55c70e-75f3-47f9-b767-f879f34b3d91,8150c165-0d9e-4eb0-a4b8-aafe1e78b0c5,063c5d91-c131-4afe-9a20-3390ab142df5,9,queued,a804feb2-a8a6-4318-8579-e3287e70fb30
386370a4-a4c5-4c39-96f2-59c192c0b409,34e5bbe0-2bf7-4b6f-9d77-3c44308f7d83,1902ded1-7cad-476c-94d3-452f35375cef,1,queued,0d039dfb-982d-42b6-91ac-70480637951a
fc46a102-81ce-49b8-8dd9-e49ddddf6b70,8d3426d2-5e1f-4b23-9ba4-5dff08591626,80a97fa3-4aff-4530-b4a7-6e8aadd56d87,1,played,3bc708ba-221c-4641-acf0-8104e80cdaaa
146e5ac5-c662-445d-a8d3-38890480bb2f,8d3426d2-5e1f-4b23-9ba4-5dff08591626,6e3129ef-5d3b-492a-8de3-f49be2160f90,2,playing,3bc708ba-221c-4641-acf0-8104e80cdaaa
bde8584d-1e87-4118-b81b-3b0a9c1058ec,475f8750-4252-4709-8796-241da0f729a3,dbcd9205-cad8-422f-9309-ac6401c6d7c1,1,played,214797d0-0712-4199-a863-ee0ce02948db
50ceeeaa-f439-481d-bed8-c3a8533320ad,475f8750-4252-4709-8796-241da0f729a3,479176dd-dafd-4944-b6b0-8b6e95e4c0ae,2,queued,214797d0-0712-4199-a863-ee0ce02948db
39b9c2e9-f2a8-42f1-bdc9-b3b4a9ad7a04,ee18d468-3894-4a91-a836-0f489cd69565,f8db2064-aa91-41ee-929e-4ff5ee417b4a,1,queued,af78b4ca-49fb-46b3-bdca-6ef0d85da547
ad53c610-5880-4ede-8652-e001c4d723d9,a28aff3c-7fc8-4ee4-b539-4de98d15b176,8aa2aa2c-964b-45b1-8482-0dca016fd8ea,1,queued,e74a20d8-1fa2-4abf-9543-4499acd9ff8d
282d7f42-fa1a-49be-9f37-5c3778c46ceb,a28aff3c-7fc8-4ee4-b539-4de98d15b176,980a2317-af13-4373-98ee-7945983db5a0,2,queued,e74a20d8-1fa2-4abf-9543-4499acd9ff8d
9c5e1120-3e97-41a7-ae38-3797de448c15,a28aff3c-7fc8-4ee4-b539-4de98d15b176,0b683ce1-efb8-4176-b376-36531eba0321,3,queued,e74a20d8-1fa2-4abf-9543-4499acd9ff8d
264fd3a5-5a0e-4b4f-b42a-95d15e852deb,a28aff3c-7fc8-4ee4-b539-4de98d15b176,e6324faa-dabf-4548-9158-99b1508f1cf2,4,queued,e74a20d8-1fa2-4abf-9543-4499acd9ff8d
1473d85c-9e5e-4fad-9f95-a997dcd146b5,a28aff3c-7fc8-4ee4-b539-4de98d15b176,6563a5f2-a04c-4299-b68b-27f1ecd91420,5,queued,e74a20d8-1fa2-4abf-9543-4499acd9ff8d
cbf62411-c49a-4de9-86fc-9aa330ccd0f5,a28aff3c-7fc8-4ee4-b539-4de98d15b176,e2a94012-e1fc-4dad-b070-46f274bbb6df,6,queued,e74a20d8-1fa2-4abf-9543-4499acd9ff8d
9e912c29-2032-4ea5-bcf8-e141331ae2d0,8d3426d2-5e1f-4b23-9ba4-5dff08591626,3232f9b6-74f6-4b88-bdfc-45c145bf3300,3,queued,3bc708ba-221c-4641-acf0-8104e80cdaaa
e7b5f71d-f105-4c94-a360-759ce30d31df,a28aff3c-7fc8-4ee4-b539-4de98d15b176,ff5353fd-9f59-4254-8609-5d0dff621947,7,queued,e74a20d8-1fa2-4abf-9543-4499acd9ff8d
f24fbee7-9af4-4fd9-b1c2-2af8efc2a4a1,a28aff3c-7fc8-4ee4-b539-4de98d15b176,31bf4cd0-da21-40bc-8029-ddcabd7957fa,8,queued,e74a20d8-1fa2-4abf-9543-4499acd9ff8d
efb36d67-d4fa-447b-addf-c5881f5d9103,a28aff3c-7fc8-4ee4-b539-4de98d15b176,3ad7eb16-aeed-487b-8b61-7b4fc583c874,9,queued,e74a20d8-1fa2-4abf-9543-4499acd9ff8d
b182374d-4111-4bbc-9897-4e424a4d855a,a28aff3c-7fc8-4ee4-b539-4de98d15b176,6a066d42-22c1-4511-a8ef-da3db4608685,10,queued,e74a20d8-1fa2-4abf-9543-4499acd9ff8d
a64ec0c8-09ee-47a9-8518-e62e5095fd7c,a28aff3c-7fc8-4ee4-b539-4de98d15b176,af498c16-adcf-4051-b5fc-2f621edaa6e7,11,queued,e74a20d8-1fa2-4abf-9543-4499acd9ff8d
f031e01e-3b59-480d-a7c5-b8ee900ac13e,834a6bb7-609a-4061-9612-fac472c0cc9e,b8bfd82d-f1cc-4a47-b37c-06d587c48016,1,played,4e7a68da-7183-4bfa-af88-9d36ea130c5e
6a656b07-3174-4c9d-a8cf-3d21e1abf472,834a6bb7-609a-4061-9612-fac472c0cc9e,0866841d-db7d-48ca-9e29-642a63b5679c,2,queued,4e7a68da-7183-4bfa-af88-9d36ea130c5e
67d324f7-9018-4cca-969e-91c28093ff65,cb8368ca-81b0-4cc2-a63a-a3d7fac222cc,78cc82ab-5380-40f7-b6ab-fa53ad53440b,1,playing,135a0d78-3d57-452d-8ace-d699c9c1f0e3
669fdc64-01c7-42f9-ad2c-269914e7c373,cb8368ca-81b0-4cc2-a63a-a3d7fac222cc,443ccba8-4cc0-4840-bc2f-7d5870646773,2,queued,135a0d78-3d57-452d-8ace-d699c9c1f0e3
9d404644-e6fd-4a4b-9b86-a8728322c1b9,b3a2f1e0-a7b3-49df-a4e5-cf5d34d82678,856ebb3c-51bb-40d5-8fd1-0613d0a37996,1,queued,7d201f05-f7f4-4f23-a3b3-822e937b43e4
0dcba837-15f8-4641-b7b1-ebe937307015,f62833b6-bf2c-47b9-810d-7089ef06e17e,b4c062cd-9a08-45dd-822a-45a253f3213d,1,queued,d1c15c4e-5f52-4b0e-91b6-c329d9bfee3f
faf41079-d162-4b23-aaf5-8a485169ddf3,04dd8560-5d97-4e58-b459-85d248ffdb86,1b467f62-012f-4416-9c29-8bcc406575a2,1,queued,4f7f8b6a-2cc0-4a66-b4f5-66f134f3a40d
1867abeb-9e76-4a5d-bdc5-4e6d4031af84,d8087454-f37a-4191-92dd-1eaff5935cb5,fd061daa-0ce6-41fd-882d-8eba1cee2b9c,1,queued,d13fd72a-8bfd-4c23-9717-ef067edafa1d
7b17ac49-7259-4a5d-a6aa-2070e57246b7,d8087454-f37a-4191-92dd-1eaff5935cb5,c94be96a-c44d-4dcd-ae57-6c0900285d9f,2,queued,d13fd72a-8bfd-4c23-9717-ef067edafa1d
4faa7c3d-cf6e-4fe1-b56f-06410674328b,15403677-c504-4510-b9c1-aceb02f5017b,0ce215d8-47bd-4484-9b6e-f96d8419aa62,1,played,015197be-d917-4169-8383-88b9dd1c6449
823ab98a-77cb-44d8-8c04-9c9e03902d4d,15403677-c504-4510-b9c1-aceb02f5017b,f171f282-215f-4ac4-a376-768507470987,2,queued,015197be-d917-4169-8383-88b9dd1c6449
85347f4d-b44c-4866-bcfe-3b85aa2b6d67,ef365cad-13b0-4795-8a41-f1d4003c2ba2,8fa692b8-c0a4-4231-a4b4-d56cb698cd03,1,queued,36740d3b-29dc-4e79-9a22-437b0160d1c6
567c0933-3d51-4714-9498-bc5e140c80b3,ba5112c9-a19e-4ba5-b7a0-fa5bdb74efbc,e6dc4165-63ed-4568-9ad4-27b5cf0e245e,1,queued,478f95cb-c4d2-428c-9ab5-fa1fadfc4ba9
702ea974-bf8b-4029-a562-8e67941e6ae6,acbd7e2a-8ad8-4bc0-bb4c-e153c839c6cf,e500a8e0-b203-4b30-90ee-ac068d5582e0,1,queued,1767b85f-f75c-49be-bd8c-186e28dc9a6b
7bb99df7-c2a1-4d98-aa41-5efd17b9c9e2,dd08392b-f785-4724-8ccf-e4d6f67f7007,b6be8315-c96a-42c2-9628-04245c86d2a8,1,playing,961d200b-bc46-4f7d-bfc0-21c76f575303
88868917-0221-4175-b1c2-2b2f63823307,9b78d480-a858-45f1-8ade-f6a671e060e0,f07aa77d-ad27-4f13-a12d-21c8e9779630,1,queued,46783555-7316-4373-8f43-e4e3c6615550
06ab94ce-cc8b-42ca-906b-996b10cb6619,140556dc-d942-48f9-bece-a1f600da5dfc,ed81ca16-4d01-4300-af84-1a7578d950ec,1,queued,46783555-7316-4373-8f43-e4e3c6615550
8e30ec54-c326-4f73-b174-d6377efe323b,235b0615-2874-499e-a2dc-b2cbabcb096c,5d8bb37d-8c45-4e5a-bafd-52c2c1237806,1,played,25b8d722-b4be-40f6-8a85-97c894fd2955
738118de-9c1d-4c1a-9e4d-6958bd608e08,e22cec19-d7a3-42b8-a972-063a8e5abc09,48140125-782a-4ec7-9bd0-e4fbea19f917,1,playing,f5018f9c-56ff-4dbc-a11a-842572b5d0d8
ac235c91-b050-4cab-85fb-eaa45890d747,e22cec19-d7a3-42b8-a972-063a8e5abc09,8bbe0806-00bd-4fce-80e9-70d372f61fce,2,playing,f5018f9c-56ff-4dbc-a11a-842572b5d0d8
02c80755-fec8-4458-95d9-cccab64d78ec,235b0615-2874-499e-a2dc-b2cbabcb096c,5deffc75-c6da-4280-b68c-63e39bc885bb,3,playing,25b8d722-b4be-40f6-8a85-97c894fd2955
d0a7f63c-50c0-4bd7-8e5e-c04a7adb09dd,3c176830-aa9f-4d9d-9fc8-bfd10e7aaf25,aa815393-46a9-4694-afbe-9e5d716d27d6,1,playing,5cc8853f-80ee-4475-bb99-bf0db7f55475
c2a2b436-3ecc-4413-84c6-18bafa474a11,6485f54d-38eb-4836-9651-8a31a292e745,259f2e83-c7bc-44b0-838d-728f7f8a9d8b,1,queued,baf982f0-0dd6-4bc3-ba99-1cd6b5832563
29492b1b-adf5-42c6-b221-11816fd5ba77,235b0615-2874-499e-a2dc-b2cbabcb096c,259f2e83-c7bc-44b0-838d-728f7f8a9d8b,2,playing,baf982f0-0dd6-4bc3-ba99-1cd6b5832563
e52170ec-7416-4554-bcbc-8ad6a574a654,122a4d12-b6e5-43c1-8e9d-b8e58a07f007,af494d6c-d338-42fe-9e5d-e474bae4a8ac,1,played,7f3e47d6-3ff9-40fb-a434-d2a911f397ba
1498e973-90d2-47f9-8b4f-d11651c3b9d8,122a4d12-b6e5-43c1-8e9d-b8e58a07f007,f8af4a25-ce75-47af-8c42-cdabe8758b3e,2,playing,7f3e47d6-3ff9-40fb-a434-d2a911f397ba
4a9ad735-f995-4714-8206-53daff1bdd4d,3c176830-aa9f-4d9d-9fc8-bfd10e7aaf25,8e01fcad-1d9b-4ba0-a888-045c40ec3ab0,2,played,f0edf3c4-3864-41e7-b512-29b33993260c
3e0b8374-654d-40f8-94b7-639a44c2e03f,564e0308-8853-4a68-af9a-4e2c90d6b20e,9b431408-d870-4855-9df3-db992cc71084,4,played,9dc8728f-1462-435a-8ba2-384d556bf2f2
d4e411f8-e03a-4245-af2b-08f0059c023e,6e783fd2-b038-4733-8b59-8ac6e3e7c61c,5e689ee2-5c9a-440a-bbb9-51c52d02c42c,1,played,ac1eb9d7-b0fe-481b-af3f-710e4a231f3d
5ac1b6a4-00c2-44ca-8545-e405e5d2d800,6e783fd2-b038-4733-8b59-8ac6e3e7c61c,3b278a79-4571-4bd9-b5cb-b01db963d597,2,played,ac1eb9d7-b0fe-481b-af3f-710e4a231f3d
eeb56991-7e65-4ad1-ac19-99920d1f8c61,6e783fd2-b038-4733-8b59-8ac6e3e7c61c,c6d509a2-0ad1-4987-9e84-ffac07bf3fde,3,playing,ac1eb9d7-b0fe-481b-af3f-710e4a231f3d
109ada9d-74a4-4493-88eb-d98e8a799de9,6e783fd2-b038-4733-8b59-8ac6e3e7c61c,3f8e4e35-b057-48ba-87d1-a3c8b65e6f9f,4,queued,ac1eb9d7-b0fe-481b-af3f-710e4a231f3d
fe4770a8-a730-452e-9b9e-a039dadf897b,6e783fd2-b038-4733-8b59-8ac6e3e7c61c,bf08b504-4278-47c0-9985-54bb5bd6bdc5,5,queued,ac1eb9d7-b0fe-481b-af3f-710e4a231f3d
a778e6a1-f2a5-4384-8699-63d43f87a844,6e783fd2-b038-4733-8b59-8ac6e3e7c61c,44bf69bb-7c9c-4669-b9d3-2c0555553ac5,6,queued,ac1eb9d7-b0fe-481b-af3f-710e4a231f3d
991a3231-b5d2-4928-9ff6-4173d3bb16b0,492b4c3c-2559-44da-9e35-01a4fee85e93,7af431a6-d018-4bbc-8b1c-42367f2ca96b,1,played,e645a8e5-2593-4831-9834-b170b1b70f36
4b19c18f-1aee-4fab-b716-9d81c78eebb1,6e783fd2-b038-4733-8b59-8ac6e3e7c61c,57c86bf1-b380-48d1-9bcd-cf35880873d7,7,queued,ac1eb9d7-b0fe-481b-af3f-710e4a231f3d
b195c596-2c5e-4f96-83de-2f0386dee85a,492b4c3c-2559-44da-9e35-01a4fee85e93,e65e5f82-3235-49c5-8d12-a4c904667927,4,played,e645a8e5-2593-4831-9834-b170b1b70f36
4e76ff7d-b77a-44d6-9c9a-0934c7cfdb27,6e783fd2-b038-4733-8b59-8ac6e3e7c61c,f6e26a20-ce1b-4618-93a7-59f773badb39,8,queued,ac1eb9d7-b0fe-481b-af3f-710e4a231f3d
dc53515b-12f8-4f79-8751-dbf7d33276ec,6e783fd2-b038-4733-8b59-8ac6e3e7c61c,27356c53-2d4a-4230-8b6c-5aacafd19875,9,queued,ac1eb9d7-b0fe-481b-af3f-710e4a231f3d
658c49ac-e4ad-430f-8858-6df7a6b1086d,6e783fd2-b038-4733-8b59-8ac6e3e7c61c,53c1112f-19cc-4329-934b-f22d6e668dfa,10,queued,ac1eb9d7-b0fe-481b-af3f-710e4a231f3d
bb969a13-8bbf-4204-909f-19b16a8b0ba2,6e783fd2-b038-4733-8b59-8ac6e3e7c61c,f742b8cc-da46-48e4-a669-09aea315a02c,11,queued,ac1eb9d7-b0fe-481b-af3f-710e4a231f3d
7401e12f-b365-4360-852a-f087044136d2,6e783fd2-b038-4733-8b59-8ac6e3e7c61c,17dec54c-4c43-4ba3-86f4-57a152942a2a,12,queued,ac1eb9d7-b0fe-481b-af3f-710e4a231f3d
e27cd3cd-4278-45b6-a22f-6ecac6197a00,492b4c3c-2559-44da-9e35-01a4fee85e93,fc0d337f-0ca6-42f4-8f04-9af5f8962d97,5,played,e645a8e5-2593-4831-9834-b170b1b70f36
2315d678-8850-400d-88bb-2152287f71e8,492b4c3c-2559-44da-9e35-01a4fee85e93,b57e649e-b227-49b0-8e5f-0f2fcd5d7b84,6,played,e645a8e5-2593-4831-9834-b170b1b70f36
34befb5e-48d7-42b0-b48e-5d2cf20ab873,e1e6a2ed-e8f5-4f49-91b5-c2104fb94185,2c0c8d49-60e6-47db-ba23-51aa0785a4da,1,played,ac1eb9d7-b0fe-481b-af3f-710e4a231f3d
8a0dcb17-6c0a-4f31-9e14-957100ae2152,492b4c3c-2559-44da-9e35-01a4fee85e93,32a2a16e-3f85-4a8e-8889-c31bbafb8099,7,played,e645a8e5-2593-4831-9834-b170b1b70f36
913c614b-eceb-49fd-ad42-483bfc44056b,679c8b01-4da6-4ffa-b225-6b4872139621,2f720370-3685-4d4b-abef-720271f335ce,1,queued,4ef39317-9eba-48b1-96a3-48a5caa603ce
dabc7c00-1a17-4d64-865a-7d4144ff09ca,6fd72684-d028-4a90-bc30-0e4a49b93563,6decb4d7-5639-49e5-899c-05979cae549c,1,played,c022eb20-feca-4f21-9e35-6f0c221d0e7a
14140845-737a-42f3-962e-8af98864f106,492b4c3c-2559-44da-9e35-01a4fee85e93,781e0c41-c348-46a6-b178-c11bd79e0393,8,played,e645a8e5-2593-4831-9834-b170b1b70f36
e37bf993-cdd9-4e4f-a1e1-73098a91b7e4,e1e6a2ed-e8f5-4f49-91b5-c2104fb94185,2ac206e7-206a-4127-a191-5b7827a8bb34,4,played,ac1eb9d7-b0fe-481b-af3f-710e4a231f3d
d5428312-597a-4fd7-8a5d-c0a6f2b214cc,b9a57624-45f0-4f9b-83f9-73127ba93b19,e48f6c3d-ac6d-4d98-b70f-6f2acc0b72e9,1,queued,16c67e71-90ee-4767-9c87-ec4a0d0cd386
1286546a-d0c6-4f52-9bc4-68c90d44469d,6fd72684-d028-4a90-bc30-0e4a49b93563,627a0b88-c34a-443c-a0a5-bc6c52a31c1d,2,played,c022eb20-feca-4f21-9e35-6f0c221d0e7a
3a66673f-3447-44b8-b6be-db8970193df1,a4c1ed29-0175-403f-99a5-505931fa90ae,95194e8e-6223-4d9a-ba1e-99b80fec31f5,2,queued,60dbd26f-ccd0-46bb-8578-92ed6b21b4ac
0ff55ba5-5497-4d91-b0d3-5b3071b11283,e1e6a2ed-e8f5-4f49-91b5-c2104fb94185,adce9068-2211-429c-84bf-581363c1275b,3,played,ac1eb9d7-b0fe-481b-af3f-710e4a231f3d
e29835bf-25ec-49a0-8317-bc356d1818f1,492b4c3c-2559-44da-9e35-01a4fee85e93,b072ec63-9ff6-48f6-baec-bd8f3538a7fc,9,played,e645a8e5-2593-4831-9834-b170b1b70f36
facb22dd-fcf8-4bce-a7d6-bcf463327928,492b4c3c-2559-44da-9e35-01a4fee85e93,df616641-a4ec-4edf-bebd-edc05e2a4528,10,played,e645a8e5-2593-4831-9834-b170b1b70f36
b94bf54b-aa2c-42f9-a3e8-55c2d2598591,3a271bbe-7fe9-47a9-a1e7-dc31eaa99bd6,e48f6c3d-ac6d-4d98-b70f-6f2acc0b72e9,1,played,a024c6c2-f4d1-468b-b025-db7d141cfe97
d6eefb3e-8cef-44bd-b150-8ff7bb9c204a,3a271bbe-7fe9-47a9-a1e7-dc31eaa99bd6,e9084fec-99f1-4479-82a6-c06fea2d26cd,2,played,a024c6c2-f4d1-468b-b025-db7d141cfe97
1d6d004d-766c-437e-a0f0-95f57a4bd6df,e1e6a2ed-e8f5-4f49-91b5-c2104fb94185,ab88feb7-a571-47ad-9ca1-6cf19325b9be,2,played,ac1eb9d7-b0fe-481b-af3f-710e4a231f3d
12a87b5f-5c11-4a0f-93f8-d8530c99c198,492b4c3c-2559-44da-9e35-01a4fee85e93,8ce7252e-083a-4304-9eb2-cb8f58b7fd1a,11,played,e645a8e5-2593-4831-9834-b170b1b70f36
65cacba2-62ed-4fac-a2ee-f6af3502b214,e1e6a2ed-e8f5-4f49-91b5-c2104fb94185,99d981df-3168-4eb0-9726-c7084731f133,5,played,ac1eb9d7-b0fe-481b-af3f-710e4a231f3d
d30c48fe-680c-464a-bab0-ba57a3f31a35,e1e6a2ed-e8f5-4f49-91b5-c2104fb94185,2bc61ef4-f5d2-4bf2-bbf5-2965b20a9759,6,played,ac1eb9d7-b0fe-481b-af3f-710e4a231f3d
4f5851de-e765-4a93-937d-202589745576,3a271bbe-7fe9-47a9-a1e7-dc31eaa99bd6,07cfe8a5-8c8d-4e59-a7ed-abedf11768ce,3,played,a024c6c2-f4d1-468b-b025-db7d141cfe97
ee902720-263e-416f-8504-5ec62283f1d6,e1e6a2ed-e8f5-4f49-91b5-c2104fb94185,57f4bc99-e92f-4b8b-967f-476bffd84350,7,played,ac1eb9d7-b0fe-481b-af3f-710e4a231f3d
a05ad230-ad74-4664-bc6c-03d0a837a270,e1e6a2ed-e8f5-4f49-91b5-c2104fb94185,68926a6e-174a-46c7-bb31-2c3543e67943,8,played,ac1eb9d7-b0fe-481b-af3f-710e4a231f3d
358db828-85f7-4f18-89b6-6e8e44e6e818,d530adac-b2ca-4a8e-9c1c-0afdc2f107c7,5c4c55e7-afff-4666-80d3-aa1e790857f2,1,played,a6b60cbf-8eed-4ae9-8c3e-58f9e49dc144
29082327-117d-4aba-a47c-b686b1a337a7,492b4c3c-2559-44da-9e35-01a4fee85e93,4583cdc3-f4f6-4fad-bed3-0f6acaea8e23,12,played,e645a8e5-2593-4831-9834-b170b1b70f36
5dd804dd-ec68-4115-8672-56e07b9e2fe3,492b4c3c-2559-44da-9e35-01a4fee85e93,7f9caa83-c133-483e-8361-2156adc208a6,13,played,e645a8e5-2593-4831-9834-b170b1b70f36
c9436fb5-f6ee-4358-a302-11f220548912,d530adac-b2ca-4a8e-9c1c-0afdc2f107c7,85b06d48-1248-4f00-b2c0-1984d8e2ca5f,2,queued,ede70a64-acf8-4a43-9267-72b00ac82d0a
f1844940-0995-42d4-98aa-c1586180e507,492b4c3c-2559-44da-9e35-01a4fee85e93,900f2a93-9a21-43de-92c1-811696956269,14,played,e645a8e5-2593-4831-9834-b170b1b70f36
57db3111-16f0-4058-9443-7988fba249b5,492b4c3c-2559-44da-9e35-01a4fee85e93,a7675ae2-c303-4d16-8982-2e3488fae545,15,queued,e645a8e5-2593-4831-9834-b170b1b70f36
e5588a83-21b7-4a14-97d6-fae2ecaace21,492b4c3c-2559-44da-9e35-01a4fee85e93,04bf65b8-1850-413a-af26-341832906b1f,16,queued,e645a8e5-2593-4831-9834-b170b1b70f36
9c53d775-002f-4240-8806-3d4a82e18c3b,492b4c3c-2559-44da-9e35-01a4fee85e93,000ce04d-9ad7-4a49-9793-1a15323041a9,17,queued,e645a8e5-2593-4831-9834-b170b1b70f36
a0ff7f4a-e894-44f0-8fd5-66d93f1d0012,d362d818-f261-45c6-9629-dd1b53080015,8c032817-5b82-49c2-8005-57439a2b5be0,1,playing,be1a9998-7fd3-43e1-80bf-b65b906564ef
37c49c4f-330a-4984-b4ec-e05c09f750c5,492b4c3c-2559-44da-9e35-01a4fee85e93,57c76d79-172a-4a24-8b90-7f44b3faebb6,18,queued,e645a8e5-2593-4831-9834-b170b1b70f36
1401ca70-d9d0-4cd5-b397-236a2a81916a,492b4c3c-2559-44da-9e35-01a4fee85e93,88994f1c-aa50-4dde-81e5-847a8396fa20,19,queued,e645a8e5-2593-4831-9834-b170b1b70f36
479dd2c5-c431-4452-a422-1616137a6e33,492b4c3c-2559-44da-9e35-01a4fee85e93,65f39b92-2142-4450-a1eb-5732bdb6c684,20,queued,e645a8e5-2593-4831-9834-b170b1b70f36
dba20833-9380-4778-b70e-13ecd5c29d68,492b4c3c-2559-44da-9e35-01a4fee85e93,911e6213-1a44-4e73-98ff-c91fb65bf914,21,queued,e645a8e5-2593-4831-9834-b170b1b70f36
48a69147-ffa0-4b8c-b7c4-761f7751c0e1,492b4c3c-2559-44da-9e35-01a4fee85e93,fcf5ed24-43bf-4941-b3cb-bf273ca018f4,22,queued,e645a8e5-2593-4831-9834-b170b1b70f36
6ae2ae39-1056-407a-b204-fc5a40a142d3,da64eb54-8277-4e3f-992a-be43788f22a9,48088415-748c-4ffd-ae7a-eae505beaf3b,1,queued,3f7953ff-92fe-4af6-bc09-4bbe93b0ad19
13d8853b-450e-4918-8892-baa5abf8baf0,492b4c3c-2559-44da-9e35-01a4fee85e93,e65bab32-4032-4bba-b00d-a6f5fcd9d701,23,queued,e645a8e5-2593-4831-9834-b170b1b70f36
af4ec5ac-25d2-479d-b9fb-2bce8f96bbc7,492b4c3c-2559-44da-9e35-01a4fee85e93,07bc5e1d-2adc-43d6-9657-1137e3b3acb3,24,queued,e645a8e5-2593-4831-9834-b170b1b70f36
faee92ba-86ba-4695-a3bc-0eedbd44d69c,492b4c3c-2559-44da-9e35-01a4fee85e93,495dc451-a000-4304-9fbc-4791b175799c,25,queued,e645a8e5-2593-4831-9834-b170b1b70f36
891f6f18-83f5-4f52-af0d-bbf2796e607c,492b4c3c-2559-44da-9e35-01a4fee85e93,be6e591a-1b07-4e05-ab00-f739d3cac6bb,26,queued,e645a8e5-2593-4831-9834-b170b1b70f36
20be5f56-2cef-4d2b-b1e1-5c5db8782892,492b4c3c-2559-44da-9e35-01a4fee85e93,51d8fcfa-bc2c-416b-8e92-13ea24cfb288,27,queued,e645a8e5-2593-4831-9834-b170b1b70f36
3c552267-0ba3-44ce-b81e-a3ccdff1d230,492b4c3c-2559-44da-9e35-01a4fee85e93,1f645c0c-b4e0-4756-897d-068a7bec5181,28,queued,e645a8e5-2593-4831-9834-b170b1b70f36
9f65803f-87be-4484-8f7f-d0140e332981,492b4c3c-2559-44da-9e35-01a4fee85e93,ce73c2ea-e986-464d-a1ec-e1b2677b4aaf,29,queued,e645a8e5-2593-4831-9834-b170b1b70f36
e39ad193-7670-4a66-9e18-55510fb60d0d,492b4c3c-2559-44da-9e35-01a4fee85e93,b9002a25-bd04-4fcd-8d83-d79c1535c458,30,queued,e645a8e5-2593-4831-9834-b170b1b70f36
e7ddc4f5-03a7-4ed5-adb6-c13f9b1a6c1c,492b4c3c-2559-44da-9e35-01a4fee85e93,26da18b5-50d1-49f7-8877-3acbcebdc6c4,31,queued,e645a8e5-2593-4831-9834-b170b1b70f36
c878b55a-3857-404e-a6b2-15b7fd309ea2,492b4c3c-2559-44da-9e35-01a4fee85e93,377a012e-df62-47d9-92ff-f8c21612c394,32,queued,e645a8e5-2593-4831-9834-b170b1b70f36
fab37fc3-b270-488a-b380-ca2a095c703d,492b4c3c-2559-44da-9e35-01a4fee85e93,6a6788c1-7e4f-4b79-92ee-a25c61b0f811,33,queued,e645a8e5-2593-4831-9834-b170b1b70f36
7712507f-3753-4566-a94f-021f2d73946a,492b4c3c-2559-44da-9e35-01a4fee85e93,6a92d922-3696-4ddc-bca6-016174021ecd,34,queued,e645a8e5-2593-4831-9834-b170b1b70f36
b8be08f6-49f8-4b9a-917e-39fd1cd7091a,492b4c3c-2559-44da-9e35-01a4fee85e93,7049f8ff-889a-4045-b077-450b507f038d,35,queued,e645a8e5-2593-4831-9834-b170b1b70f36
cdc90a94-0fcf-4467-8bcf-8c93b6eae152,bcc2ca75-b502-442d-b0c0-1486bd35e3f9,58c6bb46-190d-45e2-a5d6-7ca16060da36,1,playing,bc0c3e4e-2ce1-45f6-91eb-ffac3c1995b7
ec093de8-8765-41ad-9316-73be9b351a88,492b4c3c-2559-44da-9e35-01a4fee85e93,11303b8d-5a62-4751-b528-a220697d4100,36,queued,e645a8e5-2593-4831-9834-b170b1b70f36
1bdad48e-23bf-49c9-b47a-c3f003e6e521,bcc2ca75-b502-442d-b0c0-1486bd35e3f9,061dc8c6-611e-44af-96e5-0f9929b1b46c,2,played,bc0c3e4e-2ce1-45f6-91eb-ffac3c1995b7
eb378d87-dddc-43ed-9e70-5503dd395f6b,492b4c3c-2559-44da-9e35-01a4fee85e93,720299da-beab-4f4c-8ff2-4bcfe070be84,37,queued,e645a8e5-2593-4831-9834-b170b1b70f36
109108d6-fb43-4dc9-b7b8-873093391b54,e582c426-1d1e-4e79-a067-99289fdbc3c8,6a7adcec-5764-4132-8538-476bb536d5ba,1,playing,022be8cd-2a78-49b5-a5d3-6e8173bf96b0
e7ec46a3-f837-42b5-b68d-60b66cda1012,423b7d6d-4eeb-409a-bc40-97084330c0e5,739bfafa-fcb9-4e1b-b8aa-c24a797dcc9a,2,queued,91a73b08-7828-49b9-aee0-f36277ddc1ed
1b457418-c7f1-49a9-8f1c-afb8dea58c77,03852067-7ac1-4028-becc-d9ba1318b24a,40e1383f-6359-4e49-853f-31e54b9019a5,1,played,7c0c0b17-711c-44d1-ad2e-17bfe7545f0f
3db3248e-2344-40b1-9c93-97b199e2ad0c,03852067-7ac1-4028-becc-d9ba1318b24a,8b274ed0-d3d5-4b37-9225-58ea52b537be,2,played,7c0c0b17-711c-44d1-ad2e-17bfe7545f0f
e9be7f3a-9bfa-47e1-a2d6-d80dff5026af,45550dfb-b764-49a3-a65c-076cbf8defda,d8134dc8-4d8d-437a-9e63-783d4d02c1cc,1,queued,1d9747c8-5fee-4149-8a52-ef22900aaf8d
c2dba5c1-1ca2-4d4f-930f-1bf98747caae,57bcf75f-d2c3-40c6-a4e4-2ef6f5b0f87c,f2b36210-2a01-4e93-928c-a7e840812007,1,queued,7e0c1e0e-7e77-45a3-9a88-3d9468c9576b
7c80b279-36bc-4fc2-8d75-7d17296f68ac,57bcf75f-d2c3-40c6-a4e4-2ef6f5b0f87c,05ac8e54-90c6-421a-9e9d-5218b9ef622c,2,queued,7e0c1e0e-7e77-45a3-9a88-3d9468c9576b
3f99b54c-e227-496f-93e8-583df4db5a4f,57bcf75f-d2c3-40c6-a4e4-2ef6f5b0f87c,b1443d7d-c25d-4682-a295-2d8a30445e91,3,queued,7e0c1e0e-7e77-45a3-9a88-3d9468c9576b
519fca8e-7949-4c39-9277-7b4605df946a,57bcf75f-d2c3-40c6-a4e4-2ef6f5b0f87c,9b8708a9-b497-4e96-8d32-d2a795d532a8,4,queued,7e0c1e0e-7e77-45a3-9a88-3d9468c9576b
c644a2d6-3a83-4076-a435-16c163deafd0,57bcf75f-d2c3-40c6-a4e4-2ef6f5b0f87c,db7d0406-e1e3-491b-82a7-264fde293f4f,5,queued,7e0c1e0e-7e77-45a3-9a88-3d9468c9576b
03314f81-8169-4b2b-a14e-1aaf956ca1e6,57bcf75f-d2c3-40c6-a4e4-2ef6f5b0f87c,d596463d-4194-44eb-b95e-a8d9500c7791,6,queued,7e0c1e0e-7e77-45a3-9a88-3d9468c9576b
ce288a50-4c22-4463-ad25-4051066de775,57bcf75f-d2c3-40c6-a4e4-2ef6f5b0f87c,e34d0de6-fc19-4743-9f16-fde384fdeed4,7,queued,7e0c1e0e-7e77-45a3-9a88-3d9468c9576b
57a55de4-1b10-4be5-af38-851d9d4e2bf5,57bcf75f-d2c3-40c6-a4e4-2ef6f5b0f87c,5198c512-b30d-4f63-84e1-d94864ae8133,8,queued,7e0c1e0e-7e77-45a3-9a88-3d9468c9576b
82f694e4-7d36-4b36-99d1-5087b44aee5a,57bcf75f-d2c3-40c6-a4e4-2ef6f5b0f87c,855b2927-0db3-467b-aa14-4fae09ad90dc,9,queued,7e0c1e0e-7e77-45a3-9a88-3d9468c9576b
e9536e46-0566-42b1-8b6c-3a16d2663d0a,feb28cf6-6d09-4c2a-beb5-dbc02000a061,cfb1fc6f-fb51-4e74-a45a-e8fc28485167,1,queued,2eff31ea-2529-4035-aa2e-87aa0cfb5f6b
83f01dbb-12d1-4090-8811-d84ca69358ee,772de93f-9c0d-4a49-810a-1c17e9141c2e,40aa92b2-20da-4894-8df1-5afcc13bde14,1,played,a9462c10-6684-40d6-b0e1-3ff834facbba
1615c191-b4f9-4a1b-9d58-250f7fed7b8f,772de93f-9c0d-4a49-810a-1c17e9141c2e,2c233c69-8f3f-450c-8fb1-3ded5c1f3c8c,2,playing,a9462c10-6684-40d6-b0e1-3ff834facbba
3a1bda31-ef79-4476-92cc-7d20475b3961,2c6c7a29-d170-4b5d-9485-af74341fe291,443ccba8-4cc0-4840-bc2f-7d5870646773,1,played,bdb59ada-2c58-4970-aff0-afdf4945ac70
e0566a50-0b4a-446d-a844-bdb43d725b97,2c6c7a29-d170-4b5d-9485-af74341fe291,36772983-a468-40e2-be4a-8fe3301c53dc,2,played,bdb59ada-2c58-4970-aff0-afdf4945ac70
07b6a90e-ade3-4766-996d-f3ca4e390385,2c6c7a29-d170-4b5d-9485-af74341fe291,7235d921-03fc-4173-8e3c-38dc9eb8a701,3,played,bdb59ada-2c58-4970-aff0-afdf4945ac70
51aa4842-5bab-4a23-b530-50dcd5107521,570dd340-c377-4e7e-8f71-8c97ce33602f,0767f168-8626-47e2-b402-eb915acf547e,1,playing,32bbc7e7-3603-463d-8330-bfb51819c39e
6b023ead-38ce-4f5e-85cd-9d1174433f1c,80e05008-3fe7-4cc7-9f85-214fbe7fb253,f73cbbaa-bcec-405a-9295-8626e3e4eaf6,2,played,406a8b43-e055-4f05-8492-7932813cc42e
52d414c7-d1b5-4cf0-8df2-c97fe9384613,80e05008-3fe7-4cc7-9f85-214fbe7fb253,4ee394ed-7e4e-491a-9963-eab36ed7b655,4,played,406a8b43-e055-4f05-8492-7932813cc42e
095dd200-a2e5-4e24-80c0-09e3a505b5d1,87e67b4d-478a-4298-8ce0-8c2767d6a54d,a5020c74-80d3-4b73-af4f-2d0f9d6d9777,1,queued,71e37abd-e7a9-458b-b50d-d3f4f4c87622
c065d996-590c-400f-8886-48d951ac66e1,80e05008-3fe7-4cc7-9f85-214fbe7fb253,04abe71e-7a1a-4039-aa5f-c57b23bb9dea,6,played,406a8b43-e055-4f05-8492-7932813cc42e
bf139eea-da13-48f7-9ca1-f33d0ce3927c,88b3dbe6-bb8c-42fd-b91d-c8d9c9f4af9d,9b56c389-1688-4e99-9e98-c020e5a6238d,1,queued,beda8732-6737-4dd5-964b-994560e84d7c
11b69780-8b6f-437d-b294-f3e9a74ce237,80e05008-3fe7-4cc7-9f85-214fbe7fb253,35656505-7dbe-4cf3-9283-f3ee7c7c060c,9,played,406a8b43-e055-4f05-8492-7932813cc42e
8035e4e4-5e53-4fc8-a5f8-eb22090e1f95,80e05008-3fe7-4cc7-9f85-214fbe7fb253,d3d544d1-7d86-4ba7-b1f2-3952902019a0,11,queued,406a8b43-e055-4f05-8492-7932813cc42e
ce64d30e-0600-4b8e-b847-b9ff3e49b946,80e05008-3fe7-4cc7-9f85-214fbe7fb253,5aa4d571-22db-470f-81da-f1a775d956c7,10,queued,406a8b43-e055-4f05-8492-7932813cc42e
22e129d0-5d74-481f-b436-eaf674031637,383a9130-cb79-411d-8bf9-d21cee4b612a,d9df0b38-3e67-4d1e-80f8-234c5e816da4,1,queued,d89848d1-f1e4-4f4e-872b-70d8538aed83
7afd8fd7-f832-4bd7-9244-5a7cef753d7d,383a9130-cb79-411d-8bf9-d21cee4b612a,62f34929-488d-4753-baeb-a171811112a0,2,queued,d89848d1-f1e4-4f4e-872b-70d8538aed83
6cd1e80d-5c69-4135-b7e9-53fe9bb57094,383a9130-cb79-411d-8bf9-d21cee4b612a,b2af5fbe-1e22-491a-b276-9546c607836b,3,queued,d89848d1-f1e4-4f4e-872b-70d8538aed83
5550c500-e752-4674-9b0b-694abde5d0eb,637a26ed-422d-43c8-a47c-c97537d147a4,8c032817-5b82-49c2-8005-57439a2b5be0,1,queued,c585ca70-2fd1-441f-b9c1-7425b05f1be5
79ddb652-f128-4074-bfa5-32beab2f8cdb,637a26ed-422d-43c8-a47c-c97537d147a4,e93ad17a-c79e-486f-bff6-c543ddd8ce12,2,queued,c585ca70-2fd1-441f-b9c1-7425b05f1be5
9f29f24c-2f33-4ec3-aaaf-2df3bc51dce7,383a9130-cb79-411d-8bf9-d21cee4b612a,7eb2719f-0d34-4395-9f59-cc356ac74be4,4,queued,d89848d1-f1e4-4f4e-872b-70d8538aed83
19d3ece3-747b-4ba2-8654-e68c49c8d179,ab39346f-f1ba-43d5-97be-8349edff6019,0d6db401-5271-4808-b811-1ee046fa726a,1,queued,b3cab8ea-8682-451f-8e9c-616df1df1a8f
d38d1d88-4bd7-4739-a63c-664df174764c,ab39346f-f1ba-43d5-97be-8349edff6019,d5af21a4-6531-4b4c-b159-13d5e6575cac,2,queued,b3cab8ea-8682-451f-8e9c-616df1df1a8f
a49f9cb1-8581-4b03-910b-185894ba15b8,ab39346f-f1ba-43d5-97be-8349edff6019,0a12267d-771f-4f07-8882-b5356967ccad,3,queued,b3cab8ea-8682-451f-8e9c-616df1df1a8f
b2c948bc-846e-4035-9b30-7b925c4b2c07,ab39346f-f1ba-43d5-97be-8349edff6019,26078e54-5059-4055-bd97-ff84219a7b2d,4,queued,b3cab8ea-8682-451f-8e9c-616df1df1a8f
7d38ac4f-ec60-4ee4-967e-1998c6dbc0cb,378daa4e-30f5-4917-8b10-a086501ce6c4,48d32af3-2604-47cc-ba25-4f0a04353e39,1,queued,eee40c87-0863-48bd-a015-ad56d8c01d61
4c88a6b3-a361-44c7-a54f-95ddbabcb7d2,8ca4b063-193b-4c7c-9f62-61bdd8662f35,11dc9f30-cf68-44bc-8e45-61ce9976c130,1,queued,94ccdb83-ba11-4a95-9280-5bcf2b4f8e93
117425e3-b593-4d9f-8ec9-4b3542671013,0c4ba1ee-f04e-4b47-8f66-eb118713f811,db9eb7e0-b73e-4ae9-bce5-6dc84c9e7e23,1,playing,67febee9-228c-46f1-9a71-75ab4afb897f
b623e75c-ce39-4b0a-ae03-98c6f9ce43f1,0c4ba1ee-f04e-4b47-8f66-eb118713f811,b2573b7b-10fb-4c45-a722-0f317ca5f6ca,2,queued,67febee9-228c-46f1-9a71-75ab4afb897f
0251e7d9-6950-4498-88cd-c6ee15156c27,d4b15fbe-e67d-4c3e-9608-bf9e52d28210,2a46a7d4-ba62-4981-8cae-c8bfd18253d8,1,queued,a7467383-b96a-4475-ba4f-a2cf0911237a
c62a2cfa-38eb-45ca-8ca7-032d53c600d8,5bc5efa2-a4df-4028-8ae4-4a13cd57b680,8c032817-5b82-49c2-8005-57439a2b5be0,1,playing,1b92c661-79e7-49b4-b96f-bd1c09842c79
44614fa8-53fb-4978-8cff-3f38015cff22,17734473-2086-4c4e-893d-80c29d4e7e46,26cccc9e-0d9c-44ba-9040-5a375e358bc5,1,played,fb285558-d4bb-40ca-81df-e39d1e759c76
85d46c66-6beb-4e54-a08e-50a41ce035ec,17734473-2086-4c4e-893d-80c29d4e7e46,4172e016-34c0-4f51-a153-298ade7c69ce,2,playing,fb285558-d4bb-40ca-81df-e39d1e759c76
59881778-c71f-47a5-a719-91e17e05d95e,6a9cd8a5-a0fa-4409-91ba-f1aef3546589,fb1c0dc1-2c71-46bd-a978-c63cfb614234,2,played,8ea0936e-df50-4ff9-91f9-673e0ccdc7fc
537ae1c1-989c-4291-a2b9-1fa9e8072008,6a9cd8a5-a0fa-4409-91ba-f1aef3546589,5a1abc60-09c8-4137-a624-341f5310f485,1,played,8ea0936e-df50-4ff9-91f9-673e0ccdc7fc
aa5517b6-c79d-47c4-8e87-1d5337bccca7,b39c6d0f-91c6-4e6e-bb6d-d642f9aefdeb,acbbac76-30ce-4df3-9a78-edae33f5aff9,1,queued,c88e87f3-ee81-42be-b80c-3643bf0b4e27
e15bba31-c874-453a-9e77-5d0127369e1b,7e61702c-5209-4757-b4f7-c1ac6cd72c1a,ddb870a8-c306-409f-8ac9-4290be55ed0e,1,queued,eec7668b-e20b-4319-8c1e-d9380dda7b5e
7f88460b-73fd-4152-82d8-2f3f1f779547,56997e6f-c13d-459e-9f77-6717057b4d9f,15919bcc-0f97-45db-906a-3db5442209d9,1,played,7e0c1e0e-7e77-45a3-9a88-3d9468c9576b
044c086c-b830-4d53-9ba9-6cfc9106cb8b,56997e6f-c13d-459e-9f77-6717057b4d9f,6a9dd06c-2346-4f74-9d5e-a953a752bf27,2,played,7e0c1e0e-7e77-45a3-9a88-3d9468c9576b
171332b5-af72-4cbc-8183-655623860f2c,56997e6f-c13d-459e-9f77-6717057b4d9f,b3633b1b-dbc9-4a17-bfff-bd2b0fa7308f,3,queued,7e0c1e0e-7e77-45a3-9a88-3d9468c9576b
392560f4-d117-46b1-910a-a8b36565b046,9568c406-5cad-44f6-ac4e-ae710a6b9619,433f08c6-c8a9-4ae0-917c-43c70e4fda85,1,queued,91f6188b-fab2-40c1-9650-949dd6f9106e
1123eb6a-69be-4f03-9b71-4bb3df04188e,984ccc8a-4ebe-4819-b0e7-e193c1349d41,e1d210f1-d85c-4ffa-b057-5e737a1751fe,1,queued,c61cd183-9334-4339-b5ad-02fb48360be6
ff7b15d9-9633-45af-9090-9963fcf20de4,3349faea-54a5-447c-bd1a-98bd141a0b5d,77bcd9dc-6f82-4c7c-8136-deba9f725112,1,queued,8ae35c6d-2ec1-4142-8cc5-9e8be02f208b
5b3f0c7b-c255-4e27-b9fe-12807e82e89a,f6d74a72-6ea1-4914-a40b-f2bb21896320,947067a5-1b2d-4db1-a296-cd53263428b3,1,played,a9d78469-1066-46db-94bd-d1fb9b639660
af7fa486-d7f8-4600-9015-45ad2cc73afe,f6d74a72-6ea1-4914-a40b-f2bb21896320,c4b52cf1-6963-400a-ba74-87c33436afb2,2,played,a9d78469-1066-46db-94bd-d1fb9b639660
174196ab-9a2e-4d5b-8c71-b5a8b15faeb6,8284b227-0a6d-4b04-8f48-eb62981835cf,889d1f23-ccdb-4a5f-b54d-98a85e82c734,1,queued,5750c148-fb06-4179-9d20-9bfce8fe2af5
c0bbf60b-0821-41a5-a40b-aa24ff9f496c,327bbaab-e493-4bf6-ad0e-b509426bbb59,3d14ac0b-80ae-48e8-8d28-092638c193a0,1,queued,b5ca0511-bd9e-430e-b47f-dc48b7ee1133
af29c65f-e9d7-48ac-8a15-f6f9637c2523,61e74ac9-dd38-416b-a516-4354698f9b48,9d50fb64-6c77-4f5a-9091-2bbd9466e0e2,1,queued,68052691-cbdc-4cae-bb6c-5c651233da28
603451f9-2581-4398-b24e-c978cf1a2bc0,66d139c2-413e-4b2a-b3b3-2bee1b6c86c2,7f95c770-78be-40c2-8d55-54f455564449,1,queued,7c0ee036-6834-487d-b560-e39d429f4c81
a4352090-2b80-497e-851f-e0f42f2b9bf3,f1c72cf6-cfbd-4a48-b2a9-9a389a506f1d,1f9aa89c-178f-4e33-bc06-a230614b2374,1,played,a9cfabca-6f1c-4221-a8cb-bbedbc19f623
a491209f-fb46-41ca-943b-19157a4f5b5d,339bf589-71a1-4c65-a9ab-8c1ef181eeb4,577a2454-0072-4cf6-a88d-13d0c812ad28,1,played,0ddb2b3d-5692-463f-a9e5-8b02ffc7ef35
5a4e2455-f76d-413f-a5ba-ef3c8ee81d09,f1c72cf6-cfbd-4a48-b2a9-9a389a506f1d,069ec243-cb93-4fd0-b1a7-c3b81e4d9d6d,2,played,a9cfabca-6f1c-4221-a8cb-bbedbc19f623
bf224d67-86bd-45b7-8554-5c897cc98737,339bf589-71a1-4c65-a9ab-8c1ef181eeb4,a671333d-7230-49ea-a192-4e1d80c0b9b9,2,played,0ddb2b3d-5692-463f-a9e5-8b02ffc7ef35
b63997f9-c32f-4485-b141-749a677469c1,339bf589-71a1-4c65-a9ab-8c1ef181eeb4,c8c81a29-8d44-4b1c-8082-ff8a38d4ea23,3,played,0ddb2b3d-5692-463f-a9e5-8b02ffc7ef35
e58b825c-7df6-467d-81c5-4daca10a88a1,f1c72cf6-cfbd-4a48-b2a9-9a389a506f1d,2ea496d3-09d7-4cca-a9c7-1009061cb120,3,playing,a9cfabca-6f1c-4221-a8cb-bbedbc19f623
a52dcd06-44f6-4824-a9f1-0d11ec16254f,f1c72cf6-cfbd-4a48-b2a9-9a389a506f1d,90218961-a78c-497f-a0c5-53308f9b1d51,4,queued,a9cfabca-6f1c-4221-a8cb-bbedbc19f623
ca0e2fe7-29ef-4de3-8c6e-45802502e7da,339bf589-71a1-4c65-a9ab-8c1ef181eeb4,6a3b6b23-0ab7-4abe-a6e2-96a77c9d1025,4,queued,0ddb2b3d-5692-463f-a9e5-8b02ffc7ef35
ff4e07c4-f2ae-4f64-be14-d2b74c11eebf,f1c72cf6-cfbd-4a48-b2a9-9a389a506f1d,6b0eee44-9f35-4c28-bc6e-869c95176c18,5,queued,a9cfabca-6f1c-4221-a8cb-bbedbc19f623
2a9f5678-cdc3-435f-82c0-bcfd02a5f8e8,163fcfc4-133a-4d15-b64a-cab3a7ee84d0,66316889-ac79-4463-9342-4908d8d2b47d,1,played,3d6769f5-f537-4334-b259-3d663f8c415c
867ebe39-f8c9-432c-97da-3db1753d6d98,163fcfc4-133a-4d15-b64a-cab3a7ee84d0,ec63a3c4-6cb9-493f-9753-6621366b3ab3,2,played,3d6769f5-f537-4334-b259-3d663f8c415c
3222b525-d5a5-4d62-8d0c-cfc0a0d059d1,96e64206-613e-4678-983c-596eb3fc3605,ec63a3c4-6cb9-493f-9753-6621366b3ab3,1,playing,3d6769f5-f537-4334-b259-3d663f8c415c
ac3dbb9f-414c-46d1-890b-1aed60b32d2e,96e64206-613e-4678-983c-596eb3fc3605,e694b262-dbe4-40c3-9c26-1c6172be7d69,2,played,3d6769f5-f537-4334-b259-3d663f8c415c
0ab4bac0-ca9f-4025-9887-7603b87bad53,6f50402c-7b84-4b23-b5c2-95213a6d99fc,473a1c2f-f2fa-49e6-9033-d907d3e10b01,1,queued,f1b913ec-85fa-4bb6-a5ad-14b931fa0c7b
ebe1d0b6-17a5-497b-9abd-1e04a0696948,96e64206-613e-4678-983c-596eb3fc3605,40ee4f06-8e38-4ba7-85af-7fb6cef1b99b,3,played,3d6769f5-f537-4334-b259-3d663f8c415c
762da4fc-2986-48db-9745-afe90de75350,3d33e84f-3380-4b90-8fd1-454cd9a947a0,7b6bda2c-dae2-4ed6-8c18-91f87d221e5d,1,queued,1300dd48-8fda-4365-95ba-d8e08a62fd56
72d36528-3095-4054-b477-09d593cef2fd,96e64206-613e-4678-983c-596eb3fc3605,f6fd1f29-db06-4109-9e91-92188dd465d7,4,played,3d6769f5-f537-4334-b259-3d663f8c415c
b8800706-f6f9-4c82-914c-679a12f1fca2,6b4d026e-5dcd-43cb-beb9-30621690c544,c5f04150-5e0f-4755-af6c-b2f823d934c0,1,played,1300dd48-8fda-4365-95ba-d8e08a62fd56
0ba68601-f74c-47d4-95e2-f56ffc9065b2,6b4d026e-5dcd-43cb-beb9-30621690c544,07678936-6e1d-47b2-84ad-39e84f77556f,2,played,1300dd48-8fda-4365-95ba-d8e08a62fd56
bded3b44-88cd-462e-aaeb-c0b6ce414cfc,6b4d026e-5dcd-43cb-beb9-30621690c544,10fadfab-4401-4b16-8925-75e809de6c17,3,played,1300dd48-8fda-4365-95ba-d8e08a62fd56
1538b861-afb3-4db3-81a4-017337fa7b41,0fa42179-a833-47b9-9a76-14be0a5db992,eda95ace-63c8-4ee5-83ea-f789a728a9f1,3,played,11f9694d-9aa4-48ec-9858-6e4ea345de2c
392bb998-244b-4ef4-9187-c0362403c2d3,a1746f2a-ad71-4a82-a1bd-3656a55d3236,c5f04150-5e0f-4755-af6c-b2f823d934c0,1,queued,e118b860-e216-4eaf-b3f0-a316ac1a9d05
d9672c16-bdfa-4c08-8135-93ea7d5412dd,a1746f2a-ad71-4a82-a1bd-3656a55d3236,9fb86d23-0a24-437e-8015-6077581aa91a,2,queued,e118b860-e216-4eaf-b3f0-a316ac1a9d05
e398682d-509d-493a-9194-834b4c39db81,0fa42179-a833-47b9-9a76-14be0a5db992,a246f04a-0fc4-4a1f-bc6d-f080ca272a32,1,playing,438b9d59-5195-4ae7-a166-7c52daff881d
aae62909-fb8c-4e82-9e40-21f71922143e,56c4b8bf-812e-49cf-af0a-a0a20444aeab,8599ec18-88d9-481f-8c8a-0af2539a93b6,1,queued,4b933b29-43e8-4661-b8ae-924905bc69fc
07403588-487f-46fd-a616-96150dcc7e76,6b4d026e-5dcd-43cb-beb9-30621690c544,9fb86d23-0a24-437e-8015-6077581aa91a,4,played,1300dd48-8fda-4365-95ba-d8e08a62fd56
3d250ce7-a5e5-45dc-a866-3a9c8fc96d4d,6b4d026e-5dcd-43cb-beb9-30621690c544,5d3df573-4383-4175-ab50-0247f9457270,5,played,1300dd48-8fda-4365-95ba-d8e08a62fd56
de02980f-5219-4ff3-a347-bb2e75fd605a,6b4d026e-5dcd-43cb-beb9-30621690c544,abcc697c-a1da-486f-93de-f008daa0d95e,6,played,1300dd48-8fda-4365-95ba-d8e08a62fd56
08ddd67e-ccc3-4587-aae7-c6f8ed25a801,6b4d026e-5dcd-43cb-beb9-30621690c544,9cf6daa8-8cb2-4720-a898-a55b2aaccae2,7,played,1300dd48-8fda-4365-95ba-d8e08a62fd56
881e0f1b-068b-45ca-9b9b-19aa21a1d371,6b4d026e-5dcd-43cb-beb9-30621690c544,c869f81f-1fa8-4c86-9352-58c74e608f9d,8,played,1300dd48-8fda-4365-95ba-d8e08a62fd56
8c85606d-9cdd-4fe7-9697-aa1bc7bc752d,638b4181-4274-4dc6-ac61-f32063329f91,a5db1854-742e-41dd-908b-4a7e0cc1329f,1,queued,5a41e53a-e0d1-473c-afe2-c8c1076fb17f
f14b2e01-8399-4a16-bea3-a1ca9acc102d,638b4181-4274-4dc6-ac61-f32063329f91,81bbaa23-3229-4295-bf6d-97ab4a09dcd0,2,queued,5a41e53a-e0d1-473c-afe2-c8c1076fb17f
44871566-b36e-4a09-abc8-faac022f3488,638b4181-4274-4dc6-ac61-f32063329f91,30a95193-10e4-4917-acb7-10849a0a2b80,3,queued,5a41e53a-e0d1-473c-afe2-c8c1076fb17f
f6974a29-092c-42b9-88f0-71d463ad99a1,029e2695-8d8b-4769-8aa1-2f9386d17eac,abcc697c-a1da-486f-93de-f008daa0d95e,1,playing,132a5808-8522-4c62-b38b-655b7ed7a0ec
09cccaa4-753d-4250-8ac3-9140317cdce3,029e2695-8d8b-4769-8aa1-2f9386d17eac,2edd3c2f-0d9d-4a23-a9b9-5963312f69fd,2,queued,132a5808-8522-4c62-b38b-655b7ed7a0ec
df839ee6-8f65-4a4f-9e5d-66afc4d1967b,029e2695-8d8b-4769-8aa1-2f9386d17eac,9fb86d23-0a24-437e-8015-6077581aa91a,3,queued,132a5808-8522-4c62-b38b-655b7ed7a0ec
6c25c378-c603-4c35-8bea-d4909717f77d,5ed85848-d04a-4e88-80bc-aa518d42e632,a246f04a-0fc4-4a1f-bc6d-f080ca272a32,1,queued,438b9d59-5195-4ae7-a166-7c52daff881d
bd25afcf-0bd0-456c-bca0-06430de564b2,bc674122-fa2f-459c-af41-7d3d18541d61,815a6b7d-6f3e-4375-96c1-b3121710446d,1,played,bde4aee7-049f-4318-a636-97c8a025b445
c06f5142-df8c-4396-a998-e337f2a936b1,bc674122-fa2f-459c-af41-7d3d18541d61,52539272-1e55-463c-b9cf-08ea1c29093e,2,playing,bde4aee7-049f-4318-a636-97c8a025b445
8bfc8b6b-9bfa-4be7-a80a-f597b47acdc4,585268a2-9717-44a2-8d02-e969894b4e85,7cca1359-d112-4235-8a7e-df6be8912f9b,1,played,c081bf6b-507b-4131-a313-d364b5d81900
7e744edd-82da-43de-acfa-fd9b6f6fab51,585268a2-9717-44a2-8d02-e969894b4e85,f68ac036-60dc-4d29-8a5b-146d3bd44549,3,played,c081bf6b-507b-4131-a313-d364b5d81900
38bef75a-cfd0-468b-b143-3630fab60a43,585268a2-9717-44a2-8d02-e969894b4e85,4e235c28-ffc5-403f-aea3-34dd11b05c1b,4,played,c081bf6b-507b-4131-a313-d364b5d81900
d0a2635b-bb17-46c0-b819-e960a20984b2,3477581c-3b9c-4db7-8a5b-ac91f1c5be6e,b94dc0a1-b581-470f-96d7-42387471e461,1,playing,04e0df89-3f44-4f6d-acec-63ee4b53cc8d
48c816dd-ac4b-4fc8-9282-d9aa77ec98a9,8549605b-71b2-4ae0-82da-b56d7027113c,b48aff35-4fae-4a10-9086-a296208950bf,1,played,8b621499-881e-46ba-baa9-3452fbcdca9e
2cc59108-95b0-4243-8f38-7df0dd10168c,585268a2-9717-44a2-8d02-e969894b4e85,f037d313-be5f-4704-b464-e5fed1bda745,2,played,359567c6-303a-4a87-a8d4-7b8eae2aca42
e57ba860-9ec2-4e91-b5d5-5d740920bc47,8549605b-71b2-4ae0-82da-b56d7027113c,51fe9aa7-627a-4293-a8fb-f25c7919c746,2,played,8b621499-881e-46ba-baa9-3452fbcdca9e
7657530b-f89d-44bb-bb3e-daae7829d78b,82626dc9-c105-4d60-91f3-ebc7bfc0897a,72098a0b-4063-4199-9905-2ad3d9b3e66b,1,playing,1026b1e6-0759-4abe-b7ac-b796cbd9e77e
2399a97d-18d8-45e1-beaa-a3936387cf75,50d92f02-6bfa-4e61-97d7-863e50b1e3d6,87328a0e-a939-4d2f-ac2f-0d3c54a73b1a,1,queued,3335fafb-c527-456a-b1d1-d1b4e34308f8
fe19f83b-30a6-4ad8-a988-8fbc86ae9d57,b5facfb0-cb2f-435f-b01e-ba9a1a91b17c,8ea2c90b-6e0f-4aa2-88bc-a12bffa28cf5,1,playing,63009ee5-4359-48c0-9532-5f4f64709d8f
21280e15-2532-40ec-a3c2-d6be09322e2d,8549605b-71b2-4ae0-82da-b56d7027113c,5e0f7e63-cf8b-4c23-93ba-fac2642cc02e,3,played,8b621499-881e-46ba-baa9-3452fbcdca9e
a38a15f9-8e99-4357-9afa-8ae9cc7795c5,8549605b-71b2-4ae0-82da-b56d7027113c,97e28b89-9eb2-480b-950c-648f64959d29,4,played,8b621499-881e-46ba-baa9-3452fbcdca9e
e363adba-3cba-4965-9922-7bbf29e49ff5,8549605b-71b2-4ae0-82da-b56d7027113c,89d30186-c157-4c6e-9258-d900c428ccb6,5,played,8b621499-881e-46ba-baa9-3452fbcdca9e
d7ea8df3-b12a-4a06-9c1f-dfc06f587037,8549605b-71b2-4ae0-82da-b56d7027113c,9271520e-a743-4dcc-9e96-aa103e18158f,6,played,8b621499-881e-46ba-baa9-3452fbcdca9e
a4eb3771-72f9-4317-953e-c0dd80e1594d,8549605b-71b2-4ae0-82da-b56d7027113c,97bee868-5c3c-4f81-a36a-d767798b1694,7,played,8b621499-881e-46ba-baa9-3452fbcdca9e
bc072241-051b-4bda-9014-eec3551eea4f,8549605b-71b2-4ae0-82da-b56d7027113c,b7091b1e-6aab-4105-8b22-e9d8ada62c35,8,played,8b621499-881e-46ba-baa9-3452fbcdca9e
2916891d-a686-4490-b781-ff82569d8829,8549605b-71b2-4ae0-82da-b56d7027113c,e4d6ee10-d446-42be-ab36-6fd27b3dd6c7,9,playing,8b621499-881e-46ba-baa9-3452fbcdca9e
693d9e21-1025-4cc3-8fdb-925b843e1cbd,8549605b-71b2-4ae0-82da-b56d7027113c,996d7036-ea5e-457a-9e41-612fe1294854,10,played,8b621499-881e-46ba-baa9-3452fbcdca9e
8e9aa53c-d95d-4ffe-b60a-62d7c49cbad2,8549605b-71b2-4ae0-82da-b56d7027113c,9814aeed-9622-4fac-ad76-b36902378f1f,11,played,8b621499-881e-46ba-baa9-3452fbcdca9e
44406cfd-a356-400f-9e5b-a7742d2b143b,8549605b-71b2-4ae0-82da-b56d7027113c,bf45d51c-c55a-4104-b56a-8f05f31e75b6,12,played,8b621499-881e-46ba-baa9-3452fbcdca9e
8d15004f-0e2a-4d2d-a600-e91249ceedb4,8549605b-71b2-4ae0-82da-b56d7027113c,ccf9d5ea-2d59-4ce0-a810-b96a571c59d5,13,played,8b621499-881e-46ba-baa9-3452fbcdca9e
1a1b2514-642a-42b5-af84-bcfb5edc3f6c,8549605b-71b2-4ae0-82da-b56d7027113c,65fbe4f0-055f-499c-a88b-fd8ca9424d82,14,played,8b621499-881e-46ba-baa9-3452fbcdca9e
5630d46a-739c-4763-a11c-a39866e45c48,b9faa045-4db4-4ac7-b19e-3a8ac7b0e7ff,8d824413-83ca-4351-aa72-856ded667b16,12,played,673e818b-bfe4-46de-87ce-5cf90b4abbfa
0d33a78b-9cb4-43f9-ae51-4ad172f8bead,8549605b-71b2-4ae0-82da-b56d7027113c,123ebd29-5b0c-46ec-9ccc-580896a9b450,15,played,8b621499-881e-46ba-baa9-3452fbcdca9e
59585d70-3232-4d32-b6b6-d12b8a01bb75,8549605b-71b2-4ae0-82da-b56d7027113c,9cd395f9-3a01-48fd-bf43-10f4825f4429,16,played,8b621499-881e-46ba-baa9-3452fbcdca9e
032dbf75-0aca-4ba0-9c8f-2588714e63ba,8549605b-71b2-4ae0-82da-b56d7027113c,5efa0ae2-da10-488e-b7b6-dba1f21419e4,17,played,8b621499-881e-46ba-baa9-3452fbcdca9e
ca5ef613-9b93-41e0-b6c0-09e5e182762a,0eca236c-f75b-4d9c-b0f2-e59bfc5e18e0,72b1e591-6843-4cfb-8cc2-4e9f26a0f09d,1,queued,477be56b-60fa-445c-8336-7e0c9f168180
21ee940e-8341-4a0a-87f9-331910a53fe5,0eca236c-f75b-4d9c-b0f2-e59bfc5e18e0,df6a0c53-dc60-44c5-a104-ab878944fa09,2,queued,477be56b-60fa-445c-8336-7e0c9f168180
97760727-4b64-46fe-a693-98eb809a69e0,b9faa045-4db4-4ac7-b19e-3a8ac7b0e7ff,81bed004-e186-46c6-ad88-233735b1d159,13,played,673e818b-bfe4-46de-87ce-5cf90b4abbfa
91cbd2f1-370b-43c0-97c6-985433251b9e,b9faa045-4db4-4ac7-b19e-3a8ac7b0e7ff,8e217f96-b1d4-41b7-8092-c0f7eb128fb7,14,played,673e818b-bfe4-46de-87ce-5cf90b4abbfa
8859320c-f7b8-427c-8c29-7bf89f411549,b9faa045-4db4-4ac7-b19e-3a8ac7b0e7ff,343616e2-c1b3-4733-9b9e-0b22946bece3,15,playing,673e818b-bfe4-46de-87ce-5cf90b4abbfa
9ba1dda1-26e6-4fdc-bf9b-e75422ddbed3,5a5f65d3-bee0-4e20-b639-8ad10d3bc834,2a8fe513-e6dc-4530-bad3-485da867a39f,1,playing,6946aa9f-c0bf-440c-bcaa-aa066e165e77
104a30f9-7b06-4d39-b06d-6028d939896b,5a5f65d3-bee0-4e20-b639-8ad10d3bc834,ab8e4db2-d486-48a9-8d96-26d80f1d96f7,2,queued,6946aa9f-c0bf-440c-bcaa-aa066e165e77
e52140df-71a8-4db7-825d-2167cb0e7017,843c2151-f002-4685-a4c0-f2d374bb7c6d,303a290b-c1da-4e7e-b536-83606a5ef88b,1,played,ca887a35-6b11-4ca6-94bd-67e932cb8271
a5423e4e-0f50-4d9a-b58e-d5af5e8fb96c,710e4b41-fd0e-41de-a16d-9552ddbb6eab,08965c3c-5b8a-413b-8056-39b45503888e,1,playing,83bbda39-1a6a-45c9-9ea0-a59232ae0a86
4360fa9e-9626-4f03-aed2-4e0935f50a90,2cbbf44a-e04c-44fb-b743-0fabf832c5e4,82855ce4-9a8a-48fc-9471-10df76731fc5,1,playing,91d2f662-ce1b-4c10-afc4-001b39e1b417
05f101b5-4378-42d5-a5e0-7b7a89bb3d3a,2cbbf44a-e04c-44fb-b743-0fabf832c5e4,a7ccde6e-8e7a-420b-81c7-031960d99687,2,queued,91d2f662-ce1b-4c10-afc4-001b39e1b417
a79988b8-967f-447a-9bd8-9a0137a7dc86,68178df0-2b52-4023-b586-d4f4acc2924b,2b49f366-3340-42a2-be6a-46cf66dbba1a,1,playing,6f4f76b4-cf2f-430b-81dd-d7e8b3a98ab5
5c71a30b-b46a-4842-b2cc-8499835a34db,68178df0-2b52-4023-b586-d4f4acc2924b,c6d8a58a-05f4-4a3d-834e-db6098204ab2,2,queued,6f4f76b4-cf2f-430b-81dd-d7e8b3a98ab5
3506e21c-39e5-48b8-b82c-d01a6a4031c6,a25b752e-aa6d-4d50-987d-3d791f029480,7e6aa116-44b2-466f-a04f-8160b7faee58,1,playing,b9e8a506-d37f-41e4-8237-ac962a64f845
159c52d5-4171-457f-afc5-aac57d18d5b8,8b5dd186-650d-4213-8cd0-d631172ee92f,14d1d1f3-831b-4fe0-9bf9-cc97ad2c53b0,1,playing,977eb24f-5a60-479a-855d-7a9f8b73d828
00231a23-c5a0-4648-aba1-9e50f961852b,e276ef58-bbc5-4bc1-a51d-305dc883f460,b1deb0b7-2063-4720-9cb0-6e8baad53c46,1,played,49bdcd4f-c179-4759-99d2-913b746aef81
95f21036-b9f1-48bd-b463-a2ea97e22df0,f77dc027-5530-478d-a36d-7575f26756be,c9364184-3b86-4014-8f3a-992ed938be05,1,playing,bf46ca6e-029d-44f8-a089-90e0a3d1302d
3aea5562-bfc7-4daa-8baf-815a0b797615,82bccf84-746e-48a6-8a36-99dabbfb7fba,0dd5d1e2-8e14-49b9-b3cf-b71b04beb481,1,playing,33690acf-7886-43f2-8de3-49d4d1129ca9
ea5025f2-be56-411f-8aa0-6f465b6265b4,82bccf84-746e-48a6-8a36-99dabbfb7fba,71d9fdab-d400-47d9-88b1-820d37996221,2,queued,33690acf-7886-43f2-8de3-49d4d1129ca9
cc482547-6388-45b3-83a0-5a61a6baf05f,82bccf84-746e-48a6-8a36-99dabbfb7fba,8e6da3c4-d8e3-430f-884b-2d67e95d21ac,3,queued,33690acf-7886-43f2-8de3-49d4d1129ca9
f0c0f38b-437e-4477-9aaa-31a63e83aac8,843c2151-f002-4685-a4c0-f2d374bb7c6d,d89244b9-4a0b-4ed5-b37c-1fdb2d8cdbe7,2,queued,d5def916-4640-4284-bd58-8781e32d97ef
2a896d8e-a977-4e0c-bdc2-5fce9d051ad1,c100dab1-1253-4534-8c55-967a407dd847,c869667b-7090-46ab-99d8-83f6b7b6ee67,1,played,17321db0-592b-4c73-9432-c41c21a404a6
a56999e3-a55e-4c8d-bac1-b5ef36f5c366,c100dab1-1253-4534-8c55-967a407dd847,2e891c9a-b8cb-4fc9-841b-1ac3736cf269,2,played,17321db0-592b-4c73-9432-c41c21a404a6
6d352ff9-f1c1-4f2c-b3fa-24e0b55a6022,ee771a38-6b05-4738-8cf8-492ae19c47d6,5ee55f44-e4ca-418b-8053-65043e02ff44,1,played,9e04566d-3df8-47ff-b0f5-652111f1de29
e1f2d823-ac50-4068-9eec-b847799520cf,c100dab1-1253-4534-8c55-967a407dd847,393ea6ef-5297-406a-b41c-c951dd2a0f5d,3,played,17321db0-592b-4c73-9432-c41c21a404a6
74f50042-69df-4b2f-a385-f51a573736ac,c100dab1-1253-4534-8c55-967a407dd847,c051e556-a07b-4a0b-a41e-b0f1e5b49792,4,playing,17321db0-592b-4c73-9432-c41c21a404a6
b6600dfe-a484-4d5e-ae07-18bcc5a1bf0b,c100dab1-1253-4534-8c55-967a407dd847,686055cd-25e7-4fef-9cde-ce2f5e60243b,5,queued,17321db0-592b-4c73-9432-c41c21a404a6
2f5e7bd8-ca04-46e1-b7db-529a3ca295ad,ee771a38-6b05-4738-8cf8-492ae19c47d6,e07f7083-2451-4b21-9eb4-ff3ecb01d224,2,playing,1499c7c4-458f-4450-83dd-28219ad2c50b
a84d2dd5-04b4-42b1-b596-21baf1c56f0d,643759c3-d782-4c08-85e7-d7157bc51fa1,055bcea1-e789-4d5f-b9a5-6e86653bf21d,2,queued,57384ce5-1a3c-48ce-858a-766c31747d91
f745c055-7ae8-46e4-86df-d3ecee33f63f,c23161b1-b8e2-4269-91ae-3a55df2cee28,af731a0a-af79-4d92-9024-e1e88eb18b40,1,queued,57384ce5-1a3c-48ce-858a-766c31747d91
c649dae2-0558-4c68-a2d8-51fbba5c9abb,c23161b1-b8e2-4269-91ae-3a55df2cee28,093a4e31-b052-4752-8af0-951d0a41aedc,2,queued,57384ce5-1a3c-48ce-858a-766c31747d91
87977100-7027-4341-a722-53cee02ffa70,0fa42179-a833-47b9-9a76-14be0a5db992,34ae58f4-cafe-4c8e-b62c-92e4cba82590,2,played,4f897376-948f-40ef-8a85-23892581ed44
281f8f20-3964-4678-91d3-68879dd88e58,ba3b6397-dca5-4d4d-aa0f-3d818f16c564,f049a6bb-fb30-4f7b-8f56-1dbc53dfa000,1,played,e157e846-0fcb-427e-bc98-56d6d70cb4b2
36c53230-e5b7-40a4-b6db-00c1edd7ab1e,ba3b6397-dca5-4d4d-aa0f-3d818f16c564,009fe133-b4ee-4643-8107-a6b1acfbd188,2,queued,e157e846-0fcb-427e-bc98-56d6d70cb4b2
add55e8c-2ba9-48a3-a2d0-74581e14a7c5,a2eb7dc5-ac94-4a60-8ef1-28e35a772aa9,af731a0a-af79-4d92-9024-e1e88eb18b40,1,played,57384ce5-1a3c-48ce-858a-766c31747d91
3158efb5-1cf7-4cd1-8992-205ad6cca438,5b528227-e2eb-49e6-af26-d2e73a515259,b34e443f-e7df-436a-8ab9-3676af70eda7,1,playing,fe54f498-fdf8-4774-81a3-19a014858efc
0ca3c85e-6715-476d-beaa-d471dd03e1e8,df01f3c8-e423-4609-b81b-26f7fa6c6716,bc2b8fec-3d59-4cdb-8a88-86a8a95817a2,1,queued,fecdda39-87b6-4c12-9109-e9eeedb97162
93dd40d4-dd6a-40a6-ba68-741b6fa253bd,bc55e358-1abd-4d07-ab64-d370325e32e5,f049a6bb-fb30-4f7b-8f56-1dbc53dfa000,1,played,e157e846-0fcb-427e-bc98-56d6d70cb4b2
ec44a5ab-0cd7-42a3-8e75-a5f316cfbe15,a2eb7dc5-ac94-4a60-8ef1-28e35a772aa9,8b788da7-f87b-43dc-b5d0-658b7a0370a7,2,queued,57384ce5-1a3c-48ce-858a-766c31747d91
fd9d4a69-c8a7-427a-b859-7b74e7397336,fb48baa9-83b5-4d06-b836-ba0bfbf1097f,f049a6bb-fb30-4f7b-8f56-1dbc53dfa000,1,queued,239dd07f-0f89-4f3c-bf19-96bd6c896c30
72315e5f-c49b-4ee1-acad-22bfd5b51045,f12cdaf0-c097-453b-91d5-f80e558d65f3,f51038d1-6099-4889-b2b3-a2142fc36b03,1,playing,9ab35799-256a-4854-82d1-b8dfda9faa09
89d692f6-246f-4f09-b5cb-32bb511a02bf,f12cdaf0-c097-453b-91d5-f80e558d65f3,1176c6d5-b72a-4368-97b2-ec326ab33682,2,queued,9ab35799-256a-4854-82d1-b8dfda9faa09
32c47dce-7a5e-4b5f-837d-e12eb25ae707,bc55e358-1abd-4d07-ab64-d370325e32e5,8d17ca99-714c-4113-84ed-4b56467bf40c,2,playing,e157e846-0fcb-427e-bc98-56d6d70cb4b2
28f02730-418f-4053-9f70-fc81422f2e36,4360bfe3-32aa-4a08-97e5-b4beea28955a,f6db7ba0-5033-4ffe-b3dd-f10022121760,1,playing,043ee131-aa1e-4dc0-a0dd-cbc631bac3d2
1501960c-4cfe-4187-a7fa-a5175c4496f4,0645d656-2c84-4d83-a27c-a4d7e12879e3,a9b551bc-6617-4697-927e-a90f99ea6729,1,playing,0a40d15b-f40d-44b7-8dd6-c465413f9869
ecb54d6a-c7bf-4120-96d9-a44aa37800e7,0645d656-2c84-4d83-a27c-a4d7e12879e3,3fe63733-aefd-4bbd-b8f9-e0b196288db9,2,queued,0a40d15b-f40d-44b7-8dd6-c465413f9869
b8e4ce88-ace0-403c-87ac-a45f30cf07ec,f1d5ecca-537c-4c44-9e3a-9d781a566da6,544040da-f36a-4c78-a1c7-10a5fa16f6de,1,played,9d7f7a10-5fdb-4af2-b504-0aa34f6308c2
d1a173fd-692d-4e86-b0db-2df18c7f02fd,c755cad4-944c-4e55-8357-30bb8d73f274,c0e4573d-8d6b-41e9-bb4d-c39ffba0b613,1,played,7c9429ad-5c31-4ef9-8ebf-c330c1f5f74f
aacaf21b-644f-4a6e-a116-616f48688dd4,2691b1d3-8325-46dd-9b0d-51eb30e25b52,9fe6b09e-8065-4bf4-ac43-780d1ad96cf1,1,queued,c016850c-c303-4f46-9243-f761c058c042
c40cee55-f627-48d3-87c2-cab891d47b9a,c755cad4-944c-4e55-8357-30bb8d73f274,c94fd56d-23f0-4b27-89b1-854eb0da1b94,6,playing,28572484-64d9-40a5-9875-5e2fe03c31b4
848f7d26-261c-4541-9223-d078513828b1,c755cad4-944c-4e55-8357-30bb8d73f274,9ec74e58-cc41-4091-bd9d-1a6569e37604,7,queued,7c9429ad-5c31-4ef9-8ebf-c330c1f5f74f
2f2ce8b9-ced1-4dbe-b61d-e9162551c13e,c755cad4-944c-4e55-8357-30bb8d73f274,879d5c66-f49c-4b77-afe8-bacfbb42efb5,9,queued,201b7caa-56fb-43f8-a83d-1e1340555592
570eda58-7728-40a5-b045-13ab33c00d33,c755cad4-944c-4e55-8357-30bb8d73f274,4f3461da-6578-4d2f-84de-d2f6b2c8c05d,5,playing,344bd177-b93e-45b7-a79b-b7e238ab04d1
05dc6fc5-a86f-4d10-8fd6-ccfb1541d916,c755cad4-944c-4e55-8357-30bb8d73f274,11744d91-134c-4175-a0b5-e0946cab4a56,4,playing,28572484-64d9-40a5-9875-5e2fe03c31b4
dae9db45-ef2e-48f5-b06b-430f6e05e1bc,c755cad4-944c-4e55-8357-30bb8d73f274,904a2d2f-4dab-4dac-9ac2-33ce5ee14fec,8,queued,28572484-64d9-40a5-9875-5e2fe03c31b4
cc0bde2f-0e2f-4ef3-9a2e-ff08e120e2ed,c755cad4-944c-4e55-8357-30bb8d73f274,4f446f30-4da5-4138-9bba-97660f3bc739,3,playing,da726eac-3296-412f-a6a3-662e78decd41
b1eb733d-d7b3-4f61-9ea6-712e47ac7e8f,c755cad4-944c-4e55-8357-30bb8d73f274,7f3a55cc-70d4-4edd-a8ec-548018462757,2,playing,201b7caa-56fb-43f8-a83d-1e1340555592
c1b7c0ca-6ce8-46fc-b59c-351c397f94ce,1a70c292-a44b-478e-8907-be3361f4b9c4,aed3453d-a8ce-4fe8-b382-198762c2fc22,9,played,a68bae35-832d-4957-828a-7ca3cf81f2fc
605bfba0-1255-4f7f-bb6b-f544d1215d13,dd09ef73-dfa5-4a06-8aca-e8dab3a18192,64e011c9-958b-4c06-8acc-ecbccfc98d5d,1,playing,b8e5fa71-ff0c-46cd-b978-4ec49c604359
d6cbf7b9-b58d-4079-a91a-4001db883344,e276ef58-bbc5-4bc1-a51d-305dc883f460,c2447ea2-70fd-446d-a5cc-127c8f1f2b29,2,playing,251be88e-64b9-429f-8fd8-5e6446f812b6
db362f48-cb14-458b-9abf-315712473dac,87f59908-faba-4bb9-bcb0-a931052991fe,29fbf2cd-725a-4766-a05a-51814789c72d,1,queued,1747bdf3-cc2c-4e54-8440-266a8601c1dd
82e24335-5b3a-497a-bce7-9e1f286334fe,7d6110f3-ef9e-483d-8d76-2b0153c68034,94842a89-6369-489f-8be9-432bae857fae,1,played,8ecec7a7-d5f3-4e15-ba27-21fac5b8e0a7
cdbf6251-c418-41f9-92b2-63f6c8358b29,7d6110f3-ef9e-483d-8d76-2b0153c68034,f05e2d73-8264-4f87-a997-7bf3904cd1fd,2,playing,8ecec7a7-d5f3-4e15-ba27-21fac5b8e0a7
2759aad3-0b64-489a-af01-5ca1173bb6ec,63f68b9a-58bb-47fa-b887-e1d53ceacb61,0a537c96-780d-424a-951e-d762ca202d2f,1,playing,f4a5a511-0d20-4b94-8f24-8bd2a7d0502d
93ff5b64-1128-456c-98f3-2981bc1ac5b6,63f68b9a-58bb-47fa-b887-e1d53ceacb61,dfa5d7a3-5b22-4789-b514-4b984ec33190,2,queued,f4a5a511-0d20-4b94-8f24-8bd2a7d0502d
141e9336-0e1c-43f4-9e24-3c76666df681,63f68b9a-58bb-47fa-b887-e1d53ceacb61,57de6284-2c0d-4545-83e6-66afae1cca91,3,queued,f4a5a511-0d20-4b94-8f24-8bd2a7d0502d
3668e5e8-da37-4a88-9f83-f5fd9deb36c8,63f68b9a-58bb-47fa-b887-e1d53ceacb61,1cad5457-4c48-412f-b2a9-33348e47141c,4,queued,f4a5a511-0d20-4b94-8f24-8bd2a7d0502d
736a715c-a507-42ae-9d9c-2cb6cae7940b,dc59e38e-0ef2-417e-ac3b-6c34558b8fab,4c430902-8389-4e0b-9f8c-6f7623ed0b7b,1,played,63009ee5-4359-48c0-9532-5f4f64709d8f
5fb69cf8-6516-43b6-b952-061eccce052e,501bbabc-5674-4049-be89-b6bc09db669a,a5d1c335-f9ae-4baa-a857-ca202d130b5e,1,queued,a5f7b215-c8b1-41a8-a15f-b8d4f69605fb
a9ac099d-e8ab-49c2-b1e4-a7b352be160f,527b359f-8485-4f33-be74-b5551d3db5d8,c5f39446-e553-4d4d-9586-5247322bd41b,1,playing,0f7b8a47-b2e9-4a37-998e-a1e042fa1092
68d2e51d-8efa-4cf1-9821-b4e09fc985e2,582fd280-e6e4-44a2-bb59-9232a47e7b35,9b8d5c6f-7232-453a-ada3-2c1003e9afd1,1,played,a2ab00c5-61a0-4654-847b-738620be2aef
2cf6bb3d-4860-4aec-b3cc-1455f20d1a6e,527b359f-8485-4f33-be74-b5551d3db5d8,1ead17b2-f5c7-43f6-8f81-b26309316fa9,2,queued,0f7b8a47-b2e9-4a37-998e-a1e042fa1092
5b9d610e-5fe0-4f18-a56c-45a995369866,582fd280-e6e4-44a2-bb59-9232a47e7b35,cd7eb454-2b2f-40c6-a6fe-cae8f28e28cb,4,played,a2ab00c5-61a0-4654-847b-738620be2aef
0b7a40d1-b566-459e-b67a-d6bb408bb4ba,582fd280-e6e4-44a2-bb59-9232a47e7b35,72e69b2e-5ec1-4b5d-9734-a571620b5532,5,played,a2ab00c5-61a0-4654-847b-738620be2aef
3c0df847-7648-4921-a01d-5378eddb49bc,582fd280-e6e4-44a2-bb59-9232a47e7b35,666ecac8-1708-4076-8430-c0ecb6197dba,6,played,a2ab00c5-61a0-4654-847b-738620be2aef
fa1045d4-0d21-4f70-9c09-de0581271100,9da22d60-33b3-4a66-9743-28e7c95690c4,0910343f-0ffe-4a55-937c-29a673b6372d,1,playing,47c71fc9-411a-4de6-a5f8-702d835e2524
6b9c78b6-0cd9-4a15-af78-60630da2b531,c3be1bc5-b8b3-4088-9f1a-d1ec4cea5d5e,a00e5961-986f-4001-9881-1b94e5ab89a6,1,played,c0bf2c5c-2d3a-4781-8fa2-7589a424f24c
e747423b-e5a0-4489-b701-5bf4538d1a8c,c3be1bc5-b8b3-4088-9f1a-d1ec4cea5d5e,0e7d93c0-482d-4855-a7a9-c57ea833d566,2,played,c0bf2c5c-2d3a-4781-8fa2-7589a424f24c
aa48b24b-aee4-48a3-a835-d0071300b3e2,c3be1bc5-b8b3-4088-9f1a-d1ec4cea5d5e,4681465e-6f25-4b43-9022-8a87d5c4a8d2,3,played,c0bf2c5c-2d3a-4781-8fa2-7589a424f24c
c8100044-e5ad-40dc-8d1d-10a72879fce3,c3be1bc5-b8b3-4088-9f1a-d1ec4cea5d5e,97d5bd2a-57c8-4335-95a0-5cfdf77e3802,4,played,c0bf2c5c-2d3a-4781-8fa2-7589a424f24c
92f0270a-77eb-4ed2-89f0-48fe89d5b248,92c343ad-f133-4df6-96ba-0ad95bd4c8eb,eb58c5b4-b2fa-4545-8a57-88c4fba13a16,34,queued,cfd1f6e1-d2d8-43d9-9309-d0a4970d4670
c5a90ecd-4095-4eb1-94f1-c585eab54c8e,08bed349-d478-4778-8c3a-c3a70a681d94,9789303d-9dce-4231-a8f3-6c958d8589c5,1,played,57384ce5-1a3c-48ce-858a-766c31747d91
c9f97218-c8bd-4f00-bf5d-e9628cc28f77,08bed349-d478-4778-8c3a-c3a70a681d94,72349158-1413-4756-9e77-10ac90705d0b,2,queued,57384ce5-1a3c-48ce-858a-766c31747d91
3d27111a-8db0-4cbb-abb6-3691fd7aa33b,4c670813-c056-484d-a464-5bfc507061fd,a6803552-7a0b-45b7-8bf6-9416cb190acb,6,playing,52a1d02d-bedd-4e16-99b8-b4e0b556ea15
66613c73-e473-43a9-a364-5435f528801e,4c670813-c056-484d-a464-5bfc507061fd,007a4364-facf-4911-ad81-787c91659a93,5,playing,52a1d02d-bedd-4e16-99b8-b4e0b556ea15
d3100678-dc01-4d73-b1a8-b71727eb7f9f,4c670813-c056-484d-a464-5bfc507061fd,c9614385-30a3-4498-87a2-6ac37233bf50,4,playing,52a1d02d-bedd-4e16-99b8-b4e0b556ea15
17957300-05f5-467f-973c-1978ea002969,4c670813-c056-484d-a464-5bfc507061fd,74ac0672-adf2-4824-bf08-2403d3ccec3f,3,playing,52a1d02d-bedd-4e16-99b8-b4e0b556ea15
d5af8e0e-9a75-4c29-b58f-089264dd8fcc,4c670813-c056-484d-a464-5bfc507061fd,60d1f3fc-3524-4e39-b982-e833642650c9,2,queued,52a1d02d-bedd-4e16-99b8-b4e0b556ea15
c1db09ee-e677-498b-8adb-b28d815a4577,4c670813-c056-484d-a464-5bfc507061fd,c8637d62-3b0d-4d77-a837-b6e5f0399ff2,1,playing,52a1d02d-bedd-4e16-99b8-b4e0b556ea15
f18dc94b-aec6-4f55-9da0-66b8c8198396,1caa6e20-f51b-4197-ba82-861c785d321a,8d83035c-26ab-42a7-a688-6037922e33c5,1,played,d430c565-eea8-4ce6-866b-e9f28e374255
89f1b385-8e93-46fb-bff4-e4fcadc147e0,bbe2d301-d194-4ab9-afe1-66b6bad294b0,2ce998b4-1ab2-45c9-af73-cead0280c78e,1,played,74329c63-9e76-4212-a02c-24de99a1cbce
ee68cbb3-1fa8-49e7-b4c8-1b7e304c7fcf,bbe2d301-d194-4ab9-afe1-66b6bad294b0,be3d9b83-9936-4edd-a75c-3da5ef1138e5,2,playing,74329c63-9e76-4212-a02c-24de99a1cbce
267e8548-acaf-4258-9435-7d80aa5a92ad,bbe2d301-d194-4ab9-afe1-66b6bad294b0,528119f5-b530-4d40-acd0-2328d4ff6ee8,3,queued,74329c63-9e76-4212-a02c-24de99a1cbce
bfe40898-7285-4c51-abdb-54cb54c1344b,9cffc306-a264-4c80-9b1b-463e7df6a8c8,6f8c674c-6ae3-4aa0-a19d-91e0469f9922,1,playing,9229fa99-0466-451f-8d76-7f1a73044f6a
19345c6f-a34e-44da-a8d2-ae4329bf683a,582fd280-e6e4-44a2-bb59-9232a47e7b35,67b66997-6238-49ed-b4cd-5dc50d425c37,3,played,4ef39317-9eba-48b1-96a3-48a5caa603ce
26d69a00-d664-4849-809b-a7ec26aa6dae,582fd280-e6e4-44a2-bb59-9232a47e7b35,ede329e5-e36a-4c72-ae8c-f6f2edb79cd0,7,playing,a2ab00c5-61a0-4654-847b-738620be2aef
3872cb6d-a8f2-490e-9969-58e95ac27448,582fd280-e6e4-44a2-bb59-9232a47e7b35,13bf4970-59ab-414d-a85c-9c782c949b03,8,playing,a2ab00c5-61a0-4654-847b-738620be2aef
348c22b5-197b-4535-933f-b6d0d09af1e1,ebccf0bf-d91e-4e78-addf-add171063c26,6afbd753-ebaa-4564-a8ff-34d28e4a7018,1,played,0420da67-e65b-4905-91c7-ca4224fe7c4e
f580a44f-ab63-4924-8c33-6ff81856ee10,ebccf0bf-d91e-4e78-addf-add171063c26,48140125-782a-4ec7-9bd0-e4fbea19f917,2,played,0420da67-e65b-4905-91c7-ca4224fe7c4e
d39df066-dd97-4fe0-b8ab-35289e987d37,ebccf0bf-d91e-4e78-addf-add171063c26,6f8c674c-6ae3-4aa0-a19d-91e0469f9922,3,played,0420da67-e65b-4905-91c7-ca4224fe7c4e
e4d98e97-c69d-425b-a91a-a0519dacde5f,9b0de94c-2d99-4a25-8909-0a2f27ec75bf,d0ac9b28-b8e1-4dae-8eea-4228e8b2b2aa,1,playing,c7db54bd-1388-49b4-878e-3c9dd3fc3f0e
093cbdf7-16e8-4f63-8ef8-5545d1232bbc,582fd280-e6e4-44a2-bb59-9232a47e7b35,157fd407-4f0f-4b42-a54b-82abfe4fdc6c,2,playing,5af05fdb-88d6-4f11-bda5-a5c719a2d751
d1720873-ba4b-49d7-b3f1-eb0e8ee51a66,87f59908-faba-4bb9-bcb0-a931052991fe,f1189e70-4182-493f-839d-c4422f9831b3,2,queued,64f24a8b-973d-48b2-8e61-753b45ba9cc8
03d09373-f47a-464b-93ee-71179bc55c0d,87f59908-faba-4bb9-bcb0-a931052991fe,f3a90636-98d7-4415-8dca-3ffc84e7d094,3,queued,64f24a8b-973d-48b2-8e61-753b45ba9cc8
66f3bba5-4e5b-4325-a85c-41e5ffb09a5a,3c15cd68-22cd-47ca-b0a2-3fccbb99b6ec,157fd407-4f0f-4b42-a54b-82abfe4fdc6c,1,playing,fdaa44db-c055-4718-b4b9-586cdccf4706
609bf4de-1f09-47db-a9a9-14c4688c7b30,ca26e1c7-82d9-4dc3-95de-1bd1722aea49,7a52bd32-f55a-4616-8cd2-719f12a3ede2,1,played,f7369024-9338-4afc-8d4c-e0b53031b816
ccebb5df-0efb-4d88-a753-97cb424df2ef,ca26e1c7-82d9-4dc3-95de-1bd1722aea49,50147cc3-5448-43ed-b53c-b4d4d93d4ad7,5,played,f7369024-9338-4afc-8d4c-e0b53031b816
6f3df7da-d9c1-45a6-a88b-b9fcc1b7ce89,87f59908-faba-4bb9-bcb0-a931052991fe,2df900c7-30a8-4a4e-a3b6-46fc14da4a38,4,queued,64f24a8b-973d-48b2-8e61-753b45ba9cc8
6980097c-ad1e-4bfc-ae10-8f6c51a12ee4,ca26e1c7-82d9-4dc3-95de-1bd1722aea49,e8c9fce3-905b-4821-9076-17588bb1cbd3,3,played,f7369024-9338-4afc-8d4c-e0b53031b816
bdecc51e-9113-491d-a19c-e88c14b972e0,ca26e1c7-82d9-4dc3-95de-1bd1722aea49,2af5cb97-3c07-40d9-a3cd-a426cae89758,7,played,f7369024-9338-4afc-8d4c-e0b53031b816
dab44d86-f194-4d11-902c-f4475ff3aa76,87f59908-faba-4bb9-bcb0-a931052991fe,cd2187ba-61e5-4ba0-8b29-c76f4cd8002e,5,queued,64f24a8b-973d-48b2-8e61-753b45ba9cc8
bb8dfc25-668c-49ff-b04c-ce21d284a219,3c15cd68-22cd-47ca-b0a2-3fccbb99b6ec,cd49e20f-758a-43d1-9a3b-1cec3e754c5a,2,queued,a2ab00c5-61a0-4654-847b-738620be2aef
cea8a0a3-4666-4441-aa85-44f02d4e4aa5,2c849961-3657-48ae-8347-1da8baca5ae7,2fb67b14-7cb9-4aed-a4bc-8bf6f51072b2,1,playing,10243af5-ce06-46c5-aabc-68d96c177062
570f0d5d-b938-4995-997c-ac69d937b1e4,ca26e1c7-82d9-4dc3-95de-1bd1722aea49,4dba7cf0-c028-4731-b1d7-d176cd70a9da,9,played,f7369024-9338-4afc-8d4c-e0b53031b816
9e78a0fd-da7b-42ff-a229-f80e12e083f1,ca26e1c7-82d9-4dc3-95de-1bd1722aea49,d3938d34-a9a7-4b43-943e-29b585402a9c,11,played,f7369024-9338-4afc-8d4c-e0b53031b816
3405d618-311e-45b2-8a21-61479878d51e,ca26e1c7-82d9-4dc3-95de-1bd1722aea49,c36a8751-35c9-4ed6-a40c-ece205e1022e,13,playing,f7369024-9338-4afc-8d4c-e0b53031b816
e41e31be-c02c-4e71-8b5a-6cee595695e8,38aeb1db-bd37-4394-8925-e8c13bcacdb0,9c4e9ade-f79f-4e52-8f1d-356dae5efc5a,1,queued,7a1fb7d9-1631-4d11-acaa-e4c6d4ae69ff
3c56445b-2bd2-45ba-9e3e-0f15bb4b1c03,b3fae603-a4b3-40f6-9c5f-965a4a8180d2,b24c4739-e720-4409-9485-6a93d009fc10,1,played,271d7c0a-4650-46c2-b565-0425fdce4749
b6ab8108-d490-4666-a466-95b4a9463a3a,b3fae603-a4b3-40f6-9c5f-965a4a8180d2,008c89c2-1b40-45e2-bf4a-9512e81cd7da,2,playing,271d7c0a-4650-46c2-b565-0425fdce4749
c4b0df92-0e0c-4e05-9011-4a4811b44b92,8d9f7429-e697-4da5-bc86-5df2d70a54ad,535a5570-03ed-4243-8f2c-18efca190ea2,1,playing,709d7065-50e0-481d-b786-203b8506a0e8
6e5dbff9-b28d-4fdb-8f80-590c87181e15,538369f4-d552-43cc-bbd4-7d8d993fed01,8a9aeae8-09ae-43f5-b21c-7488bb361682,1,playing,709d7065-50e0-481d-b786-203b8506a0e8
7e37b595-f154-43f1-a702-2168f6ed4c35,5a63d624-3de2-4d9d-9118-6bb3c2a54129,b884c1ef-fb6e-4a7c-8676-86103ddf3f80,1,playing,e7a97470-cb17-44b3-92cb-bd39435d392a
b758a995-90eb-4376-b64e-fedc51827270,7f54fc7a-005b-438d-99ef-39d33cade6dc,30786a6c-4420-4632-ad86-f35fc74e3d04,1,played,9ccbdd7a-e53e-411b-867e-3c6805015cfe
ec541efb-dba9-4274-99a2-f2811eb3fd03,5a63d624-3de2-4d9d-9118-6bb3c2a54129,f73c0d76-9e80-4385-b244-78523c29133e,2,queued,e7a97470-cb17-44b3-92cb-bd39435d392a
5c0a26ef-6400-40e1-aff6-e24b18b71cc0,5a63d624-3de2-4d9d-9118-6bb3c2a54129,cb00524e-ee32-4f41-a0a5-96b02c09a790,3,queued,e7a97470-cb17-44b3-92cb-bd39435d392a
d264fda4-a6f2-4830-8ea6-d6494b3226b6,5a63d624-3de2-4d9d-9118-6bb3c2a54129,cbe594cd-81b3-4d17-bb39-d657695c01a7,4,queued,e7a97470-cb17-44b3-92cb-bd39435d392a
eda4c428-f4c1-4d23-8267-b2e7b0df36c7,5a63d624-3de2-4d9d-9118-6bb3c2a54129,9dd909f1-40aa-498c-9dac-f3256254d891,5,queued,e7a97470-cb17-44b3-92cb-bd39435d392a
eaad9636-b798-4cde-aa54-70be6be34a30,5a63d624-3de2-4d9d-9118-6bb3c2a54129,01d6e850-063b-4ecc-ad27-d3ca087c01d6,6,queued,e7a97470-cb17-44b3-92cb-bd39435d392a
48db7705-2ace-4bc4-afb5-e02e8870f36a,7f54fc7a-005b-438d-99ef-39d33cade6dc,d6d4bbc5-e8ac-4f39-a079-a5847e811697,2,playing,9ccbdd7a-e53e-411b-867e-3c6805015cfe
ed009932-0f58-49d8-8ada-564a4bcd279d,06695098-5fcf-431b-93cd-6893d47fdb67,351263ca-ac1f-4c4f-88cc-b37bbeb9b026,1,played,000041a8-c69b-45d3-ad3e-837dab058074
fe7e6d76-cb04-47db-bbd9-3233ddec1871,06695098-5fcf-431b-93cd-6893d47fdb67,bf7e7f7d-b003-4a3f-a350-9c5a4f2aa1a0,2,played,000041a8-c69b-45d3-ad3e-837dab058074
d7316fd1-e1a8-4106-9a4c-bc5db14fab1a,f13aa68a-a783-45d8-bcba-b3c20bc9a92a,01c15b3e-3c20-442b-91f0-3fbdc5f9cc61,2,playing,27fbcbec-0a8f-452c-a168-8494240d2b69
14c55e0c-97c0-4c3c-978f-c6dd638c8872,f13aa68a-a783-45d8-bcba-b3c20bc9a92a,0ec6f206-408d-4fac-a9e1-531eddf3fbc0,1,playing,27fbcbec-0a8f-452c-a168-8494240d2b69
573e2de1-1aa7-42dc-8e77-8fca7e840b2c,ac945792-9e61-42f8-ad1c-acf9404fd360,f2043330-92cb-47a5-9a7b-2b99e6542d12,1,played,b62552b2-f792-43d8-b79f-80ec56e92c6e
b44f9041-e2c5-4c07-877b-f97a4f9a1551,967a055d-8238-4c74-880e-69b029e4604c,0208c1fb-3080-453f-957b-6d331ba0da41,1,queued,8c8f9571-f69a-48bb-a6fc-0426ef59aaf8
3061ee75-ce86-477e-8478-7d85243440eb,967a055d-8238-4c74-880e-69b029e4604c,07b020cd-676c-4339-8bf8-08a3836c168d,2,queued,8c8f9571-f69a-48bb-a6fc-0426ef59aaf8
af68a0f9-f82a-4100-a239-1a1ac1b8a3f7,ac945792-9e61-42f8-ad1c-acf9404fd360,b14782cf-1b3c-4d80-9a9e-e583cb89087c,2,playing,b62552b2-f792-43d8-b79f-80ec56e92c6e
6a59d9d7-b507-43eb-a4bc-70014a77e7df,78a26924-151c-47cd-a7c3-c2d0d2dce813,966e3c79-c88b-4c26-b58e-52f23ccf632b,1,queued,0788e6fb-06d6-4a98-a7fc-5a75aa314930
3fa81dc0-a01b-449a-ba7c-50056e1cede5,2bf4174a-d591-470f-a4bb-567c2a45e9bf,8b30243c-ef32-4324-b556-7e91eec0c3c7,1,queued,cca7b9ab-f231-4efe-8ac4-07329b5f8631
b0daeb73-6b80-41f0-88a6-2833886bbab3,4ad5b321-1895-4ad2-89c9-2a937cc72a9c,aa5f002d-0cd3-4655-9c11-fc28251f548d,1,played,8b90f0b5-14a5-4026-a1e7-e3af53420704
134cbb90-ca1a-4150-8820-8f6069948fde,4ad5b321-1895-4ad2-89c9-2a937cc72a9c,66afe260-00c7-4190-85dd-0422539bc815,2,playing,8b90f0b5-14a5-4026-a1e7-e3af53420704
8cd0a386-2410-4955-8fe3-9149814becb8,7b17feef-5d25-46cb-b707-2592f6c0acae,199cc93f-efc1-41cd-82a5-1603aec6e477,1,played,16591cf5-5731-42a2-9297-c9456741d9a9
27f9d200-c6ba-4392-9fa6-5969151d100a,7b17feef-5d25-46cb-b707-2592f6c0acae,fad374d5-9e13-44f1-a99c-c4e0e9cbecf5,2,playing,16591cf5-5731-42a2-9297-c9456741d9a9
73516057-eb6e-4a41-93ff-4edd04ab4e11,a0589c20-f755-4a38-9373-9863f5f06f09,33022005-cfe0-4342-b3c6-0da150868fd9,1,playing,ebcaa878-fcf4-4434-9a14-dc34faafbb47
5f62699b-2359-4be0-b752-95e60bc8340f,c14ddfb2-1d7a-4177-b75c-bad2fcc20caa,678841a6-22ed-42eb-a07f-34b4b4799a83,1,playing,629bf247-5377-498a-a1a4-7e520dc3a5fb
f461347f-2238-404f-af9f-b5995ba0bb06,4ddd4aaf-c745-4a32-a527-84adcd2aca0c,df67c9bc-cc3e-4961-b538-957bc5fae188,1,played,7c9679b5-de5c-489e-a142-ff910dff6256
6ef27d30-1f20-4636-9900-129a6f46ddb5,4ddd4aaf-c745-4a32-a527-84adcd2aca0c,a9f1b8c3-3e63-4543-b887-e09086734fd6,2,playing,7c9679b5-de5c-489e-a142-ff910dff6256
a445e55d-2b4f-4655-9157-a262d2fd64fc,58aeebcf-ccde-49ed-b4c0-12d850ff2834,8d384748-3d15-4290-8f68-9492432836c9,1,playing,e3c836e2-8d54-48d7-88ad-bc0e94e4bdeb
654317b0-b5ee-4952-973e-2acc9b9f9578,58aeebcf-ccde-49ed-b4c0-12d850ff2834,a4139bac-6704-492a-810b-acd670bd4061,2,queued,e3c836e2-8d54-48d7-88ad-bc0e94e4bdeb
09bd43bb-c0b0-4f3f-b271-2a0e474c1ee8,f79c7104-6ac6-414b-8caa-ae6b11f9e8b3,a4139bac-6704-492a-810b-acd670bd4061,1,played,e3c836e2-8d54-48d7-88ad-bc0e94e4bdeb
2fb724b7-6ea3-4e20-aa1a-fa45364646f6,f79c7104-6ac6-414b-8caa-ae6b11f9e8b3,f02af705-9a89-4526-ab20-1437f4ec4f4c,2,played,e3c836e2-8d54-48d7-88ad-bc0e94e4bdeb
ce1fc056-df92-4ce7-9ab4-c1319f86a434,f79c7104-6ac6-414b-8caa-ae6b11f9e8b3,ad04e210-439b-4236-b462-33218636ba33,3,played,e3c836e2-8d54-48d7-88ad-bc0e94e4bdeb
30dc636d-4f6a-4b99-a7db-1d3077a1bbbf,f79c7104-6ac6-414b-8caa-ae6b11f9e8b3,0698eb17-aea7-4f63-b8b4-c7238d2b1b4e,4,playing,e3c836e2-8d54-48d7-88ad-bc0e94e4bdeb
c013bb3e-2f4b-4240-955f-571f2b8e346a,f79c7104-6ac6-414b-8caa-ae6b11f9e8b3,ade7b5fd-c8de-40f2-ab26-5482e8da3531,5,queued,e3c836e2-8d54-48d7-88ad-bc0e94e4bdeb
c0578545-8f41-4c7a-b0c3-949258fff7f5,16b87c61-ac9a-4fda-adb1-847f6f7b9006,8306bac7-495c-49dc-a691-97c32d514ee1,3,played,f04c0a80-935b-4e8c-b668-0a02176e9626
bfd4458b-81d5-4441-bc1e-766dfc290b42,d235f287-d0de-442f-b581-56c22822cafb,9e06bdf4-2361-45ef-b5f9-407cdffdc5bc,1,playing,4ea353e1-fa11-42f9-a2fc-8422ebe8e3bd
78c5a2cd-1eda-4f92-a321-2b30a41b6eab,c6ed0891-35c3-4b66-934b-be6eb6cf95ef,f02af705-9a89-4526-ab20-1437f4ec4f4c,2,played,9ae3fcb7-27e7-443e-9407-a09c1e985958
c904b9a7-cd82-45f6-800d-885edd16ddd6,c6ed0891-35c3-4b66-934b-be6eb6cf95ef,15fa24c4-66f0-484f-81d2-295777cd92bd,3,played,9ae3fcb7-27e7-443e-9407-a09c1e985958
50a595e3-4578-4320-b850-f4f7b47827b2,16b87c61-ac9a-4fda-adb1-847f6f7b9006,7bc726dc-1544-4e0e-aca8-43b3e0c31cb0,5,played,f04c0a80-935b-4e8c-b668-0a02176e9626
bbd623ab-1d30-4c3a-bb01-878e76e7242d,c6ed0891-35c3-4b66-934b-be6eb6cf95ef,da314beb-809c-4df4-aeaf-f77997f6c33b,1,played,9ae3fcb7-27e7-443e-9407-a09c1e985958
962a45bd-c629-4f27-8217-ab826755753d,de001407-a25e-4dfd-8896-14bbd34c7ddf,e0a8b51e-6987-41e0-a4bb-ffd7791a3472,1,playing,2454c4e4-dbb0-41e8-827e-5ac96047cc3e
d517614c-b03b-4954-86bc-348e2e173978,f58a5030-01c4-4885-9fbc-a7b70a7f8822,ed7dcfee-336b-481a-908a-a2bc3543c58f,1,playing,5b11778a-68b6-4bbe-834a-ba58a43207aa
195598b6-b6d2-4ce8-add8-ec161e87a5c1,266408c7-82e4-473d-99e7-d031da594ef9,2ad4519a-13c3-4e28-829d-5f5717fc829d,1,played,020bbd21-86cf-445a-8be0-9eadf2541ee3
cff4e8e1-22be-4b6b-8aa0-51faa416433f,266408c7-82e4-473d-99e7-d031da594ef9,e1a0f76c-2fe6-4d1a-8871-1b2301fb9e02,2,playing,020bbd21-86cf-445a-8be0-9eadf2541ee3
c56eba3f-0217-4303-a183-fa0d4704af82,81d18356-5e6b-4a0b-88b0-9d0fdfc7c2f4,c9762ecb-ca6a-424e-b729-583727cbac5d,1,playing,5a631698-74c5-44e5-ad17-973cb8fbaa69
2a80c263-2f7a-4c0f-a4b9-baaf90730b53,6add55f8-d357-4b11-a00e-7731c53ef1de,05eae733-cc55-4b52-8d24-346607bc622f,1,playing,7c06108d-8abb-4e30-9516-bba43fab2211
4fd6a125-dcf7-4cb7-8570-55c6923e1158,6add55f8-d357-4b11-a00e-7731c53ef1de,f065cf24-9b90-49f4-8b43-ef4672e4d5de,3,queued,7c06108d-8abb-4e30-9516-bba43fab2211
3c9bc7a0-4ef0-4dec-8df5-329cfb8663ee,299e15c6-ee38-4cf6-bfff-a83c040da39f,93688214-6073-487a-bcc9-187e4aefefbb,1,queued,cd505749-4b4e-42cc-9509-fbc08dd782ee
1917c69c-c895-4e9d-b139-45d9e4067438,6add55f8-d357-4b11-a00e-7731c53ef1de,e401ff1f-f30b-49bb-acec-e53ae18d78e9,4,queued,7c06108d-8abb-4e30-9516-bba43fab2211
314e29c1-104c-48ac-b308-11af0a0c52a1,1db36b3b-97c5-49bf-b646-169c06c0786c,163474ce-b712-42a1-b03e-0b298fea8491,1,played,88596d23-5ad3-4737-8811-8749a0f5d44c
6139ccd7-b443-4be9-9028-39af43cda338,ca26e1c7-82d9-4dc3-95de-1bd1722aea49,297af645-bd0c-4b55-8288-b5f7eb536027,15,played,f7369024-9338-4afc-8d4c-e0b53031b816
19a64510-0e6e-4a1e-b3cd-b9e5096d0c48,ca26e1c7-82d9-4dc3-95de-1bd1722aea49,bd303cd3-e043-40ed-91cc-107d51c69e75,16,played,f7369024-9338-4afc-8d4c-e0b53031b816
3185b8da-6586-4cc8-9791-2073187286b8,428a5ce0-6f6a-4c92-b65d-c023e3036d32,dfdddbcb-7959-45e7-b4f0-31cf1ed510d0,1,playing,a378764d-fd84-41b5-9d70-9a45ddcb25e2
c3c14fe2-fef6-45ef-a9ac-920eec8a684c,14cd1007-e7f1-4255-a951-c2aa122ce186,3d4edd9f-77a1-40ee-be24-cac4eec5b2bb,1,queued,20b1a99f-17f6-4cb8-9225-426057b1d832
76f94d6a-56ac-4563-9801-508d3ab69252,428a5ce0-6f6a-4c92-b65d-c023e3036d32,f3d970ec-1c24-4937-81bf-535198781082,2,queued,a378764d-fd84-41b5-9d70-9a45ddcb25e2
b41c31fb-61ee-4f1b-b2aa-03aab81090a3,eb8dd1ce-8651-4169-821a-c5a658fcdd0c,64965dc1-0c56-4e64-bb0e-2a246466764b,1,playing,5c7c27d3-aa28-40aa-8804-f3aef3d436e9
1f602138-c6e6-4029-8fba-5de021d6d1dc,ca26e1c7-82d9-4dc3-95de-1bd1722aea49,b7dcf14c-3d7e-4a0d-ad75-454e09127459,17,played,f7369024-9338-4afc-8d4c-e0b53031b816
5d102081-b859-46bb-bdd4-b6820b837ca2,2ab8baf0-58c5-4914-b573-01b789fb2c41,fa18e922-9cdc-48a0-afae-3b9288dd3508,1,queued,0d8fb568-8dd3-4bc1-af63-e4021e9d1c55
6f8b9c8f-1b37-45ee-80c5-0491696e5ed0,2ab8baf0-58c5-4914-b573-01b789fb2c41,ec06a0e1-a911-4837-8e54-9aa44df74818,2,queued,0d8fb568-8dd3-4bc1-af63-e4021e9d1c55
70e59102-168c-4a7b-b8ba-ad8cf3a4ab8d,31a237bb-d12d-4406-93d5-4cec05116786,fa18e922-9cdc-48a0-afae-3b9288dd3508,1,queued,d23cd47a-de2f-4fdb-98d6-996593e30d84
bd61c658-20b5-4218-af42-2ee01a87205f,83956166-2282-4806-b7d3-dbd30190390f,4c3b0b3b-ddd6-4fe5-a81b-943b22dc1f75,1,played,17321db0-592b-4c73-9432-c41c21a404a6
f69d2aed-c0e4-432e-84f7-f4fa1e7940be,83956166-2282-4806-b7d3-dbd30190390f,2e891c9a-b8cb-4fc9-841b-1ac3736cf269,2,playing,17321db0-592b-4c73-9432-c41c21a404a6
2af55cf1-5e9c-43b0-a33c-12671389587c,83956166-2282-4806-b7d3-dbd30190390f,393ea6ef-5297-406a-b41c-c951dd2a0f5d,3,queued,17321db0-592b-4c73-9432-c41c21a404a6
52871028-ec8d-46b7-a8af-52b917af172a,83956166-2282-4806-b7d3-dbd30190390f,686055cd-25e7-4fef-9cde-ce2f5e60243b,4,queued,17321db0-592b-4c73-9432-c41c21a404a6
cff0b247-3633-4b01-9841-061d77981453,6add55f8-d357-4b11-a00e-7731c53ef1de,eefe0a7a-4937-4d84-970a-12a9d18f0884,2,queued,c4fdc1e0-8695-42e0-8e25-0b8a2b40ef18
f6af057f-fbf6-4126-99bc-4b2699e25820,1d943369-2a12-4879-910f-58a2756ef110,8c032817-5b82-49c2-8005-57439a2b5be0,1,playing,0fc2feed-7c1a-4e71-8fb5-2caca2b24097
7b4fff86-0421-4fe4-a8c0-dada77f783ad,1d943369-2a12-4879-910f-58a2756ef110,d32cda9b-6bef-4eaa-9f62-fa2782a2664f,2,queued,8ec5eba8-2c79-4796-a505-8d49188467c0
bb15e6ae-f82e-477a-97b2-6149d9282d83,0f8cb0ce-c480-4e6f-be8c-831a2ae5143b,50d735a4-7c03-4050-bb21-8c3a116cf534,1,playing,0c7dd769-b0f1-4053-aab1-66be137911f9
79f3c2aa-47bc-411e-9d23-9ac56275460f,58274708-b6d8-4866-aab8-bffbd590b90c,e24435c7-3f2b-4548-bc94-73449b2b36bc,1,playing,2ab4a5cd-35cb-4d67-b9b6-87338f462130
a8c5633c-2ac5-4ec4-af36-ac46770e53e8,58274708-b6d8-4866-aab8-bffbd590b90c,deccf43e-3190-4c4c-9638-233777590164,2,queued,2ab4a5cd-35cb-4d67-b9b6-87338f462130
b6219767-33bb-4345-8d07-0c9afc233c6f,58274708-b6d8-4866-aab8-bffbd590b90c,f3fc8d2e-a443-4378-a187-1e71bca9c3ae,3,queued,2ab4a5cd-35cb-4d67-b9b6-87338f462130
c9c5e7de-149e-4112-90bc-b8b83bd99658,58274708-b6d8-4866-aab8-bffbd590b90c,7d95421c-c59e-4d9a-907b-daced25203df,4,queued,2ab4a5cd-35cb-4d67-b9b6-87338f462130
cf2231e0-ca7e-4cd1-9147-25d736e9ebc5,58274708-b6d8-4866-aab8-bffbd590b90c,4cbc8e46-18ff-4a8c-9721-a99e1051f8bc,5,queued,2ab4a5cd-35cb-4d67-b9b6-87338f462130
7ff8fc53-4c15-4271-8b1e-bb73db822395,58274708-b6d8-4866-aab8-bffbd590b90c,d0825026-7967-4864-8712-87ac0b4724ae,6,queued,2ab4a5cd-35cb-4d67-b9b6-87338f462130
6ddcf471-2b65-4d3d-a31e-103cf41c566c,bc85017f-2087-4acb-9b5e-94ca91bded71,97e6541c-5f75-452f-b42d-b4da42ef65bb,1,queued,5cc8853f-80ee-4475-bb99-bf0db7f55475
850da1d9-dcbb-41ab-9c55-0892c344908d,58274708-b6d8-4866-aab8-bffbd590b90c,c7a53a72-0220-459d-91e3-071da1b509f9,7,queued,2ab4a5cd-35cb-4d67-b9b6-87338f462130
f07e3c4b-71b7-4736-bb4d-50ccb324fff4,2bea52c0-bd7a-44b4-b6bd-437f137c0b4f,41bf031a-0f88-4783-9984-787e9f374b70,1,playing,0a2b95ae-0f44-499c-911f-027f1b9eb0d5
27a1ee6d-c445-44c9-bc3d-2559e1aa7558,3ee6c5e6-2908-4905-b837-b2b9525dbfeb,909ef257-f5ca-4c4e-adb6-402fbcc8929a,1,queued,0e2f1ee8-dfc8-428c-a0f1-ee5405b0e8a5
e11433e5-0fe6-447b-b112-dbb198b44fe6,2aacedf7-1cf0-4070-a20d-9132947483c0,acb4ba07-9d8d-4765-b912-c69390ea4fc7,1,played,b53af829-b3d3-4596-b578-f28709cb42c2
49df6236-445b-4b41-8e68-b80d289e55f3,2aacedf7-1cf0-4070-a20d-9132947483c0,23d88234-5a6f-4a46-b73f-237c79f2d3d6,3,playing,b53af829-b3d3-4596-b578-f28709cb42c2
f6ebc881-1921-4bb1-8f3c-df8f8288328f,2aacedf7-1cf0-4070-a20d-9132947483c0,74596a29-dd5a-470b-a029-940b61109fa1,4,queued,b53af829-b3d3-4596-b578-f28709cb42c2
3284a29a-f322-474e-8259-593d107143f9,2aacedf7-1cf0-4070-a20d-9132947483c0,da8f2bd2-cec3-46fc-8693-d89cf77d093b,2,played,665adc59-fc52-4d87-9398-b13842dbe4fc
839ad64a-aae1-423e-8717-78af2ee2d381,2aacedf7-1cf0-4070-a20d-9132947483c0,4d3432a6-7e07-40cf-96dd-a93b8fe3527e,5,queued,b53af829-b3d3-4596-b578-f28709cb42c2
06360906-86c7-474c-bd21-d584cdb6ce94,99fa4668-be7b-4e8c-b47f-2ba41b6307e8,9cf6daa8-8cb2-4720-a898-a55b2aaccae2,1,playing,216d77c5-28a1-48c6-a2e0-5692816ac4dc
cf93bdad-b2cf-429a-b500-42b28fe1ba9e,99fa4668-be7b-4e8c-b47f-2ba41b6307e8,b1438a70-ccc2-4f68-9d8a-31ab07a9ecd4,2,played,68ac35fd-9ee7-4e2d-a142-dddbdfefd09b
7a63a9b0-9415-4bb4-bbe3-a315a279fec2,94c0f9fa-a7b7-4ee9-82df-2ea6daabf59a,d84ad359-caf3-402c-9421-164d31c3259e,2,queued,9d00bc48-3561-4025-82dc-a34ae99d906e
8c62f25a-d3ed-4d89-a6b3-a9a9a1aec7e1,94c0f9fa-a7b7-4ee9-82df-2ea6daabf59a,29382be0-7552-4616-b0fa-52e6b07e7562,1,queued,9d00bc48-3561-4025-82dc-a34ae99d906e
15520f6e-b321-488d-97e4-cc99e891e52d,5fc333e0-878d-4c09-bb90-d4d75cb92443,31b10ab1-be4b-40eb-84ab-c032e62f2b4c,1,playing,654cf4e1-ca98-4750-a0c6-fdd641eced86
b2e1ef19-bde1-49ca-bfe8-5ea35241137b,675c3804-9902-4ac7-b22f-041636753587,7e6a2ef1-6c85-4bfc-b3ef-040cbf236803,1,queued,665adc59-fc52-4d87-9398-b13842dbe4fc
748c616b-b470-48ba-91a9-c0f7be08d6d0,675c3804-9902-4ac7-b22f-041636753587,4d3432a6-7e07-40cf-96dd-a93b8fe3527e,3,queued,b53af829-b3d3-4596-b578-f28709cb42c2
5c356929-773f-4b31-ae12-81dc3c441f88,675c3804-9902-4ac7-b22f-041636753587,7eb4f9d5-a6be-4ce1-8779-c78ff8fa752d,2,queued,725e7af6-553b-49be-baa8-a3c1b64377cd
34378179-fecb-4d2d-b822-0ec3e1832126,586657a9-12b1-481d-8d0a-607360d24fd0,7980c2de-1db7-493c-b0b4-706c96e29906,1,played,665adc59-fc52-4d87-9398-b13842dbe4fc
7d15795c-d5f7-46ee-82cd-4350704da932,586657a9-12b1-481d-8d0a-607360d24fd0,7eb4f9d5-a6be-4ce1-8779-c78ff8fa752d,13,played,725e7af6-553b-49be-baa8-a3c1b64377cd
d0b1a9db-fb02-4445-9344-c9f5e41249e8,586657a9-12b1-481d-8d0a-607360d24fd0,4d3432a6-7e07-40cf-96dd-a93b8fe3527e,2,played,b53af829-b3d3-4596-b578-f28709cb42c2
8bf969c5-8d9e-4ad7-bb39-b351e7c5ba31,586657a9-12b1-481d-8d0a-607360d24fd0,f4a4e5f6-5d9f-4506-be73-7ba7d70e2841,3,played,665adc59-fc52-4d87-9398-b13842dbe4fc
d2782b09-83a0-4beb-8461-5e2952b949f2,586657a9-12b1-481d-8d0a-607360d24fd0,0d83a728-4fdf-441a-bdbf-cd29e879e0c1,18,played,665adc59-fc52-4d87-9398-b13842dbe4fc
ee50ed42-6c5c-4675-be37-e48766969cb2,586657a9-12b1-481d-8d0a-607360d24fd0,014492ed-8065-4416-8b86-401963e67a0f,16,played,665adc59-fc52-4d87-9398-b13842dbe4fc
92aff648-e799-4f60-beee-51a03d3533db,586657a9-12b1-481d-8d0a-607360d24fd0,27567c8e-d638-4664-8c9e-1d21318f073b,20,played,665adc59-fc52-4d87-9398-b13842dbe4fc
230e0355-5624-4492-b4fe-9e0b210aa512,586657a9-12b1-481d-8d0a-607360d24fd0,7367aaff-e1df-4774-aab3-6bdeb9d14cf0,28,queued,665adc59-fc52-4d87-9398-b13842dbe4fc
b5af597f-857a-4514-b691-1eb2f7f5cffe,5fc333e0-878d-4c09-bb90-d4d75cb92443,78ced41a-bfab-4f28-aec9-ef42a53d450b,2,queued,216d77c5-28a1-48c6-a2e0-5692816ac4dc
2dae2227-00fe-4113-b974-1a1b0ef0c7d9,586657a9-12b1-481d-8d0a-607360d24fd0,a5726cd5-9549-4b29-87f9-c161089a34e3,4,played,b53af829-b3d3-4596-b578-f28709cb42c2
aed9572d-3166-416b-94d2-abc59dce1e69,586657a9-12b1-481d-8d0a-607360d24fd0,d4ba2015-701c-4418-94c8-2aed01a42a66,5,played,665adc59-fc52-4d87-9398-b13842dbe4fc
b95f1917-f721-417f-ba68-04318783045c,586657a9-12b1-481d-8d0a-607360d24fd0,16037506-b524-4bfb-8b68-47f134bd2804,6,played,b53af829-b3d3-4596-b578-f28709cb42c2
1ddcd322-b712-4de8-83ba-46957920a4bc,586657a9-12b1-481d-8d0a-607360d24fd0,a47558a7-c55a-4977-a6eb-3bb3991b38bf,7,played,665adc59-fc52-4d87-9398-b13842dbe4fc
c70113e6-d66b-4528-9dbc-458b635e8de5,586657a9-12b1-481d-8d0a-607360d24fd0,f42e56c3-cd77-40b2-98d6-ab1c2eead6ed,24,queued,665adc59-fc52-4d87-9398-b13842dbe4fc
4847c2bb-fd1d-499e-95b8-97c2952320a6,586657a9-12b1-481d-8d0a-607360d24fd0,4b98904b-32f3-4554-b0d7-d09b056ac14b,22,queued,665adc59-fc52-4d87-9398-b13842dbe4fc
94b933cd-5f37-4471-83a0-f0d74fee7a2c,586657a9-12b1-481d-8d0a-607360d24fd0,3bc7a719-d1aa-4371-b2dc-e12cf0451990,8,played,b53af829-b3d3-4596-b578-f28709cb42c2
9c4cdef8-d172-430f-bee1-285022454a85,586657a9-12b1-481d-8d0a-607360d24fd0,42bf7a97-806e-48fd-8046-9fd2ecb31ce8,9,played,665adc59-fc52-4d87-9398-b13842dbe4fc
405cc509-0614-4edb-8b9f-10d6932b7914,586657a9-12b1-481d-8d0a-607360d24fd0,5c110ad1-3990-4a32-a2ef-794b3ae6b038,10,played,b53af829-b3d3-4596-b578-f28709cb42c2
555abb9e-5ed0-4a76-ae2f-94578781d54b,586657a9-12b1-481d-8d0a-607360d24fd0,f89bc9ea-5a11-4ef0-9abd-bc1c9e5f2c2c,15,played,b53af829-b3d3-4596-b578-f28709cb42c2
00dc8588-1c77-4cab-9b63-ae3deb875e3e,586657a9-12b1-481d-8d0a-607360d24fd0,99f47abc-85ea-4765-aaaa-9279262598b9,19,played,b53af829-b3d3-4596-b578-f28709cb42c2
5b005a63-979a-4ba1-adb0-ca827f4e78c2,586657a9-12b1-481d-8d0a-607360d24fd0,f45613b8-d189-4ce9-8520-6818808d6bca,17,played,b53af829-b3d3-4596-b578-f28709cb42c2
65af0339-1846-4dd1-9b53-47992114d780,586657a9-12b1-481d-8d0a-607360d24fd0,5ce3da3d-43a1-4b2b-aed9-25c678bbdaa3,21,queued,b53af829-b3d3-4596-b578-f28709cb42c2
b91b0dd6-d4a2-419f-9b08-f3d16f8b1f47,586657a9-12b1-481d-8d0a-607360d24fd0,ba5abc4f-b60c-4b07-a597-870a941b59eb,23,queued,b53af829-b3d3-4596-b578-f28709cb42c2
387a8bbb-4531-4ba4-94ed-a972fbb4a9f1,586657a9-12b1-481d-8d0a-607360d24fd0,ec50a6b4-0cab-4dd8-ba99-479399484503,25,queued,b53af829-b3d3-4596-b578-f28709cb42c2
e4b65d3f-31da-4803-a34c-adaf0b78c093,586657a9-12b1-481d-8d0a-607360d24fd0,139c98c8-8b20-4fdf-9872-01fa2f8bb744,11,played,665adc59-fc52-4d87-9398-b13842dbe4fc
d2b444ee-d033-4ebe-9b4f-53f6e16c9adf,478f27b4-8ad9-4aaa-8cac-f35a4e12a1a3,8c032817-5b82-49c2-8005-57439a2b5be0,1,queued,8383e1f8-d87d-4c97-adcd-232eaa68aec3
909625fd-fe98-41ed-aa60-bce212a4a916,478f27b4-8ad9-4aaa-8cac-f35a4e12a1a3,002bd242-faf9-49f3-8b28-e2a2a83fa823,2,queued,8383e1f8-d87d-4c97-adcd-232eaa68aec3
04c5e6b6-a598-4a48-94df-d2d1dbcc3087,478f27b4-8ad9-4aaa-8cac-f35a4e12a1a3,d3a089aa-7a78-45c0-9221-ccd421f202a3,3,queued,8383e1f8-d87d-4c97-adcd-232eaa68aec3
10d8a236-f699-49f2-9e93-ce909bcde068,586657a9-12b1-481d-8d0a-607360d24fd0,b355d8d1-4d7c-4004-b2d6-8c0409b1d774,14,queued,665adc59-fc52-4d87-9398-b13842dbe4fc
e39686a5-b839-46ee-bfc5-2421efe72852,d46d5607-52bb-44e6-8e63-7df40eab0e65,0803b3b9-dc10-4b81-8687-73ebfc011f03,1,queued,99829928-cc98-4d25-9e5f-7bc80832a3a8
f1b07b9c-b1a8-460e-82d5-35d7494e41fc,5c4d7606-2a66-4504-84dd-c8f6988fa31c,9ef8e8fe-6342-4749-a1eb-ca7075f03547,1,playing,3cfef4b8-1fdf-4e4d-8dcf-3ca101952465
41407bd3-630e-45ca-a49e-a511343c92f4,5c4d7606-2a66-4504-84dd-c8f6988fa31c,55cba2f5-d25f-4d2c-8e1b-570fa7b21765,2,queued,3cfef4b8-1fdf-4e4d-8dcf-3ca101952465
7ba674c2-ccf0-4c1f-b2be-fc6502af636e,5c4d7606-2a66-4504-84dd-c8f6988fa31c,741b0d89-ae51-4ce0-a9f7-76493b8ad99f,3,queued,3cfef4b8-1fdf-4e4d-8dcf-3ca101952465
9f290859-a5a7-4576-8edc-9c255afec93e,5c4d7606-2a66-4504-84dd-c8f6988fa31c,df6b9a75-70cf-4a7e-b960-8529e333f333,4,queued,3cfef4b8-1fdf-4e4d-8dcf-3ca101952465
fb486cf4-1250-4dbb-a6c9-6718dac20c2b,5c4d7606-2a66-4504-84dd-c8f6988fa31c,a98c9b0f-01dc-444d-b384-a49f14408909,5,queued,3cfef4b8-1fdf-4e4d-8dcf-3ca101952465
a0f1d417-50d0-4716-aad6-dc4019ec63b8,5c4d7606-2a66-4504-84dd-c8f6988fa31c,6fd38b2a-a6ca-421f-923d-5748803c02ca,6,queued,3cfef4b8-1fdf-4e4d-8dcf-3ca101952465
7f7f47a1-d33b-4eab-90c3-8f896f1afc07,5c4d7606-2a66-4504-84dd-c8f6988fa31c,f52a3b77-84dc-4185-976f-385fa0ec6ad4,7,queued,3cfef4b8-1fdf-4e4d-8dcf-3ca101952465
a7e2f7fe-6cb8-40bb-ab7b-b087e3d738d7,586657a9-12b1-481d-8d0a-607360d24fd0,4b0a853a-f838-47d6-8fc4-860e750f4661,12,queued,b53af829-b3d3-4596-b578-f28709cb42c2
127ec38d-f46d-417a-a164-f28faed920a4,9f92597c-5ff2-49dc-b361-04a6562fdf48,8a806adc-94d3-4fd3-97b3-518911c0aab1,1,played,b6181c1e-69f4-47a8-87a6-9d072e56012c
cd6a4ff2-142e-4433-9385-cdc1d6f20158,9f92597c-5ff2-49dc-b361-04a6562fdf48,30c70f14-4df4-4f5c-89da-85621876d630,2,played,b6181c1e-69f4-47a8-87a6-9d072e56012c
8229a257-56e0-4df9-9c49-640eb8dde8e2,9f92597c-5ff2-49dc-b361-04a6562fdf48,4de05ade-095a-4505-959f-f940ee784833,3,played,b6181c1e-69f4-47a8-87a6-9d072e56012c
d08ba71c-c65d-4366-8662-ac6eea618dfa,0de13c34-8beb-4ab4-b5ae-95a7aaab6a5c,ff10534b-7b20-4036-aa30-666e4b079bae,1,queued,3af4ef36-e150-425f-92cd-019df08546a1
cf6d8e64-08d3-4c7d-97d0-4b4f8d416479,cf144b3f-4132-4463-a244-007187909989,e12fc34b-7e49-40aa-a00f-9b5ac83d4a3f,1,played,e518bbd5-df17-434a-84d9-a7e80e692d14
30e50aac-0ddb-439c-90bb-dd1f721624d2,cf144b3f-4132-4463-a244-007187909989,13c4317b-cd5e-413e-be89-ff60b86caa25,2,queued,e518bbd5-df17-434a-84d9-a7e80e692d14
74ddaee1-628e-45b3-936c-ec958f53c55c,cf144b3f-4132-4463-a244-007187909989,164f487a-4fd3-4956-b56d-25115061db5a,3,queued,e518bbd5-df17-434a-84d9-a7e80e692d14
eaf40cc3-f620-4263-8215-4003e2598189,58d2b993-8f7f-4d05-9284-548875520f02,f5a540ef-2603-4991-9ba4-189c8ed56c48,2,queued,7df7e770-95bb-42c3-a02e-b0bb5ffe6cbc
f8085612-4d19-4975-ac05-8c27c2163dd0,58d2b993-8f7f-4d05-9284-548875520f02,6397a0d9-544c-4944-958e-95931d7bdcdd,1,queued,7df7e770-95bb-42c3-a02e-b0bb5ffe6cbc
afc68618-eb22-4dd8-be19-5064765dfa72,58d2b993-8f7f-4d05-9284-548875520f02,4399627e-effa-4307-b19d-eaf5d63fa2ba,3,queued,7df7e770-95bb-42c3-a02e-b0bb5ffe6cbc
165bc601-09a5-4b2d-a710-67d6f13588a9,fd256f99-87a3-4472-9d60-e27daff6f227,08186488-d30e-4107-9c6f-34b05d3c4d47,1,played,af85bc90-3346-47ec-beeb-a462f60c4650
d523a8c8-2fe6-4272-8cf4-e6bf4e4e3c6a,fd256f99-87a3-4472-9d60-e27daff6f227,d8688969-822d-4c6e-85d5-421dff0a270d,2,played,af85bc90-3346-47ec-beeb-a462f60c4650
c5dda231-ef0b-4bb8-91a2-07b62f99e357,fd256f99-87a3-4472-9d60-e27daff6f227,c7e5a0a8-91ae-4ef9-b412-f42e72495bea,4,queued,c3fd6753-6790-4f09-a92a-e59c5342854a
b5eb78d3-0f37-4372-ad0f-a029a5d726f4,fd256f99-87a3-4472-9d60-e27daff6f227,c0612535-31a8-4234-b4a3-971f94f7d0ba,3,played,c3fd6753-6790-4f09-a92a-e59c5342854a
2446e253-b44c-4285-8490-b06e406fb5e8,48786060-d908-46e6-8460-7ce146d602c5,2c2c466a-a714-445b-84f2-eefee0b4e7c6,1,queued,bf46d4c5-c755-4372-90bc-b4c72752747d
d5cba978-b56c-49db-b993-08b834455e83,48786060-d908-46e6-8460-7ce146d602c5,591642ce-70fd-4781-9090-745bcb001b03,2,queued,bf46d4c5-c755-4372-90bc-b4c72752747d
c3bb2e14-20d6-4870-904e-74a05724cf08,48786060-d908-46e6-8460-7ce146d602c5,48233130-32c8-448f-b330-3a77f9479821,3,queued,bf46d4c5-c755-4372-90bc-b4c72752747d
55fdf963-8a08-4a1f-bbc2-d455bdcfc6a9,48786060-d908-46e6-8460-7ce146d602c5,a64ff80f-63da-4b8a-87af-1ef4f0648aaf,4,queued,bf46d4c5-c755-4372-90bc-b4c72752747d
732fc313-b3fd-4a62-818c-cb53ff3ca107,564e0308-8853-4a68-af9a-4e2c90d6b20e,1ff62d09-5115-4543-bf5d-91eb211b66d3,5,played,9dc8728f-1462-435a-8ba2-384d556bf2f2
0f4befe9-d0f5-43ed-8ca2-5ff5f92a02fd,564e0308-8853-4a68-af9a-4e2c90d6b20e,dd39b365-ba75-4bc7-8922-36e773919653,6,playing,9dc8728f-1462-435a-8ba2-384d556bf2f2
aa8b30dc-7801-481a-9e33-340510cb1c16,bb0f1346-65d6-4601-9517-6707251575fb,8503573a-5a8f-4bee-9257-1f9fc8c3fbb2,1,played,81a5172a-5c03-4657-b963-bcc973348261
cfee4a79-9ee3-4ebd-9b35-6bc4295b0db0,bb0f1346-65d6-4601-9517-6707251575fb,f356872f-f1e5-4717-8ce4-ce12815235c4,2,played,81a5172a-5c03-4657-b963-bcc973348261
e07ef91a-f59e-4ac6-a9c1-d70c1dcd12f8,095bc42b-eca0-4605-b03b-6516e89b27cf,3a2a4f4c-f2cc-43b0-9b8b-4bd8929e976e,1,queued,21bf705f-a8c8-4b57-a72e-6422c061046c
e2e9e2cd-37f8-445b-a9fb-3ef800895def,b7955372-6821-4ebb-8a94-e088ef982752,04267d6b-d35a-4d7f-a144-bf70e6381268,1,played,c05f6fd0-8d2c-4b81-b4f4-aadc25eff379
302f6c11-d8d7-4f7b-867d-b5002f5f7102,b7955372-6821-4ebb-8a94-e088ef982752,04568d17-761c-4097-aaba-36c1520006f5,4,played,c05f6fd0-8d2c-4b81-b4f4-aadc25eff379
a399db7a-f08b-4f32-a67b-5804cfd8497d,b7955372-6821-4ebb-8a94-e088ef982752,4cd87887-9adf-4859-a482-2f7d1defba78,5,played,c05f6fd0-8d2c-4b81-b4f4-aadc25eff379
f987decf-6d39-4631-a4b2-5bc55cfdd98d,b7955372-6821-4ebb-8a94-e088ef982752,1f6fd11b-7548-4229-8014-54869eda794c,6,queued,c05f6fd0-8d2c-4b81-b4f4-aadc25eff379
7b156521-fa6c-4640-9bd8-74cd34198074,b7955372-6821-4ebb-8a94-e088ef982752,02c63e53-43ed-4808-8174-278d7b2f2ad6,3,played,bda48858-4389-48a5-ab31-b5df100a811a
cd183eb0-3c0d-4fdb-a08e-841925c000dd,ddee0495-a6b4-4dcc-9f31-2f9d6eed4806,a2f26ebf-5d19-466b-97a3-237094e57732,1,played,e23e1318-dacb-4b35-aff2-3f51e7840598
9fed1c94-4294-4700-906d-033533396355,ddee0495-a6b4-4dcc-9f31-2f9d6eed4806,bada7a14-0b9b-4c5c-80ce-fc04acf4cf2a,2,played,e23e1318-dacb-4b35-aff2-3f51e7840598
0b6604c9-4374-4a56-a031-b0d631734d83,ddee0495-a6b4-4dcc-9f31-2f9d6eed4806,9a1f9686-73c0-40be-bf0e-240bf9b8f69c,3,queued,e23e1318-dacb-4b35-aff2-3f51e7840598
b9a1fbc7-fa6e-4978-8110-25bdbabd6be0,ddee0495-a6b4-4dcc-9f31-2f9d6eed4806,2d237a78-d496-4023-b3ef-1854a585742f,4,queued,e23e1318-dacb-4b35-aff2-3f51e7840598
10318cda-5a6a-455a-81fd-6e9377a8791d,ddee0495-a6b4-4dcc-9f31-2f9d6eed4806,28b57c71-d3d7-46af-bce7-fe15cd6d8e4d,5,queued,e23e1318-dacb-4b35-aff2-3f51e7840598
d6f16730-3c67-4ab3-8edd-7c7aaa47ef01,30e32148-b27a-4463-b811-801af99af4c3,89de04d3-cbc8-478e-8d58-fc43d270929f,1,played,c4a078b8-1d88-4092-9b65-99b96ea2a8f1
0f101266-523d-4287-9238-c6f344965b48,30e32148-b27a-4463-b811-801af99af4c3,98a8e23e-65b4-447c-9465-d30b0728ab5a,2,queued,c4a078b8-1d88-4092-9b65-99b96ea2a8f1
c13270ae-3814-4fa0-a057-cfe07ffdc524,e344e3e0-87e2-4ee2-9222-ff309b34fa15,70a74e96-162c-41ee-8ca3-ebae79b073bd,1,queued,dd06e7d8-c973-427c-8b13-c881e4b77760
dfbfd44d-a25c-40f6-960d-5d55fb6079a6,b85145c1-d543-4436-bd94-bbd9ad6644dd,fcadba0a-27ea-4848-9fb7-7f2513631d82,1,queued,8670fb46-1c77-4660-819b-e49f90db3648
e39fa9e5-3c7f-44ba-a19d-35807bd87fa1,4967da46-8f5d-45e3-a149-3c86ef09d64e,238c60d5-fd2b-4e95-a5a5-8f4467e74f81,1,queued,f8ca9bdf-585f-46fb-b858-0db0c14f2a3f
3c6307ac-39cc-4a88-aef8-b6b6affb556b,4967da46-8f5d-45e3-a149-3c86ef09d64e,0718643e-3b79-4a29-8e44-c88b5b6ba6bd,2,queued,f8ca9bdf-585f-46fb-b858-0db0c14f2a3f
53b06d70-066a-4d3d-ac1b-591b4b985680,14dd322a-a75c-46a6-9a46-a2a6da9a5fb4,c0e0d2a6-4966-4120-a668-fd9163d725ac,1,queued,c49af986-0a0b-47a7-9dc9-d68aaa6fa849
e124c26f-14b2-46b2-b606-c5b87efba1d6,d46d5607-52bb-44e6-8e63-7df40eab0e65,d181e2a2-8be6-4db6-bb9d-d52db0e55b35,2,queued,99829928-cc98-4d25-9e5f-7bc80832a3a8
6a6644b9-f82e-4df2-b7b5-2720dc46e581,b7955372-6821-4ebb-8a94-e088ef982752,b3bd9fd5-19b9-4f09-8bf4-4c4f8469bdd9,2,queued,14e7b835-c43f-4e56-ac17-ea82ddc580dd
1d539598-29f4-4272-847f-1c0ee2be8d94,917d21dd-f50a-40fc-aa29-57373fb94074,c340fd90-515d-47c2-8883-a5db2afe91f2,1,playing,8f82ec20-7e2b-45f5-91de-673dcf059e0d
6af3b984-a7ff-4bdc-bcca-e83a2ee0c191,6b71e500-b569-45f1-adf2-6b7ea83ec188,73f21131-b8cb-44e9-aafd-011637a5e9fb,1,queued,1d2db525-3684-4ed6-8798-1bca73201183
47faac51-4f96-4081-b2e7-850fe468be45,fa07b2bf-9806-4455-8693-0bc5942109f3,46aab3fc-3ed7-4668-9b70-e17c7763eab2,1,queued,bc386361-4091-4f87-9d29-1669304005fd
66a03ae3-5e8d-4f91-98f8-9a70f3b2b35a,89a611b2-bb29-444d-8e5d-369a54c784e6,fff79b0e-079f-417d-acdf-9f9e0dad7820,1,played,9363b577-2429-4aef-b20b-7c6183ce6e0c
279d7722-edb1-484e-a011-e82c0cd1a6c5,89a611b2-bb29-444d-8e5d-369a54c784e6,a84ad0a0-e4f3-4f00-b44b-e5367fe2ede4,2,played,b5d5cd03-2fe6-4037-afe2-6450cacf2f51
02748fd3-2a8d-45fc-8ee3-efed2ca49c0e,89a611b2-bb29-444d-8e5d-369a54c784e6,ae73e403-3b70-4aa8-a91d-3f7cec0912aa,3,played,9363b577-2429-4aef-b20b-7c6183ce6e0c
c3127fae-aba0-4fdd-9ffd-3f814eb7ed9a,89a611b2-bb29-444d-8e5d-369a54c784e6,1e544e58-e0c0-476c-b72d-9352230668f5,4,queued,9363b577-2429-4aef-b20b-7c6183ce6e0c
e456b672-59b4-4272-9107-7f49b5dd81bd,89a611b2-bb29-444d-8e5d-369a54c784e6,dd9bcf2d-2fa7-49e7-8d65-65da8e16fb73,5,queued,9363b577-2429-4aef-b20b-7c6183ce6e0c
39b0e408-6e44-4100-bfad-4d7b1075f7a6,89a611b2-bb29-444d-8e5d-369a54c784e6,7dd04164-6109-4b7c-a3a8-b2cd57f49d8b,6,queued,9363b577-2429-4aef-b20b-7c6183ce6e0c
67d9f3a0-a6e1-4da6-9388-6607b63ffbbf,7fc03747-b773-4280-9ca2-628251f2dec6,382229da-a567-4aba-a6b9-7014e527456e,1,queued,1d70e799-95fe-4e8d-a58e-b25c3d5dbb77
fbca4868-fbb1-4ea3-b365-5bd640255176,f654e4b7-b3cd-4b0b-a092-91cd72216d99,69877b45-845c-4b3a-b36c-83bcdf6cadf0,1,playing,80982c48-c896-46c9-901d-0a176e1fbb39
babdcfdc-0837-4f6b-b9fb-8993d147bb5e,f654e4b7-b3cd-4b0b-a092-91cd72216d99,bddfd5dc-7bba-49c4-a52f-239e7284d5ec,2,played,80982c48-c896-46c9-901d-0a176e1fbb39
b7a7c653-2e88-4b7a-acab-62b3e5000610,f654e4b7-b3cd-4b0b-a092-91cd72216d99,ba15752b-e094-466d-80ee-37ea6f5857d7,3,played,80982c48-c896-46c9-901d-0a176e1fbb39
20df68e2-6ae0-4754-86fc-acc8b81f46df,f654e4b7-b3cd-4b0b-a092-91cd72216d99,76bbf4d3-81c8-4874-8180-12a79046efa0,4,played,80982c48-c896-46c9-901d-0a176e1fbb39
b6e8209c-cab8-4ec5-8929-9055340d90e6,f654e4b7-b3cd-4b0b-a092-91cd72216d99,0a27b6b0-dc8c-467b-bd12-f6d7bffd19c2,5,played,80982c48-c896-46c9-901d-0a176e1fbb39
2bb81400-4c36-49d6-b2ba-ded125f8f645,f654e4b7-b3cd-4b0b-a092-91cd72216d99,fa2aac3f-393a-4e08-bd82-60ff62727109,6,queued,80982c48-c896-46c9-901d-0a176e1fbb39
f8ecd881-9fd5-487c-ab04-fb68b979fd10,f654e4b7-b3cd-4b0b-a092-91cd72216d99,58cf7847-2f15-440f-87e9-6236c5be259e,7,queued,80982c48-c896-46c9-901d-0a176e1fbb39
70ee5b54-54b0-4489-b20d-a9ed465b6398,f654e4b7-b3cd-4b0b-a092-91cd72216d99,ff8b7c32-7743-403f-9bf2-d8a94feed7b4,8,queued,80982c48-c896-46c9-901d-0a176e1fbb39
3e7f9082-601a-4089-bc71-8039d93f019e,f654e4b7-b3cd-4b0b-a092-91cd72216d99,fa60b41c-7c83-4efd-8ba7-2e53226e87ad,9,queued,80982c48-c896-46c9-901d-0a176e1fbb39
8c27cf18-b687-4d5d-aa92-994d9262f762,f654e4b7-b3cd-4b0b-a092-91cd72216d99,3930b00e-2caa-49b5-9020-b84006b85918,10,queued,80982c48-c896-46c9-901d-0a176e1fbb39
8d260bb2-618e-4a23-9122-f2641421c44e,f654e4b7-b3cd-4b0b-a092-91cd72216d99,8de25002-4568-4f58-b573-c0dcf327e4ae,11,queued,80982c48-c896-46c9-901d-0a176e1fbb39
022e493e-bc48-47da-a5c7-9c23856807f3,f654e4b7-b3cd-4b0b-a092-91cd72216d99,a4e5ecb9-7d7b-4777-92ac-d7cee22f2c1f,12,queued,80982c48-c896-46c9-901d-0a176e1fbb39
1e3b09e2-a489-4ac6-b06c-4a29b514dd3b,f654e4b7-b3cd-4b0b-a092-91cd72216d99,47cd5b7f-1c4a-422b-8a01-94a10cf45263,13,queued,80982c48-c896-46c9-901d-0a176e1fbb39
fc8b5cab-f262-404f-be4b-08e096a5a6d2,f654e4b7-b3cd-4b0b-a092-91cd72216d99,9ebfd451-8737-4fcc-bb82-d59552c23476,14,queued,80982c48-c896-46c9-901d-0a176e1fbb39
05a4fc5e-e768-4355-8125-3670234ed2aa,f654e4b7-b3cd-4b0b-a092-91cd72216d99,fc83979e-8970-4ae2-ba01-58f13e8eb512,15,queued,80982c48-c896-46c9-901d-0a176e1fbb39
de073831-45e9-41f6-9232-8fed5f2fbf20,f654e4b7-b3cd-4b0b-a092-91cd72216d99,15cd1c3d-3b74-4050-8e2d-ce0535e4b9d3,16,queued,80982c48-c896-46c9-901d-0a176e1fbb39
1992d4c1-2932-4c3b-9698-143f488ee241,f654e4b7-b3cd-4b0b-a092-91cd72216d99,5d29be70-154b-4441-9a39-739394053e2b,17,queued,80982c48-c896-46c9-901d-0a176e1fbb39
49d0f8d6-b270-4ade-b6ce-efff0a18602b,f654e4b7-b3cd-4b0b-a092-91cd72216d99,93cb8184-ea72-4cb8-8f0b-7ef95c1b068d,18,queued,80982c48-c896-46c9-901d-0a176e1fbb39
8964f9a7-3f51-4f3f-b412-02da51e605cb,f654e4b7-b3cd-4b0b-a092-91cd72216d99,edd5b6e9-b820-4712-929b-1366b91ae073,19,queued,80982c48-c896-46c9-901d-0a176e1fbb39
5574fb9c-fe13-4997-8b56-fc7e284b1053,f654e4b7-b3cd-4b0b-a092-91cd72216d99,285d4f3d-ea3e-4b63-b3da-add97b1deba9,20,queued,80982c48-c896-46c9-901d-0a176e1fbb39
b8164d6d-f182-4965-813f-7bf31411f85b,f654e4b7-b3cd-4b0b-a092-91cd72216d99,f5bb3a5b-dc4e-4947-a5cf-f1051a5d0327,21,queued,80982c48-c896-46c9-901d-0a176e1fbb39
49e24d75-0762-4d91-b4c5-703b6bed19b8,f654e4b7-b3cd-4b0b-a092-91cd72216d99,53f5a48b-6a89-4c62-b13e-3f90df553e24,22,queued,80982c48-c896-46c9-901d-0a176e1fbb39
4f2ac87e-ce35-4617-921b-bf0886773346,f654e4b7-b3cd-4b0b-a092-91cd72216d99,e5013a44-9520-43bc-994e-788b6284306e,23,queued,80982c48-c896-46c9-901d-0a176e1fbb39
e5750295-3fc2-4d78-9744-08ac8d23ee37,ea898a6c-d1eb-44ab-b938-784c098c896c,a0d941c5-142b-4049-a0e7-de46f783f233,1,queued,16650b16-7613-40f8-ab40-2785d413bc6a
e82b0096-0b0f-489a-bdce-9883ce6c6e4d,fb0f1757-4e8e-447c-8f7a-f9c374d5e8d7,a5109082-324c-4cb7-b96a-7a217e34a3c6,1,playing,06a893af-85fd-4ea5-aabc-d6bf176cc6fd
bb29cff9-4bf2-484e-92e8-ddae6b9c0ac6,fb0f1757-4e8e-447c-8f7a-f9c374d5e8d7,28a69db4-e198-4ad9-990d-1e382c0c8913,2,queued,06a893af-85fd-4ea5-aabc-d6bf176cc6fd
e3418401-3d2a-4d20-9ed6-69bad9e0d007,fb0f1757-4e8e-447c-8f7a-f9c374d5e8d7,782a2441-5b4c-4551-9e7c-a4a7639925ec,3,queued,06a893af-85fd-4ea5-aabc-d6bf176cc6fd
79c203d2-6ed1-47a7-acf3-c7f594873695,fb0f1757-4e8e-447c-8f7a-f9c374d5e8d7,d366377a-166e-40b2-ad33-6f68715ac263,4,queued,06a893af-85fd-4ea5-aabc-d6bf176cc6fd
18bc570e-5b67-460c-b7f7-1d2a756d6218,9abfd1ee-3d88-4e02-b12f-7e421932c131,0eec497c-4f49-478c-bc52-d594fafd3e21,1,queued,413e5e0b-1e72-47d4-bd6e-a66cc25a5a08
a7ac93eb-a113-4773-91f8-8dd900733181,ca26e1c7-82d9-4dc3-95de-1bd1722aea49,8fec39b2-40a7-4e77-ab0e-4a482bb62b2e,2,played,1d214296-18e6-4524-8964-0ee168a27328
a2d51d16-557c-4923-a160-ae32bf2d32d9,ca26e1c7-82d9-4dc3-95de-1bd1722aea49,5d50d704-297c-43c7-9c7c-174c54b2f058,4,played,1d214296-18e6-4524-8964-0ee168a27328
c13e80bf-e726-42e8-95e7-c0b151b891ba,ca26e1c7-82d9-4dc3-95de-1bd1722aea49,5fd28820-44fd-4861-9cc1-1d11b9b5e52a,6,played,1d214296-18e6-4524-8964-0ee168a27328
928420bc-add4-43f5-8951-16c529eb90e9,ca26e1c7-82d9-4dc3-95de-1bd1722aea49,ccdfca4d-f672-47fa-8d67-c3108b4b8271,8,played,1d214296-18e6-4524-8964-0ee168a27328
991a3bbb-9d10-412f-a121-20f42f252828,ca26e1c7-82d9-4dc3-95de-1bd1722aea49,74abc5c2-464a-408d-8f93-2f84e27b2a1a,10,played,1d214296-18e6-4524-8964-0ee168a27328
0235b1f5-4cc0-41f7-a5a4-e60458ea9a47,ca26e1c7-82d9-4dc3-95de-1bd1722aea49,3c2e3117-61da-4f6d-939a-51ba15ecb1f7,12,played,1d214296-18e6-4524-8964-0ee168a27328
9e07cfe3-d869-4b30-b1cf-b8696feb2042,ca26e1c7-82d9-4dc3-95de-1bd1722aea49,e5ca966a-e9ed-4820-a40d-0c9a7b2c66af,14,queued,1d214296-18e6-4524-8964-0ee168a27328
8d188af8-04bc-4d13-bc03-c982b591163e,d9410f02-b499-4913-9dc1-f52cccdebbf5,5ee8cbdc-95f4-45c2-99c8-dd3186d8b832,1,queued,a437f9df-0afd-4e5e-b806-bac265dd2ef0
1be712e7-44ec-4157-80ab-6c82c56dee26,86d040b7-7ddb-4eba-836f-6e8e79d86407,5c1bc3c5-f092-4b1d-92a5-9dda9d180328,1,playing,745f3f45-a973-4876-8764-7943e911bc65
d9194974-2e25-40e4-8091-63410e062c20,dfe67bcc-98eb-42d3-acf8-759566c6479d,8b0d14d2-e19d-4325-9d1e-bfb03620b1b3,1,playing,e97a4748-2655-41f4-a4b0-7cfe0fb6f464
101b0434-e1d6-4c69-be03-6f2a4f62bf5c,0c57316e-bfbf-48b1-a172-cad32d842102,a79b8eaa-11d0-408f-a90b-513a82cd4f83,1,played,ec2c4844-f5ad-45c3-9096-82cf95257790
66feb571-f814-486a-b32c-a54f29cc5d52,51f9479f-1ccb-4ea3-9a53-1bf586e33bda,4a5dd044-5c58-47eb-b177-f5535b772158,2,played,ec2c4844-f5ad-45c3-9096-82cf95257790
603d24e8-64fb-4cdc-9874-6eaac3363688,51f9479f-1ccb-4ea3-9a53-1bf586e33bda,0b4e640b-af6f-4dcc-a34b-901f1838fc22,3,played,ec2c4844-f5ad-45c3-9096-82cf95257790
9dc8fb99-01f6-44aa-ad84-f3a23ffa2b64,51f9479f-1ccb-4ea3-9a53-1bf586e33bda,c1a437ec-fc4d-4ede-9d1f-0cd4f29274eb,4,played,ec2c4844-f5ad-45c3-9096-82cf95257790
e7cade99-dff0-433d-b693-4729b05adde4,51f9479f-1ccb-4ea3-9a53-1bf586e33bda,fcabdcfe-c6ea-44cd-9689-e3e724365418,5,played,ec2c4844-f5ad-45c3-9096-82cf95257790
608cf074-072e-4aa5-b553-d0879b5ca6ed,16b87c61-ac9a-4fda-adb1-847f6f7b9006,3d279b16-7e17-472e-a47e-b6e2b256f8e0,2,played,f72172fd-3e3e-4311-9d38-e854fc617d5b
b54db351-8ea5-4c3e-a493-2c0092c53614,f42db4e4-94b3-404e-974a-f01e3bef6fcc,e3639741-706e-4131-845d-b313d889f7df,1,playing,36d5407a-2c1e-4416-abc7-75e13ec2894a
d3107081-3df2-42f3-9770-9df9b0ef928c,f42db4e4-94b3-404e-974a-f01e3bef6fcc,bb87fe00-ed99-4ea2-9821-9d7931ab8f0a,2,queued,36d5407a-2c1e-4416-abc7-75e13ec2894a
ff2067bc-9460-44fc-b36d-b02e89ca2197,51f9479f-1ccb-4ea3-9a53-1bf586e33bda,91daa40f-ca03-4d42-861f-556c09a19f42,6,played,ec2c4844-f5ad-45c3-9096-82cf95257790
f829a971-d660-494f-8936-f87a4613bd0e,51f9479f-1ccb-4ea3-9a53-1bf586e33bda,b454c3fa-1a17-4fbd-a17f-79975cee1e1f,7,played,ec2c4844-f5ad-45c3-9096-82cf95257790
efd40176-b373-4577-bd8c-fc7d1576cfdb,51f9479f-1ccb-4ea3-9a53-1bf586e33bda,6f7b8e26-19e5-41e1-bbfc-df18fb287955,8,played,ec2c4844-f5ad-45c3-9096-82cf95257790
080ff055-e450-477f-84c6-de9a465404bd,51f9479f-1ccb-4ea3-9a53-1bf586e33bda,314bf40e-0ab1-4a64-ac13-21c5f610a882,11,playing,ec2c4844-f5ad-45c3-9096-82cf95257790
d7a97f83-38cc-40ba-91aa-2291073cd203,51f9479f-1ccb-4ea3-9a53-1bf586e33bda,36794035-744b-4362-b22d-757e5033922c,9,played,ec2c4844-f5ad-45c3-9096-82cf95257790
6649e67f-f2e7-4a9b-bc24-8babffec0872,51f9479f-1ccb-4ea3-9a53-1bf586e33bda,2d97a3a5-27aa-4cf1-a52c-16a8c59f927d,10,played,ec2c4844-f5ad-45c3-9096-82cf95257790
c9c23ffb-77b4-426d-847a-6e6755e02ce4,51f9479f-1ccb-4ea3-9a53-1bf586e33bda,5b7376e5-87d5-4d64-a917-04769dccb13c,1,played,ec2c4844-f5ad-45c3-9096-82cf95257790
4b1f12ad-7edf-47a4-98bb-ba6848957f3f,9518f6b8-e440-4cab-8b69-05441e3bd2ea,5b7376e5-87d5-4d64-a917-04769dccb13c,1,queued,ec2c4844-f5ad-45c3-9096-82cf95257790
bd39078b-8ae9-4c89-835b-85170fa7df7c,92c343ad-f133-4df6-96ba-0ad95bd4c8eb,89ab4ff7-efe5-4919-9d24-ffdcff5204e4,29,queued,6adb4398-c32f-4ce2-8b1d-149314715127
08676015-615e-441e-9d2e-647a75181548,92c343ad-f133-4df6-96ba-0ad95bd4c8eb,cdedc979-4e4b-470a-9691-5d191cf2d339,2,played,6adb4398-c32f-4ce2-8b1d-149314715127
4e1c8810-f65a-42f7-8312-10c6ecc30997,92c343ad-f133-4df6-96ba-0ad95bd4c8eb,46cb0e62-3c82-4ca6-8ddb-f3eb9471a9c4,27,queued,6adb4398-c32f-4ce2-8b1d-149314715127
864cf874-30b0-45cb-afd0-9cdb8a7cb310,92c343ad-f133-4df6-96ba-0ad95bd4c8eb,c0f40a2d-7706-40c1-bf64-4c17be7d33c5,26,playing,6adb4398-c32f-4ce2-8b1d-149314715127
646c44bf-2410-40ed-b4f8-416c42d71fe3,92c343ad-f133-4df6-96ba-0ad95bd4c8eb,d7d1929f-e131-4d87-97f7-0a425a79d372,24,queued,6adb4398-c32f-4ce2-8b1d-149314715127
efebd578-a0e4-48b1-bdb5-a232bc267fb3,92c343ad-f133-4df6-96ba-0ad95bd4c8eb,1b8a5fba-bc8d-4d67-af24-1b244a43f227,23,queued,6adb4398-c32f-4ce2-8b1d-149314715127
5d3785ee-a58f-4c80-b3c8-766a3930a7f5,527b359f-8485-4f33-be74-b5551d3db5d8,60fc9ee3-478f-49f9-81ec-e876fd4f7115,3,queued,0f7b8a47-b2e9-4a37-998e-a1e042fa1092
ddc09bec-0f7d-48de-946e-b01c649e5764,4c8aae28-e805-4b52-923c-6c3240a758ab,5728836a-93c8-4d2c-99da-07a0cbd36d25,4,played,7c1b5270-0fb6-4947-9892-a5c26fe7e649
8191f739-8a0f-403d-9413-cc32cd938c19,4c8aae28-e805-4b52-923c-6c3240a758ab,7367aaff-e1df-4774-aab3-6bdeb9d14cf0,5,played,7c1b5270-0fb6-4947-9892-a5c26fe7e649
359383ce-0ce0-40ff-a35e-7862cccff7c0,4c8aae28-e805-4b52-923c-6c3240a758ab,3828f893-b56f-4b54-a888-2e49d083d515,1,played,7c1b5270-0fb6-4947-9892-a5c26fe7e649
5c2a05d5-1bd7-4bb4-8b91-8a1f37d7c65a,2643d6bb-ef73-4344-abbd-5e0b58145d62,24ed300c-bcc3-4e23-a078-c65067f4f8db,1,playing,b51eaa0c-5d91-4df3-93ad-89ba55a7b5d9
4e0ace2f-0351-45e5-b98b-ed9d419bbd27,2bf4174a-d591-470f-a4bb-567c2a45e9bf,3be1222b-049c-479c-ba16-176177a746ba,3,queued,cca7b9ab-f231-4efe-8ac4-07329b5f8631
3be7465b-f8fe-4f1a-8d01-738a02ce9797,2bf4174a-d591-470f-a4bb-567c2a45e9bf,20a4439d-77d2-4e9e-9c4a-28e9d5113b38,2,queued,cca7b9ab-f231-4efe-8ac4-07329b5f8631
cc0c83d5-3745-4596-814a-9c59bed6c5ad,502fe7c6-d732-415c-a09a-8ab83ad0f406,fe2c1b60-8ce2-4001-abda-933527c97c82,1,playing,2c004598-22a1-467c-ac20-b4d4e9f914e2
00afde8e-6e21-46f9-8f43-f0fd9940aeba,502fe7c6-d732-415c-a09a-8ab83ad0f406,9a271510-382c-47d5-bd0a-1888332b5455,2,queued,2c004598-22a1-467c-ac20-b4d4e9f914e2
16a5de07-fdcc-421c-ac9b-577ce8200ae5,502fe7c6-d732-415c-a09a-8ab83ad0f406,8c032817-5b82-49c2-8005-57439a2b5be0,3,queued,2c004598-22a1-467c-ac20-b4d4e9f914e2
da6ecf26-3f82-4c41-b833-d161a99c8fcf,bded022a-d800-42a5-96a4-8acf9cd9c1d9,ddda6386-a665-4854-91af-54f68dbb339d,1,played,316a8feb-2633-4051-86ab-20f4cb20f4c4
43f2406b-4de8-40e5-b9d5-a69f5bdaf95b,bded022a-d800-42a5-96a4-8acf9cd9c1d9,157abdee-92eb-4d38-bbec-d9d22e546c67,3,played,316a8feb-2633-4051-86ab-20f4cb20f4c4
7d2eb1d9-8e5f-48c1-b44a-ec48ca4e9c5a,d25ec4a0-829d-4994-9df3-2d2b472ec1c2,f9d44aa1-3e1e-45c6-a743-7d08f0317200,1,played,3742da4b-56da-415a-9b5a-14b85ccf21c9
0fcc94f2-e126-485b-8f65-1fc546f102dd,bded022a-d800-42a5-96a4-8acf9cd9c1d9,12acafff-cff1-4d99-9c59-1039ef2e7353,2,played,d8751821-99e8-4739-94f0-bbabe589fd9e
48135814-9c3f-49a0-8d24-aee046368911,bded022a-d800-42a5-96a4-8acf9cd9c1d9,b9542049-7498-4cf6-be02-15ad68453352,4,played,d8751821-99e8-4739-94f0-bbabe589fd9e
40fcfc42-492b-4716-9083-c524ddc7ce59,d25ec4a0-829d-4994-9df3-2d2b472ec1c2,be542ddc-2535-4b6a-aa20-25f7f7c4a4dd,2,playing,0aa9012e-0cfd-439d-906f-4c8811f53326
fa6a8c2f-f3fb-487a-86ec-567b4e89b54b,d25ec4a0-829d-4994-9df3-2d2b472ec1c2,1ff33c8f-9b8b-4588-9951-4fb912cbc5e9,3,played,0aa9012e-0cfd-439d-906f-4c8811f53326
648ff7df-cf47-46af-93de-7eff1b42361f,2bf4174a-d591-470f-a4bb-567c2a45e9bf,70e64f6a-ca84-472a-89f4-776dd689c118,4,queued,cca7b9ab-f231-4efe-8ac4-07329b5f8631
9df94c30-4510-409c-9b4f-dbfe6ac32e10,bded022a-d800-42a5-96a4-8acf9cd9c1d9,04d004d3-e92e-4655-a520-8376e32e2200,5,played,316a8feb-2633-4051-86ab-20f4cb20f4c4
fe0a433a-b61d-4085-8d15-bb837f059e5d,bded022a-d800-42a5-96a4-8acf9cd9c1d9,584bfe2f-d7a6-4627-b58b-2b3d04ed0dbe,6,played,316a8feb-2633-4051-86ab-20f4cb20f4c4
272fcac7-0c22-4d75-a2f1-5f867bf7a2b5,bded022a-d800-42a5-96a4-8acf9cd9c1d9,f4a1a149-228a-49be-853a-8af89e72104e,7,played,316a8feb-2633-4051-86ab-20f4cb20f4c4
0f0bb9a7-bd30-4cd5-a51b-5ab7c8ca8067,13bdff1b-5f2a-45b6-a6f7-fe633afa7fda,28b41175-e075-4c71-b9b9-630e08fa3315,1,queued,9ae3fcb7-27e7-443e-9407-a09c1e985958
1d555555-8406-4a89-8f89-b5aa19e9482d,73b80f15-c1d8-4468-9ad6-1c2547351975,ca1ec43c-5001-4aeb-8697-7919dc0b48bd,1,playing,c28b96ee-5df7-4970-8f33-de1251ca0e54
97270843-7690-43f3-b571-badab05b3036,bded022a-d800-42a5-96a4-8acf9cd9c1d9,1c3ce5f1-bd90-4f59-80b5-574448a07c39,8,played,316a8feb-2633-4051-86ab-20f4cb20f4c4
71af706d-f60e-4987-86cd-f28994380194,bded022a-d800-42a5-96a4-8acf9cd9c1d9,98147f09-688f-41dc-a6a6-497c79ab9e7e,9,playing,316a8feb-2633-4051-86ab-20f4cb20f4c4
926964a0-cdde-4d32-ac0e-4d8c9b32288d,df223c1c-2bf4-401f-9241-7231c70a1170,91d6e845-b8aa-4828-8ea2-71e4079eed90,1,playing,9dc8728f-1462-435a-8ba2-384d556bf2f2
d734ea3a-4b79-4ccf-83a0-59d8ccf14e09,df223c1c-2bf4-401f-9241-7231c70a1170,07d65637-009d-4e25-9166-4e0f727cff31,2,queued,9dc8728f-1462-435a-8ba2-384d556bf2f2
a1f464b7-7a9d-4282-99d8-016cfa4fda70,df223c1c-2bf4-401f-9241-7231c70a1170,e2540815-9423-442c-9ae8-747c4cb76fc3,3,queued,9dc8728f-1462-435a-8ba2-384d556bf2f2
7f73ebad-c0c1-413a-9dcc-144b17e9b90e,df223c1c-2bf4-401f-9241-7231c70a1170,c946829a-61cb-4057-bcea-00dc962374a1,4,queued,9dc8728f-1462-435a-8ba2-384d556bf2f2
4e6999be-73a7-437f-8b5e-a79ae3d67ba3,df223c1c-2bf4-401f-9241-7231c70a1170,1fe450f4-6f74-4079-9d6e-e445204b3dbc,5,queued,9dc8728f-1462-435a-8ba2-384d556bf2f2
7bb4926e-2579-43e3-99b0-2eef0407f5e3,df223c1c-2bf4-401f-9241-7231c70a1170,b4f99d19-c7d8-4705-9d9c-9739d6fbfff5,6,queued,9dc8728f-1462-435a-8ba2-384d556bf2f2
469be5da-8469-44d2-bd47-12e396d30df6,df223c1c-2bf4-401f-9241-7231c70a1170,c256b488-651a-4a81-be4e-e446b547114a,7,queued,9dc8728f-1462-435a-8ba2-384d556bf2f2
b96cb01a-35dd-4669-8c40-f346d715ccb5,feed8a78-b05e-4e1e-9a33-63dc3ce24400,917bed5f-e474-41b1-9d3e-fafe61d3ad47,1,played,991f9fb2-0126-48e6-bc23-26862c410b89
f5095da7-f954-4604-851a-8d7729f146a5,feed8a78-b05e-4e1e-9a33-63dc3ce24400,e4915807-1f9d-44da-87aa-fd28568ddef5,2,played,991f9fb2-0126-48e6-bc23-26862c410b89
0eb1d75c-40bf-402f-95d5-9c99802f77da,feed8a78-b05e-4e1e-9a33-63dc3ce24400,91d6e845-b8aa-4828-8ea2-71e4079eed90,3,played,991f9fb2-0126-48e6-bc23-26862c410b89
e8e6982d-a16c-485c-9439-2a5a8fa8a9b5,feed8a78-b05e-4e1e-9a33-63dc3ce24400,22eca5e9-a92c-4805-a3b3-6fcf820cc3ec,4,playing,991f9fb2-0126-48e6-bc23-26862c410b89
3fb1a6ce-7120-45e5-a643-ab0f0cf0f035,ee2f8fde-8023-47be-8e52-80330ecc0b6d,bed527f6-3219-408c-8650-3e62e16fe5ad,2,played,d2aaca6b-8faa-4c04-9774-fafb3fefcd55
ee0c35b2-14d2-4403-8bb2-33464d66b5e9,ee2f8fde-8023-47be-8e52-80330ecc0b6d,0bfa1b18-2d52-475e-89a4-679b46fb3046,4,played,d2aaca6b-8faa-4c04-9774-fafb3fefcd55
f65da7f8-77b3-44ba-983b-65276f5917b2,ee2f8fde-8023-47be-8e52-80330ecc0b6d,9ef25242-5adc-4b5e-9c84-f5e378227c0e,1,played,d2aaca6b-8faa-4c04-9774-fafb3fefcd55
a1fa0107-e4e3-4f4f-9190-fa5eb10ccd40,ee2f8fde-8023-47be-8e52-80330ecc0b6d,a2d36670-f061-4d21-a434-558df96dff69,3,played,d2aaca6b-8faa-4c04-9774-fafb3fefcd55
65abdfeb-0949-4fc2-bcb2-5a8bb1fc7a17,ee2f8fde-8023-47be-8e52-80330ecc0b6d,a0764ea4-7f4e-4cdd-b9c8-2d5cc5bad827,5,played,d2aaca6b-8faa-4c04-9774-fafb3fefcd55
c437d8f1-d4f6-45d9-8912-39356171e153,ee2f8fde-8023-47be-8e52-80330ecc0b6d,5d7b0888-183b-46f9-b9a3-819ebbecb61d,6,played,d2aaca6b-8faa-4c04-9774-fafb3fefcd55
b8a0fd92-2c9b-4265-841d-71afc74d501f,bbf1c4da-3670-4bf4-9291-4e820335df6e,e5730f68-4535-4d00-9ec3-c96eafac21ce,1,playing,75087a45-bd15-4fa2-af6a-a970862d3ede
46ea9405-bc4b-43c4-b53b-4727964b88f1,ee2f8fde-8023-47be-8e52-80330ecc0b6d,9a166d4a-3e67-41af-87ca-6fc0cd08193e,7,played,d2aaca6b-8faa-4c04-9774-fafb3fefcd55
33db901d-a53e-4d54-bf6b-6c8da290b8b3,ee2f8fde-8023-47be-8e52-80330ecc0b6d,1e47f071-ab50-423d-898d-017bd0e23aab,8,played,d2aaca6b-8faa-4c04-9774-fafb3fefcd55
23375ee2-2336-4e8e-b49a-1cad93e8f076,ee2f8fde-8023-47be-8e52-80330ecc0b6d,3cc1ca58-8c9c-431a-85f0-beadf80d4ec9,9,played,d2aaca6b-8faa-4c04-9774-fafb3fefcd55
7e92a414-2f8a-456e-bede-f5ebce472bda,ee2f8fde-8023-47be-8e52-80330ecc0b6d,2684a490-2baf-444d-8325-fa1e8db5df39,10,played,d2aaca6b-8faa-4c04-9774-fafb3fefcd55
fd74c2f1-6442-46f9-a68b-90af9b8cd650,ee2f8fde-8023-47be-8e52-80330ecc0b6d,a644b7f5-7234-422b-9749-f50532e01c36,11,played,d2aaca6b-8faa-4c04-9774-fafb3fefcd55
2719a753-6553-4483-bafe-1fd34a331d4a,ee2f8fde-8023-47be-8e52-80330ecc0b6d,36d98ed4-4594-46e8-a5b4-a0b7884e189a,12,played,d2aaca6b-8faa-4c04-9774-fafb3fefcd55
61ad1c1b-1638-4ef2-ac60-e40877edfa9d,1dba789e-a9f7-42f2-9fe5-dc19b81bc990,5cd2a417-7fb6-4631-96f2-2d7b8b2915bc,1,played,665adc59-fc52-4d87-9398-b13842dbe4fc
16e2f7c4-e9bb-4039-8f5a-f65a2eda338f,1dba789e-a9f7-42f2-9fe5-dc19b81bc990,b355d8d1-4d7c-4004-b2d6-8c0409b1d774,9,played,665adc59-fc52-4d87-9398-b13842dbe4fc
05889883-a0d7-4ca7-8bdd-e62085d01352,1dba789e-a9f7-42f2-9fe5-dc19b81bc990,03c00a88-a137-4543-9baf-78acdbce8893,12,played,665adc59-fc52-4d87-9398-b13842dbe4fc
9ce92aa8-cf5c-41f2-9411-2b8d6bbbca92,1dba789e-a9f7-42f2-9fe5-dc19b81bc990,b8ffaec2-c771-4c56-84d0-5f38ad596b8c,6,played,665adc59-fc52-4d87-9398-b13842dbe4fc
9d4e4a67-4f62-416f-b64d-ac0549703af0,1dba789e-a9f7-42f2-9fe5-dc19b81bc990,70203cba-5790-4440-8dcf-cac3136356cd,15,queued,665adc59-fc52-4d87-9398-b13842dbe4fc
97e74c01-fdec-4cb2-9413-53f5a2ca9179,1dba789e-a9f7-42f2-9fe5-dc19b81bc990,c43d9aa4-8365-43cc-ab87-9702dc2c8380,8,played,b53af829-b3d3-4596-b578-f28709cb42c2
767ed86a-6d97-437f-a940-1d4180cd07cf,1dba789e-a9f7-42f2-9fe5-dc19b81bc990,3d9e6047-d3aa-4715-b70b-66c113fc004f,16,queued,665adc59-fc52-4d87-9398-b13842dbe4fc
4583aba2-84b3-457c-8b4c-35976e6f6b40,1dba789e-a9f7-42f2-9fe5-dc19b81bc990,73e16ee6-708d-46ed-9f32-f30fc91754aa,11,played,b53af829-b3d3-4596-b578-f28709cb42c2
231a940e-75e9-4081-a261-44267483c4b2,1dba789e-a9f7-42f2-9fe5-dc19b81bc990,32781bac-6b05-4806-9fc2-2ac3f3618952,17,queued,665adc59-fc52-4d87-9398-b13842dbe4fc
a22d2d9a-8f6a-4180-931f-3906f8dd6ba9,1dba789e-a9f7-42f2-9fe5-dc19b81bc990,8b2e8459-511f-4569-bb8d-ef52369caf45,13,queued,b53af829-b3d3-4596-b578-f28709cb42c2
8939ff1a-9071-4433-b77f-02e78963e2e8,1dba789e-a9f7-42f2-9fe5-dc19b81bc990,dda7220f-316e-4577-bb29-7a916ffc86d2,14,queued,b53af829-b3d3-4596-b578-f28709cb42c2
c4cb508a-cd81-412b-a723-dae302928587,1dba789e-a9f7-42f2-9fe5-dc19b81bc990,46923a04-3396-460f-bfcc-534cd99ba394,7,played,725e7af6-553b-49be-baa8-a3c1b64377cd
08831616-f6d7-4042-97e3-61ae4de25333,1dba789e-a9f7-42f2-9fe5-dc19b81bc990,3a986e88-8d79-4376-8b34-852601ea722e,10,played,b53af829-b3d3-4596-b578-f28709cb42c2
7f1a3099-0dbe-4be0-987d-02fba26f216d,1dba789e-a9f7-42f2-9fe5-dc19b81bc990,d5824958-e597-4cca-ad3c-02eba0641d56,5,played,725e7af6-553b-49be-baa8-a3c1b64377cd
1c4d33fd-c83c-4ce1-b621-1973c2193933,1dba789e-a9f7-42f2-9fe5-dc19b81bc990,3ffe822e-4d23-4f06-b576-36ffedcbf4e5,2,played,b53af829-b3d3-4596-b578-f28709cb42c2
66819f22-0765-4eea-a872-61a645e671cc,1dba789e-a9f7-42f2-9fe5-dc19b81bc990,ba0fb356-af5d-46e2-9777-2bfebc921ed4,3,queued,665adc59-fc52-4d87-9398-b13842dbe4fc
054f8e11-a685-4df9-b604-d68a87877652,1dba789e-a9f7-42f2-9fe5-dc19b81bc990,d181b935-bbfe-4c71-93ef-087187620651,4,queued,b53af829-b3d3-4596-b578-f28709cb42c2
178e805d-454d-4c4b-bc40-75cf9d333e75,5e148822-eb11-4a26-8966-1fad01144cfa,61d4f069-0430-46c9-8d23-43662368adc7,1,queued,edf86b50-4cd8-40d1-b80c-5d6d41e0754a
9b1d5ccd-fc8e-4d36-a9a5-3e6e40e4c06c,bba2dd48-9ef7-44f9-8a86-2743cd12b950,9c1818f1-f47f-4dd7-ab1e-90bb9d6b0075,1,played,9d96f80c-28d5-447c-91f8-3c3b2fc920b9
ad05d856-1c92-4442-a051-6810023221cb,1360acd7-cf99-4bd6-8850-1813a53040e4,17baa93b-28fd-4e5a-9008-07b35e45fc8d,1,played,68d33663-4ab6-4686-a84c-715773e32a12
703e685a-f527-440d-b199-95809c69383e,bba2dd48-9ef7-44f9-8a86-2743cd12b950,7f330f96-f279-44ec-9fd0-1cea9859af95,2,played,9d96f80c-28d5-447c-91f8-3c3b2fc920b9
78cd662a-50c3-42d2-b2ee-b85afa89b7e0,bba2dd48-9ef7-44f9-8a86-2743cd12b950,a2ece5e2-c589-4ad7-b2fe-686a4858d006,3,played,9d96f80c-28d5-447c-91f8-3c3b2fc920b9
f63b9add-7b36-4954-8a3f-0733dc2fc080,bba2dd48-9ef7-44f9-8a86-2743cd12b950,6c542b29-0c71-4362-b0a7-5dd195c55253,4,playing,9d96f80c-28d5-447c-91f8-3c3b2fc920b9
9642b965-2ef8-4730-a76c-63913c81e88e,858706ac-8ea6-4df2-955e-38a56c35d341,bc383731-d4cd-4dac-90b9-9ea4c059dbe3,1,playing,d7fdcabe-18bf-426f-a86f-4bf382f8ac3f
9ac84d28-c67f-48fe-8a2c-f05df1c12c17,1360acd7-cf99-4bd6-8850-1813a53040e4,fd7ad283-5861-44da-bc10-56d1bbcec7a8,2,queued,794e8948-f531-4bb3-9e82-40a96269555d
7f8b08f1-8956-46aa-8c89-8e4d2ce369d6,40103a8d-3747-49c1-b4de-d842c98af9d4,652915dc-2f56-447b-8b9d-5899f720556d,1,playing,6e4807d1-a9ef-40a5-a47c-acccaf95ff61
57ecb6d5-f051-4cb6-95a7-d765934cc6e1,40103a8d-3747-49c1-b4de-d842c98af9d4,39580262-5bd4-4836-9775-6187c393acc3,2,queued,6e4807d1-a9ef-40a5-a47c-acccaf95ff61
92189885-7b65-4862-bdc8-68d186e9020c,59403a4d-6649-4bbc-b4cf-bc0bbc5641f5,a5f883f0-bac3-4f68-8e69-cc45c285f399,1,queued,883a4bf5-3903-4af5-9260-08652588fe94
2185509a-7b17-414a-8d0c-16c1806e3c59,5affd462-4f62-4146-87a7-4c7588cec40d,e98c6af1-e36e-4dc4-9c9e-33785ec2c9fe,1,playing,1612cd63-45dc-4337-b767-56fee5e1d4e1
424bf12d-7ec0-4704-b8c8-e2a1947ac12b,5affd462-4f62-4146-87a7-4c7588cec40d,964d3c1f-a22d-457f-b9d2-8924ad9159d9,2,queued,1612cd63-45dc-4337-b767-56fee5e1d4e1
bfa810d5-5851-4f5b-bb74-417b547babea,5affd462-4f62-4146-87a7-4c7588cec40d,31b5be7e-52f2-4c95-9497-4178e91e9fbf,3,queued,1612cd63-45dc-4337-b767-56fee5e1d4e1
4b0dd425-b855-4513-a39f-7744412f4d94,5affd462-4f62-4146-87a7-4c7588cec40d,1f3380bd-6e38-4a62-8c8a-92fb39090378,4,queued,1612cd63-45dc-4337-b767-56fee5e1d4e1
cce8277f-8722-4af7-a521-5e2123376bc7,5affd462-4f62-4146-87a7-4c7588cec40d,71850d06-72c8-47c7-94bd-e28e464dd9d4,5,queued,1612cd63-45dc-4337-b767-56fee5e1d4e1
c9d7bdae-d1d4-4729-8687-88af422b6bc7,5affd462-4f62-4146-87a7-4c7588cec40d,2452ed28-e35b-451f-b2ec-7f8f00c24625,6,queued,1612cd63-45dc-4337-b767-56fee5e1d4e1
b41af9d6-fba9-46ef-8f33-7f8469d6fb03,5affd462-4f62-4146-87a7-4c7588cec40d,a2c327ee-5752-424e-9aab-d6d46c5a57d7,7,queued,1612cd63-45dc-4337-b767-56fee5e1d4e1
8a5ea681-5e10-4f29-961c-3cf7c74924d8,5affd462-4f62-4146-87a7-4c7588cec40d,3bc33d7b-4a3b-46b3-bac0-570b2be441cf,8,queued,1612cd63-45dc-4337-b767-56fee5e1d4e1
4c196d22-6ee4-475a-967d-17e217b930ff,5affd462-4f62-4146-87a7-4c7588cec40d,6daff54b-14e8-48a6-b4a6-7e45a8750b77,9,queued,1612cd63-45dc-4337-b767-56fee5e1d4e1
e4cc19b6-1d34-4670-97a4-5c84ee5a9283,5affd462-4f62-4146-87a7-4c7588cec40d,08822c26-8796-4da6-a005-11fdb4be6c37,10,queued,1612cd63-45dc-4337-b767-56fee5e1d4e1
2b7fa26a-e76d-4234-af7b-6a521114168c,5affd462-4f62-4146-87a7-4c7588cec40d,a000223b-9b74-4f77-a211-bc134cb0ad04,11,queued,1612cd63-45dc-4337-b767-56fee5e1d4e1
7e082541-f193-4015-8706-f1f775ba4708,9b56787c-a8f6-41f2-af7a-2457b01d60ae,adc28f26-a9e9-4b7b-8d4c-efb9bd9b7ccf,1,queued,85964e74-4ca7-4b30-bdb8-4d8d896ba6df
ab0e7657-0feb-421a-a673-fce95897f050,9b56787c-a8f6-41f2-af7a-2457b01d60ae,95437176-2751-450f-8f66-690cdf804795,2,queued,85964e74-4ca7-4b30-bdb8-4d8d896ba6df
83046d17-3217-425f-a4a1-3e83b93ed54b,9b56787c-a8f6-41f2-af7a-2457b01d60ae,6f9c4dcd-064d-40a2-a3fd-2de7c6bb2934,3,queued,85964e74-4ca7-4b30-bdb8-4d8d896ba6df
5601306b-2fb5-495b-a6aa-404fd3c9e8ce,9b56787c-a8f6-41f2-af7a-2457b01d60ae,cb6f1b29-4efc-44b9-9239-67a6bf78257d,4,queued,85964e74-4ca7-4b30-bdb8-4d8d896ba6df
007b4f9f-564d-4ea7-93e3-2e0d6da14b37,d1475bad-2baf-4851-af94-90ecefe40ef8,f688506d-2e5f-4ae2-9a55-986797c1c4ab,1,queued,e7e5810a-c021-48ac-aa8d-1f33c4752f08
9eeac287-fe1c-40ee-9829-9c2a1e3c4556,81dd5c64-ef60-4a13-a820-8d6f7624bf62,7ffdb6df-ccc3-4a8c-aa1d-5f64678b7644,1,playing,a45a69da-b830-46db-9d97-793af61c79f6
7db3fd7e-e795-4571-8107-3d7c141c32e6,81dd5c64-ef60-4a13-a820-8d6f7624bf62,b369f4f5-f889-4b4c-8cdc-71e7a4c01c3d,2,queued,a45a69da-b830-46db-9d97-793af61c79f6
3faf364d-a3ef-4140-8507-83de44364a92,81dd5c64-ef60-4a13-a820-8d6f7624bf62,c8b26759-41fb-4756-b2c6-7c6d67a9aa28,3,queued,a45a69da-b830-46db-9d97-793af61c79f6
1b5613ad-e9c7-4f5d-b523-30b22bf5b631,a420dff6-3501-4b7d-8d73-210490e7f9e3,31216b4f-34ca-4578-965f-6f7a78a4a187,5,playing,36b3d948-9643-491d-82e7-1840c0a0f1d7
f98b6081-b378-4e3e-8fe3-02281c37b5be,a420dff6-3501-4b7d-8d73-210490e7f9e3,7c4a2b2d-4faa-451a-a68a-a84acbc638ee,6,queued,36b3d948-9643-491d-82e7-1840c0a0f1d7
9e4d6232-d6f4-4330-937d-b399399c618b,a420dff6-3501-4b7d-8d73-210490e7f9e3,f589039f-fb71-4007-a296-8f5a61ca7846,2,playing,36b3d948-9643-491d-82e7-1840c0a0f1d7
1907ce6f-5477-405e-8274-a1ccbd88a4ad,a420dff6-3501-4b7d-8d73-210490e7f9e3,f34b2387-7afc-4760-a4b1-4a8cddbbb4f2,7,queued,36b3d948-9643-491d-82e7-1840c0a0f1d7
29b10c11-3119-442a-9e6f-5561106963f1,a420dff6-3501-4b7d-8d73-210490e7f9e3,c9ca903a-005f-40f7-b354-8602cf1b5813,19,queued,36b3d948-9643-491d-82e7-1840c0a0f1d7
f902b0e2-139e-4d1e-8326-060db67966fb,a420dff6-3501-4b7d-8d73-210490e7f9e3,fe6150ab-b428-44bb-8eeb-f4b79cf76163,10,queued,36b3d948-9643-491d-82e7-1840c0a0f1d7
328aa9f1-0a10-4199-a50e-fcdb9b124fea,a420dff6-3501-4b7d-8d73-210490e7f9e3,38f380b2-04f3-4753-a153-29e0fad9ecf7,20,queued,36b3d948-9643-491d-82e7-1840c0a0f1d7
a1c366d0-55ae-47fe-8588-fe8ea4abdc24,a420dff6-3501-4b7d-8d73-210490e7f9e3,f0c4945c-b6f9-4728-88b4-458e32d25b20,8,queued,36b3d948-9643-491d-82e7-1840c0a0f1d7
d6538b50-914e-4eab-b672-eb3abff605b5,a420dff6-3501-4b7d-8d73-210490e7f9e3,8ae3102d-d926-4d36-8b35-8712ee7971b3,4,played,36b3d948-9643-491d-82e7-1840c0a0f1d7
f024e96f-1bae-4dc7-9414-d991380f58ae,f73f81a7-51d9-4477-bbe8-68c795d465f7,57c4fadf-531c-401c-b93a-6d4533f40e85,1,queued,654e0bab-ea38-4227-ad8e-310e1e7e7355
50ff87ad-69ab-443a-ae7f-9eb7ff54800a,f73f81a7-51d9-4477-bbe8-68c795d465f7,226a7112-e308-402b-b7d5-9d14f79dbb0e,2,queued,654e0bab-ea38-4227-ad8e-310e1e7e7355
ace1766e-4710-41bd-aac0-d0028ce6a798,89e25d77-d31d-4dc0-b8f3-7442c62be0fb,46ff78ce-b9b0-46ee-9d29-32dea749fb6e,1,playing,a5f7b215-c8b1-41a8-a15f-b8d4f69605fb
47c807fe-7d10-4366-8dd2-f56b5c6a944b,57e33d7c-bd96-417a-9896-3f3b7fba5c3e,e1869d32-4b87-47df-97c2-4204403c338d,1,played,93f9b382-f674-48b5-a154-679c6a4d9bcd
cd083bf9-fbc9-47e8-a7f1-5b9e857bbfd5,57e33d7c-bd96-417a-9896-3f3b7fba5c3e,a95a218a-a391-421c-b129-2a3427722288,2,playing,e23e1318-dacb-4b35-aff2-3f51e7840598
680de269-5bb5-4a94-8351-329c74087b7e,00dc6b87-fd59-461e-8beb-866740a29d0f,1d8d9111-b985-40d3-a2ac-eec585c653f6,1,playing,e23e1318-dacb-4b35-aff2-3f51e7840598
080b9609-c15e-4999-88af-cac37853d63f,00dc6b87-fd59-461e-8beb-866740a29d0f,0a736d14-fb28-4dfa-84ee-fb622ab6da9e,2,queued,e23e1318-dacb-4b35-aff2-3f51e7840598
c9067b2a-ce27-44ed-97f8-73326a0f9ed9,00dc6b87-fd59-461e-8beb-866740a29d0f,f1442eaf-13cb-461b-9454-6e775c83346b,3,queued,e23e1318-dacb-4b35-aff2-3f51e7840598
eec624d7-7723-4474-9106-d4aa20da281b,498bd0e0-917e-44e7-972e-eb953958c695,1d8d9111-b985-40d3-a2ac-eec585c653f6,1,playing,93f9b382-f674-48b5-a154-679c6a4d9bcd
9dc75f38-da14-49ec-8dfa-b5bd3d13153d,498bd0e0-917e-44e7-972e-eb953958c695,0a736d14-fb28-4dfa-84ee-fb622ab6da9e,2,queued,93f9b382-f674-48b5-a154-679c6a4d9bcd
affebc82-73d2-44d3-bdc6-314ed010cab1,7b7a3f52-c8d7-43b8-bb5f-689b84b65ec9,1d8d9111-b985-40d3-a2ac-eec585c653f6,1,playing,93f9b382-f674-48b5-a154-679c6a4d9bcd
dda51016-4d2e-4545-b0f4-3a2ac471b8b2,5cb60583-e4d5-42b6-8af8-a32ba15cb334,17f5c938-3d0c-49cf-a93c-f10a1ccc18ad,1,playing,87fb45a8-7004-40fe-acae-35cadacf8e91
7d747723-deb9-4058-9398-44b3216fe186,276e10af-dac6-468d-9136-c3d2f3d263db,874b54ca-d417-44ed-b06a-bcfca882ffde,1,playing,4b665581-e3cb-449d-b04c-f83a085037ac
b384fad7-9a58-433c-b09d-b0227ae89c66,1a70c292-a44b-478e-8907-be3361f4b9c4,d3066b6d-a448-4d6d-a5fd-b77b69656c96,8,played,7e626257-9493-4e47-96a3-f9c37f77d1b2
723114f4-48aa-4025-8653-6c2989cc1665,28666d50-9aca-4c39-8c25-9c902d4ff42e,874b54ca-d417-44ed-b06a-bcfca882ffde,1,played,4b665581-e3cb-449d-b04c-f83a085037ac
8dcdedc8-284d-45a6-b6f2-97c5c3c9ccb0,28666d50-9aca-4c39-8c25-9c902d4ff42e,c25ac0e0-8c11-4ef8-8846-a19acb0e7061,3,playing,4b665581-e3cb-449d-b04c-f83a085037ac
6b0c7dca-f8bd-462b-94a5-462d6656c3fa,28666d50-9aca-4c39-8c25-9c902d4ff42e,0a130523-2f4c-4117-ad08-9842860efd21,2,playing,4b665581-e3cb-449d-b04c-f83a085037ac
13a9af68-8145-4c54-ae4f-a82e1f7bb215,28666d50-9aca-4c39-8c25-9c902d4ff42e,52f946df-c2f8-4b6f-87b5-4a9a70ffedc4,4,played,4b665581-e3cb-449d-b04c-f83a085037ac
15be4a59-7731-4992-a096-d16c5730476e,b5b0ed8b-3ebb-4d73-baee-14a9a9d6c5eb,32526501-a72a-4444-b99a-e4756f35dfc5,1,queued,71e9dce9-3f40-4dcd-93ee-952a3b0737c7
b2277a6f-2297-4156-9562-e4d1ea784d60,b5b0ed8b-3ebb-4d73-baee-14a9a9d6c5eb,1481d250-5b1c-4465-b2dc-15684fc1f996,3,queued,71e9dce9-3f40-4dcd-93ee-952a3b0737c7
ddfa820d-f113-41ad-9c34-f24bf433d99a,b5b0ed8b-3ebb-4d73-baee-14a9a9d6c5eb,fbcb9038-15ab-4f27-8075-39c1eef05eae,5,queued,71e9dce9-3f40-4dcd-93ee-952a3b0737c7
59181ebf-6640-44bc-aa56-a0568100536d,b5b0ed8b-3ebb-4d73-baee-14a9a9d6c5eb,e017a60e-74d7-471e-bcb4-eb4f529b4714,7,queued,71e9dce9-3f40-4dcd-93ee-952a3b0737c7
f96008a8-1a69-4a82-a754-24cafefe0001,b5b0ed8b-3ebb-4d73-baee-14a9a9d6c5eb,2356c925-6616-4d06-b039-8a3c93c3d001,9,queued,71e9dce9-3f40-4dcd-93ee-952a3b0737c7
48eb23c8-97f7-4573-b807-7b74f35828f2,b5b0ed8b-3ebb-4d73-baee-14a9a9d6c5eb,0910343f-0ffe-4a55-937c-29a673b6372d,2,queued,097dc489-1fb8-48e5-a696-bb63a2d6b88e
aad61352-7564-451d-b03a-a9b2a82937be,b5b0ed8b-3ebb-4d73-baee-14a9a9d6c5eb,ebe52b43-5418-4f32-a02e-a8c209fc6b0e,4,queued,097dc489-1fb8-48e5-a696-bb63a2d6b88e
b933a925-1a79-4116-af1c-530cfeb487c1,b5b0ed8b-3ebb-4d73-baee-14a9a9d6c5eb,ec6bb2c3-3431-4d60-8a44-e625e449789e,6,queued,097dc489-1fb8-48e5-a696-bb63a2d6b88e
fb4f379f-fb53-4b03-bada-c6027f336dbc,b5b0ed8b-3ebb-4d73-baee-14a9a9d6c5eb,e5bc0d6f-058e-4d5c-8c01-c294be2ae183,8,queued,097dc489-1fb8-48e5-a696-bb63a2d6b88e
ea8209f7-57ad-43fe-b8f2-54909743e642,b5b0ed8b-3ebb-4d73-baee-14a9a9d6c5eb,a7f25bed-9812-4318-b756-45ca2cc6d92d,10,queued,097dc489-1fb8-48e5-a696-bb63a2d6b88e
1d77294c-dc81-4a07-9a52-2ff2aed81456,b5b0ed8b-3ebb-4d73-baee-14a9a9d6c5eb,40b0e845-0cce-406d-ad56-3e8ff901b06a,11,queued,097dc489-1fb8-48e5-a696-bb63a2d6b88e
0a3169f3-027e-4325-be1d-acddcbe3c244,b5b0ed8b-3ebb-4d73-baee-14a9a9d6c5eb,7868e313-762b-4e50-a0a8-ace88161d43f,12,queued,097dc489-1fb8-48e5-a696-bb63a2d6b88e
fce6d7e7-7963-4db2-8cf0-33b3afd6db86,b5b0ed8b-3ebb-4d73-baee-14a9a9d6c5eb,4cf2e34e-ca33-48c7-85fe-eb12f3eda6f7,13,queued,097dc489-1fb8-48e5-a696-bb63a2d6b88e
ad6dc770-803b-423b-b82b-dcf2cc07ad50,b5b0ed8b-3ebb-4d73-baee-14a9a9d6c5eb,309829df-40b6-444d-ad5a-b1117bfa43e6,14,queued,097dc489-1fb8-48e5-a696-bb63a2d6b88e
9da15f82-7527-421f-8495-361e6b5b6e4c,b5b0ed8b-3ebb-4d73-baee-14a9a9d6c5eb,8ada7166-1faf-4d9b-9ad2-8924277a609d,15,queued,097dc489-1fb8-48e5-a696-bb63a2d6b88e
38eca273-f4ba-4176-90ca-028ebb9d4578,b5b0ed8b-3ebb-4d73-baee-14a9a9d6c5eb,0cd96d58-48bc-445a-ad97-9aade58dcf26,16,queued,097dc489-1fb8-48e5-a696-bb63a2d6b88e
9ab6d4b3-ed60-4d0c-8a58-8491d0550552,b5b0ed8b-3ebb-4d73-baee-14a9a9d6c5eb,e69b4ba9-f562-4958-8806-a1e6f74f82e2,17,queued,097dc489-1fb8-48e5-a696-bb63a2d6b88e
696383af-1443-49b3-88a5-e69ec3135c35,b5b0ed8b-3ebb-4d73-baee-14a9a9d6c5eb,2619f964-d9d6-4a07-b9c2-363edad4a5d5,18,queued,097dc489-1fb8-48e5-a696-bb63a2d6b88e
4d6f9671-624b-49dc-9991-ecd4d1f27d9a,6bba3970-f853-4734-a1a0-19d43bc1484e,c44c6ae1-781b-4eb4-be3f-dd2bcbf2f3b7,1,playing,ad7313ed-c796-4da5-b6b5-0a3484afa66d
1dc1d998-b5f5-4b8f-9823-7772f5442216,6bba3970-f853-4734-a1a0-19d43bc1484e,da48f5ff-e8b5-4b90-97d6-32afbd4fc356,2,played,ad7313ed-c796-4da5-b6b5-0a3484afa66d
42068197-07da-4fe3-8ced-24f8a911a83b,6bba3970-f853-4734-a1a0-19d43bc1484e,fdd61094-40da-4694-8a4d-ac0c27cabe2a,4,playing,ad7313ed-c796-4da5-b6b5-0a3484afa66d
1490bb4f-11c5-4317-9a3b-58f91f408b3b,6bba3970-f853-4734-a1a0-19d43bc1484e,a9a8e1f1-33a4-4a2e-a9d3-3575b84d46ca,3,played,ad7313ed-c796-4da5-b6b5-0a3484afa66d
549f7c03-0ad9-48fb-8ff7-1260b698a539,504620f0-1b01-44a8-a992-341e0f5072a8,650f00bd-9d45-4b61-8ec0-56493f258d30,1,played,6ef6bc11-25bb-442d-a309-72e83f13bb55
821b3ffc-a0bd-4b20-b013-ff58fb1d9922,504620f0-1b01-44a8-a992-341e0f5072a8,fd8e64f8-3554-4930-b413-4cb34f817d6c,2,playing,6ef6bc11-25bb-442d-a309-72e83f13bb55
93cbf59b-43ff-4453-8679-f32de930c41b,504620f0-1b01-44a8-a992-341e0f5072a8,e59dc7ae-7868-47e8-82b5-90d9a14853cf,3,queued,6ef6bc11-25bb-442d-a309-72e83f13bb55
8c151ff8-0330-462f-bc5d-f7bac1fd88a8,504620f0-1b01-44a8-a992-341e0f5072a8,a3aa79fc-1c98-43b9-a063-fbb10ebd1194,4,queued,6ef6bc11-25bb-442d-a309-72e83f13bb55
8f5afd86-f2ce-461f-b75c-f67c8bbc97c7,504620f0-1b01-44a8-a992-341e0f5072a8,9a3b4997-6534-4c38-9842-c28e7f6ed592,5,queued,6ef6bc11-25bb-442d-a309-72e83f13bb55
b432a0d8-ca44-4f5a-94fa-990a5fc29253,b20c9eb3-3a47-4a12-81ce-197b78715885,653b6d94-1027-4c5a-9342-874e0ce0772d,2,played,32387789-fe77-4c62-b80b-12d87623fcfe
242265da-f522-4d4f-bb25-7a134a9bb2a2,b20c9eb3-3a47-4a12-81ce-197b78715885,c9f61ce8-692e-4b95-bd84-8f838072b8f4,4,played,32387789-fe77-4c62-b80b-12d87623fcfe
db68b415-7e4c-4151-84ba-2ded7f87e1c1,b20c9eb3-3a47-4a12-81ce-197b78715885,1bb3e7e4-4f20-4f83-a483-06bdaed4bed2,5,played,32387789-fe77-4c62-b80b-12d87623fcfe
64fd5720-3212-40cb-9283-c83758858b5d,b20c9eb3-3a47-4a12-81ce-197b78715885,02e0ca4c-90a1-484a-97fa-b3024205db3e,6,played,32387789-fe77-4c62-b80b-12d87623fcfe
f6f8e104-16c8-4a75-8fc9-d0b0a30aaec7,b20c9eb3-3a47-4a12-81ce-197b78715885,81b598e2-88fa-4a88-9ece-81c9c73da302,7,played,32387789-fe77-4c62-b80b-12d87623fcfe
16cdf58a-a22b-48db-aa0a-922f8c377a90,b20c9eb3-3a47-4a12-81ce-197b78715885,2bb7c154-bf9a-429e-bdd5-6ea7f978def8,8,played,32387789-fe77-4c62-b80b-12d87623fcfe
4274c150-842e-4b50-ba3b-63da928de37a,b20c9eb3-3a47-4a12-81ce-197b78715885,7d874b91-e580-41ad-842f-cbff4cf1854d,9,played,32387789-fe77-4c62-b80b-12d87623fcfe
4e1349fb-eb38-40a9-8783-63728ed1e1b2,91815666-680d-48df-ae65-240ccbe25b13,18661a33-ecb5-497d-8167-aba3197288b5,1,playing,1d214296-18e6-4524-8964-0ee168a27328
2a466035-cd0c-4029-b03e-907fe9c2049d,91815666-680d-48df-ae65-240ccbe25b13,861549d8-ba2d-44a9-84ba-1f6b61e55322,2,queued,1d214296-18e6-4524-8964-0ee168a27328
94f09609-506e-45bf-bf2e-55e3b510570f,b20c9eb3-3a47-4a12-81ce-197b78715885,9ef8e8fe-6342-4749-a1eb-ca7075f03547,10,played,32387789-fe77-4c62-b80b-12d87623fcfe
af7f7d85-4ecf-43a6-a3be-377e39b5dac7,b20c9eb3-3a47-4a12-81ce-197b78715885,48f24466-879a-498c-9701-5150ab69de37,11,played,32387789-fe77-4c62-b80b-12d87623fcfe
ce49890a-a6a3-4cc8-9ce0-7417bd3f0aee,b20c9eb3-3a47-4a12-81ce-197b78715885,6a066d42-22c1-4511-a8ef-da3db4608685,12,played,32387789-fe77-4c62-b80b-12d87623fcfe
3142fedb-714a-44a3-88ee-85aade8e51e3,b20c9eb3-3a47-4a12-81ce-197b78715885,a728ac18-2c4d-4cfe-894c-6635161a196e,13,played,32387789-fe77-4c62-b80b-12d87623fcfe
02e89086-b3aa-4032-8c0b-92f8e1c42032,b20c9eb3-3a47-4a12-81ce-197b78715885,cf444789-e672-4f71-9e57-20fed5d156e1,14,played,32387789-fe77-4c62-b80b-12d87623fcfe
75e55aec-0bda-4cb7-a2f3-0dbda3d2400b,b20c9eb3-3a47-4a12-81ce-197b78715885,baf8af0d-fefc-4c0a-9e2c-59c0e0ba796d,15,played,32387789-fe77-4c62-b80b-12d87623fcfe
6c007077-0949-4e43-8ff6-28467d41c932,b20c9eb3-3a47-4a12-81ce-197b78715885,d010b725-6d87-4153-83ab-1f157b3ab48f,16,played,32387789-fe77-4c62-b80b-12d87623fcfe
d9076ef8-49c3-4421-8cfc-389da8064ab3,073f4129-2105-4dd6-8810-7106c2d99643,eac5c689-5ecd-4b25-a8a1-a1df08c7e472,1,queued,730a66f2-c9b0-416b-8097-2b6473374c72
e350b680-e2e0-4b5e-87e5-9dee42bb363a,b20c9eb3-3a47-4a12-81ce-197b78715885,116515b4-e350-458a-a130-6ed619b4cf07,17,played,32387789-fe77-4c62-b80b-12d87623fcfe
9f0dec4b-24ca-4cd3-9ea1-3fdfc4dd3c78,b20c9eb3-3a47-4a12-81ce-197b78715885,aefc3376-a230-40f2-a0eb-c2bd5b6a099f,18,played,32387789-fe77-4c62-b80b-12d87623fcfe
1dbe17c5-01c5-49a0-b266-f71bc42acbb9,b20c9eb3-3a47-4a12-81ce-197b78715885,bca5148b-f9cc-464b-b7f1-31083369f110,19,played,32387789-fe77-4c62-b80b-12d87623fcfe
d8cad654-aeb6-42e8-b74c-4d1fd14106bd,54bec708-1c91-48d9-8923-27712c75ac04,7881de6d-d0e2-4e8c-b5a7-d4ca7a6056c8,1,played,3b3fa6d7-783d-417c-b03b-0e66fab21ba0
fec50e03-4d9f-4a86-9426-5f04eaf0ec91,731f8207-d764-419e-89c9-58f30fca78a6,9bb9c82d-2d7f-44b0-b46a-035b369e0f90,1,played,27a521a8-62e8-46d3-b780-8419ddfdefca
b263758a-86a1-4979-a289-4c571784ac13,35fe55b0-e081-4876-bee4-7363d2fc2209,3e796936-e09b-42a5-b1bd-99afa145f1e6,1,playing,ea414d58-8aff-49ca-91a3-b25a2250ec88
6fe4f597-0aaf-4bce-9534-c436c541441f,7af9428e-c4fb-4306-ae9a-2f37ffa4831c,77ae01ce-f79a-4d03-9876-fc032c33d671,1,playing,3469a439-8ecf-45fa-9a87-ce4f0a2501d2
3effad7d-6901-40ee-bf9f-57d6afbdaeeb,e0a4eba1-49bc-499a-9543-85528288f957,a5036af6-a655-455e-909e-3756f5aae3e5,1,played,3469a439-8ecf-45fa-9a87-ce4f0a2501d2
43fafd59-2fc2-4474-b7f3-e13689a95028,e0a4eba1-49bc-499a-9543-85528288f957,57dcca05-7d08-4093-af5d-8f2c1c0d628f,2,played,3469a439-8ecf-45fa-9a87-ce4f0a2501d2
aee72d73-fbed-4787-a5aa-ffa68e4854bc,e0a4eba1-49bc-499a-9543-85528288f957,3111f4c9-db93-4080-b7bd-f9f547e6df8a,3,played,3469a439-8ecf-45fa-9a87-ce4f0a2501d2
745c5cec-d15f-4c72-87cc-3b0e2ddd2f4b,e0a4eba1-49bc-499a-9543-85528288f957,b3349360-a106-4dfd-8e1e-4d5c0dcb4544,4,played,3469a439-8ecf-45fa-9a87-ce4f0a2501d2
f4d4c094-bc3f-48fc-9b62-d6a41106c463,e0a4eba1-49bc-499a-9543-85528288f957,2185480d-016e-4a72-9296-52f9a841096f,5,played,3469a439-8ecf-45fa-9a87-ce4f0a2501d2
5270fd19-e2a6-4518-8828-b659bebb8c61,84c9f6eb-530c-43a1-87a4-fb5521d70575,d4ba2015-701c-4418-94c8-2aed01a42a66,2,queued,c246bde4-7575-4761-85c2-3d5ee8824c0a
76ef5617-9caa-4656-905e-d55234cfbb64,84c9f6eb-530c-43a1-87a4-fb5521d70575,ec3074d3-8d0c-4d97-acbe-867d04a6ab3a,1,queued,c246bde4-7575-4761-85c2-3d5ee8824c0a
3558eb8c-5642-4d44-a948-9aa70dd9cade,a420dff6-3501-4b7d-8d73-210490e7f9e3,97a76727-db79-4ef9-ab0c-24deea007241,1,playing,36b3d948-9643-491d-82e7-1840c0a0f1d7
28cd53f6-5b01-43bb-acba-345046e1f584,a420dff6-3501-4b7d-8d73-210490e7f9e3,ec697f87-cf94-4870-826f-fb945818928b,9,played,36b3d948-9643-491d-82e7-1840c0a0f1d7
87718c10-0a45-4e4f-8b61-83aa5b771071,a420dff6-3501-4b7d-8d73-210490e7f9e3,d041ee67-452d-47dc-83a4-8fd1c4990dd4,11,queued,36b3d948-9643-491d-82e7-1840c0a0f1d7
eacb056e-3948-4090-907a-1892383725e5,a420dff6-3501-4b7d-8d73-210490e7f9e3,d96b152d-9f4b-4ee7-808c-7f7b183862eb,12,queued,36b3d948-9643-491d-82e7-1840c0a0f1d7
e95ff280-5b0b-496f-be1c-26460ac4fb9b,a420dff6-3501-4b7d-8d73-210490e7f9e3,c174fccb-7df8-4d5d-aa7c-725166ed88e3,13,queued,36b3d948-9643-491d-82e7-1840c0a0f1d7
ac614388-c1e0-4c99-88b5-7b43506ffa2e,a6fbd76e-3484-45de-93af-47cd7feb7740,6795922d-5259-48ff-b5f5-df64d56be451,1,played,bed27517-134e-43e5-b673-39e7d8d3f478
a76c339b-722e-4bf4-8c91-d7d15793b078,a6fbd76e-3484-45de-93af-47cd7feb7740,ac765146-eb7a-4c88-9e81-935632a35645,2,played,bed27517-134e-43e5-b673-39e7d8d3f478
a75a0448-246c-4d59-9528-b130c0585526,a6fbd76e-3484-45de-93af-47cd7feb7740,0140a6c0-dad6-42aa-a364-61c20d54e722,3,played,bed27517-134e-43e5-b673-39e7d8d3f478
8dde4c06-4b22-4dde-85ad-5c8225077afa,a420dff6-3501-4b7d-8d73-210490e7f9e3,0c5a920d-649a-4fa3-913a-ffc943d10c22,14,queued,36b3d948-9643-491d-82e7-1840c0a0f1d7
c073003b-1c6d-4917-bf5d-419b689392f5,a420dff6-3501-4b7d-8d73-210490e7f9e3,f132eee6-7568-4f7d-a7ec-bb07b18b2b5a,15,queued,36b3d948-9643-491d-82e7-1840c0a0f1d7
238d5b9a-e3fc-4675-869d-fe211ff3e35d,4a280c7e-287c-448b-bb49-a1041f00c0fa,207ce17e-1575-4c57-b50a-7f45a59f5875,1,queued,9020ca9b-cb7f-41dc-abb0-b8a39440d760
c99e1d67-a17e-434a-a864-e6a05b28080e,e240a8b0-f47d-4a72-9feb-edf865f37da1,055b0220-4dfa-4e6b-8c20-4e4a37944e80,2,playing,9e1dcc5a-3baa-4af8-a1bf-2fea260d4733
c8409868-d413-48df-b28b-111846e03565,a420dff6-3501-4b7d-8d73-210490e7f9e3,a23e6365-eb76-4695-b6bf-c9902550e8ea,16,queued,36b3d948-9643-491d-82e7-1840c0a0f1d7
d866fc97-7653-48f5-97ea-ce825cf595cf,e240a8b0-f47d-4a72-9feb-edf865f37da1,2a770d9f-3f9e-4945-a279-a499d9abeccb,1,played,9e1dcc5a-3baa-4af8-a1bf-2fea260d4733
ca42c690-67ca-478b-8d49-d9022267d189,e240a8b0-f47d-4a72-9feb-edf865f37da1,561c0f41-437d-4322-93f8-f6253ec422f9,3,queued,9e1dcc5a-3baa-4af8-a1bf-2fea260d4733
9e0d741a-7a0c-4932-9be6-704cf384fa39,a420dff6-3501-4b7d-8d73-210490e7f9e3,1fb9d16d-3f00-47df-a4cd-c6abebf7c5ee,17,queued,36b3d948-9643-491d-82e7-1840c0a0f1d7
6a94e104-6e85-4bce-bc78-03675723c52e,a420dff6-3501-4b7d-8d73-210490e7f9e3,c0a62e16-de6d-4c12-830c-c5cb33528346,18,queued,36b3d948-9643-491d-82e7-1840c0a0f1d7
7c9c386d-58fa-4c4d-8441-62d5680eb63f,a420dff6-3501-4b7d-8d73-210490e7f9e3,75ece770-5352-40e3-b29c-2aac59239bf2,3,queued,36b3d948-9643-491d-82e7-1840c0a0f1d7
b8770c68-d526-4fea-8130-46da7eb63783,a420dff6-3501-4b7d-8d73-210490e7f9e3,cb724ea9-f87b-48a1-867e-efbcbb710ee7,21,queued,36b3d948-9643-491d-82e7-1840c0a0f1d7
b57b17fc-7644-4591-b893-8e5d0b940364,a420dff6-3501-4b7d-8d73-210490e7f9e3,4b578bac-24a4-4897-92c2-fcf56b958f19,22,queued,36b3d948-9643-491d-82e7-1840c0a0f1d7
ff4f7a91-2769-418a-b694-ef1def5aa101,5412bdcc-1f0e-47fb-bbbc-94bfb7d86194,65f5cbe8-9c1d-47f0-a7ed-332342b94d8e,1,queued,a2cb1853-2c2f-4a55-8df6-da008a718ad2
7e5d5847-b71c-43ea-bd43-650dbcb19ac9,ead836d0-7a69-4f98-9ed6-67eeca93be8a,fb901f4b-3d26-4ef2-b546-af73376e5d75,1,queued,b643b63d-9f7a-4bd9-b8ae-eeca553ed3ec
c7e44331-f740-411e-8d66-962d9952ca08,b642dcd7-eea5-47d9-bf5a-6a9b5f6dccb0,9ef8e8fe-6342-4749-a1eb-ca7075f03547,1,playing,70dbec2b-227b-4d87-8cde-c70ffa4bd532
1973e913-0145-4ef7-b243-006a68304b1b,b642dcd7-eea5-47d9-bf5a-6a9b5f6dccb0,20a20fce-1e32-4518-b2f6-9abb9ebcd1f6,2,queued,70dbec2b-227b-4d87-8cde-c70ffa4bd532
dacb8f43-ab7e-44f8-a19e-1b10da32d5e7,ead836d0-7a69-4f98-9ed6-67eeca93be8a,ef3fc077-489e-4c34-866c-37cc690a7d03,2,queued,b643b63d-9f7a-4bd9-b8ae-eeca553ed3ec
e1f031da-a611-4ed3-970e-4aae454cdef7,ead836d0-7a69-4f98-9ed6-67eeca93be8a,e6b4e525-4b92-46ba-99f2-b4c129dc3eb0,3,queued,b643b63d-9f7a-4bd9-b8ae-eeca553ed3ec
3e574c2d-a85c-44f8-bf07-fd89ee1ad6c7,ead836d0-7a69-4f98-9ed6-67eeca93be8a,0c509159-ac03-40ea-ac5c-753979f8f25b,4,queued,b643b63d-9f7a-4bd9-b8ae-eeca553ed3ec
4a1e1e49-0c70-4209-8a0d-fbe829146081,ead836d0-7a69-4f98-9ed6-67eeca93be8a,babd42a1-d94f-45cf-bdad-616806168e6c,5,queued,b643b63d-9f7a-4bd9-b8ae-eeca553ed3ec
612ab8cf-2dd1-48b6-88c2-eea8af4a0484,ead836d0-7a69-4f98-9ed6-67eeca93be8a,39e0f3ee-ae08-4811-beba-5a31b3cdd52c,6,queued,b643b63d-9f7a-4bd9-b8ae-eeca553ed3ec
a6aba562-662a-4938-95c2-4b9990e3b91c,ead836d0-7a69-4f98-9ed6-67eeca93be8a,522f8ff0-12a5-440c-b68b-65cf21b15db7,7,queued,b643b63d-9f7a-4bd9-b8ae-eeca553ed3ec
89460e3c-51e2-4ae5-a842-ecc0c9b4393d,39bc9f1a-5b88-4dd2-8154-a3e80aa0e3d2,6ed4d174-eedc-475a-bed4-3288a787e6c1,1,queued,58fd33f2-91b3-4ea6-b893-0db673594918
c703f16a-f01d-4ada-81da-d2d3fc7ce363,1f4e172b-d55a-496a-9ea2-f0a962b90e4b,ba38a1c4-d813-4cd1-a801-4d05114db160,1,played,32259c8c-2c1f-4a67-a60b-53031f13185f
337650cb-1dea-4d7f-9870-7aa138f123fc,1f4e172b-d55a-496a-9ea2-f0a962b90e4b,33906a05-d495-40d5-a834-5454c7109ed1,3,played,32259c8c-2c1f-4a67-a60b-53031f13185f
7411d30b-c3eb-4194-9c31-917f4f38fef6,1f4e172b-d55a-496a-9ea2-f0a962b90e4b,ac50ae98-bc01-41cd-a4ce-8507d417d3f6,4,played,32259c8c-2c1f-4a67-a60b-53031f13185f
aa7e9276-ac42-455f-83fb-ca9208921a16,1f4e172b-d55a-496a-9ea2-f0a962b90e4b,a0d941c5-142b-4049-a0e7-de46f783f233,2,queued,16650b16-7613-40f8-ab40-2785d413bc6a
1c73294f-168d-49b4-a3bd-2dd2ff05fef2,1f4e172b-d55a-496a-9ea2-f0a962b90e4b,c78395d8-dd25-4cf0-bd52-4aeaa1e660cb,5,played,32259c8c-2c1f-4a67-a60b-53031f13185f
00350362-78da-49ba-bc42-382e27d0a2fd,1f4e172b-d55a-496a-9ea2-f0a962b90e4b,0373c630-7e4f-46f2-8fcb-d5b64f4fee4f,6,played,32259c8c-2c1f-4a67-a60b-53031f13185f
114e8085-8085-46e5-96fc-1eb6fd9d67c6,1f4e172b-d55a-496a-9ea2-f0a962b90e4b,69081480-5029-47eb-b523-7551bf9d4d1f,8,played,32259c8c-2c1f-4a67-a60b-53031f13185f
7c291024-2218-435a-8b5b-83522b802b6d,1f4e172b-d55a-496a-9ea2-f0a962b90e4b,6e878c16-667c-44fc-8b45-b1bf282b74bb,7,played,32259c8c-2c1f-4a67-a60b-53031f13185f
24b4efec-9b98-4db2-9c20-474bc1eeada0,1f4e172b-d55a-496a-9ea2-f0a962b90e4b,320520ec-6fa0-4fb1-8c49-86cb11fea04d,11,played,32259c8c-2c1f-4a67-a60b-53031f13185f
7b75dbf9-2f35-4d6d-aa9a-892c804fa64f,1f4e172b-d55a-496a-9ea2-f0a962b90e4b,7034324b-ec3e-4dc6-b7c0-57423b959698,10,played,32259c8c-2c1f-4a67-a60b-53031f13185f
eca0e440-677f-49c1-bd6e-86274655f5f1,1f4e172b-d55a-496a-9ea2-f0a962b90e4b,bd5b6efd-90b7-4625-b92c-b78037b2c229,9,played,32259c8c-2c1f-4a67-a60b-53031f13185f
21c42c10-09e8-4611-8975-52d38966cd53,1f4e172b-d55a-496a-9ea2-f0a962b90e4b,b6202edd-0f3f-4768-afb4-e4971063aeee,12,played,32259c8c-2c1f-4a67-a60b-53031f13185f
08904541-b423-40dd-9c4b-e8bbd9a965d4,1f4e172b-d55a-496a-9ea2-f0a962b90e4b,ac67871c-f02f-4f26-8892-2f57c806f8dd,13,played,32259c8c-2c1f-4a67-a60b-53031f13185f
a4df9f7d-672f-449d-aadf-a95921dd006f,1f4e172b-d55a-496a-9ea2-f0a962b90e4b,ae78d43e-0508-4e4a-9e25-e7aa315b9410,14,playing,32259c8c-2c1f-4a67-a60b-53031f13185f
a7a40f95-854f-4076-87d1-5d26997c1156,1f4e172b-d55a-496a-9ea2-f0a962b90e4b,6ed277ba-1bbc-4e40-a8d9-6354ca7675e8,15,queued,32259c8c-2c1f-4a67-a60b-53031f13185f
90e65b2a-504f-4bfb-82a1-460fbfc27178,1f4e172b-d55a-496a-9ea2-f0a962b90e4b,6752eaff-0195-492d-bb5c-204e4e8ed27d,16,queued,32259c8c-2c1f-4a67-a60b-53031f13185f
4b3f49b6-a3be-4011-a430-e789611b9183,1f4e172b-d55a-496a-9ea2-f0a962b90e4b,063b978c-7774-4f12-b95e-58bbdcbe2251,17,queued,32259c8c-2c1f-4a67-a60b-53031f13185f
4b2865ce-1d47-4049-8295-c9b1b2bbcbac,1f4e172b-d55a-496a-9ea2-f0a962b90e4b,db25a541-ac24-437e-b4fb-37281563d5c6,18,queued,32259c8c-2c1f-4a67-a60b-53031f13185f
02061a02-6f8c-4513-b2df-d9a096d919a7,0746347a-31d5-4d66-84e6-e82de7971596,1890b261-060f-47fc-a32e-fba493fa4453,1,queued,c7177644-a33a-4ed7-9567-983d45a087e2
61ea7e30-2bcb-4985-8cd9-f01168f38f36,0746347a-31d5-4d66-84e6-e82de7971596,11fd7a44-ec11-4ae5-90e9-17fdd006cced,2,queued,c7177644-a33a-4ed7-9567-983d45a087e2
2dab2b42-e339-40a4-8f60-6b8f18832a04,12f89e64-ea6f-4752-8265-1d9b3793087a,d2026e68-c6b3-49cb-9d10-95898106d0c0,1,playing,64498624-e623-43e3-8645-87e4bbbf2d2b
8f44da5d-1dd7-400b-b714-6492e826dcc5,6317f279-9995-4479-8d59-4f8fae10fd64,1ed4ae18-8452-49c1-963c-71f127757f85,1,playing,110df424-b440-4551-8ef5-7373009ee1dd
3f7c0975-e0c7-4d3d-8a31-92d26d561215,df7a9dda-0d6a-4819-9d32-dd2daab3489d,898f7911-8c98-4d4c-a817-a4c3a4eaed2b,1,playing,14492398-fd5d-441a-91f5-720d94047106
9bb3ad9c-4bb4-4c2d-a513-90432d0e55e9,df7a9dda-0d6a-4819-9d32-dd2daab3489d,64eceb97-c540-45a2-9b66-c55373f57477,2,queued,d8150fce-db4e-44c7-b4c8-b219404ce75e
fdf2d868-db7a-49e9-b89b-c46a18f0870d,df7a9dda-0d6a-4819-9d32-dd2daab3489d,f614d907-3fa8-496a-8ae0-6e78c0f31b3d,4,queued,d8150fce-db4e-44c7-b4c8-b219404ce75e
645a18fe-bbe2-4ef2-9ce7-bfb36a48a46d,df7a9dda-0d6a-4819-9d32-dd2daab3489d,c6a495b1-c4fd-4026-8097-40bdeb30c9c3,3,queued,14492398-fd5d-441a-91f5-720d94047106
2a4f4961-edbf-4d79-861a-52be6d424ea2,2516dd5e-8065-4760-bfd1-a8b7992ff5e0,993a8c17-c74b-4d5d-8c28-4c4c9744ffa5,1,queued,3db03ac4-0331-485a-9e26-a2b0bef04db3
ec4cf700-2d21-4620-a3a5-09ab33034d4d,105d1bcb-d0ee-4d48-b3a7-4c07d0a6806d,d727c931-c6d6-4eb5-b587-8116b2c612c5,1,playing,5d780d65-0d29-4804-bd2d-ab5bdf544263
4b33dcd0-bbe5-49c3-8e44-ce5b1bb151e9,105d1bcb-d0ee-4d48-b3a7-4c07d0a6806d,dad08838-de84-49fc-bd53-f217678dfa3c,4,played,f49e20a4-ae5a-4325-a1a4-04d934c755b4
c5252a7a-67a3-4e71-8aca-45eefdf6cfc9,105d1bcb-d0ee-4d48-b3a7-4c07d0a6806d,4b8df105-01ab-4dea-8718-90d6fd63e314,3,played,6f331bce-98bc-45a6-a2e5-7e03708a37da
a9e586dd-518d-45fa-97b6-a9d5b02118ee,105d1bcb-d0ee-4d48-b3a7-4c07d0a6806d,46034ba2-2102-4eec-9555-720d31178069,2,played,f49e20a4-ae5a-4325-a1a4-04d934c755b4
680d4b6f-8262-41f9-a5ca-2feeb921b624,1a70c292-a44b-478e-8907-be3361f4b9c4,6d5d9233-991c-4719-8d46-11750d5ba581,5,played,f05c37da-8d92-4327-93d3-5526b4123a6a
fee5462b-fc45-487f-9205-61fe0a6757f1,1a70c292-a44b-478e-8907-be3361f4b9c4,aad7a85d-6a56-4c30-956a-0b50a914f432,24,played,f05c37da-8d92-4327-93d3-5526b4123a6a
b13e362c-e249-485c-a11e-e76239010fb6,1a70c292-a44b-478e-8907-be3361f4b9c4,519481d1-391a-4914-85e4-f24c2107f4bd,14,played,f05c37da-8d92-4327-93d3-5526b4123a6a
0d7bd885-532b-4eeb-8eac-eeed4108621f,1a70c292-a44b-478e-8907-be3361f4b9c4,8aa2aa2c-964b-45b1-8482-0dca016fd8ea,11,played,f05c37da-8d92-4327-93d3-5526b4123a6a
2129786d-8b78-4a7b-8201-24d2dd0996e6,1a70c292-a44b-478e-8907-be3361f4b9c4,2aeb1dd5-c8a9-40f8-ada4-f1ebb92e8969,22,playing,f05c37da-8d92-4327-93d3-5526b4123a6a
99df5fac-cca0-49d3-9729-b45190e5c7d9,1a70c292-a44b-478e-8907-be3361f4b9c4,55738262-d253-4500-91a2-b0ce5dbc4df7,18,played,f05c37da-8d92-4327-93d3-5526b4123a6a
0e532bef-9a47-493d-8c5b-2e272e1a2e46,1a70c292-a44b-478e-8907-be3361f4b9c4,5a330b0f-a943-4a94-bf5f-6458a3ed6618,16,played,f05c37da-8d92-4327-93d3-5526b4123a6a
5c448af9-80d0-4640-95c1-1b1ce8b52b98,b798158b-fb0e-492e-a848-c4ff480c30ba,52b82043-67f1-4dc5-9ce1-c3ec3c3a58df,1,played,87fb45a8-7004-40fe-acae-35cadacf8e91
2a1d7b65-54bd-44ba-a50d-e3858d090012,b798158b-fb0e-492e-a848-c4ff480c30ba,f9b07e4f-8656-4902-b5b2-0725ca142d3d,4,playing,87fb45a8-7004-40fe-acae-35cadacf8e91
dff813c4-c2b6-4638-998c-cff04eb76168,b798158b-fb0e-492e-a848-c4ff480c30ba,636aba0e-a02b-426c-bd0b-521363319d24,2,played,87fb45a8-7004-40fe-acae-35cadacf8e91
f593c870-df46-4597-81f8-8c029356489a,1a70c292-a44b-478e-8907-be3361f4b9c4,fbfdbbda-10f7-499e-a0fc-69eefb30b85d,3,played,5d6216e9-19d2-4f61-85ba-bdf6784a582f
466809ba-b50e-4d1b-b6c8-4b9931262f19,1a70c292-a44b-478e-8907-be3361f4b9c4,d80b8fc3-5508-4eae-a33b-8944eebf8e09,7,played,5d6216e9-19d2-4f61-85ba-bdf6784a582f
d2d990bb-ff63-4c8a-997e-bba8682740ee,1a70c292-a44b-478e-8907-be3361f4b9c4,aa965900-2d4b-4935-a4d0-fb0f58553e1b,10,playing,5d6216e9-19d2-4f61-85ba-bdf6784a582f
ae0ce20e-6272-4523-9fda-88e53e7d438f,1a70c292-a44b-478e-8907-be3361f4b9c4,c4b52cf1-6963-400a-ba74-87c33436afb2,12,played,5d6216e9-19d2-4f61-85ba-bdf6784a582f
a50e516e-1c76-4cbe-b177-fb110f5678ec,1a70c292-a44b-478e-8907-be3361f4b9c4,a8f78e78-635d-477c-953b-0db558baf5d7,13,played,5d6216e9-19d2-4f61-85ba-bdf6784a582f
bf7c1c4f-9b7a-4a77-88f8-8341a0e43c51,1a70c292-a44b-478e-8907-be3361f4b9c4,7cda0b5b-3566-4beb-a3d1-d10be3baccf7,15,played,5d6216e9-19d2-4f61-85ba-bdf6784a582f
e7e8433f-523f-4406-94fd-650313340934,24aea13e-b878-4d33-ba06-ecf7d3cd20df,30f28d2e-6471-4303-bd32-fd573621fd22,1,playing,babbe8b1-8a01-4621-b4e5-057720523a35
7f100371-aa82-491c-b93b-66eefd5bcd61,1a70c292-a44b-478e-8907-be3361f4b9c4,01cd5375-57e2-4681-b00c-26aa2cd64238,17,played,5d6216e9-19d2-4f61-85ba-bdf6784a582f
ffba31f2-97db-469f-b27d-81417c37f36d,1a70c292-a44b-478e-8907-be3361f4b9c4,91fb04bb-e69e-4b72-abc9-7a7e1ea12b13,19,played,5d6216e9-19d2-4f61-85ba-bdf6784a582f
a281322e-4b78-492f-aeb5-cf04c428c062,1a70c292-a44b-478e-8907-be3361f4b9c4,76107155-155a-40b4-9f2d-54d253c0a19e,20,played,5d6216e9-19d2-4f61-85ba-bdf6784a582f
633e8657-b74d-467d-bdba-767ce345bb31,1a70c292-a44b-478e-8907-be3361f4b9c4,cfb8b996-a1f6-43d4-94de-a255b365db6e,21,played,5d6216e9-19d2-4f61-85ba-bdf6784a582f
503b8c21-8286-4fcc-9eb9-c59d39c47902,1a70c292-a44b-478e-8907-be3361f4b9c4,8da54fce-cddf-4276-91f1-1fdb79011427,23,queued,5d6216e9-19d2-4f61-85ba-bdf6784a582f
7d000fda-bf5c-4a16-bcf4-a9fce5ece819,1a70c292-a44b-478e-8907-be3361f4b9c4,b43a4241-e765-419e-82e1-f4058ae64046,25,queued,5d6216e9-19d2-4f61-85ba-bdf6784a582f
e95d18dd-6edd-4b40-8ced-78ce3124290c,1a70c292-a44b-478e-8907-be3361f4b9c4,f3d6ca1f-91fd-4b78-83b2-5c5d9a852e6c,26,queued,5d6216e9-19d2-4f61-85ba-bdf6784a582f
2d96f810-7f3f-4d88-9b7d-c9467c93248b,1a70c292-a44b-478e-8907-be3361f4b9c4,7b501d73-18b2-48ff-97b1-ae9ebc8635fc,27,queued,5d6216e9-19d2-4f61-85ba-bdf6784a582f
d48ff12f-1c57-416c-8425-85077226cf19,1a70c292-a44b-478e-8907-be3361f4b9c4,909ef257-f5ca-4c4e-adb6-402fbcc8929a,28,queued,5d6216e9-19d2-4f61-85ba-bdf6784a582f
a0c37a68-9981-484a-91e6-f6dd7d393311,1a70c292-a44b-478e-8907-be3361f4b9c4,8178a67c-73c2-481a-864b-ca28d2865930,29,queued,5d6216e9-19d2-4f61-85ba-bdf6784a582f
98ddf3bf-9cd6-4455-87fe-018d0e48316c,24aea13e-b878-4d33-ba06-ecf7d3cd20df,8c867981-179b-4cc4-9f0c-b3d13c910e1a,2,queued,8bebd83d-f61b-4492-8224-4580dc8cc1c1
8ffb3b0e-b08f-4dc1-86c1-efcf2025a0a5,1a70c292-a44b-478e-8907-be3361f4b9c4,6f0dec5c-2560-4664-ae0a-b091de1488e4,30,queued,5d6216e9-19d2-4f61-85ba-bdf6784a582f
b4162544-aae1-4740-b268-3a582b84a938,1a70c292-a44b-478e-8907-be3361f4b9c4,1185ed56-46f3-4079-9a41-d15478242a54,31,queued,5d6216e9-19d2-4f61-85ba-bdf6784a582f
7a13442b-f605-42e0-8551-e5b2dfe0b13c,1a70c292-a44b-478e-8907-be3361f4b9c4,89c23d1e-c1ce-46d5-bdaa-c3894da36dfa,32,queued,5d6216e9-19d2-4f61-85ba-bdf6784a582f
a9e4a928-f048-45b8-a73c-5eaff29eb077,1a70c292-a44b-478e-8907-be3361f4b9c4,35fcee88-adf5-427a-84db-768096f0cd9f,33,queued,5d6216e9-19d2-4f61-85ba-bdf6784a582f
2222d189-e959-463d-a86b-1427dd4a5da6,1a70c292-a44b-478e-8907-be3361f4b9c4,4f757ca5-ba2d-466b-b9b5-0464a9e1a1c9,34,queued,5d6216e9-19d2-4f61-85ba-bdf6784a582f
4e00530e-55fc-4be4-abe5-b9ea9d77983d,1a70c292-a44b-478e-8907-be3361f4b9c4,31e242cd-7ee3-4b11-8800-1d471d76b9b1,35,queued,5d6216e9-19d2-4f61-85ba-bdf6784a582f
a8e0daae-9ffa-4f25-a729-b56e521ed835,1a70c292-a44b-478e-8907-be3361f4b9c4,3b9f25a4-ac6e-4f7c-ae67-5faa89539478,36,queued,5d6216e9-19d2-4f61-85ba-bdf6784a582f
693f6b0e-6a3f-4d52-9053-04a759803e90,8a67ff7e-b4ed-4707-9f87-e2f80c20c6fb,27c6eb8e-65b2-408c-bc03-7a6504c2d050,1,played,845ce2e1-53a6-40a0-81f9-b08829d36259
87b199f7-0b4c-48e5-89a0-4c7618cacaa5,8a67ff7e-b4ed-4707-9f87-e2f80c20c6fb,f3e415f2-3c83-4ee1-88f2-47a39f22c786,2,queued,845ce2e1-53a6-40a0-81f9-b08829d36259
3e713e40-2578-4af8-8139-7cb642552b70,8a67ff7e-b4ed-4707-9f87-e2f80c20c6fb,37cdd0de-d332-421a-8ab9-72be9dc0687b,3,queued,845ce2e1-53a6-40a0-81f9-b08829d36259
50214f68-6578-40b3-afad-ccca44355711,8a67ff7e-b4ed-4707-9f87-e2f80c20c6fb,70d6484a-5b37-402e-9f8b-bc8ff32c9e68,4,queued,845ce2e1-53a6-40a0-81f9-b08829d36259
948b9ca1-2c2c-4589-8c20-591318fcebbf,bb622541-46fe-4986-9604-01285c5ecbd7,dfdddbcb-7959-45e7-b4f0-31cf1ed510d0,1,played,c8c56fa7-87b9-46d0-a8af-27ccbd89a99c
937cac80-8a59-44b7-b58d-3a21f80ec9b9,bb622541-46fe-4986-9604-01285c5ecbd7,d9cfb4e3-a425-4f10-8d8d-dfe489a03c62,11,played,c8c56fa7-87b9-46d0-a8af-27ccbd89a99c
dcc3a835-276e-45d2-b873-89216294e6e2,bb622541-46fe-4986-9604-01285c5ecbd7,207d662e-f7ed-453e-897b-4ca9afd24556,2,played,c8c56fa7-87b9-46d0-a8af-27ccbd89a99c
7fce877b-bd73-4fce-9b97-a9a9902d6b9d,bb622541-46fe-4986-9604-01285c5ecbd7,721f0788-0559-44fc-aa00-bea4c5c865fb,6,played,c8c56fa7-87b9-46d0-a8af-27ccbd89a99c
6122235e-6821-4161-923d-66c3dea3b54f,bb622541-46fe-4986-9604-01285c5ecbd7,4206158d-775b-4205-811f-0175f8ef7a6f,7,played,c8c56fa7-87b9-46d0-a8af-27ccbd89a99c
ba1d1453-be27-41e7-9e77-11f230ea1a07,bb622541-46fe-4986-9604-01285c5ecbd7,09540d9a-03c7-4348-86e1-5ba9e6e1c224,8,played,c8c56fa7-87b9-46d0-a8af-27ccbd89a99c
4643c9ea-0379-41df-8514-d973dae8f458,bb622541-46fe-4986-9604-01285c5ecbd7,37e9d7c4-732b-4f58-8d00-f3c7691493a3,12,played,c8c56fa7-87b9-46d0-a8af-27ccbd89a99c
da5f193a-cdad-47ea-8fcd-775b2492c65a,bb622541-46fe-4986-9604-01285c5ecbd7,f83a6796-38fb-4ebc-82a6-f3f6182442d6,9,played,c8c56fa7-87b9-46d0-a8af-27ccbd89a99c
12594b55-03c3-4280-8dd4-28dfd279159d,bb622541-46fe-4986-9604-01285c5ecbd7,6468052c-9888-4ae0-b1c4-7ee626369180,10,queued,c8c56fa7-87b9-46d0-a8af-27ccbd89a99c
ada3d380-91ef-494c-873a-e3e93fdad2e4,e308cd0e-91d1-48a6-ac14-f80a43ebaeb0,1e87baf3-3a2d-4d30-8425-3bfa9a9ec4e5,1,playing,ab2fb3a1-7a16-433c-86fa-0f37438c234f
608d36b0-336d-4700-a686-0c6acc1260fd,e308cd0e-91d1-48a6-ac14-f80a43ebaeb0,4a6d3bd2-10ce-4248-9769-c987b318cde1,2,queued,ab2fb3a1-7a16-433c-86fa-0f37438c234f
4e1b7597-df4e-465e-ba31-8a20f8f67e38,a6fbd76e-3484-45de-93af-47cd7feb7740,476b59a0-8faf-49ac-811a-6f3b0c1702f6,4,playing,bed27517-134e-43e5-b673-39e7d8d3f478
ba0f406a-11d2-4602-9b85-ad692f901bd1,a6fbd76e-3484-45de-93af-47cd7feb7740,6db80a22-b576-4170-90b9-85cf9ce04f7a,5,queued,bed27517-134e-43e5-b673-39e7d8d3f478
656bc2f6-ee95-4186-8390-65cc7f3b00fd,a6fbd76e-3484-45de-93af-47cd7feb7740,5b1d4557-7d67-4ae0-830b-b85d4bdab13c,11,queued,bed27517-134e-43e5-b673-39e7d8d3f478
89e02d09-89f9-4fe2-94b2-e30d75d95fbc,a6fbd76e-3484-45de-93af-47cd7feb7740,1ec88ac0-899d-4ec1-8553-9a446109aad2,6,queued,bed27517-134e-43e5-b673-39e7d8d3f478
3f822847-5962-42df-9b27-f6d16f390864,a6fbd76e-3484-45de-93af-47cd7feb7740,5042ab0a-dfde-4e0b-aa43-15bbfa7922f0,7,queued,bed27517-134e-43e5-b673-39e7d8d3f478
0591ac10-2741-44cf-ac75-793b9b4cea79,a6fbd76e-3484-45de-93af-47cd7feb7740,89d328bc-73c5-4996-89e8-786fef37e56a,8,queued,bed27517-134e-43e5-b673-39e7d8d3f478
c562b07b-fb2d-432a-add5-c829905125a4,a6fbd76e-3484-45de-93af-47cd7feb7740,9dcc29b1-63a9-4224-84dc-09103e2ccf18,9,queued,bed27517-134e-43e5-b673-39e7d8d3f478
e544f46f-5a55-4bd1-a162-8283d1879fe6,a6fbd76e-3484-45de-93af-47cd7feb7740,a524975b-29a1-4199-b373-6fb77af049ce,10,queued,bed27517-134e-43e5-b673-39e7d8d3f478
db054173-5343-4be5-a0e2-a1100d7baca1,a6fbd76e-3484-45de-93af-47cd7feb7740,97185109-e052-4062-b7b9-906c9dfa2561,12,queued,bed27517-134e-43e5-b673-39e7d8d3f478
e3de871a-34fe-4521-aa96-b1fdd9446a8c,a6fbd76e-3484-45de-93af-47cd7feb7740,08e8a7f6-f7df-41db-b421-1beda8e604e2,13,queued,bed27517-134e-43e5-b673-39e7d8d3f478
858f72c1-f940-4b01-a994-d167b9e5f0b8,a6fbd76e-3484-45de-93af-47cd7feb7740,3d6fee65-2590-4114-bbbc-c0c9a571ba72,14,queued,bed27517-134e-43e5-b673-39e7d8d3f478
6d079e86-25f2-4b59-86f0-85d993214a47,a6fbd76e-3484-45de-93af-47cd7feb7740,e260a0ff-1218-400c-9a03-6a030228935e,15,queued,bed27517-134e-43e5-b673-39e7d8d3f478
48634613-d4b5-486f-be92-7bb452305470,a6fbd76e-3484-45de-93af-47cd7feb7740,80f8cac8-f562-43a3-9fa5-5475b718757b,16,queued,bed27517-134e-43e5-b673-39e7d8d3f478
1c7c643f-58a6-4d17-bba2-e1bc505cb003,a6fbd76e-3484-45de-93af-47cd7feb7740,4d3b7b16-2a68-428d-8f4b-a65d6892f9c0,17,queued,bed27517-134e-43e5-b673-39e7d8d3f478
b40cbed5-e575-4c6b-b0f7-0d053eba8c71,a6fbd76e-3484-45de-93af-47cd7feb7740,381a7bda-2cdd-444e-973d-8b50725beae9,18,queued,bed27517-134e-43e5-b673-39e7d8d3f478
af466c19-85d5-44f3-91f1-fce6969a7557,a6fbd76e-3484-45de-93af-47cd7feb7740,785f96b1-2e26-48be-ac35-fade610b3d76,19,queued,bed27517-134e-43e5-b673-39e7d8d3f478
8339a75e-565c-4d22-a5ad-d5b69bd6a917,a6fbd76e-3484-45de-93af-47cd7feb7740,40fd5cdf-06c4-473f-a7e5-8f0ef7067746,20,queued,bed27517-134e-43e5-b673-39e7d8d3f478
d87030e6-1e99-4177-bc83-e5816bf15727,a6fbd76e-3484-45de-93af-47cd7feb7740,1902ded1-7cad-476c-94d3-452f35375cef,21,queued,bed27517-134e-43e5-b673-39e7d8d3f478
5e96b7fc-4fc4-403c-9533-388234e911ca,a6fbd76e-3484-45de-93af-47cd7feb7740,f3746e96-dec8-4367-9c83-77ce2fa33182,22,queued,bed27517-134e-43e5-b673-39e7d8d3f478
10d6ee8c-a350-4325-be04-f1afe4f56bf7,a6fbd76e-3484-45de-93af-47cd7feb7740,df3bc56c-0c8d-4c80-ae5c-02b0d8a4c6c0,23,queued,bed27517-134e-43e5-b673-39e7d8d3f478
d5543b10-f621-40ab-84a2-d4641599d1bc,a6fbd76e-3484-45de-93af-47cd7feb7740,daf832a0-c978-4a91-bf07-fa0aa51b436c,24,queued,bed27517-134e-43e5-b673-39e7d8d3f478
9507cdcb-2331-4141-83c6-472a9e163517,a6fbd76e-3484-45de-93af-47cd7feb7740,8d824413-83ca-4351-aa72-856ded667b16,25,queued,bed27517-134e-43e5-b673-39e7d8d3f478
faa08670-d394-4364-95ce-6ae4d5ef4801,a6fbd76e-3484-45de-93af-47cd7feb7740,eac50b8a-5e7e-43e2-a72d-fd3aeb53b874,26,queued,bed27517-134e-43e5-b673-39e7d8d3f478
8ac93576-505d-4730-99f8-1a29b919eb24,a6fbd76e-3484-45de-93af-47cd7feb7740,a1fea7b8-2df1-4a53-915e-7345a7d30669,27,queued,bed27517-134e-43e5-b673-39e7d8d3f478
d32e8aa3-01a4-4424-b522-7c552ac93e92,b798158b-fb0e-492e-a848-c4ff480c30ba,9fda7e4c-33d8-412c-b086-f5da4d8762b3,3,played,87fb45a8-7004-40fe-acae-35cadacf8e91
dbc00671-2746-4e2b-99c7-87d3e1f7b8a8,b798158b-fb0e-492e-a848-c4ff480c30ba,e02d3197-e6d3-41b9-86a6-0bb7c25daa27,5,queued,87fb45a8-7004-40fe-acae-35cadacf8e91
3c371fe2-01d7-49c9-9e0b-3a3bf0d9f460,b798158b-fb0e-492e-a848-c4ff480c30ba,77029b31-c030-4598-809d-0e67bb65a77d,6,queued,87fb45a8-7004-40fe-acae-35cadacf8e91
afc29eeb-9b31-4dcb-aa7e-bfc71a9fc1a2,b798158b-fb0e-492e-a848-c4ff480c30ba,14705299-68a9-4b5a-b6c4-11649bbdbedc,7,queued,87fb45a8-7004-40fe-acae-35cadacf8e91
20dbbdc8-45bd-4937-b7ca-25435b0d9cd5,b798158b-fb0e-492e-a848-c4ff480c30ba,9ce3c939-c5ed-42d0-90b7-32f1a0988a6e,8,queued,87fb45a8-7004-40fe-acae-35cadacf8e91
8c0870ec-77e8-417f-af09-589fd81e1f79,b798158b-fb0e-492e-a848-c4ff480c30ba,c56fd666-9afc-4ea2-862d-1e2088f89b54,9,queued,87fb45a8-7004-40fe-acae-35cadacf8e91
e1bcb609-a982-4184-a3ff-f5b4492807a5,bb622541-46fe-4986-9604-01285c5ecbd7,fcec411a-e418-4690-b894-6c11a658f154,4,played,c8c56fa7-87b9-46d0-a8af-27ccbd89a99c
34760278-f64b-4849-9e76-7111c379f938,bb622541-46fe-4986-9604-01285c5ecbd7,dfa2465a-f4b0-473c-a22c-f2f83d17c89b,5,playing,c8c56fa7-87b9-46d0-a8af-27ccbd89a99c
1fc19eeb-8865-43fb-8c34-ed1bfcc50d92,bb622541-46fe-4986-9604-01285c5ecbd7,b5df4a0c-4f4e-48ad-94b9-ab927ac5fdd3,3,played,c8c56fa7-87b9-46d0-a8af-27ccbd89a99c
ae583944-1384-44af-91ec-f956b93c0e5f,736fe781-1116-4dd8-a550-42242756be6a,2cba450a-34ca-4146-8bd0-b62115716e83,1,queued,b9179a49-e60e-41e2-86f7-f55e9dd29af1
8c85b7c8-5dd4-4361-934c-a8e0975d9dde,3a48aab8-d5c0-4878-8979-13e742a5dd44,526152bc-fc23-4173-8fdb-6d4c918e73bd,1,played,20a723b0-60cc-4469-a9b7-18e4cff70cf2
1708b100-0b22-49e3-87da-e24d0242d0c9,3a48aab8-d5c0-4878-8979-13e742a5dd44,a7817d57-de40-46d8-9b8d-c25b001c0c0a,2,played,20a723b0-60cc-4469-a9b7-18e4cff70cf2
97a10a87-6fc9-4b74-a83a-5fbf1b54c51d,3a48aab8-d5c0-4878-8979-13e742a5dd44,e0ba2420-6c50-4d67-bb7a-e8a9d46d6667,3,playing,20a723b0-60cc-4469-a9b7-18e4cff70cf2
1acd3689-5fcd-4334-a17e-f42b2c92e77a,0a35caf7-d1f4-40ba-82e6-c1a7e4a75e6a,b4e9f098-3517-4715-8edf-ccc4328b516e,1,played,16ca37d3-3f7e-4510-a291-61f75d09fbdd
0fbad362-7ed0-4ed5-8e4d-5568c228f6be,0a35caf7-d1f4-40ba-82e6-c1a7e4a75e6a,8b274ed0-d3d5-4b37-9225-58ea52b537be,2,playing,16ca37d3-3f7e-4510-a291-61f75d09fbdd
c9b21f87-725f-49aa-8458-8a92d4e47b09,7648b87d-bf2e-4caa-97a6-b94a2ae64b41,38a24476-821e-404f-8483-6766c7c12456,1,queued,c752268e-c00d-4880-bf66-06854f555ea7
9d4c36bd-9586-44ff-b7dc-a39c994ad18a,595191ee-7da2-467a-881a-ac15aaa9ba56,f788027b-1ede-48fd-ac8f-a95fd8f4cb59,1,queued,c9b1f4e4-3206-4dea-8dd9-a1f2eb2ce334
a4ead32c-bc69-4c58-98ae-9979287dd237,dfda812c-51c2-496d-bf01-bdc6bd22a020,9c8f7865-a8a9-4d3c-8837-ed5dad13c072,1,queued,151d8446-22e6-458f-a466-e8cb51df8ed3
018cf501-45e4-4fe5-83f9-f355e48b7227,285d8175-c4e0-41f6-8528-31500183a77e,8a2601d7-d3ed-4cbe-8490-c0f3820b7032,1,playing,a948ee67-b96e-409c-bc81-76c607bac399
4da38663-3569-49b0-957f-ea55c65a1556,c4a9f100-9555-4f7b-9e81-450ca0066f93,d518b0b0-7465-4c74-a2a5-16b2563cf1e8,1,queued,55bfd463-4839-437a-9cd2-0c72ffc8762e
4ff0b538-b700-4a29-b0ee-410a7b8bc429,91448929-9990-4017-a69c-93ea44cd1f0c,234d5b99-5775-4a7a-9c4b-62ceb86812fc,1,playing,8af7d806-9e86-4e0a-9376-c5895bb4620b
b1b11a67-2691-4aba-87f3-aa6ac1286e8e,40ca3bbe-e23e-43a9-8391-9877407f6bb7,f7b6adaa-fde2-4b03-ad19-aed5ab58e5ae,1,playing,657625ee-8d93-4951-98b5-966a2c7fbe87
e1cede5a-43e3-4ecf-a826-eb25430d2f7d,46d22a04-814d-4b5a-ace8-3f3c112a2215,ef8ec68b-b1de-4e8c-bc78-ef8c3a111b61,1,playing,5d207b00-fca3-4b6d-acde-b3630a5884ff
f04f9535-040e-4aff-baa0-a2e5a5a36be7,2964b6c2-04f4-4898-b8df-9346d45c9a9c,f3bd799f-7deb-4b09-92b6-ec6e09759156,1,playing,cc95f45d-06b0-4741-9f42-e0cebc25a17e
1cb95927-c99b-47cf-a0fb-d140899598bf,e10a657c-06c8-44b4-9902-105c2f53a466,037dca52-2c28-46cc-ad0e-cbfcd425a733,1,queued,97a857bf-0083-4e5e-a84d-a8fbfe402ab2
2af8df2d-b082-4fb5-b0a3-678d5103666d,d47919fe-4991-409e-a479-fd593c0e4ff2,d56a5ddf-8a1c-486e-b033-5497b91995a5,1,played,d61cf570-300a-4187-9146-63d565421788
77c28745-ed43-4667-8c8b-6af08678efc3,d47919fe-4991-409e-a479-fd593c0e4ff2,7fad6573-d71c-4011-80ee-fb9ac1756c78,2,playing,d61cf570-300a-4187-9146-63d565421788
fd2c935a-8b41-4838-85a0-afd3ec15a402,d24d413c-2122-420e-80ce-7a7f6be80b3f,32920d11-5fee-498a-abbb-0adcfd79df6b,1,queued,9ae3fcb7-27e7-443e-9407-a09c1e985958
07cda577-0364-429f-a040-90f34d11ef28,63465170-a635-44a8-b54e-4a6f0ae8ee39,e59dc7ae-7868-47e8-82b5-90d9a14853cf,1,played,9ae3fcb7-27e7-443e-9407-a09c1e985958
89dddb63-3bac-474b-8295-241a86ec19e1,63465170-a635-44a8-b54e-4a6f0ae8ee39,32920d11-5fee-498a-abbb-0adcfd79df6b,3,played,9ae3fcb7-27e7-443e-9407-a09c1e985958
5d316a9b-4521-4284-bb48-862863f19a4d,29a39985-7c8b-4826-a200-f0fa2880c754,6ac8bfc8-d9d8-4fd0-8a7d-60ef2fa6d02e,1,played,7f9411a6-0a3b-4b87-9a80-dfd463ec3582
eee1c95b-e153-4636-af6d-0bca62ba436b,29a39985-7c8b-4826-a200-f0fa2880c754,6045a24c-7e8e-4e73-b103-a633995236d7,2,played,7f9411a6-0a3b-4b87-9a80-dfd463ec3582
54527330-f3c2-4138-b52e-34571601e729,29a39985-7c8b-4826-a200-f0fa2880c754,357bd8c6-6e29-42e8-9317-7acf48bbcab8,3,playing,7f9411a6-0a3b-4b87-9a80-dfd463ec3582
e2d04283-72f7-4ef1-8518-380e24af67b9,29a39985-7c8b-4826-a200-f0fa2880c754,a46454a4-cd08-4bef-8773-d207c308c1f1,4,queued,7f9411a6-0a3b-4b87-9a80-dfd463ec3582
7f918135-8f4c-4318-a545-85e57d8ce0cb,27c40a88-1c00-4703-9246-b3292d70e253,597a7775-4db9-49a6-89e9-3bcbf1fc2081,1,playing,e252af27-ed10-4fb3-a78f-ad7cdc40f32d
484088e4-9eb3-49b0-af12-bb3e539a9baf,63465170-a635-44a8-b54e-4a6f0ae8ee39,614df2cc-c54f-498f-bf08-220873bfbdc6,2,played,b9ac543b-2124-44d4-b118-b8cdcd31bc6a
372c5cf9-f9fc-497b-b781-72e13559d513,50a87a6f-0be5-4683-8e0a-50445ca3208f,8c4f9c41-9914-4fe8-83c4-77404551b4cb,1,played,daba18bd-18d2-4582-9c06-962a6987603f
a4b07e2c-b334-4c5d-a8de-af84291f9a00,50a87a6f-0be5-4683-8e0a-50445ca3208f,1ef27ba7-6911-4073-b139-abe5bf8852e1,2,playing,daba18bd-18d2-4582-9c06-962a6987603f
d97b7041-d160-4d4e-be07-db94a3378c46,30d766af-6968-48bc-938e-33b616964f6e,58292208-3efa-48f2-9100-bb6718e13670,1,playing,07bee76f-5dfc-4b17-a5c9-c98d48e7ca2b
81f18f70-6a28-4153-8716-a0bfb2bf7aa4,5e1b32fb-78e1-4fed-ac36-00cd50a44190,a780448a-03d8-4974-ba9c-2b19d4fc4e6b,1,playing,f7aebd48-020b-4bf3-9bf1-f5869b5f1a6e
5b3487b4-055f-4f6e-afcf-ba1c04d81803,5e1b32fb-78e1-4fed-ac36-00cd50a44190,269ab481-c467-4529-8676-2eedb4966bc6,2,played,f7aebd48-020b-4bf3-9bf1-f5869b5f1a6e
5b3d2055-4403-43c9-a105-6cd7beb3ce6e,5e1b32fb-78e1-4fed-ac36-00cd50a44190,f36dfaef-1243-432e-94e3-7dd5ed6b300d,3,queued,f7aebd48-020b-4bf3-9bf1-f5869b5f1a6e
88627f81-990c-48d7-bfdf-8d38de3a08c1,5e1b32fb-78e1-4fed-ac36-00cd50a44190,8b431664-c2eb-4498-80f5-89fa132c376d,4,queued,f7aebd48-020b-4bf3-9bf1-f5869b5f1a6e
47bdf701-a331-4a93-b508-51e4082f4a7f,5e1b32fb-78e1-4fed-ac36-00cd50a44190,11ce54c5-d15f-4b06-9e69-e6fe657959c4,5,queued,f7aebd48-020b-4bf3-9bf1-f5869b5f1a6e
2537e278-dc36-49c4-bfb1-ea4379502282,5e1b32fb-78e1-4fed-ac36-00cd50a44190,bea0663e-4370-4854-a855-2d8aea882693,6,queued,f7aebd48-020b-4bf3-9bf1-f5869b5f1a6e
6499a80e-1770-47a3-9763-8b7bc3e7de19,5e1b32fb-78e1-4fed-ac36-00cd50a44190,fe941834-a206-434d-93fc-2718e710bae9,7,queued,f7aebd48-020b-4bf3-9bf1-f5869b5f1a6e
cd086d76-b574-445c-83cb-5c258062e3eb,5e1b32fb-78e1-4fed-ac36-00cd50a44190,d319bacf-d54c-4979-8b92-f2705ca744bd,8,queued,f7aebd48-020b-4bf3-9bf1-f5869b5f1a6e
5de81885-0c30-44d2-80d4-80e8ec26b7e2,5e1b32fb-78e1-4fed-ac36-00cd50a44190,0bda49f9-cf03-4645-afde-4ea6683fddbf,9,queued,f7aebd48-020b-4bf3-9bf1-f5869b5f1a6e
ff4a6a65-f86b-4541-a5c5-7f883168fa45,5e1b32fb-78e1-4fed-ac36-00cd50a44190,d2866549-4e0e-4354-b9c9-a1a6997c1a97,10,queued,f7aebd48-020b-4bf3-9bf1-f5869b5f1a6e
6b2f5a02-efcc-4ff1-b7fe-e6b569d23829,80027a95-fb08-44cc-b9b2-d54e8ef14e87,0c22657d-b105-499d-b488-d6b210343050,1,played,8e48a752-6abc-4d06-9f7a-eca4f6cac331
31a61168-4a59-46d7-935d-87bd375c9951,80027a95-fb08-44cc-b9b2-d54e8ef14e87,2518967c-a73f-4910-ba50-2850fa00c944,3,playing,8e48a752-6abc-4d06-9f7a-eca4f6cac331
cdd24659-39ed-47ed-a84f-bbd2b6bb8bcf,9fd3f08d-eb46-4e9b-b175-3c32b632dd84,34d2767e-dc28-45fb-ae60-b7840942e2d8,1,playing,4f2a1b61-0ab8-40d7-9145-1cccfc684429
c5f75ee4-bfc7-4a0f-956f-9d6f20570154,7fb89d93-54ad-4ad3-88c7-44e762041fd8,b70ae546-dac3-42db-b3c2-e413bb10245a,1,played,eb286764-2dc8-4771-9c44-28baeb793dd6
41631b90-4e01-4eaf-a69a-b73568d8c514,7fb89d93-54ad-4ad3-88c7-44e762041fd8,33022005-cfe0-4342-b3c6-0da150868fd9,2,playing,eb286764-2dc8-4771-9c44-28baeb793dd6
bd06229c-14d1-4e69-b994-8992cd1c8f6e,1a70c292-a44b-478e-8907-be3361f4b9c4,aa336930-1e77-436e-8a15-b2b08173c121,1,played,84b4f9fa-8919-485c-978a-f56c51fdce59
b078d1f3-b744-4e09-bb6c-f664807069f5,1a70c292-a44b-478e-8907-be3361f4b9c4,d564d5b6-8f4c-49a7-96ca-d4f8e8a861db,4,played,84b4f9fa-8919-485c-978a-f56c51fdce59
13e42095-e031-4a29-aedf-2fecec900ddb,1a70c292-a44b-478e-8907-be3361f4b9c4,9936bc71-8feb-4138-9353-be25af573d83,6,played,84b4f9fa-8919-485c-978a-f56c51fdce59
ef20cabc-68f4-4898-8c1f-0a5cd6e0259f,a8b3cb68-b49e-4996-8629-e3ff3979270a,f38a7c09-7ac4-442c-a21b-6aa9fda517f6,1,queued,dbebb59d-d763-4a57-990b-5291a9effc4a
a92651fa-342b-45de-a0f7-2c923d21196f,80027a95-fb08-44cc-b9b2-d54e8ef14e87,86de6127-84e2-4d50-915b-927abdfffb1d,2,playing,c5d6208a-4ca2-4636-9e94-e284a45b0098
cde82c09-7b1a-487f-bc92-259f8e49a36a,80027a95-fb08-44cc-b9b2-d54e8ef14e87,e44456c1-6bca-4d90-afb9-83b9da2ff710,4,queued,c5d6208a-4ca2-4636-9e94-e284a45b0098
b9e208f9-1a41-4c46-8258-a5f14dac587e,9e53ccd4-9324-4ed7-88da-3b73c0701912,9dd7913e-28dc-42c9-a72f-a0964b235df6,1,queued,43fe014c-bde4-4e80-abf1-8ff3b65294c0
2db282d1-7025-467e-8952-15a035251b34,9e7b9b3a-19e0-4897-920a-6d2aa8f89dfc,25562d2c-2bd3-43a9-8b7a-0f576a74b75c,1,played,2e644e0b-e18c-43c1-a2c6-0870602f6915
4e6c989a-7967-40f4-be8b-c26f786fa3cb,9e7b9b3a-19e0-4897-920a-6d2aa8f89dfc,2585085f-6e7d-498d-9e35-dd05562866ba,2,playing,2e644e0b-e18c-43c1-a2c6-0870602f6915
61c072ce-0668-485b-b80a-69a3156dc7ab,a9a5758e-b421-4635-b74c-c9acf54210da,85a9bd00-be73-4a8d-90fc-e8ca64f5afd4,1,playing,a948ee67-b96e-409c-bc81-76c607bac399
548d868c-1a39-4445-9a7d-62fd4d7dc407,a9a5758e-b421-4635-b74c-c9acf54210da,2dc179d6-b5c6-4998-99bf-b2cd2297dbe8,2,queued,a948ee67-b96e-409c-bc81-76c607bac399
04281b3a-d8d4-4e42-8504-be16a1f8e9e0,1f4e172b-d55a-496a-9ea2-f0a962b90e4b,70f65eb0-23c1-4a09-8d80-24305111e2f9,19,queued,32259c8c-2c1f-4a67-a60b-53031f13185f
3a2909e3-47a5-4017-bc78-a4fe38570670,94639ee5-b6b6-4c18-8259-35f827d6812b,b76dc4b7-7364-48a7-aef3-b428d6f84b9c,1,played,32259c8c-2c1f-4a67-a60b-53031f13185f
062052fc-e874-4ad5-a2f7-1e3019067a62,94639ee5-b6b6-4c18-8259-35f827d6812b,351bc848-d442-41de-bedf-6622b6f040d0,10,played,32259c8c-2c1f-4a67-a60b-53031f13185f
e5aad600-edb6-48a8-924b-b880538d7347,94639ee5-b6b6-4c18-8259-35f827d6812b,e8a87924-990d-4641-a5f5-455c135f9f84,9,played,63ef16eb-8ec1-4933-a588-fdb852f8e293
983e773c-4af5-41ce-a6cc-92519b3f0613,94639ee5-b6b6-4c18-8259-35f827d6812b,a0d941c5-142b-4049-a0e7-de46f783f233,4,played,16650b16-7613-40f8-ab40-2785d413bc6a
d64411b0-abf8-415e-a16a-1a3bca15f42e,94639ee5-b6b6-4c18-8259-35f827d6812b,78cbf78f-f47e-460e-9823-0a2040a6a9c9,7,played,32259c8c-2c1f-4a67-a60b-53031f13185f
ee37f472-0226-4fba-8ab7-80f08974e267,94639ee5-b6b6-4c18-8259-35f827d6812b,0f4f525e-34b0-47f3-8daf-60c47fe13531,11,queued,32259c8c-2c1f-4a67-a60b-53031f13185f
f354c585-cf0e-4535-b2e1-f957c2f45425,94639ee5-b6b6-4c18-8259-35f827d6812b,ee0fe535-d82b-4f23-8585-881ddeb8c3ac,12,queued,32259c8c-2c1f-4a67-a60b-53031f13185f
9fad8924-3240-4533-83eb-4885c6566662,b63b10ee-5525-45ed-a6af-bf4cc175d553,378c472c-9767-419b-8ee3-7dbfae003253,1,playing,6bf3fcfe-e4d7-42d2-b386-3ce48b285eb2
ab4d71b0-a983-491f-9bae-fc8e90ee3001,b63b10ee-5525-45ed-a6af-bf4cc175d553,6a8a5cde-dfe9-464a-9d50-e3b462642f9c,2,queued,6bf3fcfe-e4d7-42d2-b386-3ce48b285eb2
0171a296-7ec5-4c15-9249-a9ace6a7366f,8847d6b6-af1c-4d81-9a0a-60856aa43531,d5baf90b-a7e3-40fb-969a-1b6ea1dc5ba3,1,playing,57bc3b17-3958-4be3-a3c9-f382fa19795b
85de30e4-9aa1-41d1-bbc2-fddaa20a8e8d,94639ee5-b6b6-4c18-8259-35f827d6812b,11e9d58d-60ea-4750-a8ff-d4c960b16911,8,played,16650b16-7613-40f8-ab40-2785d413bc6a
79a23df8-f207-4bf6-a5d4-12aeae8c6da3,94639ee5-b6b6-4c18-8259-35f827d6812b,3a836b65-8c62-4f5f-b6c5-c07f8c65a4d1,3,queued,63ef16eb-8ec1-4933-a588-fdb852f8e293
70e599d8-406a-463d-8934-46a30b024555,94639ee5-b6b6-4c18-8259-35f827d6812b,429ba8de-0af1-4720-b3fe-051f3e0d2975,5,played,63ef16eb-8ec1-4933-a588-fdb852f8e293
06ee9f30-b1e9-4ea4-b9de-264ca5724777,297a4a87-4468-4c29-bf04-f9c4f648acf5,57dcca05-7d08-4093-af5d-8f2c1c0d628f,1,playing,6302d5e7-6a98-44b9-8563-f11d1e91de61
e63aa45c-d1f9-43a8-823f-e5a06a3c9820,27a723d8-a47f-4e8d-b695-65b65f70b116,5f6a6846-299e-4550-b4d8-4dfc02db1eb8,1,playing,6302d5e7-6a98-44b9-8563-f11d1e91de61
ca104214-132c-4bd5-bf5d-4fca5261835e,0ef9b873-ac3b-4cb9-ac95-c2df8904cb38,ea82c52e-b4f0-4fa6-a3b1-9d5b6383fb8f,1,playing,09f00fac-5d9c-435e-8032-dbc0292e1f2f
583658da-5f02-4ba3-b70b-b3d10861ecd8,0ef9b873-ac3b-4cb9-ac95-c2df8904cb38,f0c90e5f-8075-4ba3-bcb6-fe8bdffb32ed,2,queued,09f00fac-5d9c-435e-8032-dbc0292e1f2f
836d5bed-4204-4cf9-866d-92884014dc10,0ef9b873-ac3b-4cb9-ac95-c2df8904cb38,a67ed338-3c19-4582-8563-6ddda792f9aa,3,queued,09f00fac-5d9c-435e-8032-dbc0292e1f2f
ef46e5a7-f0ef-46f5-aa2a-1f40e8c0f752,0ef9b873-ac3b-4cb9-ac95-c2df8904cb38,aece6c3d-e46c-425e-8f17-cd88d9dcb5ce,4,queued,09f00fac-5d9c-435e-8032-dbc0292e1f2f
9f0f95be-1c9b-4b88-ae7a-23148eb00328,0ef9b873-ac3b-4cb9-ac95-c2df8904cb38,09dfd3a6-df60-4333-ae43-707fc26b6bbd,5,queued,09f00fac-5d9c-435e-8032-dbc0292e1f2f
8d2aa6cb-65d2-4984-938e-97428d63fd15,0ef9b873-ac3b-4cb9-ac95-c2df8904cb38,c29631b4-e3ef-4dd0-86d4-612cfaf55004,6,queued,09f00fac-5d9c-435e-8032-dbc0292e1f2f
1388a5a3-e89b-4b11-8e48-f5461d553ac3,0ef9b873-ac3b-4cb9-ac95-c2df8904cb38,316368c1-a743-40cb-9797-b049bf44892a,7,queued,09f00fac-5d9c-435e-8032-dbc0292e1f2f
89a4962e-7d60-40d0-bb14-7ca1b9310347,0ef9b873-ac3b-4cb9-ac95-c2df8904cb38,339ff7c8-b42d-45c1-9025-bf4670bcd0bb,8,queued,09f00fac-5d9c-435e-8032-dbc0292e1f2f
6b1a9e7c-bf69-4e7f-a90d-b576b9a012c3,0ef9b873-ac3b-4cb9-ac95-c2df8904cb38,2c9d49e1-a1cf-427e-a52b-f2374a88cee7,9,queued,09f00fac-5d9c-435e-8032-dbc0292e1f2f
2cdb3001-15fc-4015-9cfa-5f1298196dd4,0ef9b873-ac3b-4cb9-ac95-c2df8904cb38,419bcdfb-207e-4ccf-b95e-fb5fb64c4894,10,queued,09f00fac-5d9c-435e-8032-dbc0292e1f2f
13ca7548-5a90-4fb1-901a-8737e10a5379,731f8207-d764-419e-89c9-58f30fca78a6,7c929eac-d1b1-4431-8c2b-ec7416f63b94,2,played,bdabbe1f-2c85-4f01-9eb3-c1d917c5b062
5fe739fa-2aaa-4745-b940-c707b2a1a5d2,5040e748-4ce6-4df5-9962-6bd5ee59a60c,5c595e37-7993-4319-a8b1-eda58eb7c78a,1,playing,40409b8d-3da4-4445-ae56-89423f4be440
0ef9b1c8-29b2-469e-80dc-38ad439797b1,731f8207-d764-419e-89c9-58f30fca78a6,01f979d4-00f3-49c5-b3bf-6f71ff0d564a,3,played,bdabbe1f-2c85-4f01-9eb3-c1d917c5b062
9bd795ac-1940-4f37-8bc4-88710bb2a03a,94639ee5-b6b6-4c18-8259-35f827d6812b,83b2d09c-b4d4-494e-b21b-0ed0d4d1c194,2,queued,16650b16-7613-40f8-ab40-2785d413bc6a
7eeabc7c-fe66-4b4a-a515-c8baeb268bda,94639ee5-b6b6-4c18-8259-35f827d6812b,8724a71f-42f8-4450-9ffd-c0fd9d222786,6,queued,16650b16-7613-40f8-ab40-2785d413bc6a
973dfcff-6343-4ecb-a3f4-47570fe1bd8d,8bf362f6-119a-4496-bb5c-9aed55a52feb,e14225b5-eb7c-4f3c-a9ab-4408fc8f97f7,1,played,12ca52be-ca82-43c5-b3ee-1bb3f1fb4e9c
dbefad84-aff7-407f-a9a0-5315eed3215c,802e757d-cad9-4997-8a43-b49e6a329d06,b69f6306-b049-4ecb-9bc7-c2e11545eca4,1,played,0d31ec74-de3e-469e-8387-06c1ef17824d
dfc3f282-8123-465c-b7e3-8cbb1f78fcd0,802e757d-cad9-4997-8a43-b49e6a329d06,ce3197fd-fd97-4dda-8c5f-7552db7dd01e,2,played,0d31ec74-de3e-469e-8387-06c1ef17824d
3723b716-b7e8-47df-baa5-d7e53fb66149,802e757d-cad9-4997-8a43-b49e6a329d06,a5457e4a-cf4a-4ada-bb47-4afbfb585945,3,played,0d31ec74-de3e-469e-8387-06c1ef17824d
9adce4e0-8785-4e73-ba4f-b80accc66eec,802e757d-cad9-4997-8a43-b49e6a329d06,92b05bc0-c1a7-4929-bfd8-816ae7b00545,4,playing,0d31ec74-de3e-469e-8387-06c1ef17824d
66661270-535f-4c9f-867c-1ec7b61fc6a1,8bf362f6-119a-4496-bb5c-9aed55a52feb,b2507d90-26c0-48e3-8f9f-7c1affc0458e,17,played,721255c8-66b9-4f25-89af-2a3343016001
49755993-1512-4282-833f-46ba7a239f81,731f8207-d764-419e-89c9-58f30fca78a6,c612317d-c84c-4f21-9cf4-df28560223e1,4,played,bdabbe1f-2c85-4f01-9eb3-c1d917c5b062
e7f7195a-4e8e-4865-8476-1e5140845215,8bf362f6-119a-4496-bb5c-9aed55a52feb,9c188321-82c3-43df-9cbd-c63444846364,15,played,3c536dfb-7f4c-49f7-bf85-cd1a003578cd
f0bb9d12-6e1f-4321-890e-860c7d0dad3b,8bf362f6-119a-4496-bb5c-9aed55a52feb,741d5f75-9ae1-4496-8121-56bb2b528165,14,played,3537f780-c9ba-4163-bc81-007a47571e33
930aa4dd-0f20-4935-8706-ac7ded779ba9,8bf362f6-119a-4496-bb5c-9aed55a52feb,f971f2d8-9024-4c23-9048-a459c6706259,16,played,3537f780-c9ba-4163-bc81-007a47571e33
9baf3172-9ff3-4c2e-a323-ac2f8a6a8198,731f8207-d764-419e-89c9-58f30fca78a6,4132ff69-c797-40e2-be77-68d6d0d7c368,5,played,bdabbe1f-2c85-4f01-9eb3-c1d917c5b062
97791664-c2d2-4fe1-9cdb-556b67f10df0,8bf362f6-119a-4496-bb5c-9aed55a52feb,ba2983b9-0b67-4ff7-ac2e-7bbea656e45f,13,played,cd1e4fdc-4095-4a89-a60d-0f116ad1685b
4b6e14ed-83b5-4981-81a6-3d41f37d607f,8bf362f6-119a-4496-bb5c-9aed55a52feb,5595a59e-6729-4304-af20-652a410cca72,12,played,3537f780-c9ba-4163-bc81-007a47571e33
4d0f9938-11c8-4be7-a6c0-7bef4bd3c5ad,8bf362f6-119a-4496-bb5c-9aed55a52feb,c33705cb-7551-4747-b1bf-9fd69e3b962e,10,played,cd1e4fdc-4095-4a89-a60d-0f116ad1685b
4d39c617-fcbf-491d-a742-4ccfa549b13c,8bf362f6-119a-4496-bb5c-9aed55a52feb,cddc600d-9a00-47f6-8378-e4c64aff906d,8,played,3c536dfb-7f4c-49f7-bf85-cd1a003578cd
14702a9c-4e7c-4175-892a-762071cb786e,8bf362f6-119a-4496-bb5c-9aed55a52feb,74a59771-c94a-4066-8c2a-565c9c706dd7,7,played,3537f780-c9ba-4163-bc81-007a47571e33
c8c397d2-c37e-415f-a965-27c3ed8e5c20,8bf362f6-119a-4496-bb5c-9aed55a52feb,ee8addda-0a75-4cef-a888-373de9baa630,6,played,3c536dfb-7f4c-49f7-bf85-cd1a003578cd
f336528f-e1b7-42cd-a89a-ec77ed300c1f,8bf362f6-119a-4496-bb5c-9aed55a52feb,310561ab-395b-492d-baf4-12aa1176ca25,5,played,3537f780-c9ba-4163-bc81-007a47571e33
a41cb367-d5da-4cdb-93b7-94addeeec67a,8bf362f6-119a-4496-bb5c-9aed55a52feb,6595ebb1-6b64-4617-9ce9-c21f5cbe37e6,4,played,3c536dfb-7f4c-49f7-bf85-cd1a003578cd
ce5bff5e-f12c-4971-8934-d85a31e78c4f,8bf362f6-119a-4496-bb5c-9aed55a52feb,38706c7f-6ef3-4580-ab59-0756cb8b0a16,11,played,3c536dfb-7f4c-49f7-bf85-cd1a003578cd
652efbdd-9190-4e7e-adc6-69aa3afaf2b8,8bf362f6-119a-4496-bb5c-9aed55a52feb,3b3e7a56-ad26-4970-8177-c8bb68335515,3,played,3537f780-c9ba-4163-bc81-007a47571e33
452d63cd-8637-40da-9ca5-1a3972143db9,8bf362f6-119a-4496-bb5c-9aed55a52feb,52490cb2-2957-48e0-bd85-62e66a1c2da2,9,played,3537f780-c9ba-4163-bc81-007a47571e33
365e0a0d-9465-4bd6-9644-8c5b81be830c,8bf362f6-119a-4496-bb5c-9aed55a52feb,446da428-6acb-463f-a3c2-3e6867abcaeb,2,played,cd1e4fdc-4095-4a89-a60d-0f116ad1685b
6f9f1b23-6690-4e6a-b1c9-32d51f8cb366,737b8116-0940-4526-af1b-b0c79cbbb8b5,ca8238ea-0b0b-4ce3-a439-32a7fe9095b3,1,queued,27ff3a39-feda-43ac-89ef-ecf1348359ca
13bc87fa-4c9f-47bd-85f1-d279063f89b3,737b8116-0940-4526-af1b-b0c79cbbb8b5,a5bb539e-f936-4a0b-9d4e-5f6c30442a58,2,queued,27ff3a39-feda-43ac-89ef-ecf1348359ca
27d07856-0b5f-46d5-bcff-17a831aca4ac,737b8116-0940-4526-af1b-b0c79cbbb8b5,395a51a2-47e2-46af-b5d5-f57e4e25a587,3,queued,27ff3a39-feda-43ac-89ef-ecf1348359ca
2e205d2d-ad62-4961-b32a-6a41061b9b72,737b8116-0940-4526-af1b-b0c79cbbb8b5,0572b942-5f62-4785-b97c-5b9f8a350d61,4,queued,27ff3a39-feda-43ac-89ef-ecf1348359ca
5b7bce91-701c-44fe-8e09-0724e4349640,737b8116-0940-4526-af1b-b0c79cbbb8b5,a36f9d6a-6cd5-44da-b645-8e1f744fb637,5,queued,27ff3a39-feda-43ac-89ef-ecf1348359ca
98b300f6-1578-4151-b415-01666a567a40,737b8116-0940-4526-af1b-b0c79cbbb8b5,db9eb7e0-b73e-4ae9-bce5-6dc84c9e7e23,6,queued,27ff3a39-feda-43ac-89ef-ecf1348359ca
e03658ce-e663-45c3-b546-e43218f3b146,737b8116-0940-4526-af1b-b0c79cbbb8b5,fc3047ca-5464-4869-9543-183762f1a8bc,7,queued,27ff3a39-feda-43ac-89ef-ecf1348359ca
7724c90e-b6c3-4918-a4e8-435042ec64f4,731f8207-d764-419e-89c9-58f30fca78a6,c7b48780-35ce-464d-8b3b-f29565128b5d,6,queued,bdabbe1f-2c85-4f01-9eb3-c1d917c5b062
f3021002-f1b1-4d43-92f0-31b99e192045,19d226c6-36f3-4b6b-8a94-681ee47686bf,fcd45f83-2899-4cc0-9114-3e4cefad507b,1,played,df1a0f70-1fe1-45ff-b843-14d2e400c5ca
00e2c213-3c0c-4285-b8c9-015ca05e6fba,19d226c6-36f3-4b6b-8a94-681ee47686bf,4271a138-b51c-499a-b7bd-e920f9bfcf96,2,playing,df1a0f70-1fe1-45ff-b843-14d2e400c5ca
30853140-fc03-45db-ba1d-5f9ee98b5b58,731f8207-d764-419e-89c9-58f30fca78a6,b8b6442a-8cdd-4215-9df7-2ce1fbd8bc2e,7,queued,bdabbe1f-2c85-4f01-9eb3-c1d917c5b062
cfabcb21-6045-4fac-8f36-ce255fd7700f,731f8207-d764-419e-89c9-58f30fca78a6,f50f4b61-9aeb-4601-8ce3-f78b15e593a0,8,queued,bdabbe1f-2c85-4f01-9eb3-c1d917c5b062
f678f126-a62c-4997-9640-440dfd35a54c,836f89b2-70d3-42b4-96fc-669556a699d0,0009a8c3-b50e-490f-b295-729046940594,1,played,79652f42-c0ef-4e01-87a7-22100daaa1ce
5791b83f-676d-479d-b8c0-1b3724205020,836f89b2-70d3-42b4-96fc-669556a699d0,2014f723-3d01-4283-b0d5-8df2d9abb7c0,2,played,79652f42-c0ef-4e01-87a7-22100daaa1ce
7b5be2d1-def0-480d-95e3-738939e433d3,737b8116-0940-4526-af1b-b0c79cbbb8b5,1216a0b7-dd97-49a4-aa98-07ab1e8cdef2,8,queued,27ff3a39-feda-43ac-89ef-ecf1348359ca
1626bb05-ee82-41e7-b5ae-ec3a9a4a900c,737b8116-0940-4526-af1b-b0c79cbbb8b5,b27106ae-2c00-4e8a-b9be-ec946e6c7888,9,queued,27ff3a39-feda-43ac-89ef-ecf1348359ca
7393f263-20d2-4d93-bb22-c2371b69c2fa,bd8646f7-4afc-41e1-a7e9-934725261b64,395a51a2-47e2-46af-b5d5-f57e4e25a587,1,played,27ff3a39-feda-43ac-89ef-ecf1348359ca
e67e4ee3-efaa-42a7-b6bc-b80a61c0c000,836f89b2-70d3-42b4-96fc-669556a699d0,696e3c1d-4492-44fd-a447-303c0ec10750,3,playing,79652f42-c0ef-4e01-87a7-22100daaa1ce
e97e4356-a1af-4f45-89ee-fe12d0f9d53c,bd8646f7-4afc-41e1-a7e9-934725261b64,ca8238ea-0b0b-4ce3-a439-32a7fe9095b3,3,playing,27ff3a39-feda-43ac-89ef-ecf1348359ca
72a3c09c-fc24-4dd9-928e-7dc677b7fbb3,836f89b2-70d3-42b4-96fc-669556a699d0,5e39de38-3d4d-4601-b200-83f8ed4f4087,4,queued,79652f42-c0ef-4e01-87a7-22100daaa1ce
20749e7a-9b74-4370-a0b7-56e6306ca725,836f89b2-70d3-42b4-96fc-669556a699d0,9212310a-a23a-4851-8c07-1e42fb723da9,5,queued,79652f42-c0ef-4e01-87a7-22100daaa1ce
46705475-37fc-4920-99b1-463e61d36bb6,836f89b2-70d3-42b4-96fc-669556a699d0,a287200e-9a2c-4a86-b979-b803235d1e35,6,queued,79652f42-c0ef-4e01-87a7-22100daaa1ce
87bf458c-4871-445a-8dc1-0b3514c7e2a6,bd8646f7-4afc-41e1-a7e9-934725261b64,db9eb7e0-b73e-4ae9-bce5-6dc84c9e7e23,5,played,27ff3a39-feda-43ac-89ef-ecf1348359ca
98d87907-ee3e-465a-b8ef-e7b363b61d26,836f89b2-70d3-42b4-96fc-669556a699d0,95d9ae0c-7f62-485f-bae6-5a2c4b56cf41,7,queued,79652f42-c0ef-4e01-87a7-22100daaa1ce
c791a8a2-6b23-4363-86fc-cbbcdf9c6a04,bd8646f7-4afc-41e1-a7e9-934725261b64,fc3047ca-5464-4869-9543-183762f1a8bc,10,played,27ff3a39-feda-43ac-89ef-ecf1348359ca
c1b9b335-10a4-48ea-ac0c-68a15362d44f,bd8646f7-4afc-41e1-a7e9-934725261b64,b21772b0-e501-4a9b-b9c3-38fb04afa4ca,13,played,27ff3a39-feda-43ac-89ef-ecf1348359ca
cc7b6dad-0497-462c-9369-8492bcb8f5ee,bd8646f7-4afc-41e1-a7e9-934725261b64,1216a0b7-dd97-49a4-aa98-07ab1e8cdef2,15,played,27ff3a39-feda-43ac-89ef-ecf1348359ca
2d6ca7be-9a92-4bad-b4d7-8817256ff3cb,bd8646f7-4afc-41e1-a7e9-934725261b64,814d5e17-8eb1-41e8-828a-6410819d72a9,18,played,27ff3a39-feda-43ac-89ef-ecf1348359ca
2522022b-645a-4437-af1e-1db5efc2cef2,bd8646f7-4afc-41e1-a7e9-934725261b64,6fbc1a1a-25ad-4d0b-85e8-cc7dbf63a7c5,20,played,27ff3a39-feda-43ac-89ef-ecf1348359ca
664a0172-46b8-4ca4-8deb-4adaea35cbcd,836f89b2-70d3-42b4-96fc-669556a699d0,ddee0365-e07b-40e1-98ca-965e5ada5130,8,queued,79652f42-c0ef-4e01-87a7-22100daaa1ce
5abb8c2c-50ec-489a-afa5-81c0e440a1f3,836f89b2-70d3-42b4-96fc-669556a699d0,85d47308-e547-45e5-8722-dab737233daf,9,queued,79652f42-c0ef-4e01-87a7-22100daaa1ce
ad1075d2-6c4e-4f8d-8ccd-7d65cd8e03a1,836f89b2-70d3-42b4-96fc-669556a699d0,5fd8b6f4-1235-496c-9179-36219108d286,10,queued,79652f42-c0ef-4e01-87a7-22100daaa1ce
e5313f14-04f3-4572-89ea-31c37d1cea71,836f89b2-70d3-42b4-96fc-669556a699d0,05cd77d8-d55f-46b4-9fea-1c71b5c475ac,11,queued,79652f42-c0ef-4e01-87a7-22100daaa1ce
7d45e012-3c5b-41c5-a6db-da2c646ec43a,04061232-400c-44f1-abef-535b62f1ca40,6ed567d6-4635-4dcc-846d-1cf23c0bfd4b,1,playing,885692b0-3e18-4ec8-9382-84508875e1ee
971a3d06-8d2d-4c8d-8aab-3bd0b5172b11,bd8646f7-4afc-41e1-a7e9-934725261b64,0e3fefa9-beb8-41bd-ab81-2b9d0d6e7661,2,played,712841dc-fc2a-428f-ad21-bc18f8106929
3ee7a43d-7c96-45e4-ba40-b369016a8f81,bd8646f7-4afc-41e1-a7e9-934725261b64,8ff2e96e-1f35-4535-938e-2370eaf8ab5f,4,played,712841dc-fc2a-428f-ad21-bc18f8106929
90972730-03db-4da5-82b4-7c8384355198,bd8646f7-4afc-41e1-a7e9-934725261b64,63d5525e-3db1-43b4-8653-a8f0f1bf19ca,6,played,712841dc-fc2a-428f-ad21-bc18f8106929
c90b759a-c820-4bdb-9fe0-98bca4256dcb,bd8646f7-4afc-41e1-a7e9-934725261b64,f6cf0bef-6e8b-4199-9f2a-cb4fabf65d88,11,played,712841dc-fc2a-428f-ad21-bc18f8106929
d3b51d70-3d76-4651-bf1d-16ef86b11ffe,bd8646f7-4afc-41e1-a7e9-934725261b64,b429cc08-56f1-4eae-b194-4148084d09a8,14,played,712841dc-fc2a-428f-ad21-bc18f8106929
1a6f9799-55aa-4c76-972a-95311344d73e,bd8646f7-4afc-41e1-a7e9-934725261b64,03c37f3c-8ed8-40dc-a9e9-2bf225013cba,16,played,712841dc-fc2a-428f-ad21-bc18f8106929
58fcbb4b-3c73-45ba-805a-ff87de68d994,bd8646f7-4afc-41e1-a7e9-934725261b64,f7b82042-bee5-45e8-a07e-a0299b3e3113,19,played,712841dc-fc2a-428f-ad21-bc18f8106929
dd51a976-51dd-4dad-a696-f569080ab634,731f8207-d764-419e-89c9-58f30fca78a6,e76b5138-3afa-40b2-84c1-35093fe25a58,9,queued,bdabbe1f-2c85-4f01-9eb3-c1d917c5b062
3202bf39-31af-4871-b211-63e4a505dba6,bd8646f7-4afc-41e1-a7e9-934725261b64,bb12d367-2b7c-4f2b-a4f7-908a8c6d366b,21,played,712841dc-fc2a-428f-ad21-bc18f8106929
da251bff-d194-43a8-9704-fdb3035a6ae5,731f8207-d764-419e-89c9-58f30fca78a6,fb6fc2c7-42c5-4552-be4d-84493d32d232,10,queued,bdabbe1f-2c85-4f01-9eb3-c1d917c5b062
c6f901e2-b1f0-42bb-8f6d-12c951c12352,731f8207-d764-419e-89c9-58f30fca78a6,13973bdf-6652-4b03-af0f-02cc904054fd,11,queued,bdabbe1f-2c85-4f01-9eb3-c1d917c5b062
3103b621-87e8-42f5-8ce2-68febbf0eb36,731f8207-d764-419e-89c9-58f30fca78a6,581f6c18-e5c7-4329-9c76-2c30346b8892,12,queued,bdabbe1f-2c85-4f01-9eb3-c1d917c5b062
540560cd-faf5-4311-943e-75016d5474f6,496b4e03-b712-466b-a9e9-9d61e1821915,35b3ac9a-2546-4080-afa7-fd18012e206c,3,played,2a5278ca-eb2a-4b4a-95bf-265b44d6d658
aacc9cc7-6dc6-49f9-99d7-8051e6296340,496b4e03-b712-466b-a9e9-9d61e1821915,35dc4e98-f5dc-4682-a7fb-94a21d400ed4,1,played,2a5278ca-eb2a-4b4a-95bf-265b44d6d658
9aa8c53a-d01d-4185-94fd-e3718c6776c6,496b4e03-b712-466b-a9e9-9d61e1821915,52d3460c-fc8a-44c1-ade1-0ae24e4c6180,2,played,2a5278ca-eb2a-4b4a-95bf-265b44d6d658
161a6da0-e91f-47fb-976f-8098759b3679,496b4e03-b712-466b-a9e9-9d61e1821915,f32c04a9-5f57-4870-bb85-897f571f05e2,4,played,2a5278ca-eb2a-4b4a-95bf-265b44d6d658
41492ed4-14d6-4e00-98ea-0e6da3242093,496b4e03-b712-466b-a9e9-9d61e1821915,3e0626b2-bfd6-4f0e-9fde-c42195a706b6,5,played,2a5278ca-eb2a-4b4a-95bf-265b44d6d658
eacf4406-479b-4079-bafc-f943db9a1bbe,731f8207-d764-419e-89c9-58f30fca78a6,1f477b5a-bedc-46f6-916b-00ca1462b632,13,queued,bdabbe1f-2c85-4f01-9eb3-c1d917c5b062
70efde38-30d9-4654-836b-61946f1a09e2,731f8207-d764-419e-89c9-58f30fca78a6,76e9f650-69cf-4c7e-acb5-506a203d1ac1,14,queued,bdabbe1f-2c85-4f01-9eb3-c1d917c5b062
584338f3-450f-4012-a571-aa699f85487b,731f8207-d764-419e-89c9-58f30fca78a6,886ecaf4-130d-405f-95c4-7b3e5bf5ba80,15,queued,bdabbe1f-2c85-4f01-9eb3-c1d917c5b062
a6db69fb-aa6a-457e-91b3-458060713ba4,731f8207-d764-419e-89c9-58f30fca78a6,8a4cb467-5d6a-4828-9f0c-c67fcceb40c5,16,queued,bdabbe1f-2c85-4f01-9eb3-c1d917c5b062
445ca30a-b6f7-4322-a8c9-a3143811cd01,1a70c292-a44b-478e-8907-be3361f4b9c4,d3f8f3a9-cee8-4ce4-a1e5-6758b66c49fc,2,played,d502a227-824e-4fe8-8960-3a30c8678fbc
c078b950-c97f-4c79-8f61-31c6c22335aa,26bee424-8dae-4545-80fd-ae5947957825,7d981d0a-c91d-4a03-a473-b9368cff13e6,1,queued,d5f032e9-ffdd-41fc-a15b-4a231c7244fa
3763588e-b51d-4261-8e45-05e6b2db25f7,26bee424-8dae-4545-80fd-ae5947957825,c2321884-b7fc-4b1b-843f-bfa4ed43faa5,2,queued,d5f032e9-ffdd-41fc-a15b-4a231c7244fa
808c6093-524d-4392-bc1b-a7507b5d9cc3,26bee424-8dae-4545-80fd-ae5947957825,35b2da59-eb06-4265-be8b-16bd387dd571,3,queued,d5f032e9-ffdd-41fc-a15b-4a231c7244fa
9a4f6def-b85e-4f46-bca8-79f266b4958f,26bee424-8dae-4545-80fd-ae5947957825,dfdbefa8-bb26-46bd-a64d-90a3dd2369ad,4,queued,d5f032e9-ffdd-41fc-a15b-4a231c7244fa
0a9e1f0c-62be-499d-9b31-53412d9d3255,26bee424-8dae-4545-80fd-ae5947957825,a00a2187-d565-47fe-add5-825feded2009,5,queued,d5f032e9-ffdd-41fc-a15b-4a231c7244fa
