id,name,slug,user_id
4ee9b1f2-c7ea-48de-b69c-f9d22f12aa12,The Beat Factory,the-beat-factory,eb25e8c2-0c14-4251-af31-5815e29136af
ae64ca68-73f4-4b4d-9f95-15ec010f8137,The Groove Garage,the-groove-garage,7284d072-1170-4df5-8c28-7d641733a0e3
8b19a934-1ca3-4ce3-b5b0-22cadb519ad6,Rhythm Rocket,rhythm-rocket,eb25e8c2-0c14-4251-af31-5815e29136af
195912ba-b73e-4f14-946f-1c9c009d47a6,Sonic Satellite,sonic-satellite,eb25e8c2-0c14-4251-af31-5815e29136af
8c8479c4-48f8-4445-bffa-f8d1dc568adb,The Sonic Sphere,the-sonic-sphere,0978b2c9-6ca0-44ce-8801-159db630b4f1
b9c3adf1-9e06-426d-94f8-f65446b2eb7b,Rhythm Retreat,rhythm-retreat,0978b2c9-6ca0-44ce-8801-159db630b4f1
c4b21447-4960-43e4-8864-82d6232420ee,Sonic Space Station,sonic-space-station,f1628ccc-2d2f-48b2-a63b-c9d2b29829ff
1f525ff8-fb00-4c25-8054-36d8d8ebe1db,Sound Showroom,sound-showroom,eb25e8c2-0c14-4251-af31-5815e29136af
39b91e00-d7db-4c77-9281-10035918f8da,Sonic Starship,sonic-starship,302a9981-40b7-49b6-9bcc-391a1fd610d2
b8f2a167-9329-45dd-824c-beaff7620271,The Beat Brigade,the-beat-brigade,8981765a-2099-4ff3-8178-56c45595e28c
fbe59d74-56e8-4f78-9691-2fbbd0ac2720,The Audio Arena,the-audio-arena,1e1e21c9-0c59-480b-81bc-13f33ae07cc0
f61dda97-12f9-4d5f-8dff-51d06fa8fb82,Melody Madness,melody-madness,eb25e8c2-0c14-4251-af31-5815e29136af
945f80dd-4b10-41ed-b97e-7ab669c16c65,Echo Chamber,echo-chamber,a378764d-fd84-41b5-9d70-9a45ddcb25e2
0e34716d-4cfb-43b2-be2e-1acd5f266408,Sound Safari Poo,sound-safari,eb25e8c2-0c14-4251-af31-5815e29136af
edb7eb12-645e-41ae-b843-b24c6bd08db8,Rhythm Raceway,rhythm-raceway,7284d072-1170-4df5-8c28-7d641733a0e3
39b98cfe-02d0-4bb7-8456-1290d4f44cb7,Sonic Space Station,sonic-space-station-1572,04010529-350e-4637-8bd3-f70bf6661091
ae87de53-333a-40ca-8fe0-9fb439198dca,Rhythm Raceway,rhythm-raceway-5426,d1c54325-8175-4832-b678-af972a06e990
a5a3beec-0e31-4f08-beb4-75875458b61a,The Sonic Sphere,the-sonic-sphere-7745,b509c3b9-2044-468e-b9ac-c1a694379e3a
e9137ba7-cbab-43c5-85c7-f102b0346bb8,Sonic Subway,sonic-subway,9d76f7ee-ad99-4b3c-9a2d-8f895ce5e748
9702dc10-c9bc-4ce0-9b24-fd4a82719fa6,Melody Maze,melody-maze,d96a0fa9-f3b7-40ac-9d3a-b58294119da6
b1cd210e-740c-4aee-9e01-f9554300efba,ned,ned,7316da2b-1608-403c-9fb4-e9a036e4c1e6
5e9377bf-6ec7-46c4-a99d-b88b7dbae2f0,The Beat Bistro,the-beat-bistro,79d0a9a0-02d0-46a2-a3f0-b11db8b6c3d4
674ccbbf-bcd1-4a10-8569-df9516e2c8a6,The Groove Galaxy,the-groove-galaxy,5c4a43b4-dab9-47ad-aff0-d6146bdb9371
c802c613-c9ba-42fd-b870-f6a264950a67,Melody Market,melody-market,6678590a-9b83-43ee-ba5b-99c1679faeca
a0d75346-1fd5-4a8e-82b8-03d1c817ce0e,Rhythm Rocket Ship,rhythm-rocket-ship,673e818b-bfe4-46de-87ce-5cf90b4abbfa
f92ffacd-0cde-4f0b-ae6d-f17ac2dc9c9f,The Audio Amphitheatrer,the-audio-amphitheater,23af3e55-c4ca-4e8e-a8b6-fb7467c9542d
ff103317-f09e-47b4-b9ff-91307a9ba3fc,The Rhythm Realm,the-rhythm-realm,23af3e55-c4ca-4e8e-a8b6-fb7467c9542d
dffadd57-cbd8-452f-af6c-3203597b2fcc,Sound Wave,sound-wave,23af3e55-c4ca-4e8e-a8b6-fb7467c9542d
5af81d2a-8de0-4b7e-8a9f-462da785ee67,The Beat Boardwalk,the-beat-boardwalk,dd64fd79-b750-448a-b1ab-4d12aab68a81
f062e27c-fad5-4b74-affc-3097f9106eea,Melody Maze,melody-maze-1917,7c2b3dca-b911-4007-be52-7b44c4ab8747
c0d0450d-7535-4664-905d-757c7216568e,Rhythm Rocket,rhythm-rocket-5182,b88bb281-b28d-4b5e-89c8-e9ce986a8998
cd8d375c-0908-40f2-95e5-6dcb6c5cab36,Drums and Bass,drums-and-bass,563d529b-a948-49df-8b29-0577e527cb77
8121305a-454a-447d-b495-13d29cbf4e66,Melody Mall,melody-mall,9d1f624d-2431-437e-bd01-8ac4778bf3c7
99eda97c-a08b-4a88-b024-bb3f558e294f,Sound Superstore,sound-superstore,673e818b-bfe4-46de-87ce-5cf90b4abbfa
0354ba31-4bf7-49da-bcac-e37bba23ffa0,Melody Madness,melody-madness-7929,308b8109-870f-4837-8ca0-3f45398b2191
fd5c3a6b-4fea-41b3-a852-25ba5a16d6c8,The Audio Arena,the-audio-arena-2937,15e15447-3153-46d0-ab5b-c011e99c2d03
452c78e8-7b09-4380-823f-3a26776bd96e,Sound Sphere,sound-sphere,f051f897-cbac-43c8-8483-ddcacdb6ff74
cb55a674-0415-44fc-a22f-46ab5ed503a0,Sonic Spinner,sonic-spinner,9d76f7ee-ad99-4b3c-9a2d-8f895ce5e748
74af4831-0e49-4492-b8f7-fff05336465a,The Audio Alley,the-audio-alley,9d76f7ee-ad99-4b3c-9a2d-8f895ce5e748
c8440db5-dcf4-40b1-9b5e-fdde9626a450,Mintlify Playlist,mintlify-playlist,7f19fe64-2bc0-40f8-903c-89e9177f7d43
6a5140cc-1945-4ac4-8d0c-68b42f3a2f9f,The Audio Academy,the-audio-academy,c717ea06-079c-435c-8dd7-e5ee896192b0
9edb9a22-f9ce-4fc5-af7f-e6d7505e2294,Melody Maze,melody-maze-3675,9d76f7ee-ad99-4b3c-9a2d-8f895ce5e748
974b534a-8e60-4efd-a234-993e51f33cac,Sound Superstore,sound-superstore-3055,9d76f7ee-ad99-4b3c-9a2d-8f895ce5e748
acb9630d-05b5-4617-b19b-134a765a7e70,Rhythm Rocket Ship,rhythm-rocket-ship-5255,9d76f7ee-ad99-4b3c-9a2d-8f895ce5e748
6a60144d-eae9-4960-97cd-fef8ba79ee2a,The Beat Boardwalk,the-beat-boardwalk-6284,9d76f7ee-ad99-4b3c-9a2d-8f895ce5e748
0da64b02-f747-4060-8269-5713342f972f,Rhythm Raceway,rhythm-raceway-4271,9d76f7ee-ad99-4b3c-9a2d-8f895ce5e748
2510d666-fb8b-4dd1-88bf-523c896a95d5,The Groove Galaxy,the-groove-galaxy-5563,7f19fe64-2bc0-40f8-903c-89e9177f7d43
30a72b07-5180-4d9f-8dc8-02d1dad97f37,The Groove Garden,the-groove-garden,673e818b-bfe4-46de-87ce-5cf90b4abbfa
e02f8e0d-ac87-48ce-bb52-a64144ebac9a,Rhythm Railroad,rhythm-railroad,673e818b-bfe4-46de-87ce-5cf90b4abbfa
f7c81ce3-e9f4-4f12-8a57-3068c0505d8f,The Beat Basement,the-beat-basement,9d76f7ee-ad99-4b3c-9a2d-8f895ce5e748
b9faa045-4db4-4ac7-b19e-3a8ac7b0e7ff,plane,the-beat-factory-9805,673e818b-bfe4-46de-87ce-5cf90b4abbfa
f7e90459-1d57-47ac-8add-80f92d7cb410,The Beat Bank,the-beat-bank,673e818b-bfe4-46de-87ce-5cf90b4abbfa
a1476ac9-75dd-40e5-849a-8bc7e5a833b7,The Groove Box,the-groove-box,673e818b-bfe4-46de-87ce-5cf90b4abbfa
7328a8ea-34d0-43ce-9974-feff8be7b9d6,Sonic Sanctuary,sonic-sanctuary,9d76f7ee-ad99-4b3c-9a2d-8f895ce5e748
f0e7ae46-0d87-46da-a96f-715a5f8cbcc5,The Audio Attic,the-audio-attic,9d76f7ee-ad99-4b3c-9a2d-8f895ce5e748
9f8dfaf4-01da-40ad-a9bd-5e6ebe201dac,Bass Station,bass-station,673e818b-bfe4-46de-87ce-5cf90b4abbfa
f5da0f96-787c-4b15-9f8e-a4c0a0c4b59f,Melody Market,melody-market-2209,516c6297-bff4-4105-99ed-dc08d05b8e1d
51030714-0fab-4131-9b04-4ccf286323cb,The Audio Alley,the-audio-alley-7118,673e818b-bfe4-46de-87ce-5cf90b4abbfa
aee18a45-3452-4cf9-bd4d-546252496508,The Beat Boulevard,the-beat-boulevard,9d76f7ee-ad99-4b3c-9a2d-8f895ce5e748
a3920a34-7127-4ad0-9295-fe4738cd1f96,Audio Adventure,audio-adventure,2548c49c-c869-4be6-922e-d27da49a2449
83b4afab-702d-4521-8514-02efdd82046e,Tune Tornado,tune-tornado,673e818b-bfe4-46de-87ce-5cf90b4abbfa
948816c6-d068-41eb-bc0a-73da08b19323,The Beat Boardwalk,the-beat-boardwalk-3192,e8163d03-a85a-4e6c-ae85-488e3de451f7
48c5cea4-397f-4479-bec9-dfd07ce56f53,Rhythm Rocket,rhythm-rocket-1773,6f3266bb-a162-43f8-a1e3-18232f40a5eb
282c7e49-3003-42f1-bb8d-1d8c755377b3,Melody Meadow,melody-meadow,6f3266bb-a162-43f8-a1e3-18232f40a5eb
0f002dab-3b51-41e8-9370-50664ab56be1,Harmony Hub,harmony-hub,2c3ecbd8-cb69-425f-97ba-4acbb16e71da
7dd2ed1f-b3bb-4e63-996d-37e3d71bdcd2,The Music Vault,the-music-vault,e442bb48-a6b9-4587-a846-9e5518287c73
c7e5ee7b-3f21-47d7-b34b-53e9833a2f4d,Sonic Sidewalk,sonic-sidewalk,74abee82-6b29-4339-b9bc-5f0f8795a4c2
83def3bd-90a8-4117-a48c-292ef393545a,GIANT PARTY,giant-party,79663d38-deff-4e70-b8d5-323cac3ffc0d
bcaac3f0-3bee-43f4-b4ba-287d04d19b08,Sound Summit,sound-summit,5e5423ee-dc42-44c2-a032-ab590a9074c5
3489e6c3-7172-4be1-95de-912dc4660ccf,LADEL-TORO,ladel-toro,74bfaa8e-4252-406e-a98b-d397e2af299f
318b5886-29f9-40a9-b1a5-a9109fd1c6de,The Music Matrix,the-music-matrix,b858654b-358d-4874-864e-6c45b9919c4c
e14de5ff-11c7-4c30-acdf-0b4286794ff1,The Audio Arena,the-audio-arena-6032,303f8670-268f-4a89-a8a5-f108580ad588
79ad8f54-0444-4a67-9e69-27433664c0bf,The Audio Arcade,the-audio-arcade,fd5b1959-dee8-4f64-bc39-6087828ed12c
22e182ae-04f4-4465-8d50-5197136c14b3,Melody Metropolis,melody-metropolis,1b479423-20ef-4676-8df7-b6691f2cb5c8
f3181565-b546-4d45-b286-6f218cbaa6d1,Irani,irani,8c4d3d87-4673-4c6e-94d4-879a9a08a617
1699a81d-7c57-4e31-aa7e-ca2e0c9bdd1b,Sonic Spaceship,sonic-spaceship,97103d0d-a606-4927-a37b-ebe6fd97fe26
1758bdda-8f1f-4876-86c9-e7cec6d75da2,The Jagdish Box,the-jagdish-box,073127cd-4bd8-432b-af8b-7e9b10b2d6a1
46fd0697-f5b3-4f1d-b34b-5db74c5a5fda,The Sound Sanctuary,the-sound-sanctuary,073127cd-4bd8-432b-af8b-7e9b10b2d6a1
bc61f3f5-fafc-4d82-ad03-63703829264e,Tune Tornado,tune-tornado-6062,0fa9d581-d238-484f-85c9-b23fe94aeffc
0dd687db-1cad-4a13-8d29-4a7b5019f2dd,Podcast Farsi,podcast-farsi,8c4d3d87-4673-4c6e-94d4-879a9a08a617
dee9361e-0e37-4192-9737-5b95a1debb93,Cug-a-Rug,cug-a-rug,14d58362-6c8c-4a4f-ac23-6991f2adc8f8
9d6b4b2e-cf54-4e1d-b7c0-991983f78a3b,Persian,persian,227d33ff-23e0-4247-ac31-052c9177d538
b0beb117-18cd-43fa-82bd-51eb8af9fc9b,Sound Stadium,sound-stadium,fc900f91-5f4d-40d2-827c-d0d2b1067379
9449be73-7d18-450d-9683-5653faae27c0,Melody Mill,melody-mill,f4cb7366-332a-4285-acf0-1edbfa059158
5b2062cb-8ce9-45e7-8d34-f5965eb259bd,Frequency Fighter,frequency-fighter,0f91bbd7-2c1e-42da-af2f-c06a3f600a15
68a88f81-c954-47ff-ac97-18c43d969834,The Beat Boutique,the-beat-boutique,3341c540-b535-4c1a-beaf-8a3e97f173f0
37db9bc9-9d94-45bd-bad7-4b48ee91b67f,Rhythm Reactor,rhythm-reactor,544aac0d-6c77-4871-9663-b63c118d7b50
b7c96547-44f1-4698-9a61-a67675c61fd7,Sound Wave,sound-wave-4930,544aac0d-6c77-4871-9663-b63c118d7b50
094db6cc-e07e-4ffb-83a8-ea1cfefc79e8,Sound Station,sound-station,fa5c98f9-438e-4d4e-94e6-79ee32b4f881
c361a3b8-e892-474b-ae44-8882f2e54378,Honoor.co.uk,honoor-co-uk,03f9e3da-d032-4e22-baa9-9e9b9d857438
086f93f9-4711-4e52-a0fd-569d1db53003,Sound Studio,sound-studio,5766ead4-a6e5-4b23-bd31-37b44864eed3
204d581c-1ef3-44a8-8237-8a5ee2859985,The Audio Academy,the-audio-academy-6008,ba854e2b-3239-4b16-9da2-773358661a74
e6571c6f-aca2-466f-a267-b1fb1f500b88,The Beat Barn,the-beat-barn,916738ce-520a-40eb-be0a-df2cf294b824
b1011cb8-12c0-44de-86d8-c59ab35bad98,Rhythm Ridge,rhythm-ridge,ab88e255-a9ac-4309-8bf6-f63b68285f09
304713c4-c498-4829-8d3b-493b89bb975d,The Groove Garage,the-groove-garage-8272,ab88e255-a9ac-4309-8bf6-f63b68285f09
8ed9a4eb-f23e-4c85-a86c-275243f47db3,test1233212,test1233212,cfb2c044-87cb-4401-8cf5-18c0f49d09df
9cb644ec-eb3a-4e03-9856-bf3c8b49710b,The Beat Barn,the-beat-barn-9917,38d129e2-6c8a-4327-a8fd-70af27429085
394e621a-ffbe-4039-8b91-7eebcf9ccccb,60s,60s,68d32e38-d9d6-40c8-ac0c-7e480089d354
917b342f-b4a9-4ef3-9aea-4c184960ecf1,Melody Mansion,melody-mansion,d6f505b4-51a3-42f8-b0bd-e8d9178d6d56
b99694dd-536e-4e75-b47d-49cb4ef02ddc,Ultimate 80s Pop-Rock,ultimate-80s-pop-rock,7bb80e65-646c-48da-942c-7773d413dd69
e0ef226f-a8db-4484-adaf-51c49db12568,Harmony Hub,harmony-hub-5458,b055d37d-8c19-4f58-b18e-14852ae068b7
36b9281a-77a6-40ab-b601-2e805e7c5a0b,kromate,kromate,d4231c09-194b-4668-a1b1-ab5007b885fe
0aec3ffc-e762-4594-8851-cff7b4fb0ffe,Mark,mark,8199b79a-cd3c-4359-8e39-2a8574d28dbd
af154e39-f980-430b-8bc8-b8dcbacdc361,Brazz Festival Playlist,brazz-festival-playlist,8b85764e-00ca-4635-a644-c06807c43389
6d30a0cb-7551-40a7-8d31-ce1277cf990e,Sonic Symphony,sonic-symphony,16aa55fb-53e7-45c4-8ef4-fedbebfc2326
a70fe55e-3cae-4019-9c99-819bd91f72e4,The Beat Boulevard,the-beat-boulevard-3363,1224997d-ccce-4994-a3c4-04fc04e7ff02
dafac7e5-92fe-43a5-838c-fb708db6e7c4,The Healing Factor,the-healing-factor,eea7f3a4-df04-4788-b0ef-76189fb2281a
38ce986f-163a-4d31-8291-f15af8294b20,Frauen.Grafik.Politik.,frauen-grafik-politik,de2e1cf7-01f5-4ccc-95f9-39419a1c1129
eaa990d2-9419-4f74-b7d3-e4417d5b5d44,The Music Vault,the-music-vault-8943,7385a980-d3c6-4074-993c-9ac259825af2
ccbea119-a0e2-450e-8df2-54b2fa5f0b80,Grnd Appls,all-bangers,3745a360-2977-4685-a684-ac1aaa6d6bd0
9ecce1e6-235d-41db-8032-aab612703df0,Grnd Appls,grnd-appls,3745a360-2977-4685-a684-ac1aaa6d6bd0
5890a009-229e-47a5-a96a-fce789a278be,Rhythm Railroad,rhythm-railroad-5633,c92a1d1a-a1c4-4a6b-8cb8-9f4edca46354
15caa89d-da8e-4059-b889-69ef02ecfca4,morning,morning,d4281cee-35e0-4305-b0bf-b1d48b5e40c6
7c1cd6f9-196c-4b08-ae47-8be6d2bb2a4a,Sonic Space Station,sonic-space-station-2591,d4281cee-35e0-4305-b0bf-b1d48b5e40c6
a6ea968a-591a-43e3-8ef1-e547e4b4d0ba,Harshil,harshil,67861512-9b05-41a6-b1a5-b54490c92dcf
8fd5bad4-ecb3-4d62-b515-8d471c82dcb8,Rhythm River,rhythm-river,67861512-9b05-41a6-b1a5-b54490c92dcf
409721b4-3fa4-4d3a-aa96-ea5430e3f816,Sonic Space Station,sonic-space-station-1381,cfb1f547-5fa8-4cdb-829b-86d40253db18
5e65b2b9-49a8-4e45-91f6-438274d8e37e,The Audio Amphitheater,the-audio-amphitheater-1384,7c2b3dca-b911-4007-be52-7b44c4ab8747
c8a6703a-56dc-4699-8f65-d9f4cfe85a2a,Sonic Starship,sonic-starship-1479,c257f6f0-37ed-40d7-98aa-a784362064d7
9b1708ec-c382-4707-8f25-02f2486ebe12,The Beat Bistro,the-beat-bistro-7980,5cf2300d-b354-4258-bcc4-20899a569e4e
aa8a7b78-a8f3-41a7-bdd1-efbb7b9e5e15,Melody Mountain,melody-mountain,9d76f7ee-ad99-4b3c-9a2d-8f895ce5e748
8e8b1111-405d-4bd8-a36a-76b11a2515e8,Audio Adventure,audio-adventure-2816,2b907a9e-4c61-4ddf-92ef-21ce36abde58
d303390f-63bd-4d64-8a4b-1569a85aa9c3,Sonic Submarine,sonic-submarine,ceb87a3a-d7d4-4dda-8c3a-fa313cfdbbab
0cc00773-e0a8-41cc-bf57-c07bdcf1e438,Betonparty,betonparty,16224408-e579-425a-9b68-90efaa5fcabc
86229be4-65ca-4129-b288-5a62bd2997ba,Rhythm Raceway,rhythm-raceway-7539,7a081c43-8290-430c-b80c-9867b3c81004
230cdaa1-f68e-408b-825b-80d855ecee2a,Verano,verano,260fe8c7-c128-427c-8f72-275bed323857
719afab4-7c97-4b55-876c-ef0a079427e4,Bozlak ,bozlak,03febe6f-4367-4ba7-a67c-3f8120fbdb5e
777d7424-6685-4b93-8e82-55db35fd62cd,Sound Safari,sound-safari-4975,9d76f7ee-ad99-4b3c-9a2d-8f895ce5e748
72687da8-6d47-44e2-b080-17e6c0dc4b90,Wait What?,wait-what,84df4c31-6e12-4049-9a35-4b52d56d2a72
bac7f707-8631-4468-98ce-ecfa2090751a,The Groove Greenhouse,the-groove-greenhouse,260fe8c7-c128-427c-8f72-275bed323857
27c16e82-6a12-4901-9c8f-7725a01654df,Rhythm Revolution,rhythm-revolution,3eaeeded-db80-43b8-9e03-d9098d920519
4f83e555-181f-44f5-ae41-542cb52efd4e,Melody Madness,melody-madness-1593,f66bfe8f-9f7b-43d8-b707-88640b39e0c2
d524659b-3743-4ffb-abee-70f046579257,Manoek Kitchen Rules Jukebox,manoek-kitchen-rules-jukebox,08f45091-96f8-4ee2-a633-4cc732a0a58e
45ee7dcc-6958-4ba2-9722-2beb030d91e6,Sonic Starship,sonic-starship-4644,6ae1aeee-92a0-468a-b56c-908bafd8443e
51abfbbc-2437-4d9e-9bea-d4f9644a3544,Intrepid's last stand ,intrepid-s-last-stand,1dc865ca-f2be-4d93-b92c-063947590934
7f8f7038-3138-4b5a-a5cd-b71b7c13af78,Fellowship,fellowship,84df4c31-6e12-4049-9a35-4b52d56d2a72
3b27792d-cfd8-45f7-979c-986dac240389,Manoek Kitchen Rules Jukebox,manoek-kitchen-rules-jukebox-2847,08f45091-96f8-4ee2-a633-4cc732a0a58e
a45d36a2-497f-49ea-9891-99a2b92b4683,The Groove Gallery2,the-groove-gallery2,03b4d39f-15f0-4b60-bae0-5a3ffe60936f
bda7cd47-3102-4427-a3b7-5fc7c913797a,Sonic Street,sonic-street,a378764d-fd84-41b5-9d70-9a45ddcb25e2
bd6b4e91-7bf8-4fed-8e41-71d5cceccb7a,Rhythm Ranch,rhythm-ranch,01432f4e-2c18-413f-ad1c-d3bc6864991f
6a142782-b142-4766-a04e-10ac34e18da3,punchtownparry,punchtownparry,221a8f31-34aa-4f24-b49f-315f737a0e24
c476162a-d6f0-433b-89ae-d504f1e1852a,The Audio Airport,the-audio-airport,d6e0b2ec-14f6-457b-8aa2-5d547e45154f
ce589c2d-03a5-438d-8dfe-7953415276fe,Rhythm Railroad,rhythm-railroad-4714,09e0761b-4db4-4c08-83f0-57be3cf53df7
b5d4318c-ddb8-4c82-8ab1-a07de088677c,The Audio Arena,the-audio-arena-2824,f2178260-fdd9-4057-a950-84ee064044d4
69e76bbe-5020-47fc-9f13-a18cf425d35a,The Audio Alley,the-audio-alley-3925,ef3e3ecf-3fbb-4cbd-80e4-afe010a3147f
3953e3eb-2677-42bb-8c9d-8f1fa69215de,Sonic Street,sonic-street-8999,e7eb8e4b-6345-4a9e-85a2-707635001c62
4acce074-5eb8-4a17-862e-2db734462e23,Rhythm Railroad,rhythm-railroad-6457,73ebe08d-e24d-4054-8718-bebf2001336f
ccb5ce94-cd66-451c-8130-4eda8647d531,Sound Storm,sound-storm,73ebe08d-e24d-4054-8718-bebf2001336f
f012bf77-a333-44d4-8fc7-6b98dd087669,Rhythm Revolution,rhythm-revolution-6004,cb3dcfa6-81ab-4cf0-b9d8-4b0a0b04d59a
606ccdff-e2c2-4a6c-803c-e5e6a43d6569,Sonic Spinner,sonic-spinner-1816,a5f7b215-c8b1-41a8-a15f-b8d4f69605fb
8720af07-c2bf-4a40-a40e-e35bfc941d16,The Music Matrix,the-music-matrix-6386,6ffb2ea8-41ee-46d3-9a25-ce68ad8a5f88
f76dd108-e109-4ac3-b454-34a14a6b7147,Melody Mountain,melody-mountain-8183,9bb73cf5-d3af-4ba8-8a58-133178771be4
dfb42046-a219-44f4-8d7e-ca545ff545d3,Hoosier Music Daddy,hoosier-music-daddy,33f85104-18a4-4989-a7e8-6888deb2e708
21da0512-bbcb-44f3-a427-43c900423467,Rhythm Railroad,rhythm-railroad-6472,e1d1e22f-13b5-4116-a5a1-5e3e14e7f6b2
037778b0-e1f6-4b02-be28-97515caf9fb5,Beat Bazaar,beat-bazaar,139bb249-7fe8-41b5-a4ee-9a854b94e583
b855ef92-0efd-48bd-997d-1f9be40ae79b,Melody Madness,melody-madness-2177,afe43e76-2080-4cb9-9faa-bebb98fb050e
8874747e-b311-4093-ac0b-15ceb345b83e,Rhythm Restaurant,rhythm-restaurant,afe43e76-2080-4cb9-9faa-bebb98fb050e
88503a1f-a6bb-443f-8337-3413e86641e5,Melody Metropolis,melody-metropolis-6576,a5f7b215-c8b1-41a8-a15f-b8d4f69605fb
b482df45-17b7-44fc-980f-78621755be51,Live MaaS,live-maas,170cc2e1-f6dc-4b0b-85a2-691de1a74f5b
78ce5f36-621e-43e5-89e0-28cc8720d152,Creative Team,creative-team,6c7b8689-d2f1-44b2-9108-0dee39a3e4c0
7155d1ee-d787-470c-b3de-eebd0cfc099b,The Groove Garden,the-groove-garden-9693,d4c17eba-bc4c-42b1-a0cb-efa54aa3dcfd
a8ed1aef-52e3-4e8f-b369-5b66e1b803cd,The Groove Gallery,the-groove-gallery,5597eca2-d600-4390-8b6f-0e54ff4db4b4
3a8a9db6-3af2-4ea1-bd07-c4ebb35cac75,Welzatm Music,welzatm-music,ea101f55-d586-40d8-8b8e-fed1f0792c56
06c48cc7-6ac6-4cff-8bd9-611675e35e85,reggae mix,reggae-mix,2d88f96c-ac6e-4c07-a876-4cc2d521554f
f5b900a7-a5ae-44f1-9d73-a2e05fa4633f,Welzatm Playlist ,welzatm-playlist,ea101f55-d586-40d8-8b8e-fed1f0792c56
fba9c52e-ba6f-4b2b-b57f-4b82543a33e2,Fitencity,sound-spectrum,5886ce14-f755-418d-9cb1-0a1b3677d827
039f073d-80ef-4408-a20f-8d83fcade0cb,Ra's Raps,ra-s-raps,ec0e732b-aa59-44ff-87ba-fe145859279b
c466012b-4825-4dd8-b986-6f9094b4bdb0,The Audio Amphitheater,the-audio-amphitheater-9507,a0027881-8e35-4b3e-b301-428595601d11
29604904-ec07-4631-bbba-d7a28c519d90,Sound Summit,sound-summit-3604,673e818b-bfe4-46de-87ce-5cf90b4abbfa
48e6597d-4b32-433d-a4a0-323f32ba1e5f,Sonic Street,sonic-street-7068,ac25fa91-b8d9-42e6-a5e0-cf947d3d8752
849dd17a-4e32-4b8a-b73a-ae92dec0dc7d,Dance-fun,dance-fun,c4a078b8-1d88-4092-9b65-99b96ea2a8f1
4da14ea1-f585-49ce-81f7-575101597b26,Blah Blah Blah,blah-blah-blah,e952e62e-a091-46d1-a7e6-27c0b1b136bd
92566095-b85f-4c62-9ca9-a24a1e010379,Squad Jukebox,squad-jukebox,b60921c6-c812-4e69-98c3-cdd49a53b9e2
dcd65a96-cd6d-4c49-807e-308bb36f6639,Sound Spectrum,sound-spectrum-7486,eec0f464-3df7-4ba1-9642-630bf4f23a88
69d63b66-c705-4901-abe2-3bce1f1edd93,Max'es party,max-es-party,4f15dfbd-0746-4f3f-ae77-67d19d0705fd
342707a7-28da-488d-b105-bfc0f914470b,Melody Manor,melody-manor,5f3f2eaa-d061-4132-b109-0cdb12fe17b4
f5463804-3a08-49bd-920a-74f7d332abfe,Sounds fun,sounds-fun,c4a078b8-1d88-4092-9b65-99b96ea2a8f1
b97a8186-4690-4599-8fff-e1149802b373,Sonic Boom,sonic-boom,fd65de6f-de83-47e8-ae73-d897e7a84e8a
1341b29b-bfc2-40c6-80e7-b0db778795ff,The Groove Gallery,the-groove-gallery-7302,eb9a4c10-1b2d-4292-8371-8e803bb62437
aa57533b-0dbd-412e-a7f9-ef95cf0d4ba1,Melody Meadow,melody-meadow-9832,7d3a1ff2-5b41-4eca-9850-3e31bb02e2e5
87ce8c43-a3a0-4d61-b10e-b5520b396b51,The Beat Bridge,the-beat-bridge,27ace534-2d36-4d12-ad94-fb4178138075
e2282435-8834-4f91-a2f0-7e6bb1d25a36,The Rhythm Realm,the-rhythm-realm-9076,cca82759-f693-447a-a862-0422300ab8d9
4e9db9ef-18c4-44be-a20c-ca2159e3b16f,Lecture Hall 1,lecture-hall-1,1962db85-b425-41bf-b83c-1d6977118cca
1f6d6733-112b-4b07-a777-b4b6e0dd901d,The Beat Boutique,the-beat-boutique-6909,b07d21ef-3dba-48de-9869-e846ea0bdaba
25f6fdf5-9f31-4af1-9705-3e04d2ba8944,Harmony Hub,harmony-hub-2675,aea9f6d4-76d6-42d0-8b76-f70a1600ec49
de3214db-154c-4eb0-aa16-ec786f007713,Sound Seaport,sound-seaport,8394a21e-0031-46fc-bf16-5941065795fd
99afb4b6-3f77-4a0c-bee0-e60baca6b186,Melody Mall,melody-mall-8239,a06db924-7b43-4965-a830-1a3c33acf980
8dacd483-8289-4977-b2b7-1190af9b3798,Melody Mill,melody-mill-4908,ac94fc33-cc62-428a-b3d9-9a00772eeb0b
eb3c8950-0d83-408d-95b3-d72703d90545,Sound Wave,sound-wave-7657,2b6b13ee-386c-4d11-b6d2-3148aee26c65
ed867380-ec3f-40ee-b5a0-6bc4a85031b7,Sonic Sanctuary,sonic-sanctuary-4250,7dbe27e4-e02e-4005-a20c-398328c4434c
fa0aa99d-3800-4971-93f9-1e66cfe15882,Melody Meadow,melody-meadow-1432,ef3ea699-3120-4467-bb75-d2cbf54720b8
2ffd1c44-7a0e-4a5b-b4fe-ee39227cfc77,Rhythm Rapids,rhythm-rapids,7dbe27e4-e02e-4005-a20c-398328c4434c
391d2f5b-9dd3-4823-a588-7b92bfd52759,The Beat Boardwalk,the-beat-boardwalk-3453,ef3ea699-3120-4467-bb75-d2cbf54720b8
7d522846-578a-4736-9d08-193a3c790ba6,Melody Manor,melody-manor-5578,6cc00839-79a5-4d1b-8d43-a59c5821f45d
cfc80252-8cd7-4b53-9fdf-2107be9118d0,Harmony Hub,harmony-hub-4616,65f2b610-b944-440d-aab4-b7300de82de9
00381fbf-8f7f-4657-b5d2-17c971c44fe3,Sonic Satellite,sonic-satellite-1958,4ba897d2-43a3-4d80-a4d8-5f4f2639a3f6
7d0b474a-b024-4830-ac47-61a432ea11f7,SRJKMRNYK,rhythm-ridge-6203,63761338-51c3-413a-bfee-1dcbe41894f9
1579ee1b-5ac9-49b4-8b9a-2cd7d94a4f33,Beat Bazaar,beat-bazaar-5668,9fb18c2d-37ee-485d-afda-9ccf5ff2fdf4
b0de0ffe-ef97-4cdc-8cbc-8d4ec30e3c17,Ovidiu Roman Songs,ovidiu-roman-songs,1a18667d-edf1-4f89-833c-e27a3b788de9
545c84b6-8df1-4002-b360-b3ea6b7db0d7,Fat Jams,fat-jams,e5537ee5-ea4f-4439-a93a-7ae98c7532b9
24b78fe5-fbbf-4fe1-9cf4-527f45aeabfc,Sonic Street,sonic-street-8220,0dba2947-ea73-4552-85b0-1e6c7dd7c521
527b359f-8485-4f33-be74-b5551d3db5d8,Tongue-Punch the Fartbox,tongue-punch-the-fartbox,61d545ac-6fc0-4f69-a16a-13dedc80a4ac
d2a256e7-d613-48a6-99ef-e1bc58abc708,Chubbies Buddies,chubbies-buddies,38323e6d-21bb-4032-9529-9c5b1abcd1a0
c7b091d2-185b-4acc-86aa-7095f57515fe,Dob Bylan,dob-bylan,8f51c5c5-4f7d-4662-a97a-d5f6d952bc04
751cdf92-8836-4a8a-a3bc-bc0b7946c369,The Beat Boardwalk,the-beat-boardwalk-2929,7c59d546-7dfb-491a-b6e9-9ff46f3fb49b
942fa40f-353b-479b-84d9-3a197e1bc9f5,Songs About Squirrels,songs-about-squirrels,2e83a53c-fd35-48dc-b60d-235001aa6186
1d7e1683-4b88-466c-80cf-957acea6357e,The Groove Galaxy,the-groove-galaxy-2657,f4aaba43-7afc-4459-b79e-cc0ebf26d8a9
61b9dbe6-c080-453d-b62f-52ee8a7cb990,The Beat Boulevard,the-beat-boulevard-4791,14fc5a56-91e1-4fc3-b0eb-dc178f1e744d
78259033-785f-4c6a-99f1-b491b3105325,Melody Machine,melody-machine,91cf85f5-f5ea-4f4c-8333-44bfc1dddbcd
9b3fca01-24e9-43db-bb88-15b3ba73c068,Rhythm Rocket Ship,rhythm-rocket-ship-1850,88fcb860-8c83-4d99-9cc0-7ac06fd5a3b3
75f8cbb8-8cd6-477e-adb5-2cff2bb31c1a,Witt Pool,witt-pool,8f058135-b0e1-4790-9c08-639f77a4a3ce
a718f49a-4906-43b1-a699-839d39e5a79a,Moon ,moon,28eaf7c0-2654-479e-9b91-590ad10c1ae1
4c27e12b-3c03-4785-af57-0740a8161276,The Beat Brigade,the-beat-brigade-8556,edf74dfb-52b0-43e5-ac72-7efe10dc35b5
790bba0f-6b9e-478a-be0e-487d7b54460d,Rhythm Rocket,rhythm-rocket-4797,cdb70198-14c9-4569-98fe-6357a84e3907
4f9f5e17-f70f-400a-9b6a-dd6b1e7a5670,The Audio Academy,the-audio-academy-3549,d4281cee-35e0-4305-b0bf-b1d48b5e40c6
e3d368d8-c3ab-4048-8681-04cfdef1ef7c,Sound me,sound-me,4e33a937-8db5-4748-a2d3-badd65e10239
3bdd4dbc-c1d5-48f6-9a39-722303360f27,Artisans,artisans,7d393d84-ad5d-464f-88d2-7a6144abba83
cb86154e-ae85-440c-8962-bc60014d8859,Echo Chamber,echo-chamber-5287,88596d23-5ad3-4737-8811-8749a0f5d44c
4f9df29d-6bd5-49e7-92ea-a985bf377c0a,danbee.ai,the-beat-basement-8836,88596d23-5ad3-4737-8811-8749a0f5d44c
4f04e98f-7ab9-439f-a469-b55f12dcf4ab,The Sound Sanctuary,the-sound-sanctuary-4742,4c6b19bd-6ac2-4744-82f3-4cdfd66f7ef2
1fc8db82-7e0c-4520-92e1-84c6aa7dfab2,Summer Songs,summer-songs,72d08935-5462-41c3-a6f6-4d80bc1c6faf
65bc5a17-8384-4d38-87e4-9689281d7991,Talking TREEZ,talking-treez,5533c26a-876b-4025-bfb5-30ee78d5089a
a488a54f-c67c-4aa8-ba1b-fbffc7dd042a,Frequency Fighter,frequency-fighter-5296,d58685bd-8c9c-4a3d-84a0-cceacfe4b72b
ee490918-064c-469e-9c3c-abe93f30cef5,Audio Adventure,audio-adventure-4598,29411c95-0dc9-43dc-9977-52e979dd2c70
68218953-bc64-4378-91f9-d152ab1e320e,Sound Skyline,sound-skyline,7ab701e7-f0d8-4f72-8633-6614d7cfd796
bd1b4c1d-8a9e-4ca9-a3a4-218ea90d9d05,Maple Jukebox,maple-jukebox,e624bfa6-3b03-40f0-94f3-350c8515e77e
0c50be93-d9ca-45a3-b153-25a773094111,Sound Wavev2,sound-wavev2,fa04e0ab-d2d6-4ca9-a7c8-315b54128aff
1357a22c-b192-480e-bb18-b9b082a7a50b,Sonic Spaceship,sonic-spaceship-2648,9016c733-c0ba-4fd4-98d4-ac66db0d1aa6
ea5c6287-e22e-48f1-aea6-4cd9648d7c9b,Vagner ,vagner,e287932e-891b-464a-bb81-e7fa6c176160
a2fbd20a-5532-4ce5-a576-e45f549d8ed1,Melody Mixer,melody-mixer,32275bc1-e4c5-4714-b134-041f98736288
d8370664-0b32-4acc-aed7-45314fb9f689,Rhythm Restaurant,rhythm-restaurant-4245,91c88e5f-d2dc-4a64-bce2-5d3b3afa2ada
c2862498-1543-48ad-a5e9-8c7dc8dba09e,Rhythm Reactor,rhythm-reactor-2359,a9245c6a-bced-49fb-9485-2ad95cba48c4
a12ad592-558d-44d6-983e-f9bc7d60ccdf,Sonic Symphony,sonic-symphony-3839,f18c4ab2-fc84-4d42-aca2-547829122538
113ffea1-b374-4b2f-aa85-73b345608aac,Sonic Street,sonic-street-2232,a9245c6a-bced-49fb-9485-2ad95cba48c4
6de5b6b1-d016-4122-9170-7e3c3eba4409,Sound Storm,sound-storm-6416,673e818b-bfe4-46de-87ce-5cf90b4abbfa
824ecd06-cf53-45ff-b793-c2348035d049,Sonic Sidewalk,sonic-sidewalk-5751,55368b4a-6599-40da-ae1a-f54223248b1f
d189401d-4ce8-42c9-8588-e9366226d95e,The Groove Greenhouse,the-groove-greenhouse-2732,82036ee2-beed-4ac6-84c4-8d88c0b06551
9709acf2-9d0c-47b1-8ead-c8583c05661e,NIGGERS KILLERS,niggers-killers,c11d08c8-1c8c-450d-b973-712f06c07965
9cbe9b5a-69bd-4641-95d8-9c523b7523b1,Tune Tornado,tune-tornado-1815,61fe03b1-f234-4de8-bdfa-ff7ae5761dd7
22320a21-1f60-400b-8abe-f82bfa63bbe0,The Audio Attic,the-audio-attic-7483,e0fc8a33-fb61-4a91-a58f-49e55dc94fe1
9bc3b62c-640e-42ac-b74c-d8561ad7a909,Melody Mill,melody-mill-5422,491353cc-26b2-4d25-8c46-6c601916487c
0ffdc0e5-58fc-4029-83e8-537f46445f8a,The Boldin Jukebox,the-boldin-jukebox,f9a21ba7-3727-4f95-a39f-c115e1b1502d
7627788c-4cc1-44a8-9667-b6c6a99626d6,Aotwc,aotwc,94e94fbd-e678-40e4-bf6d-12e7dc6ab936
8869b2ce-1d5e-49d2-93e0-cc567b6df2f3,namhq,namhq,5090dd3f-66bc-4d2c-b578-74920b9d5ca4
85834225-9a48-4fb1-8728-ceaf43158ca5,Rhythm Rapids,rhythm-rapids-6304,073127cd-4bd8-432b-af8b-7e9b10b2d6a1
0c991deb-fdf4-4ce2-ae1f-9c7f910008c3,The Audio Academy,the-audio-academy-1583,2d5f1bc7-cef8-4f26-8030-fd4e492bf4ed
a101502c-0b8a-4bfc-96e1-7138120ac01d,Melody Maze,melody-maze-3230,613b0853-3bfb-47c6-b328-ecfc4883b1f9
3367d615-831b-4333-aa0c-b810926dfadc,Rhythm Raceway,rhythm-raceway-9824,6f3266bb-a162-43f8-a1e3-18232f40a5eb
86d3b775-c143-4bdd-b028-c3dedc172fdb,Melody Market,melody-market-6930,cca079ed-bd7a-4646-9dae-5e58015bb533
f8c74e8e-9bac-4f52-b5f0-52bffc3dbd70,Sonic Starship,sonic-starship-5424,40bad796-ae17-4ce3-b528-8b9fc6114fa6
edb732c8-4244-4edc-88f0-7b9698cd0443,Melody Marina,melody-marina,a42fd1e9-e8a1-46de-9fde-9fcc5b90e43c
08069bf5-82e8-43a6-ba9d-e484b80797dd,test,test,12a20087-b3e5-470c-b966-560c592958f6
ca6625b4-3153-4d76-ac5f-4ffe253b5a4a,Sonic Spinner,sonic-spinner-5214,0d8fc57f-1a72-42dc-8e3b-1337ff3131aa
37a40500-9f36-4723-96b4-18cd59fe29ff,The Groove Galaxy,the-groove-galaxy-5372,9262f389-720c-4072-b8b7-d7b54d304d80
ee647298-d648-4755-898c-7db26777e624,Melody Marina,melody-marina-6125,ca4b202d-f519-4488-902e-25cd78221095
4aa0cef0-d0e8-4df1-a6dd-e409e1598525,The Groove Box,the-groove-box-5380,88596d23-5ad3-4737-8811-8749a0f5d44c
44670453-ace3-440a-a20f-1e8dcd8de902,Deneme,deneme,a72382ad-0d29-44fd-8092-471c2985a5e6
f27c82ed-6f27-405b-9ed3-9c3eeb345b35,Choyon's Frequency Hub,the-beat-boutique-8262,5a97f8d8-190c-4662-a325-16b27bb4d6a0
fb5d21e1-6398-4f49-9e02-91a52cd24544,90srocks,90srocks,6c9fd11a-19b9-43da-9790-172aadb0838e
d4284f55-b933-4995-8c44-cb9b486e509d,Rising,rising,ae4f9d2d-d286-4f94-b025-49aecda7a92f
9331d7a3-8a47-430c-929c-d7c76f08e3ed,The Beat Boardwalk,the-beat-boardwalk-8798,b3db7db0-91f8-4ad6-988a-9c9cba9b1e34
e703be21-ce30-4932-920e-1c0ab3b5d52d,Stepsam,stepsam,4e33a937-8db5-4748-a2d3-badd65e10239
2d905468-c01f-4168-a3c9-16a5e3d2463a,The Beat Box,the-beat-box,bc8d4482-f20b-4b8a-a9a1-19271bc2206c
4abcb49e-92a1-42a4-91fe-1628680b48f8,Sound Skyline,sound-skyline-5024,bc8d4482-f20b-4b8a-a9a1-19271bc2206c
2d74ce55-6376-417c-85b4-f7a80c325b6f,Rhythm Refinery,rhythm-refinery,4e33a937-8db5-4748-a2d3-badd65e10239
e9d8b472-6e6d-4fae-932f-46f8601a5b25,MAHADJ,mahadj,8fc823c8-722e-4d73-ba30-77ae9463de0d
5740e8d9-8e5e-4c14-a6ff-c04a9ddd1df7,Bass Station,bass-station-9091,1bdbdd57-a9f7-44fe-979f-6d21e1cdc871
5806e25e-9519-4d44-a219-77f722a5041f,Sound Skyline,sound-skyline-5500,1688fa20-98b7-4cc5-8ef8-4895eb983319
a66403e6-bc0c-4462-926f-2ca9563611ac,The Groove Garage,the-groove-garage-7334,18f46356-40a3-4c88-8038-f0974d3f6107
93309dee-74e1-41f2-95ad-cc24feece0c4,Rhythm Rocket,rhythm-rocket-4599,e67d3c9b-1b4d-4f44-89ae-8a0e86a56852
2f9514f8-1ac0-4733-b657-83ef69e93ded,Amélie Jukebox,am-lie-jukebox,f2b46b5b-f0d7-415f-9a45-4aa7e889fe00
96b2b73c-c612-4b26-a1e1-dfd353f5bb77,The Audio Alley,the-audio-alley-6278,a653ee0d-ff3c-40a5-b271-94ed7d73b588
83cd6d78-ca7d-40ef-bd3d-5ce93703031f,Sound Station,sound-station-6388,68b49aa2-2ee7-4d41-b916-51b624afcd89
e615927f-d0c7-4649-841e-11fe57015522,Hashish,hashish,be01a713-8bd9-4dcf-a0d2-293316a9ec25
501cc448-5a62-434b-b04b-27305f553c36,The Audio Amphitheater,the-audio-amphitheater-3870,cc354b99-e4f8-405f-a870-8f98e6591102
5b2759e3-cef5-4db0-bee2-78822d0a2bbe,Rhythm Ranch,rhythm-ranch-3696,5fe298ff-c4a6-4c2b-9bf3-46ebbd660c69
c010ebed-e686-4333-be16-81ff37080a3c,Sound Safari,sound-safari-6170,5fe298ff-c4a6-4c2b-9bf3-46ebbd660c69
21108450-e52f-416c-97fa-8a080108048e,Melody Market,melody-market-5098,f53e68f1-96ff-4d4a-9110-c71791971319
5143f240-ade0-4d00-8886-f8f95b48cb4a,The Beat Factory,the-beat-factory-8922,802d9ed8-d22a-4131-ae93-4d3b63a91981
19a63830-9a4e-47ed-be80-521b164d8b6a,Melody Museum,melody-museum,673e818b-bfe4-46de-87ce-5cf90b4abbfa
730b94c0-6c3a-4480-8732-da2781874541,Melody Market,melody-market-1093,a76355da-95cb-4bd3-aefe-3cdd6e6e12ff
e2bd73c6-a681-4686-82a8-c6eb846107ea,Audio Adventure,audio-adventure-1272,acdaee6b-b731-4bc4-8eec-e727866d6ba6
2dad2442-4197-4ac3-9725-085ec9ebb202,Lakehouse Mix,lakehouse-mix,d393fd26-38e2-4682-a765-afafb6931d4a
b5df64c3-59a7-4e59-9e1b-760ebbcda3b2,Melody Mixer,melody-mixer-5001,f53e68f1-96ff-4d4a-9110-c71791971319
28735b06-f8fc-4588-b1c1-b9d5647c3da2,The Coder Rap,the-coder-rap,e61def05-26b2-4643-acb3-c2c5bcc49b74
83df26f5-9cd2-494f-a088-cc354008e1b2,Musique classique,musique-classique,8b13997f-1979-4657-bbbb-8a73a99936d5
996bcacc-73f6-437e-ae75-99bd44cc93d3,Melody Metropolis,melody-metropolis-6168,161aa838-8c6c-4ac8-90b2-f174a223b173
266e3aa0-0869-44f4-96b6-49e411f75fca,The Beat Bridge,the-beat-bridge-9056,a64f36c8-caed-4257-b699-2eb2b0279ad7
3fdf9219-0a4a-4c69-acd6-c7b0f5601c19,5b1f3fcb48c2a48cd5e98f4d8c2fbee6,5b1f3fcb48c2a48cd5e98f4d8c2fbee6,88b2932c-7ac0-456b-a319-d6301e2e7577
2f424682-2d99-458a-a4d2-16c046ee6132,Rhythm Refinery,rhythm-refinery-6110,cd84a3cb-3010-423b-ac64-da268dc19e8d
185c9ee8-7961-41e4-98c1-b6db726bdf81,Tecan,tecan,680c3b77-23f5-4d5a-b09c-a740df2116f3
75f6a0d3-cdbe-455e-baa4-28f648ebe99e,The Audio Academy,the-audio-academy-3961,29ba0294-8480-43b6-8ece-021912292c42
486d1f76-ec70-4ab0-a176-eeef067b6e68,The Beat Bakery,the-beat-bakery,acbaf31d-4d46-47c5-bc1b-acf0eb8f01f5
c77c95df-89a1-4a87-8897-3e38cdabf710,The Sound Sanctuary,the-sound-sanctuary-1795,de411061-1dad-4f63-b0d8-21f2df7feb18
b7f6f2e5-e6c3-462b-bb2d-62280d3071ca,Rhythm Ranch,rhythm-ranch-4526,a0e6bbad-8b07-4d0d-bc08-7b65214b8004
f31e755a-27b5-41e2-ad55-0f13e4785135,Rhythm River,rhythm-river-6207,818b4906-f237-4b4d-8f81-fad7d0ec0645
e71eeba0-7b38-4fa2-93fd-06097054b8ad,Vladimirskiy Tsentral,vladimirskiy-tsentral,2566ece8-1ca9-4a3e-9e32-b94cba4f8fea
74ffa308-4dd9-40e7-b2f2-720424ea50d6,Sound Stadium,sound-stadium-9120,ee736c55-2643-44ea-8138-892630b79082
e7ffff31-917f-48ea-9761-9890e82d9fe4,Jukebox Couleur,jukebox-couleur,409e4393-29c1-4802-be57-cd67a4b79739
9f645e30-ace3-42e5-85ce-40b7d1ce5e00,Rhythm Raceway,rhythm-raceway-1380,9d76f7ee-ad99-4b3c-9a2d-8f895ce5e748
563f8382-bfd2-462b-aeb0-e1fc543afb28,ants,ants,3eeb76a5-ed6a-46f9-a285-07d8ebbd497f
01afd6db-0776-4cf9-a468-91d9cc098aaa,The Groove Grotto,the-groove-grotto,21811f09-a427-455e-82a1-072a3cbb0f67
2c58872d-161d-4d34-9330-c3fc6fc150a1,Melody Madness,melody-madness-1833,818d20fd-afbd-4323-8735-e909854410d8
c5da7559-1a73-4b38-92ce-029fde14d363,The Beat Brigade,the-beat-brigade-9070,6f55f013-243d-4965-ab37-2d3e93008c84
a6e42b73-acd8-4119-9128-a030d736cc32,Sonic Space Station,sonic-space-station-8847,f470f4aa-d0ee-4034-b74a-cc2c1e2c7212
2bae06a1-cde9-46f6-9f18-0a248d75832b,Rhythm Ridge,rhythm-ridge-2991,254c3d85-6038-4258-8271-080df8a72706
fa7d2a7d-1c8c-4741-899d-4f680a5791ae,Frequency Fighter,frequency-fighter-5474,e2cb61a5-cba2-442c-9f14-30045c14e16f
00f40e45-db88-4bf3-974b-7d81d3a989c4,The Beat Factory,the-beat-factory-3217,6723edcf-e963-471e-a880-03fcc6a1421e
b1d79af7-24af-460b-b2a0-77d02f190dc2,Melody Mine,melody-mine,37a41b44-7c72-47a2-bf1a-334f871a4e96
c993035e-be2d-4ebc-bbf1-63534ac4cbb4,Melody Mill,melody-mill-1809,6e7dfad1-d280-4158-a832-57f97bb013a4
eb007608-d3eb-45b6-b3fd-5289fe285d01,Beat Blaster,beat-blaster,e4a2bd3f-9f2c-43bc-bf03-da3f721d7f45
1bd23963-3fdd-461a-bdac-a6836d287ffb,aa,aa,254c3d85-6038-4258-8271-080df8a72706
94e6f3d2-ff19-49c5-92ca-743f7393403a,The Groove Greenhouse,the-groove-greenhouse-6514,e37887c8-5c6a-45de-9d05-984f76763727
9f040f56-791b-444e-9fbb-8cd3b74d7319,Sonic Skyscraper,sonic-skyscraper,d28d0374-7be1-45d9-89a0-639bd9ebccf7
0ddb839b-8c06-4097-9f71-b0b5fa86da0e,The Beat Basement,the-beat-basement-2755,119f4448-0197-4693-b642-efddf517a0b8
37d2b9de-c6c7-4052-89d2-a9de2d19bea7,Sound Seaport,sound-seaport-8745,4fce19ac-70fa-4967-9017-2012a63fe24b
b8a7a45a-42c6-4d72-98ac-62ecaef91930,The Music Vault,the-music-vault-2593,db87fe1b-a1e9-46b5-a3b6-3a26627993c3
2f5cb8cc-2a7d-460c-be56-80ec3cb02c10,Rhythm Reactor,rhythm-reactor-7099,8d92c5c2-9f37-41b9-946e-2b01b9eefd98
8db13b77-a1e3-44dc-acc2-aaa02f12b202,Sound Summit,sound-summit-8373,ad91387d-4d5c-4dca-a721-4f773a9d3cfb
7263f761-03eb-417a-85de-ce1d46ab821e,Sonic Symphony,sonic-symphony-8390,abfb2328-6fae-4d91-a87e-0d66d2755ff9
d8ebb7a9-5d13-447b-98a5-7905678026fb,Melody Museum,melody-museum-6747,6adf1600-498c-4cee-a5be-3591d4e9365e
614eb2be-7af5-4fa9-8ee1-dd3bc976dee8,Rhythm Ridge,rhythm-ridge-9863,e660a749-c0b6-4113-8ae6-37ee7ccb066e
f96276fe-ae42-4ea8-9496-e0d3650ca3c7,Melody Maze,melody-maze-1899,6a03d1af-2f90-4c4c-8db2-a26ba803e450
dcb26ffc-1195-4e79-b006-0c0fe19b2e1d,Oink,oink,8baf2e84-86d6-48f8-a25c-5500f63c3077
d71a3d13-bf39-4fcc-9f1f-2e64ab5f5ace,Rhythm Rocket,rhythm-rocket-6521,5e7bb9c4-7011-414c-a793-254d69948058
96f2d6ee-c57c-440a-82bf-04fd4c44be53,Thor,thor,85c3b8ce-130c-4800-a28b-557c2770829a
0bc611d6-fbca-4d47-b9e8-2116a78c8b71,Mammoth Mid Afternoon Meltdown,tune-tornado-6777,d9dd68b7-33fa-4f0f-a99b-e7f3d1df1ea6
d7bfc43a-b258-46e4-8f3f-93575fac8ac1,Sound Safari,sound-safari-4767,130f0193-107c-42d9-8951-b664d90565f2
8c818b3a-6a57-48a4-96da-5a23eee829b8,Melody Meadow,melody-meadow-3049,eff38d50-7489-439f-a4e9-83c32c044a58
872026fc-a131-4e22-9e23-97d5144d638a,The Sound Sanctuary,the-sound-sanctuary-2202,8a376d4d-a191-43e8-b15e-98da540c3d08
7292475f-b415-4e37-b6a3-6241c9f6a272,Beat Blaster,beat-blaster-1673,ac65f1c6-e011-46b7-83cd-4149b0f59d9c
5f1ceca9-9aae-4054-b3f2-544580c596c9,Beat Bazaar,beat-bazaar-3915,8af55d87-8595-4cdb-89ff-144811e0b0a1
a323c077-65e0-4942-a206-b18463a3782d,Mammoth Mid Afternoon Meltdown,mammoth-mid-afternoon-meltdown,d9dd68b7-33fa-4f0f-a99b-e7f3d1df1ea6
a1b85550-236b-4e8c-9990-394d312c2235,The Beat Boulevard,the-beat-boulevard-5100,16334d42-5ca6-4f7b-9baf-1bd4f81ba84a
a3a525a0-8f2d-41ad-8c0d-5e795f89117b,The Mix Master,the-mix-master,60c698cd-cb6d-4d95-b42b-e48bda53fd8d
ed6ef6e0-6e1b-44a8-b262-5aa381cbf1bb,Sonic Speedway,sonic-speedway,08626c55-7e0a-4209-a19e-991181bd0f53
8c51da53-ce41-45f1-86e0-f0654a483df7,Spontify,spontify,a0d00df1-407c-44ba-a54b-ea43733da751
7d3728aa-e250-4cfe-a83e-146a4352d280,Sonic Sidewalk,sonic-sidewalk-2251,8b57c169-56a0-4f84-8ad9-1a77ca204fb1
c04f11ee-4c83-4317-b395-d897beb495cf,Sound Stadium,sound-stadium-1421,bce922d3-c158-45c9-9b4a-8b8fb91b6333
39d93e36-13c7-4b25-b025-2faf7b31e605,Sound Saloon,sound-saloon,b06a02dc-bab8-4bec-b174-4b98d1373081
9adc3d29-ffb1-4a5a-8760-335658075089,Rhythm Ranch,rhythm-ranch-7283,e4758619-ac4e-49d4-af06-39f865d95cda
67df0e9d-7741-4ab8-9984-b08b35cb599b,The Beat Beach,the-beat-beach,1a9174e4-9208-466e-9873-9e8456ac51fa
b4db1533-ba93-4321-9efa-f975fe1ea792,Zou-be-zou,zou-be-zou,5aec4bf5-d3ea-4c31-86b5-bb9fda2df42e
ec7950f4-f595-4178-b946-6902eaaffc3b,Beat Blaster,beat-blaster-6516,fb98028c-3667-4439-9d1c-e25d9e7ff283
614d2838-4258-4a6d-b7c3-dcf3e49814c8,Sound Storm,sound-storm-9620,a8f0d3a0-7c5b-452e-b8e1-581127d8dd78
50b17728-11d3-4d34-8dc4-bce798590597,Sonic Satellite,sonic-satellite-3127,d2be66f4-391b-4cfa-97ec-db091a243379
aacee7c8-2d79-4d3c-89f5-67a6d4c46c46,The Beat Bunker,the-beat-bunker,9dc8728f-1462-435a-8ba2-384d556bf2f2
30fd6710-e332-4fcb-8161-a3367d2dad0a,Underground Radio,underground-radio,8940993c-e1cb-4e74-afa2-ef44e4dbb6a0
631d46db-8c9b-4288-8b01-c6968a3be392,Melody Metropolis,melody-metropolis-4571,fdef24ee-c854-4eeb-9916-194a65dd513d
0c130510-69ac-4185-9e8f-4246819d579a,Melody Madness,melody-madness-2216,24d28c33-cedd-42e6-8c13-716b1305d778
31e6b814-ad56-4e2d-b637-062b769f296a,Melody Manor,melody-manor-1378,a16b3329-08ab-4183-916f-8d6888d94d35
43f13961-2c46-40cd-a718-afdf24b2a081,Sonic Subway,sonic-subway-7608,e7d556fe-bb3f-4379-97d2-57cbda112831
f0b77894-baba-443f-aabf-c2179d480428,DJ Total Kaos EDM 2025,dj-total-kaos-edm-2025,2e5db7e5-32e8-40f1-8111-0eae3e767b76
f6bf84ea-225e-413a-8401-25bee74e3c71,Rhythm Retreat ,rhythm-retreat-5599,1174aceb-dd8d-4236-9b4a-dedaae9c14b1
b20c9eb3-3a47-4a12-81ce-197b78715885,Hecbox,hecbox,ea9a8d4b-645b-4675-bb4a-22fbc4ceede9
206e72a8-5100-4f3f-a421-8bba4023ebc7,Melody Mall,melody-mall-2163,9a984ca6-0e01-49ed-9b9d-8b6eaf7bd5fd
5382b4e2-6d2c-46a1-a36b-4eb029eecd81,Harmony Haven,harmony-haven,cb3dcda9-3888-4c2c-aa0e-0fde917a39da
6b0e5c3d-3bd0-4e05-8c7e-85fb306ee900,Melody Manor,melody-manor-2290,3281ea57-bf4f-4a07-80f2-d8a10e958eff
ce9da523-bbfc-423e-9193-717b3791e244,The Beat Barn,the-beat-barn-7957,2b7eaf8a-ed34-4d70-a337-eae36126b052
12aef721-8e8c-486e-8aa0-e5014838a14b,Rhythm Rocket,rhythm-rocket-8821,4180e041-8189-4fb7-87a4-caa1bd2f784b
28b270e4-ab76-4033-ac13-0662d5dfc641,Rhythm Refinery,rhythm-refinery-2944,9e1c4f29-aded-4257-8882-c420494541b4
2b5e5dba-06e5-44ab-9710-a4061a846ef5,Sound Stadium,sound-stadium-6353,96dcb3dc-4b26-40a4-92e1-8e1b6797b71e
32782174-ac61-446a-9c6d-90406c089323,Sound Shack,sound-shack,2b51733e-144d-4187-b8ff-3f557b972c38
34d41bf8-cc22-4448-a252-07a0d44d18b6,Frequency Fighter,frequency-fighter-7273,97856080-1379-4057-b6ac-165537489c42
5fe6c977-689c-480e-8ccd-430443370bb0,Alternative Nation,alternative-nation,b04e3383-597e-410c-b459-a90a6befbda4
ca31777c-1f0c-4008-b84d-03ecfae3d954,Sound Stadium,sound-stadium-4810,294fffde-62a1-4a03-8894-cc88acbcc0ae
a63e7ab2-1b9b-4a54-9160-e791cddbd285,meow,meow,ee069b52-1b19-4ce1-9624-1317a4fa6f51
ba09def1-28eb-4988-9c9f-d6e0f5883a76,anamjee,anamjee,823afc95-7fcc-4be9-9959-3d19c912d11c
51f3d05a-9008-432d-a67e-b343add93ef4,Melody Madness,melody-madness-3476,03b62804-be92-4d70-8989-71d33cb79a3b
daff43c5-708a-4105-8c2f-b03df174c4ab,The Rhythm Realm,the-rhythm-realm-4236,a343684c-a73b-429d-bf17-a066c08ae343
33eaea96-f1fc-4023-b4ad-a5feac0d4681,The Audio Attic,the-audio-attic-2097,967b279d-0914-4380-850b-7893f5538006
e245dcac-f7f2-410d-a03a-9804633c045e,Test,test-5147,9bfb4e32-d9eb-424a-8353-b6c5d89134d0
c521feb6-83f7-4379-a796-e4231182bcc8,The Music Matrix,the-music-matrix-4620,f6a1964f-7058-4800-9969-db503ec1adce
5ac27d20-feed-4b83-b4e1-2253873b7372,Sonic Subway,sonic-subway-8548,eb03c0d1-0da5-4b0d-bb14-eda521d88010
6bd3b25c-be4a-48b5-a4c4-f805033dcb3d,Manoek Kitchen Rules,manoek-kitchen-rules,08f45091-96f8-4ee2-a633-4cc732a0a58e
e2a89ad7-1250-4410-bfec-d87f01b72df4,test,test-7103,9bfb4e32-d9eb-424a-8353-b6c5d89134d0
50476966-004c-4bc5-9ce9-3758ca8a6bbb,Rhythm Railroad,rhythm-railroad-9118,d753034e-fd4a-4d26-82ba-4d07ac2c97e6
c66f8cfb-08fd-4a18-99e7-cc88e2c05e0b,The Groove Gallery,the-groove-gallery-2690,74a485ac-cf03-44eb-af08-04cbc2ed3c35
50571036-f94c-4af5-b4ea-82c237efafd1,Pool Tunes,pool-tunes,72acd1d8-0b31-47db-b299-bc1b25b0da2f
55469198-79e0-45aa-af3b-5dffaff2456e,The Audio Airport,the-audio-airport-4519,94f5f1a0-d518-46e0-bd11-6272f05b511a
87240556-d73d-4a7c-872c-f6796a80bf79,Sound Safari,sound-safari-1623,7ca2a62b-5f33-41c0-a628-a931e66c353a
769aea67-a581-488d-bc5f-8b1e2e8c307e,The Groove Garden,the-groove-garden-8883,74a485ac-cf03-44eb-af08-04cbc2ed3c35
1dfbc678-f714-4005-9e9a-ca29732f4b8e,The Sonic Sphere,the-sonic-sphere-3457,243c4cd3-933d-4509-8489-a3d6c92becd2
e20c1a21-e4e1-4152-8877-00e85536257a,The poopoo box,the-poopoo-box,9de9e3eb-6184-4e52-96c2-d6265163944a
fab27e66-2965-4e3b-8c1b-a7aabf6a0dec,Sonic Satellite,sonic-satellite-7303,ac7129b6-0bfb-4d43-9dfb-aa07d29febee
ac1bb55c-9cf5-460f-8573-05361a16ffa2,fnord,fnord,224adbb9-ed3f-4869-ad73-be65050b18ed
d2037c12-6059-4f64-afab-a972bcb5a287,Melody Maze,melody-maze-1878,24465e6f-2bfd-495c-81f6-7e9fc208bd01
0d2ece96-4df6-44bd-b402-d862e9e3b6d8,Sound Wave,sound-wave-3447,7b2fe197-2898-43f7-8217-724f3bc2d200
c3ebb7d5-3bea-4b94-9c88-feded62e35d7,Martial's Geburtstag Jukebox,martial-s-geburtstag-jukebox,35153b4d-0f55-4be1-bcfa-38dd7756f15b
42699918-ee94-4b23-ac82-512ca71f2277,The Groove Garden,the-groove-garden-6686,21a72cc5-23c2-4c26-9c6b-86e49a2d89a5
15008499-2ed3-432a-aa0a-ed7c07f64fa1,Melody Maze,melody-maze-1493,6c7720a4-3e5c-4c47-a446-b506ed56c246
9eb8ddd1-4191-46de-a5fa-4c0cf9e4c514,The Beat Bakery,the-beat-bakery-2474,9f9fa903-b312-40d9-ad43-6594f80d9ec3
d61d4bfb-de4b-43bc-8ef1-9fb64c726f78,Sonic Spaceship,sonic-spaceship-6545,3afbab6e-930c-471e-a9e2-ebaa3d3563bb
867ad00a-1cc6-48e2-9507-823db5a25c7d,Sonic Starship,sonic-starship-4383,ed97f43c-bb72-4ac6-890e-720846e86720
25d883a0-56dd-44ba-9560-c89b8ff179de,Sonic Space Station,sonic-space-station-7796,1de7511e-03f2-4e38-9c22-177ab201e242
a5844372-88a8-4885-a7ee-4240504019b3,Topher's Jukebox,topher-s-jukebox,73c8aa4b-815c-466e-86d7-48f428b170d0
4cb8b671-e775-4bb9-9eab-12711d19b3d1,The Groove Galaxy,the-groove-galaxy-2746,8ac644c0-7e70-4d18-a56c-72d8f2421f2f
2db84cb3-4e1b-4467-aa9a-2041891bf899,Sonic Sidewalk,sonic-sidewalk-7402,300fa299-e6e4-419f-b7ea-e6fc0425aa83
a9872e9b-db8f-466a-a40f-24806e4479f9,The Beat Basement,the-beat-basement-8410,8e48a752-6abc-4d06-9f7a-eca4f6cac331
da449461-2f2a-4f04-b61e-5367da62fff2,AzzBlazter,azzblazter,dcfbea4e-a15b-45ac-b818-59582aa3376f
39e06f89-9b95-4306-bb35-35353e17319e,Harmony Haven,harmony-haven-6814,8fc823c8-722e-4d73-ba30-77ae9463de0d
6a962ea8-d05e-4825-9873-10f7a987fcaf,anuragi,anuragi,beda8732-6737-4dd5-964b-994560e84d7c
61899863-86c9-4e5c-b299-181623a208ca,Melody Mall,melody-mall-3457,60d9cf1d-a27c-4791-ad82-ae28ef711958
bbfabb9c-b485-4dd3-ac63-7889113c6cae,Sound Showroom,sound-showroom-3353,a7e03594-d9d8-439a-bd46-4ccf8f9f1f7d
12c0f5c0-b61a-4924-9121-781f406786db,Melody Marina,melody-marina-4057,8fc823c8-722e-4d73-ba30-77ae9463de0d
df49072f-4d95-4dac-9058-91deeb3b9425,Мы команда 😝😝,,427c284f-619b-4878-a401-49b9d5a5f2fa
f0ab6058-2d53-44a8-8e97-ad81832e441b,Sound Showroom,sound-showroom-8747,e925b8ba-733f-4d1f-89c8-6f9107d9bc05
fa8cb46a-e933-404c-b728-05f64eac55e3,Kastryulya,kastryulya,427c284f-619b-4878-a401-49b9d5a5f2fa
92a2babd-9908-4976-ad3e-42ec24082cbd,Melody Manor,melody-manor-5219,49e9515f-3117-43a0-9c2e-354836bbcee9
2408b62d-3e4a-4806-8531-d2895dcf502e,Melody Madness,melody-madness-4856,696b53c1-c347-4cc1-8688-68f9bb2b68d4
6e9fd1a6-9a18-406f-8985-7ffdd6b5cce1,Tiitun riemuboksi,tiitun-riemuboksi,b80099ec-59fa-40b0-b1ad-4ab6e30163e5
855c2376-5bf1-430b-af90-ebe629991174,Sound Saloon,sound-saloon-9313,bd4be3dc-d5d1-410d-a978-eec02d896e59
f454ad55-1147-47a5-9626-582ec32a0ac8,idk,idk,beda8732-6737-4dd5-964b-994560e84d7c
c7e9e7e5-a500-467d-a703-4009da9330cd,Sonic Stadium,sonic-stadium,673e818b-bfe4-46de-87ce-5cf90b4abbfa
e5cb1165-5657-4ff2-9870-3e4affc14514,Viking folk & metal,viking-folk-metal,4a6749d5-397f-4799-b092-b15f41909323
bfd44bb3-2d97-464e-b895-dc9ffa8328e0,Rhythm Restaurant,rhythm-restaurant-9188,4212d24e-de0c-4ef1-96fe-d9f0f9d26435
eac8b998-00a9-4fb5-8da3-63973eec051e,Rhythm Ranch,rhythm-ranch-1205,782489b7-0dc7-4fc3-9cc3-594cc73a069b
9e635c3d-bc51-43ad-9225-f8cdfa963cd5,Lofl,lofl,1ea436de-6b3d-4d9c-9e16-7b62458ae8da
b65685d2-db55-42ab-9b78-bdea031065d3,Long Live Bing Bong ,long-live-bing-bong,4f6aa7f3-6b03-49d0-a521-0c3fd68d13f9
ba543176-161f-4333-a781-a7cead83403d,Rhythm River,rhythm-river-1654,c5c9a0f8-052c-4bb0-8bb6-a006d1278dfb
1a262733-cfc5-4c68-b827-8e86dbeb99d6,Video Gamey,video-gamey,bc318e7a-f965-4da3-a3b5-81aab92d8f7e
4b26a5f5-b944-4120-93b5-04e61a0ffb6a,The Groove Grotto,the-groove-grotto-3560,fc5927fc-0b84-436d-a6e2-0391b16d858e
54a93cb5-9437-4481-b571-944ac3016cc6,HJIERuijters,hjieruijters,3df6355e-a855-47c4-90df-df219b1cbae8
689a9f90-a72d-4814-84e5-1a22016f1e7b,Rhythm Revolution,rhythm-revolution-7410,e6028790-4f08-46ca-97a0-c81a05d7045f
216b7353-6197-4d3f-a688-d7f7f089b236,Sound Skyline,sound-skyline-5755,6fc84a65-d704-40a9-a727-1b0b6ef9553b
cf872ce0-f67e-4341-a28e-0c5dc05e8157,The Groove Galaxy,the-groove-galaxy-5804,afa39356-ad7e-4e73-843a-7bc058efdddf
1de21776-9a16-4b37-bfb1-005d53b214d2,Sound Showroom,sound-showroom-1500,2e2b79ca-4ec0-417d-a0af-c5aab0aa50ac
93e49e5b-693e-4f3a-aec9-aae878461171,Sound Skyline,sound-skyline-2836,3d36e06f-727a-47ca-a0bb-f0c233166355
f820be51-4f1c-4c3c-9858-ae37b5ff9b42,McElwee Jukebox,mcelwee-jukebox,28eaf7c0-2654-479e-9b91-590ad10c1ae1
c86d2400-c72c-4df7-a7f2-aea129dcfea6,Melody Mine,melody-mine-5193,0e16869a-a34b-428e-bc38-e508d9ce9a17
08764127-114b-4d17-ad5f-19fcf2716187,Ook,ook,85b76f37-7ff8-457d-aee5-c7c7f22f5ad0
1443d25c-cbee-4b2f-95ad-4f138fe414b6,SoREy for the outages,sorey-for-the-outages,782489b7-0dc7-4fc3-9cc3-594cc73a069b
f1dcbcca-3339-4f5c-a751-f89340fdc36b,Echo Chamber,echo-chamber-4313,7d3a1ff2-5b41-4eca-9850-3e31bb02e2e5
1b62e581-576d-47d9-b584-24d6817633fd,The Beat Factory,the-beat-factory-9866,eeccdbb6-10bd-42a9-99a3-c3570b5875e3
45fd9c0c-4964-47c1-b61a-99270b2b2e91,The Beat Bistro,the-beat-bistro-9146,2bf28e73-f882-4b4d-903a-b654f4249c76
fbc7ba80-40e0-4c4a-a5a4-d0f526ba14ff,Sonic Spaceship,sonic-spaceship-9539,035342ec-34d3-43b7-a9d3-482571cf7f10
65298654-70d5-4d38-81ed-ba807c30c942,Sonic Space Station,sonic-space-station-9463,6fc84a65-d704-40a9-a727-1b0b6ef9553b
24107309-b01d-4bb1-84de-b5959bff29b3,The Beat Bakery,the-beat-bakery-5063,cba06188-5c3f-4c32-87ee-1fbe967a130f
e16ccf62-9bb5-403b-90bb-fbda4f00e45a,Frequency Fighter,frequency-fighter-2415,beda8732-6737-4dd5-964b-994560e84d7c
7b4017fa-f2a3-4694-8567-a3c1d124f1b9,Sound Skyline,sound-skyline-3639,beda8732-6737-4dd5-964b-994560e84d7c
92c343ad-f133-4df6-96ba-0ad95bd4c8eb,Folkies,folkies,cfd1f6e1-d2d8-43d9-9309-d0a4970d4670
49a444b7-320e-4abf-ae07-4a6b3679bcd4,Sonic Street,sonic-street-3797,ae4f4854-59d4-4e17-8e01-804362192839
e3f579e8-3e54-44a1-9a07-97aaccfcfba6,leztest,leztest,f660366f-2925-42a8-88bd-d62ffb8de457
fb3e1d88-1274-4d67-9f83-bf6871573112,The Tune Tank,the-tune-tank,07f84d63-4095-4adb-b744-8cd37a52421e
04063c4c-20cc-45c3-9a7f-8967bf243adc,Sonic Symphony,sonic-symphony-5778,6d97633a-9d60-415d-ba9a-870eb964aa0c
2cd8a447-88f8-4854-940a-18367fb68939,307 Harrison Ave,307-harrison-ave,2aa51da5-420b-4f8b-b4d3-9b02b668a178
2a8bb78d-c46e-4939-905b-2a8575a5a94a,Dança da Manivela,dan-a-da-manivela,d4bec5da-9bb6-4daf-be03-aa7bb3f7fecf
f936b420-243b-440f-9593-866a7767c36b,The Beat Bank,the-beat-bank-1309,3bf9f033-319f-474d-b081-df99ea74a251
af825c1d-1d0b-4063-b2be-461f7a6752ff,The Audio Attic,the-audio-attic-1075,adba4600-48d5-4915-8b21-2274f1b4c376
01e047ee-9253-40b8-a781-7b55074b49de,Melody Machine,melody-machine-2889,672cce19-972e-4b01-99ce-fe6b2d4c9f17
d0aa9a55-b2e5-4d5c-9b90-d7ff4ba90f90,The Beat Basement,the-beat-basement-8600,1c00e841-d341-44bd-a6d6-5dbe796ae91b
d3d61e42-5ab0-4d80-b3d2-0d9032c0b1d7,The Groove Gallery,the-groove-gallery-8862,246c03de-1e79-4818-9736-11f1ddfb39d6
3661d061-3c0d-4a4e-bcb4-98bacbd3ad42,The Music Test,the-music-test,a1edd678-9174-4630-b270-0e8ea72281e9
cce09ec0-74bf-439c-afb4-571c4081a760,Sonic Symphony,sonic-symphony-3701,5e147826-4176-487e-8ec1-f011ed98f658
d125be79-1dbf-462c-939a-56f4e4c697a7,Melody Market,melody-market-6762,b5ce758f-e457-4a35-ac06-e20275086e07
60d6646d-20a3-4465-81f7-2e538cfef065,Echo Chamber 15,echo-chamber-15,dc9a83f3-6e57-4ba2-bfb7-ac3cb2c482d4
088e2842-5a2a-4ec3-88e1-b28100d303f0,Sonic Starship,sonic-starship-5084,9c92fb01-6a3d-45bc-9baa-fdbf384dfcf4
dc951c03-4267-456e-914b-c3c3978a9a41,The Music Matrix,the-music-matrix-5155,c8a3c1de-6f85-4058-9b92-45df735f705d
3fc5c4ac-6c7b-4ed5-a74d-bcf19e4a4832,Fnordia,fnordia,b643b63d-9f7a-4bd9-b8ae-eeca553ed3ec
1eff6193-a997-4d40-b225-466c84467bcd,The Audio Airport,the-audio-airport-8078,09d3781b-10c0-4090-9e3d-6c6632bbf25c
0d9d0bc7-9007-4e18-8f5c-dfd5a32be80a,The Groove Galaxy,the-groove-galaxy-9016,d8a88f72-06dd-480a-a5ef-394cddb0ab81
36f2c1b0-76c7-493a-9e2c-3f49489a61b0,Sonic Satellite,sonic-satellite-5190,6bc62852-9651-457c-ac65-2238cc35506f
8cda51a0-ec5c-4fbd-b3ac-b047726a5b28,Rocket Souffrance,rocket-souffrance,6bc62852-9651-457c-ac65-2238cc35506f
14aa606e-76fa-437e-aca6-65206c430ca8,The Sound Sanctuary,the-sound-sanctuary-6418,4e4e90b8-5d62-4a27-ade8-178fecd79d84
0d9d2b70-55e4-44d9-9dfb-133903bef326,Sonic Street,sonic-street-8954,14d96a6a-fb01-477e-8b4f-fe9d3baeb238
35600fa2-fe0c-4b31-8508-8a4fce9bf1c6,Rhythm River,rhythm-river-4289,b3d9109b-c7ac-4f22-8f0e-8f38b31c60c3
67af47ff-8c8d-4d6a-bbe8-ec1391a2268e,Frequency Fighter,frequency-fighter-9691,193978e4-83b8-4037-8b2b-496740d73545
b638f405-92dd-48dc-8e33-28017b672a42,Sonic Spaceship,sonic-spaceship-9757,c69fe2f9-329a-4c14-8747-32a2299906bb
7dedffb8-633e-4fbe-a2a0-8d0b7a8c53c4,Tuesday nonsense,tuesday-nonsense,c7eadff4-2379-45a7-be08-8a84efc76bed
2e8e0333-c8f7-4637-8b6f-6e68f2d4a276,8Fold,8fold,0b555ec9-8744-4b05-bbfb-21f393030fe2
f5e8640d-4887-4693-badc-c337aba7183d,Rhythm Resort,rhythm-resort,c7eadff4-2379-45a7-be08-8a84efc76bed
d55759d3-4590-4624-90e9-d9dbf7229218,The Groove Greenhouse,the-groove-greenhouse-7997,13d4eb6d-cc7e-4169-b3c9-f7651d4d3f4d
80e05008-3fe7-4cc7-9f85-214fbe7fb253,The Audio Arcade,the-audio-arcade-6778,a324f746-e7be-460b-8bf8-8b2bda1de1c9
e4279fe0-002d-404c-a24d-537ecdf605e7,Eeegh,eeegh,dc3211dd-2bb4-4053-bee0-5c3c0f28142d
f2a83c06-7dcb-41aa-8c22-9d5a96b313bc,The Beat Bunker,the-beat-bunker-9511,9ffa7a0c-89e9-427f-92e9-7c5eefd4263b
b637011b-cabb-4bfe-96c4-cf182c7910dc,fukboyz,fukboyz,64d381a2-5330-4371-a236-a462358fea4f
4e2db847-e099-46d8-8fd7-2eedc9f9c809,The Beat Beach,the-beat-beach-7003,55ef6717-7d84-476a-a22f-93185031576e
8f6c9983-d796-4e80-b795-0ed155f565c5,Harmony Hub,harmony-hub-2338,b6010d6f-3b81-4b18-af8d-6a03c903be25
bb09aad5-a754-4958-a67a-d7ac87c2962a,Sonic Street x,sonic-street-x,c5bf4a2d-62f1-455a-a344-05f2414885d6
9165f8d1-2c2b-4cfc-8a91-e174fb711280,Jason's TEst,jason-s-test,a1eeb8e7-d730-4f82-a237-0e30cff78237
aead7d0a-4f4d-42b6-bbd6-9824aa072276,The Beat Factory,the-beat-factory-9023,cfaa23a7-fef2-4350-a283-b70c212b012d
b1112277-0dc7-475c-8678-058ff02e2082,The Beat Boutique,the-beat-boutique-3514,c9a36e15-fe6f-4582-8d0f-1104e6b58fee
a36e6a22-9d3a-4dc0-838e-6d0573c36a61,Rhythm River,rhythm-river-5209,07e69e25-b7e1-45ad-8da5-0da5bd7c6736
1034b14e-2fe0-4f14-bfff-120c0a09127f,The Rhythm Realm,the-rhythm-realm-1426,a8d89293-d608-49b6-ba5f-00d8e531560e
e5c8ec98-c57a-4fa2-aae6-2630c8acd230,The Groove Galaxy,the-groove-galaxy-4743,c040ed3a-2221-497f-b5db-b8ae493c84c6
ebfd91db-aa27-431f-b694-ef09becd331a,Melody Manor,melody-manor-4483,6bc87886-3a5d-45ac-90e0-b19181cacd72
d3163b1b-5a46-4960-8bf8-301c16bae848,Beat Blaster,beat-blaster-7488,a13417af-fe89-4bca-a574-0389df64ba0e
08930e07-9005-4521-9ffc-5ac44f569851,Null,null,499748bf-2a12-497a-a5c7-49693cda0bd1
ec11a07f-5a0a-401f-b020-2cd3aa3690ac,Rhythm Rocket Ship,rhythm-rocket-ship-1150,2ed01492-1fae-4112-818c-cc1a68f35982
09e39f77-4b52-412e-a015-aeeabe375eac,The Audio Academy,the-audio-academy-6122,503a1d13-f3a8-4212-b4b9-4a662ceea264
f3628f5d-0ef8-4c47-8625-775d343ae339,new gen,new-gen,2632bd40-91cc-43cc-935c-c6a2572e412b
c8836b19-077e-4659-a151-1fd8f61b18b2,EPICPOWER,epicpower,4dd3e074-8ee8-4f6b-b9da-675bb2c2342c
d4cbe385-377a-44b6-af2c-552f7fa50a9d,The Music Vault,the-music-vault-8796,9a291c34-d6fa-4ace-9ec7-63419ae50e51
6876c686-2223-41f2-88ba-e742f837c317,The Sonic Sphere,the-sonic-sphere-5760,cbea8b4d-4e0c-441e-89ce-2b3f05c795ed
2e84606d-4bc7-4132-9a83-20f2852b9636,Beat Blaster,beat-blaster-6192,f200a0de-5332-4172-8680-60d599037057
47fe8a53-f2ee-4299-9917-e9ce54174d8d,The Beat Bistro,the-beat-bistro-2122,4f129917-7a8e-4c91-ac77-620425e9b27f
c45259cb-e026-4db5-aa00-c35b94a28025,Cry,cry,6033ef4a-77bd-47cd-852b-acbc2976c2c6
dbb5e6ea-7589-494b-82b8-5d214153d89e,cukebox,cukebox,1d5870f9-966a-4a83-bce6-01da2cdd1c21
e3ed8cce-13f3-4ad6-a3dd-1d525393fe99,Melody Machinem,melody-machinem,d97bdbb9-62c3-41cf-8250-ef3a447926b3
5778cfad-1b29-4d42-a588-4a09bd4243f9,Sound Stadium,sound-stadium-7337,824ef688-a1d1-4a15-af3a-823f4afafb9a
691e02df-c359-440d-bb89-4496cc1b4ab4,Rhythm Retreat,rhythm-retreat-6580,7487dfa9-fbd6-421e-a7fa-071b909bfe3e
171ac767-95a4-4ef6-b109-61fdfeed39c4,Tune Tornado,tune-tornado-4627,2f6fc071-4ee2-4541-9367-1186dd7aaf5d
94f4f223-f773-4f0c-8969-b089ebb04fdf,The Audio Alley,the-audio-alley-8337,f3ad2bf5-1226-48d1-bc3b-6b88d29bcf1c
e8721bc7-fed1-4ded-a710-19a5dd043115,The Beat Beach,the-beat-beach-3367,f8ab0a83-e171-4035-9752-6cea3b1b0f38
14982930-afcb-4069-91b6-d26f6a64682e,The Beat Bridge,the-beat-bridge-5880,00aba9a1-63d2-4bb0-adbd-d37f0a9c843a
ff3ad492-73cc-4df2-b52b-b9ce2d1d4dd2,The Beat Bakery,the-beat-bakery-6424,30568f4b-5571-4773-8233-dc59c04830d0
b8739838-6573-4c6e-898e-ca02ceeb2112,Afternoon Chill,afternoon-chill,24d2e18c-8dd5-4428-8476-075fd960e0df
6a550d39-d4ae-44be-9b8a-3d8ac9ee6e64,Sound Stadium,sound-stadium-9717,38064c9b-6636-4a63-bc45-37ed6102bebc
a2c22081-fe36-4704-8d7b-a3a091eadca4,Songzzz,songzzz,69b2b7d6-ca25-472e-9caf-262ccff50b62
a5999f72-cea6-46ca-b781-4b9e208b4880,Sound Station,sound-station-2966,53cdf470-cbaa-4a04-af5a-d2597302a679
5af0c069-e6fa-4069-989b-b32bcdb8fc4c,Rhythm Resort,rhythm-resort-5072,cacb39db-402e-4bf7-bacf-f5ac8f17b278
9ebe1fed-7de7-4d4c-bb0d-e161d2a34cf0,Sonic Sanctuary,sonic-sanctuary-1839,39f09751-eff8-4b73-bcd1-9e5ca07fbd2e
a4c1ed29-0175-403f-99a5-505931fa90ae,Time out of mind,time-out-of-mind,5d0bf472-1e26-4342-a745-6660b5b76e95
17bfa21c-1a41-4f53-8555-dffb8119794b,Rhythm Revolution,rhythm-revolution-8767,4959890f-7b92-4478-94ac-3b7fbde0fd1e
c29d0cee-3218-468c-ae99-6fc375470764,The Rhythm Realm,the-rhythm-realm-9103,a8d89293-d608-49b6-ba5f-00d8e531560e
fc69fe2c-3757-47a7-8613-7cdd75cc17fd,The Tune Tank,the-tune-tank-4937,3eeb76a5-ed6a-46f9-a285-07d8ebbd497f
9e2b5dbd-02b9-4f46-8063-c366ecfd6289,The Beat Bunker,the-beat-bunker-7914,db205e79-1d35-4dca-9d49-02af75e67fde
51be4502-b0a4-4fbb-80f3-82aa2fda8a1f,Dub,dub,a2a1926d-dc19-4535-a70c-0d196eeefcbf
3c0df694-e471-41de-885c-bf04c0d19df2,Tune Tornado,tune-tornado-9279,4f129917-7a8e-4c91-ac77-620425e9b27f
e355a944-0bd3-4d41-863f-44d7c35f857f,The Beat Factory,the-beat-factory-8364,a5fa3603-0bfa-4449-b049-1db1b182b653
5d9a4634-4400-48c6-93d1-62ba2ef6870b,Sonic Satellite,sonic-satellite-9420,d6d386e2-0131-4ba6-adf3-5d26f13ff488
acca8478-19f6-4ce7-9af8-a2bda7837efc,The Music Matrix,the-music-matrix-2176,d6480e31-d950-4e5e-9c9d-3cbaf01a8145
290c2b66-87de-43ee-a25b-0654594b640e,Songs about trout,songs-about-trout,35f63bd4-3501-4bdc-a9bb-eb677b2ed8f5
4525c099-aa34-4962-a6ca-5eef5bcfa46a,Sonic Space Station,sonic-space-station-7127,99834a7a-50d6-4017-9368-4c8f521826a8
ed32bd80-02d5-43c4-8293-9c5329264aad,Sound Seaport,sound-seaport-8770,49b9df6d-2c32-4122-b551-957365ef190f
2aabf41c-eb1e-4fa1-9d4a-f6dbc225de0f,The Groove Garage,the-groove-garage-1564,4e939598-42c3-47d4-9bd4-6e933321f97f
f65c3411-b79f-4d84-9559-72a3ae1836b1,Beat Blaster,beat-blaster-9016,9e07438b-e972-4839-b68f-75fbdaf39b14
6edc5d59-0250-4187-9e49-d9a34294cb06,Sound Stadium,sound-stadium-4045,9421fb69-fa05-4aa8-8dad-5233fc0708ee
61e279d3-d3ba-4a19-b2e4-dcd8db56345b,The Beat Bunker,the-beat-bunker-4421,a8d83872-5929-4688-bd0e-14ab12ebe4ca
22afcf3c-092e-43df-82e6-45a21325abed,Melody Mill,melody-mill-6655,8cb848e1-3803-4462-985c-abe10124e43e
58aa08af-7d47-4d70-a3ce-af8e6dcd8f69,just a test box,just-a-test-box,9a32538c-58ed-41b4-83a7-8c5281cb6ef7
b19cd2f4-46bb-4ef6-bf2e-e34a72440a7c,The Sonic Sphere,the-sonic-sphere-9212,83883565-37d3-40cd-b28d-e706082a8df2
6cd2a20a-d005-486b-8d27-c76649388747,The Audio Arcade,the-audio-arcade-1043,6d358834-90d5-4b6d-acf0-12421cfbf304
f95d42b5-8c75-49bf-a017-0d199e4e45de,The Audio Airport,the-audio-airport-2501,4f8a3f10-17e3-4230-b4f6-2c8bbc8b277a
215fd048-2dcc-4698-8aed-94f6b21f0be8,Sonic Symphony,sonic-symphony-3268,94090eb4-3082-4146-87ac-a070ee289739
f40a65cd-041b-45bc-92d1-cc97ea1a3b6f,Audio Adventure,audio-adventure-2512,0f07fefc-8d44-4b7c-b236-e072c997e092
0d3c5275-eb7d-4827-a455-3de00bf5e838,Sound Station,sound-station-5811,f8323ae7-678d-4c77-9fd3-b1367d575a96
c8dffe18-625f-4839-991b-01702358cae6,Audio Adventure,audio-adventure-6419,441a20aa-302a-42f3-b276-a1019bbbbc33
c3f51187-9397-4fb5-a2cd-3cf0e7546b53,The Sonic Sphere,the-sonic-sphere-5581,0bd27972-e699-4b7b-aa81-accb9a279c18
922dbc58-35ab-4610-bf73-2f4a61f7b5bd,Karbonkel,karbonkel,ea94c50d-161d-42c9-a21b-13ff87856bcf
5c4e965e-8adc-403f-b17f-ae873dd41bf2,Lake House Playlist,the-beat-barn-9793,b0bb4f47-a4d3-4ad3-8c35-88a8675a9cce
decfb4e9-c6ef-4df2-b849-d95c72d9cef1,Rhythm Ranch,rhythm-ranch-4839,bfb120ea-576b-4048-a45d-9a7b5fbb4619
60eb4933-a56d-4df6-9ac5-06438b427cf2,Pikniczek,pikniczek,61654c56-56ec-413d-8efe-6f9e27dc67cf
a7a979f6-b382-4a6d-8acd-caaa83a707b4,The Groove Box,the-groove-box-7032,66b88f6d-a967-4d9e-847c-b7331cbe6cbb
ce4fae74-5ada-4938-bf35-921267d5c015,Melody Mixer,melody-mixer-8591,9535ff61-941d-4f1a-b3de-b9132f259cd9
e45ce94b-464c-4ea7-955f-4840785afd82,The Audio Attic,the-audio-attic-5870,31a96772-3097-499c-abf9-d6d40a301da5
717ed3c0-ba0d-42ab-a998-870a7fff8981,Jalapeño,jalape-o,04478bc7-5754-4b82-969b-274cdd36e9c4
a99d7dd3-b8aa-4754-bf2d-3e9cd01f2d73,Rhythm Ridge,rhythm-ridge-7561,fa0a0e91-2d04-4a69-a5b6-58d72c775a96
7da63cce-c90c-4577-a575-e63ba899f9e8,Rhythm Ridge,rhythm-ridge-2431,5fa83ada-f658-41e4-a9cf-d7db851cbd42
50bbf7f7-8082-4647-b092-bc0f38f7d77d,Sonic Stadium,sonic-stadium-4549,f7ca126b-a1ff-4a06-920f-f45ba2f2a13f
57fc44bd-fd94-45c9-a22f-a385bceedaae,Sound Station,sound-station-7676,f856f7f5-02c3-4aae-b053-558b15bb3486
a6020d25-8a85-4300-afb6-f11ffa629fd7,The Spank Bank,the-beat-bank-1643,5593502a-216d-46a1-a00d-e8a7c216c91c
4baa10c9-ec43-46ac-82ac-f400602a7d98,The Audio Attic,the-audio-attic-3179,0286b2d6-c5d7-4b3a-a388-76cb5e290082
3051a631-7566-4a56-8463-e25c4383b890,Sonic Spaceship,sonic-spaceship-7697,8716925b-8366-403c-8896-0e261f34941a
40fcfcda-c8da-46f2-bd4a-a755ac186ebc,Dev Tunes,dev-tunes,064d4c8a-3580-4494-894b-0f6444cdb8ac
6f51c21c-22e9-4421-82db-9b4cc344b9d4,The Beat Brigade,the-beat-brigade-4010,405dcb4c-73dc-4d50-9391-63f11d4f0ec4
553bbf9e-b010-4e7f-b77b-5f710726e51a,Beat Blaster,beat-blaster-1377,36f79f2a-a85f-4944-924f-bffaec7c627c
4348d1ca-b244-4e31-8fda-e26efb8a2ec2,The Beat Boulevard,the-beat-boulevard-3965,bfdff01a-b7a6-4a9b-ba03-98e02f168eff
ddee7106-899b-404f-af64-2b59ce7748fb,Bangerangers,bangerangers,9a492e37-2a1a-497d-8110-09a3f46155ec
35b2c117-9cb2-44e2-94d4-4e12f7ed8bc2,Book Cafe,book-cafe,edee6dfc-718f-4c52-b28d-758ecc60ab19
423b7d6d-4eeb-409a-bc40-97084330c0e5,The Rhythm Realm,the-rhythm-realm-7466,72560320-a700-4dc4-8fa5-cb2dbe2462eb
d1b4348f-a9ca-4eb7-ae46-af233efd7d43,Dev Tunes,dev-tunes-2973,76d8a7fc-fe57-4b4f-94c9-85bf6b8ee786
d82b8e5d-21c5-4cd5-a164-b96853f2c4eb,Melody Metropolis,melody-metropolis-6037,8b974893-7545-4e5d-b009-1e1f03ea7d66
f89500b2-3c25-4b46-b221-ab7e1fb80d00,Rhythm Railroad,rhythm-railroad-1820,11b09c47-8fa1-4967-87fc-949d4578fc38
7b3f79ca-17b6-4d05-af45-f67ed9281434,beeps,beeps,ba9c6e18-d452-44b8-ae7c-28c2d70ab91a
aec6be0f-de6a-4c7d-a92a-8fe58d9c7a8d,The Beat Bank,the-beat-bank-2959,8db7ffba-65aa-4788-a68e-876f6e35522a
e0b44604-b4fb-4094-bc67-8d414a13e80a,Salsa carajo 💃,salsa-carajo,6e5f01e3-0598-400d-9d0e-f1af5aafbbd2
d652ad44-6854-4fe9-95cc-659d92f363c1,Rhythm Ridge,rhythm-ridge-3359,12c5f4f1-a1ee-45d3-ac80-0d85c29972df
8acbacf0-fb1c-4fd4-8401-a8c819c43f56,Fun test time,fun-test-time,503e01ca-1479-452a-8cc0-559618afa570
c3b361f3-e5f5-487a-8ca4-dca3c830c233,The Beat Factory,the-beat-factory-9439,adb4d9e1-0bb4-4a3a-935c-e85dba561eb5
c021a4b1-b956-4d2d-a4bc-6f36342e2bb6,Melody Manor,melody-manor-9850,a3f01e76-06da-48e3-8f43-a27bfe72eded
8b6dc1e0-9366-47e2-a689-569d47dbd5f3,Velajamit,velajamit,86f13d54-75a3-4ade-bac4-fa934995806a
aa492be2-437c-4a0f-b539-0c2f3bcece9b,The Beat Boulevard,the-beat-boulevard-6433,4ae7884b-a384-4bd1-abc9-eef5e6536254
9ad9bac2-907a-4df2-8469-4eb05c9fca70,Melody Machine,melody-machine-5611,44427541-eca8-4dd0-9a04-b61e4bec38b2
aa0cd256-e5d1-4d85-a62a-6dbd95ba04ef,The Music Vault,the-music-vault-4213,32f614a7-0972-4e97-9a36-cea1d7990269
d74ea542-9e1e-4fcc-9ac8-d28a85450266,Harmony Hub,harmony-hub-1274,cbea8b4d-4e0c-441e-89ce-2b3f05c795ed
24386137-7d59-4411-a489-c66e6e2e4077,Rhythm Ridge,rhythm-ridge-1068,01ab9ecb-d1e0-41db-90fe-da51f9e87396
141e1cdf-3c8c-45f3-8946-9a9b68cf9ccd,The Audio Arcade,the-audio-arcade-8055,95358333-0b0f-4dfd-9c45-88199315a624
bdaed81e-b779-4feb-90a0-67e5a1939eeb,The Beat Brigade,the-beat-brigade-5253,7883698e-81ea-4cbd-9d8c-beeedfeab116
d5f66ea4-356c-4e59-8bac-e041e5b4fd2e,Rhythm Reactor,rhythm-reactor-2468,8c180f59-7b3f-4059-92ba-740c39226828
9e9093bf-1d1d-4c27-b375-6450337ba9ce,Melody Museum,melody-museum-7489,6adee161-4a66-459e-9751-84b74fc96563
0afb801c-36d7-4c6c-831e-b10ea84d3da3,BlandNation,blandnation,ea340c5d-4928-41b2-8c20-258f69c6994a
a7b50193-6e57-46f5-b425-becb4035fda5,Echo Chamber,echo-chamber-5896,d93e486e-49bc-4149-b552-7e890524de4b
0d2bc981-a6f5-4917-ab9f-7a7c618f408d,Jukebox,jukebox,272bef4f-90de-4cc9-9523-df5b3ea63a0d
d5de976a-7c94-43b8-91de-531ffbe56cd4,Sonic Sidewalk,sonic-sidewalk-9341,ad5fcfd3-211b-42ba-8c56-70083f21656e
3ad89a07-0e08-4864-999e-a83cb762c5fd,Sonic Sanctuary,sonic-sanctuary-4720,fa91035a-6b2e-4807-91f3-26373dfb4d35
63909a93-d1f5-48aa-9eea-18189107a5ac,The Beat Bistro,the-beat-bistro-7143,82978208-ddfd-4e8d-b675-150eb7a2017b
ebd82c11-7b3a-4454-94a2-830c20183e15,Harmony Haven,harmony-haven-2915,2ff33a70-3ec2-4ebe-b6c7-9ebe00b9c0e0
2ecd7b42-9d26-46de-bb96-071d52057042,Sound Storm,sound-storm-7192,3d918438-5634-4abc-9160-e5bbc5e63154
0d5920fb-4be0-4167-84a0-ff492e168711,Chill Hiphop,the-beat-boulevard-6394,aa8f92fd-e567-408e-8c9e-212b53881262
2c213c93-1022-431c-a6f5-f20d7cb95bf7,Sound Sphere,sound-sphere-9744,d8751821-99e8-4739-94f0-bbabe589fd9e
24bdd2f3-e3ff-4404-94a2-cae3ee14a6c1,Sound Seaport,sound-seaport-4789,a130018a-e3f2-4c4e-ab84-94c8662bb70f
7b882eb6-88c9-41d6-a7d5-1ef28fc82694,Melody Mill,melody-mill-6325,60561083-8629-4e88-8913-1ebb3a8ba4a7
01e4b1bc-3fa2-4ef4-bed9-4ba446eace87,Rhythm Restaurant,rhythm-restaurant-6440,d5baa314-6c87-4405-b604-f44d669b48f7
a2087ef7-431c-4c35-a508-8b6c3c33b1f1,The Groove Greenhouse,the-groove-greenhouse-7656,85fb31a2-037e-40cc-9600-04d0c38d40f3
766570f3-ca25-43e3-b685-88efa58a62ce,Melody Mill,melody-mill-2589,d5baa314-6c87-4405-b604-f44d669b48f7
dacb0ed4-d577-4995-81de-21f2073556ae,Tune Tornado,tune-tornado-3221,f742e58b-e4b3-4294-8c8a-26b06203fdb6
b5e436ce-e051-4623-a978-ca63c6db474d,Sonic Symphony,sonic-symphony-1163,993177dd-29dc-4562-ab93-42727e64ebae
4cb3179b-980b-48a8-8782-33041c7126fd,Factal Jukebox,factal-jukebox,b72be3a7-d32c-4e7f-be32-e6dfe78a928d
ddd8e295-64c1-4fe5-af3c-7171ac4d797a,Sonic Space Station,sonic-space-station-1922,dddc10ca-f6c7-4fee-bf52-69ca40bbac44
e577a12a-525c-46db-bc3a-eef03979774a,The Tune Tank,the-tune-tank-9242,b04bc533-2119-43bc-9e1f-4ff91c0a2637
e8e0c5ce-c62f-4f8b-b8bf-059a624f1f5e,Melody Mill,melody-mill-3730,d0f6d802-8e26-49f1-a51c-4a05e699b763
e3ee210f-2a4e-4241-b798-81ebfc93e719,Sound Wave,sound-wave-7559,f15f9255-3147-430c-a726-80aa724cbf88
03744e01-2d53-4a3d-bc7a-8ce62c705c8b,The Beat Bridge,the-beat-bridge-6039,e46b1843-d8d1-4aa1-8946-1b2e30638c68
0720c7ed-7dd4-4c58-9b33-bb5efd01ded3,The Audio Arcade,the-audio-arcade-9707,fe915c68-88c3-478e-a20e-af071133a7ce
5dc0bc28-1b6a-4230-9326-a6eafe70d72f,The Beat Bakery,the-beat-bakery-4730,55d29f1a-ac54-4134-b078-e00394afa2b9
9730c4cb-a9a9-4adf-ac61-bed17dcb46a4,Melody Metropolis,melody-metropolis-6862,5c19d10f-7996-4cb3-bbc5-2b8bf8c581fb
89e145cb-2e46-4180-8f5c-73ff2bda8b96,The Audio Alley,the-audio-alley-7424,b0f95775-98c9-4b32-a61c-ec97d60197ec
c9498d6b-7ab2-48eb-ad92-02744c8eff82,Melody Mine,melody-mine-5844,407a66f1-ce68-4c6f-9784-4d9c1916fa6c
09a32528-3123-426c-8600-eb3445d2340f,Audio Adventure,audio-adventure-9393,91263ed1-9882-40b2-89ed-600c30eaefb1
0b704a78-1251-4e0b-9f5c-ba8ebe3cecd6,The Audio Airport,the-audio-airport-5406,c8606fe7-7285-457f-a227-c7af1391f622
e096b154-9186-4992-a9ca-670130698375,Sound Storm,sound-storm-8150,410f5c10-2308-4bce-8afe-86c99977623a
ba635084-ace7-460b-af15-b2d0c9140639,Gucci Gucci Gucci,gucci-gucci-gucci,a3801697-e965-4a03-90d4-b0e1c974a620
dd755253-e89c-416a-9e71-d3fafce39f70,arbitrarium,arbitrarium,2b13b358-d14c-41d2-885e-8557184861dc
0a56fc6b-7832-4510-bd7c-bd7a1b605bd3,Rhythm Ridge,rhythm-ridge-5186,4ff0e2f6-3f69-44a8-ade8-1f6a316bf367
1c602c87-6eef-4502-961a-b27782ce941a,Melody Mansion,melody-mansion-2494,c44fb3d6-c6fb-49fe-a5cc-abb1bc28c6b2
6405a946-d583-4081-865e-d1bd590efa9e,Sonic Street,sonic-street-3893,9226d467-5cd7-4dd5-ab3c-7271cfefee2c
d9dce9e5-46b5-4704-b13d-505fb4301e54,Sonic Street,sonic-street-8385,1b565eb4-a94e-4bd7-952c-047dc666e274
9e4b6919-20bf-4fa1-ac7c-2a1082b6baa0,Beat Blaster,beat-blaster-7506,2cc956a2-d455-4bf3-a275-6e605911ebaf
1f74aafa-fcc1-48d4-91c9-fd011e350f85,The Groove Box,the-groove-box-1276,67183a5c-46c3-45d6-b5a7-d1a2e1ceff44
b99cc5b0-36b8-4cd7-a87f-a36df194e9c8,Melody Mall,melody-mall-8688,eef3aa21-903a-4f49-9770-c2e95c938c22
974469d5-b1e7-45f2-8466-0e9acd1d27bb,Frequency Fighter,frequency-fighter-9069,e2e5468a-4bed-4de0-a581-dd7cab8ade87
ea88cd6a-9192-4516-aca3-8341fad155bb,Rhythm Refinery,rhythm-refinery-1926,0024c1d8-ad5b-4ebd-8131-f85c7618fdc0
61bdc932-d4f6-4d14-8732-82cf42010ee7,The Audio Airport,the-audio-airport-5755,50a41459-f9df-463c-b3cb-24adacbd2143
c660b363-29f8-47e5-942f-e0533d87a386,Wall (andCeiling) of Sound,wall-andceiling-of-sound,de9e3d9e-2d18-4d98-8693-ef611daaa55f
14e0486c-8c58-4ba4-a0a9-6593dc1e4453,The Groove Garden,the-groove-garden-5723,79a045d2-d9ac-4294-b87e-f974778f286a
c4f090b2-b9cb-4553-a298-6f798f2b7de4,Rhythm Ranch,rhythm-ranch-1973,dba8f390-bacc-499b-afa7-7acb2996305f
ac44b898-f165-40a3-a904-1083d4da4cb4,The Beat Box,the-beat-box-9648,c949577d-d419-40a6-ac28-7bc08965df33
3408964b-2748-4cf0-85a4-b6e86f554327,Sonic Spinner,sonic-spinner-2742,3c536dfb-7f4c-49f7-bf85-cd1a003578cd
cbcbc21d-389c-4251-8cae-1ac3cf056e9e,The Beat Factory,the-beat-factory-7054,b7b92472-e849-4f3e-abb0-d05edb7ede44
cd6a5064-b0c1-49db-8b3b-dd872e10fdab,Beat Blaster,beat-blaster-7953,ecb69c92-0c0c-4ae7-9981-40dbd7cc31fa
f541a7c2-756d-42bf-91b7-c48c04693b22,Rhythm Rapids,rhythm-rapids-6020,76d09a4a-7c7d-4cdc-8aea-efe7df95ce96
7f13c817-6510-47cd-b052-e4db5d16652e,Sonic Space Station,sonic-space-station-3684,649a8149-f3ea-41e4-84d7-e7b214fc702c
322e0396-a305-440b-b417-b355a27bd900,Frequency Fighter,frequency-fighter-6016,37b0cf3d-79d2-4748-925e-22bd69afbfae
0f46c9a8-1fb2-479d-94bd-da6aff246ee4,The Beat Factory,the-beat-factory-3738,45c34d5b-2dab-4bc3-ae1a-0d8d2d5718a7
2dc0bb31-6744-4bd3-81b8-2eff59303b61,test,test-3079,31f33e03-9b2e-4b2a-9cd4-4195bc8e37f0
d3abad67-ed83-4546-ae86-5c7c27ce905b,Rhythm Ranch,rhythm-ranch-2276,0148c92d-bd0d-4f7d-bd2a-b0fb75d4007f
4d0b0d45-1064-4320-a1f2-3d87560fd2d3,Sound Spectrum,sound-spectrum-6774,d33c4480-7762-401d-8645-bd942546c093
3c0c0100-d551-4cb2-b8d5-0ec7b2bef7fb,Rhythm Revolution,rhythm-revolution-9056,8b793854-4933-439f-8d3d-580f970a8856
38b15fda-fb3f-4395-8644-16560e53b0a0,The Groove Grotto,the-groove-grotto-8281,ff1c2365-cc77-42e2-bb43-5a1734065d8e
5f9ae8f4-9f87-4e5f-b0b6-75987a9298b0,Sonic Skyscraper,sonic-skyscraper-4607,90acb447-33a2-40e0-a8d1-f6923b8c1821
005dd7c3-ec2e-4fb1-a30e-1cf4b6b7e287,The Sound Sanctuary,the-sound-sanctuary-1292,59347dc1-486f-4838-8063-70beaeff763d
929882f4-b65a-4196-b3d6-deab0ae3e8b3,The Audio Alley,the-audio-alley-6751,f94efafd-df47-48eb-8b34-574099344360
4dec4726-ff2f-4eea-9c18-23421012cfd3,The Tune Tank,the-tune-tank-7217,59347dc1-486f-4838-8063-70beaeff763d
c2281a23-8db3-4b79-96af-d9dbca5945ae,Sound Skyline,sound-skyline-5978,c005b093-aad4-4335-acdb-6a710863b0c3
01f67d3e-79bb-4585-9b66-7c586e3df802,The Beat Brigade,the-beat-brigade-6507,0bb8d250-184e-4147-b35f-76f190b80b90
9d2f46f3-3964-4e9f-a01c-a4fe6c8cd090,juke1.2.3,juke1-2-3,364c8f9c-62f5-4ea9-80b1-10656feb470a
a76793af-07cb-4523-86c3-b4e47cbf0092,The Audio Arcade,the-audio-arcade-9786,d225c5d4-de9f-49da-bdec-12dc66f27e3c
ff60c214-895d-45b8-be4f-858efb19a450,Criminal Records,criminal-records,560226d6-c2ca-42af-97a2-6dccd9734801
cc9f72c7-1391-47fd-98ab-316afed684d9,The Audio Airport,the-audio-airport-2964,46783555-7316-4373-8f43-e4e3c6615550
7b0a7406-ee00-4c66-bd53-89f8ff806e05,The Beat Boulevard,the-beat-boulevard-1951,5097cbef-96a0-4fc0-838d-c13626177d64
c345c142-381b-47e0-90cf-f2665fba5909,Melody Maze,melody-maze-7367,b1f5e8a9-1889-472e-bab6-deaec2af9223
12a8afd0-c204-42bb-ba16-498dc0e15271,Hangover at Castle Shittenfarten,hangover-at,0fed150f-e619-4fa2-9c9f-9d1d25e98772
a95af441-8775-4b7a-b93d-965f6ed375df,Melody Machine,melody-machine-3833,0dee2990-3708-4d5c-b3de-9bacde5151b8
469a7a2e-54fe-4411-b490-a00ec42e405f,Melody Mansion,melody-mansion-2082,ff2b09d3-2b07-4885-96d0-900ec740f7bc
fca6363d-c925-404f-86a5-f946e02da50e,Melody Museum,melody-museum-8072,040df0fc-7fe2-4c0f-a44f-77b94f5c7e4f
60f3329b-7a03-4061-86e5-9ec7a0441f91,Ome Ko's pleelist,ome-ko-s-pleelist,4ed99537-6469-4caa-b6be-e4906bf4ea63
461c0be9-cd18-4311-a530-b6f20c8a9840,The Beat Bank,the-beat-bank-4187,49deff04-7b53-4897-b4b7-69f054063910
9c37a185-98f7-4361-8d39-1569f5bcf66f,Rhythm Rocket,rhythm-rocket-4733,8922715d-dd22-4e3f-b484-a01190b9a69b
d3d96fcd-776f-409d-9d79-1716aee00347,Harmony Haven,harmony-haven-8866,802ab1fb-b998-4856-a2c0-bcf6cd92e8d1
7f6e9eff-2b1d-43f7-9494-548ff0b4b547,Rhythm Ranch,rhythm-ranch-8780,3dd9f2bb-52fa-44ee-91ab-7df468b0f4e7
9468ddf0-30d0-4c51-a19e-9c2c61a47102,The Mix Master,the-mix-master-7903,ebfa489a-c1e6-45fe-9558-42202b671fb4
8326df9f-326a-45f2-9a6b-5dc87e3c0925,Rhythm Rapids,rhythm-rapids-1935,aba8cd83-f29a-4545-859a-094c32d15c8c
aaadfb7f-0df7-421c-9833-c7061ed8dbb6,Rhythm Revolution,rhythm-revolution-4227,c4b24f91-f2af-45f1-8c6c-7f5d27622194
0e79b5d8-56ce-427e-883c-accd38eea19c,Payton Christmas,payton-christmas,96ceac40-b9ad-41c2-8c3b-361d9961f782
fb784389-edf9-4bbb-8cca-d2bc32ac3c81,The Groove Garage,the-groove-garage-5790,62be9e08-6572-4ea2-81bb-4d0021d0e87e
6d479520-a6d6-4a1a-8ed0-b6800e967f37,Melody Mountain,melody-mountain-8177,d0ce2a4a-e02b-4451-b867-3fcff73fc9bc
55537246-f828-4d0d-a77b-e5bef5e69313,Melody Mountain,melody-mountain-1036,d0ce2a4a-e02b-4451-b867-3fcff73fc9bc
7ec337dd-5eb6-49bd-8b70-a4453ad4f242,Sound Superstore,sound-superstore-4716,6a15dfa2-f105-4534-975d-31b485e4ec12
a1467651-5dc3-4ba1-a2b6-224be77e3331,Rhythm Resort,rhythm-resort-6046,92e37715-f717-4dd0-a548-723a1bec80bb
f44cb468-b1d6-451f-8a1c-a1c82a634a28,Beat Bazaar,beat-bazaar-2445,47d96bb7-47d3-4f87-a9f8-16fe342ec851
970964cb-5912-4e81-a989-6c95532f0fb5,Sound Safari,sound-safari-4799,e6963ec0-e992-4396-922b-90725801e693
dcac860b-0200-48bf-a934-cb9032e6aa3e,Rhythm Ranch,rhythm-ranch-6139,8f0aaddd-2f5f-4f42-a678-6dace14c7681
2b6e0520-ea9b-4f29-8ace-111dd14da25e,Sonic Spaceship,sonic-spaceship-2124,c27a9cc6-f699-4628-bfec-9e4196d2fcfb
2a5c68dc-8a35-4c52-88dc-faea41e7af69,Stephano,stephano,af0cb4d6-4027-46d9-ac0a-c309e999ff68
242cf085-d3ed-43fc-b433-9cd239dd4186,Rhythm Resort,rhythm-resort-4751,4f45a758-f2b5-4a17-a49f-17aa3d41cb57
119911b5-3439-4f41-b88d-290a5bb256d4,Many Colors,many-colors,8992cb56-1bf3-40f0-9641-ce5d65733567
93cc9e4e-ea30-4d8b-b47b-4deb04c0946b,Fart Club,fart-club,3be278e8-9521-44f2-b530-7c244d4e9356
a348cc23-cad2-4d38-9b10-8108ae0a974e,The Beat Bank,the-beat-bank-7012,fd1e1eb3-8fde-4ada-a819-19fc91236bf9
041d54f5-cf9a-4dc9-a65a-2699183d3a40,a,a,de10a99c-4bc8-4533-a969-0a0ba220e1c2
16361e1c-0f73-4bb5-9f7e-0874e177a2f1,Rhythm Reactor,rhythm-reactor-2015,479f04af-d872-4f2d-b025-8093688140fa
5707c989-af30-49c4-8645-85dd3a1ad1d1,Melody Meadow,melody-meadow-5005,e4248d2c-28d8-4875-afb6-8f985297f9e2
90972007-e3f1-4526-a546-1073b445cf92,Rhythm Revolution,rhythm-revolution-2452,4ac4433a-e95b-40cb-bc22-ca77ba91bcb0
5478b678-f425-4c3f-b2f8-bcfa8456d643,Sound Superstore,sound-superstore-7426,fca3eefc-1ea0-424c-81b1-0671848e3e93
50baf95d-9de9-4ed2-9284-d823a1d2894f,Tune Tornado,tune-tornado-3340,9de9e3eb-6184-4e52-96c2-d6265163944a
b5e49e7f-de1c-45a1-b2cd-5cd987c28be7,Rhythm Refinery,rhythm-refinery-3124,e765ab17-97de-4d87-b49c-281181e681be
b99c9883-9a86-46b9-9f05-5a7daa9344b4,Frequency Fighter,frequency-fighter-8249,44e8b5c0-a6d4-422a-b1ce-d95b2a355a7b
896febdc-b7df-4de5-9f7f-6c07b9465612,The Tune Tank,the-tune-tank-8995,62eaecf5-7139-42b9-a977-4271118e4826
5564fd9e-6fc8-444b-8d74-626ad67518eb,Quique,quique,d2fe33c5-4af7-4a10-b746-b05ab16e2373
f873b926-6f4c-4f26-9454-8277dcf5bdb9,Rhythm Refinery,rhythm-refinery-3276,2516a9e5-4557-499e-924d-bebe12807643
eff81542-363a-443c-94b1-87016ba2b60f,blurryfurry,blurryfurry,fca3eefc-1ea0-424c-81b1-0671848e3e93
28ac4bac-5e86-4695-96f5-615f99cd2669,Melody Metropolis,melody-metropolis-1600,4158f99d-dc31-4000-b564-bf6328f28e12
1ca4b31e-66a1-43ed-9774-db9d00cea476,The Audio Academy,the-audio-academy-3154,b475bebc-20b3-4975-8b96-43778044d9ed
f4fe03b0-6b77-4091-9a08-da532ac8c4e6,SilverSpoon,silverspoon,c21e49c4-b8ab-443d-ae3d-81a4419c27f5
86e523aa-7804-4af7-b348-76843f355065,Poopship Destroyer 4,poopship-destroyer-4,300c4c41-7f9a-4454-a820-79dec899d4b7
3f4d4754-525b-402b-96cf-edf02af473f5,Rhythm Revolution,rhythm-revolution-8219,ae61cc45-e0ce-4876-9be9-0551ad9dd618
a84f8861-d0ef-45d2-b191-bd4f465927c6,Sonic Skyscraper,sonic-skyscraper-6181,3cbb2249-5485-4c1f-9c25-30dc3e0abf71
b4b20b5e-90c8-41bc-b89a-a1f7b7c11458,Hütte,h-tte,72cabf54-915e-492b-8cca-6550a723a6c2
62cc374e-5a0d-4d20-b940-719e9575d6dd,Melody Mountain,melody-mountain-2242,5b6b0b6f-b343-4164-aa2a-8662f7ec0b8a
c9f840f8-d01a-4207-839a-7968be344dfb,Melody Mine,melody-mine-1805,b938986f-3a46-401f-91cb-0ab5c644d2e4
9a6b44fa-aa57-42ac-a6cd-8b40cf22e1a4,The Groove Galaxy,the-groove-galaxy-7044,a21917aa-8413-4ee8-8ab5-899dcc41cdb6
3f3d6ba8-1f72-4725-8976-a05b05c239b0,Rhythm Ridge,rhythm-ridge-4328,cba4ab35-14f5-424b-86c0-01fc39da2ad2
e239ad3d-a619-4d30-bc61-f94b90254dd3,Rhythm Reactor,rhythm-reactor-3582,82dc8d0e-0537-42b4-9998-ec2962cebb42
7694734d-9f57-45db-80d4-c6b71d5cd5d4,Sonic Spinner,sonic-spinner-5039,9417eb82-ab94-4cf2-8e65-b4a3de7a0576
981c97ee-fdc2-4316-9667-28705fa006c0,Rembrond music,rembrond-music,55eb552e-f8d3-4b3e-a798-7c2cfdd0dbb1
564e0308-8853-4a68-af9a-4e2c90d6b20e,My Soul,my-soul,9dc8728f-1462-435a-8ba2-384d556bf2f2
71dd2e86-68ab-4eb6-883c-359fa2e85f34,Tune Tornado,tune-tornado-4883,14057618-9d2d-47e4-862a-54d4b9b4c76c
14bc7d7e-e227-464d-b8a9-72b6a0eb14d7,123,123,9417eb82-ab94-4cf2-8e65-b4a3de7a0576
2a1a5e1a-52bc-4acf-9306-94e41a3cb5f5,The Beat Bunker,the-beat-bunker-7412,84e2be62-de09-4f22-acba-17baf9bdf68f
7ffd9b96-d8f5-451c-934f-c2d5490d2a99,Melody Mansion,melody-mansion-8785,1b7a7fc4-63d9-4509-851c-3922c7da379b
d61c27ba-dab9-4faf-8099-a981a2dd95dd,The Tune Tank,the-tune-tank-3632,9b6db913-21f8-487b-a20a-95654db49e8d
d10fbbf1-707a-4043-a34b-53e8be2b2afa,Melody Mountain,melody-mountain-1214,5049a2b5-7501-4bbc-b27e-cdff6d15a291
a3ce1828-bb4d-4bd7-a017-c0331ee2fae2,Sonic Spaceship,sonic-spaceship-3648,3f38dd4f-6c4c-4c48-8013-ff6619f81b68
f21cef41-95d8-44dd-a8f5-5ff6aba82c45,80s British indie,80s-british-indie,03911dc7-05c9-4eb0-b16a-e3b256e87c2a
50c2fc61-85eb-4c66-8d26-3963f2fe34b3,The Groove Galaxy,the-groove-galaxy-8325,0406eae7-48ec-4bca-9dd3-5f241f551468
97e742d5-2a8f-488b-85e1-b1f957bf2b37,puntzpuntzpuntz,puntzpuntzpuntz,16153e16-c54b-450f-abed-fe0b297d1fdf
b594bc6e-96a7-4fcd-a7ee-23bb1953aa5a,Melody Meadow,melody-meadow-7544,77b731a9-384c-442d-a28d-a4e93f47a8ff
3b2de916-d6d8-4d83-836d-c2b0ecaf137f,The Beat Barn,the-beat-barn-8699,9c6076e6-beaa-4492-a628-e70fbff2c09a
8b6397f1-de22-4f6d-86db-66b55050400a,The Beat Bakery,the-beat-bakery-2555,a6d45467-4113-48fa-ac83-de55d758ad87
c25f6987-3254-46a6-a546-b9b44d94794f,Melody Maze,melody-maze-8269,14d99d5a-cbec-4474-8a5a-2f9ea0031a49
4afd46b9-8250-43dd-90c0-09cde9a588e2,Melody Museum,melody-museum-1132,748e311d-0e39-4e29-9df3-3a0109756ebe
bcc5571f-b4b2-46c6-802c-cf08b342eff1,The Beat Brigade,the-beat-brigade-9272,c69b27d1-ceb4-432d-a7a8-5faed77392e4
9788a16c-8ab3-429c-8c82-1ae176229638,lkjhf,lkjhf,fecdda39-87b6-4c12-9109-e9eeedb97162
45068fd8-82bd-4019-bf3a-86b94aa60ed3,The Beat Bunker,the-beat-bunker-1487,1cc0e0c2-0731-4115-82ee-9154d6107084
a810bc24-d6fb-4d62-8832-5d8ae7bdc767,Melody Metropolis,melody-metropolis-4003,9a6d6e1b-fc04-4ea3-91c3-c70b55f09674
992422f6-4075-4ae3-beea-dbc5ec9c20b8,Sonic Spinner,sonic-spinner-2305,5462e797-01b5-4a80-a3ee-293f2a9b6220
d9b2457d-f4ac-46fd-bfe8-4b5d75d9023e,Melody Metropolis,melody-metropolis-8525,9d37cb22-8f38-4873-aba7-ce30d6779a15
54b7fda2-02ac-439e-ab20-3286954f63c4,Rhythm River,rhythm-river-4458,62b8a0a4-0447-4457-8701-625a0341983c
ab622d7f-5604-4a2e-8ee9-a7a5198e5d8d,Sonic Spinner,sonic-spinner-3475,453ed662-3860-49ed-8a4c-b15bd400ecea
27045eca-dd6a-43e7-924d-65b112288ae3,Sonic Satellite,sonic-satellite-6077,8c7ef4fd-e088-414c-8b03-7218810f77e0
739260e3-5de4-4f9b-afe1-b809bca6656a,Rhythm Reactor,rhythm-reactor-3477,7cc1063c-7c15-4a24-8ab3-95e368f42f8f
31b2d633-e068-4eb6-b07f-a3fb112a8579,Rhythm Ranch,rhythm-ranch-1367,1e16c7aa-4251-43a4-ac76-20ff8ac7f0fe
c21bddcf-1897-40de-9846-c854af464661,Melody Machine,melody-machine-8948,8b70c3f4-e66c-4b8b-aa19-d9beae180896
f6037d2a-8a77-4e72-82ce-fda71f7763b0,Criminal Records,criminal-records-3913,560226d6-c2ca-42af-97a2-6dccd9734801
697891cf-bc1c-4f9a-9be2-49a5d4640609,The Beat Factory,the-beat-factory-9762,0feeadd7-92ec-4691-afa5-f8ec17f021fe
dafdf717-5557-41ee-9aa6-dc9063c7d8ae,Sonic Space Station,sonic-space-station-9538,f2bcd214-416d-4fb0-b88e-4658cdf33d75
7fd5f220-4847-4c60-a2c0-1efdb2c8d8f4,Khaled's flaming lazer sword,khaled-s-flaming-lazer-sword,17ad891d-7bf9-4de1-8693-b1255c281f9b
4b4ac297-87a7-40ac-b9ca-c3d7b1fa2ecb,Melody Mall,melody-mall-4986,fd45776b-c662-4f61-bc01-5d57736817f4
88f0506f-058b-4e45-8dce-a4b42eb083c8,The Audio Arena,the-audio-arena-7383,c69fe2f9-329a-4c14-8747-32a2299906bb
404ed536-44c0-4e55-8cbc-7699fee6856a,The Beat Brigade,the-beat-brigade-5786,705a8e96-1404-4824-b801-95f5d23249db
ade6458c-4da0-4299-b7ea-54641d083b62,Melody Market,melody-market-2656,df3fbe27-a721-4569-9934-eaff5f8694cd
a0c5fca3-3c0a-45e1-ad62-2a0f4a450059,The Groove Garage,the-groove-garage-9316,a4b4d781-ef53-4228-82cd-c3443251fb35
643759c3-d782-4c08-85e7-d7157bc51fa1,Sonic Skyscraper,sonic-skyscraper-6687,5d207b00-fca3-4b6d-acde-b3630a5884ff
bd97a729-da30-4f22-8ff7-6feeceaedab5,Brazil,brazil,6160febe-7f9f-45c6-983a-89c2f56e4864
fc4a6c9d-9253-4d21-8e43-6dba7a4c7cc1,Melody Mountain,melody-mountain-2490,33d803df-d2e2-4b7d-b6db-becbfb86e22e
a7421171-7199-4eab-9155-600d400c1743,Sonic Satellite,sonic-satellite-3927,2940da4c-e846-41d1-b541-b9fcbd2c7695
e362ab54-9571-449c-8c73-02b1e4c1ae2d,The Audio Attic,the-audio-attic-6988,9bd4dba1-88a4-4ac6-b46b-fe997940a3b2
ce16eae7-599f-43e9-91ae-0fae6be71682,Brazil food,brazil-food,a1edd678-9174-4630-b270-0e8ea72281e9
bdde5cb2-c58e-4485-9f86-a1c5bee01a9f,Sound Showroom,sound-showroom-4804,4e89dc32-2022-402b-9881-b407c6a75e74
64766625-13c0-4575-b559-e6bc5478a74b,Sound Wave,sound-wave-4245,4e9aedc4-a24f-48dc-b830-75bfe75b525a
abc463af-e4c8-4581-83bd-84ecbc92c8f9,SmithBeat,smithbeat,b5c38085-f28f-4b94-bc22-3dfe765a5fbe
052b0c5b-52fb-44f7-b15a-589ba640c59a,Sonic Spinner,sonic-spinner-6509,209d1ff5-1a7c-4d23-97fe-3619fa3d11a6
d8c83b6f-0622-423a-980c-d5d0ac931391,Sonic Submarine,sonic-submarine-2609,d1ef092a-5400-4489-93c9-594d85e3fd99
52b42f16-a516-4e09-9493-84bd615cdb39,Sound Safari,sound-safari-1492,94c8d89a-f2d3-4dbd-a74f-62d8749431e3
a546c9c1-d2ab-423e-aa34-ab664b0e4526,The Beat Bridge,the-beat-bridge-6402,cd32ff4f-4352-40be-b3f8-d664d18ee8f7
606bf3fd-e9d1-47dd-bfb2-9bed59d0d5d6,The Audio Arcade,the-audio-arcade-1735,209d1ff5-1a7c-4d23-97fe-3619fa3d11a6
7a4dedb9-e633-47e5-9388-aee7480b45ef,The Beat Box,the-beat-box-1910,94c8d89a-f2d3-4dbd-a74f-62d8749431e3
ae678dd9-7df4-4fd5-b8c5-1edd75ff8a87,Echo Chamber,echo-chamber-1952,e34a8544-bc2c-4931-aad0-2ee9bc421fa9
a56f418a-f1a4-4e08-873a-ef028ee8b16d,Melody Maze OP quiz night,melody-maze-op-quiz-night,b6fef8db-aa57-4786-bf9b-affd994988b6
e0e46715-a613-4ff0-89f3-499b7a8e07e3,Hello world,hello-world,8dba5815-4392-4874-98e7-7ab204686699
be4b502a-6c01-44d0-b389-c545061d2b62,The Beat Brigade,the-beat-brigade-8323,f64c7a98-08c4-4161-8ec0-4c8dc134dbdb
47d84798-05a0-4305-9abf-3e44470d753e,Rhythm Retreat,rhythm-retreat-3291,aa0ac5b0-3482-47b4-9df5-e128df59b367
8556970d-ffde-44e6-b2a9-a833ec881cd3,Audio Adventure,audio-adventure-6843,9d618a74-73ac-4d71-8912-226f21c03d2a
61dd9d37-8cde-44c8-9623-b017f03980a8,The Audio Arcade,the-audio-arcade-4112,e7afcc3f-c95d-4f5e-9b3b-271df30ac420
06b5ed4b-4a92-4c29-941a-dae79063928d,Unnamed Avali Squadron,unnamed-avali-squadron,bb698c37-9461-48c8-954e-92560d05e244
9f4d94c2-ee47-4585-b5c1-4f2d0daa510d,Sound Superstore,sound-superstore-4318,24357fc2-e2e8-4bdb-b776-69f51b540cb6
bded6e14-b30b-4537-941f-ce4c8c88d6eb,Rhythm Rocket Ship,rhythm-rocket-ship-8642,845543d3-1c75-4870-87b9-740d7570f4ad
10c3f509-ce8a-4ac1-9ae1-97c8b387c692,Tune Tornado,tune-tornado-7405,079b58b5-9e2f-4055-9be7-a1a9d66d10c0
09567d38-46d4-4438-8af6-f5bc6fa8f4af,The Rhythm Realm,the-rhythm-realm-5912,ce9bfda5-6241-48f3-a93b-c9c46a21eaee
2fea65cb-40f8-4ec7-89e2-1f2447fcdd36,Sonic Starship,sonic-starship-3441,5526c332-7415-41e8-b64f-0cf0ed1f7895
f6fa4ac6-fcf9-45a2-a8ee-d4920c98ba8b,Secret Beer Music,beer-music,5edcdeb7-cdb0-4d36-9270-e9a12dec7e12
99a27437-6e40-47d3-bd15-99a11e4210f6,Melody Meadow,melody-meadow-3538,531c5f10-6cdc-4172-8e2e-d77dfe76b63d
72e3e20a-69ce-4514-b926-e99d46470272,The Audio Academy,the-audio-academy-9914,282325de-02ad-4b36-8b3c-4ab89d46cd30
b503db8f-0ea3-4267-8477-cc2b372306ac,Sonic Spinner,sonic-spinner-5531,47beb78c-3cb5-4d6f-9e91-5144569b2195
3a34fe96-bf01-4e1e-af42-79bf2256422b,The Sonic Sphere,the-sonic-sphere-4759,73542781-63ae-42c6-9fdb-96434db9148f
22dcd07f-e336-4d45-8f3b-1a018c78c9c6,Bass Station,bass-station-6103,d67f23ec-fbe3-4e3a-8d56-51ed815ef83b
08cebc50-0bcd-4dc3-bc23-7af9636e2557,Rhythm Revolution,rhythm-revolution-1725,bc8bddab-6c32-4c33-b2c7-0f0ffcb3e31d
b80af132-df4d-4f41-a661-03c77c780d0a,testing,testing,0d8d7742-36c1-439a-9eb4-945c476274b6
ed90cd34-c6b2-4e3a-bf9c-7feee38703c0,Let's Jam,let-s-jam,aeafd35a-bb4e-4d91-abad-b58d59b1c1f7
047331df-8e4e-4569-9416-e6293617e82c,The Beat Box,the-beat-box-4922,1438d87f-316e-40ce-a8d5-e73a28c19111
cce8fadf-d1a7-4c92-8281-e7496562fead,ftl,ftl,3a3464d7-81b9-4ae1-b9ad-8ea5c3ef4e3f
be0cb7fa-68d4-4844-8fac-68c52099aa47,Pete's Jive,verily-whey,41fe84ba-8fa1-449e-8840-fc47de03bbad
988e7356-e9f9-4f9d-8e71-b0b38c8eb2e4,Rhythm Reactor,rhythm-reactor-2333,69d0e4bc-596e-4472-8a6a-a6766d6d8f2f
842fe810-b89f-45c2-aaf8-07a3fc8d2f9e,0x0.boo on Bluesky - Playlist,sound-sphere-8641,289082d8-c620-464c-abe5-95b034ababc1
0015dea7-862e-45bd-b475-72294aae376f,Sonic Spaceship,sonic-spaceship-9183,3d00856c-f1fa-46bd-9bf0-58769c21473c
5a7ac05d-8612-488a-9750-e07e497c299e,Tune Cruise,tune-cruise,b6e8e02c-c5f3-434c-9d0f-35b738aa07cb
d08cf724-4062-47c1-aaa4-bc2c652ee5bd,The Groove Greenhouse,the-groove-greenhouse-8944,4ceecd21-3a14-4159-bd72-a999c147706b
f063d030-b390-44da-a640-05c55d53179f,Sonic Spaceship,sonic-spaceship-7964,f45befa6-6ae3-4a59-949f-1bfed61b4edf
01642006-b14c-470d-9ac7-1cd414646e9e,Rhythm Refinery,rhythm-refinery-4245,66a92d3e-3800-4e30-ac60-5c0fbb456a37
9d477f53-ca1d-4635-9792-0499a6b846d8,The Rhythm Realm,the-rhythm-realm-6268,0de53e5c-ef39-435e-8c82-9d4703a25ac3
f121a993-535d-4e6b-a35d-c63da200ef6c,Sound Spectrum,sound-spectrum-6222,1dab55f6-e568-47e0-8b38-781d14217cc8
36013c73-e52e-4dfc-bf4d-9314e1223e7e,Sound Stadium,sound-stadium-8503,c2528315-d965-469e-86d8-19071efcff93
2a5e6f2c-2d5b-444d-a415-785020681d94,Sonic Satellite,sonic-satellite-8413,d3c509de-16d5-413e-be77-5d095c9019bd
b5339c99-2d50-4dfd-b078-9e6042248d49,Sound Wave,sound-wave-5038,93c728b5-2597-4bdb-9ffe-47d73dd8d8a1
ed0bd164-5f5d-46e1-84cf-073d78ac74dd,0x0.boo on Bluesky,0x0-boo-on-bluesky,289082d8-c620-464c-abe5-95b034ababc1
2c19b130-68f1-4401-8663-87d7a1bf924d,The Music Vault,the-music-vault-3988,93c728b5-2597-4bdb-9ffe-47d73dd8d8a1
3d1138b7-dfb1-454b-bc2b-d9383bfe301f,Melody Machine,melody-machine-3036,3b68244c-e415-439e-a21c-e6ed918930f5
98563053-1401-4308-b4f7-2142488be34d,aaaaaaaaaaa,aaaaaaaaaaa,9eeb5ed8-da0e-4c07-91f7-4e60787701f3
90d537a8-70a2-4114-b009-d3604d4f50be,лех,-6147,bab2b613-9e16-4708-93bb-8cea7a56b034
f267cc95-932e-45ec-8c35-ba6ee6fd7027,VOTM,votm,d924b2a4-2649-4745-85b5-475bbe0182c9
ffa63374-eb68-4eda-8a65-7871a1eac3f0,Melody Mansion,melody-mansion-4108,a0767aad-a210-4d43-9d62-3e0d2b65112a
6779b860-0a64-45a9-afe3-d93968a68a93,The Beat Barn,the-beat-barn-7399,20da27a9-d156-4735-ad7e-199d47dd9512
a05ee767-26bb-4f1c-aa59-9d225b21e374,Melody Mine,melody-mine-8666,45d5d9c7-4808-4a1b-abe5-eb1b93f788fb
c606e33f-56e8-454e-bb2c-6455fb9673cf,TT859,tt859,80dd3466-ac84-4492-b2d8-b1bf5af30b4f
d85526d9-582d-42f0-8e32-0080b3e46b54,Harmony Haven,harmony-haven-1014,a774fdf7-b99a-42c9-ae13-6c263096f79c
7e244c77-4f05-4aed-8765-01bb7cba60d2,Sonic Spinner,sonic-spinner-7976,668fd687-c620-4fd8-8008-80d0dca60bb2
05fd7221-a804-401c-9a26-6584dfdb74e3,Sonic Spaceship,sonic-spaceship-1678,a8834da6-df52-4e3a-9a65-4c2b036c78f3
3eefec78-eb75-4e2d-8e7c-9a25e7275ccd,Swanson’s songs,swanson-s-songs,0d99ad1a-6ff5-45b0-9cca-74861a1a4b64
7f3af5be-889e-463e-b89c-418da5ff6435,The Audio Alley,the-audio-alley-3336,77f6252a-abfa-46ed-a4e5-273339b704ae
a6e4d3f7-0700-4de6-8ddc-aa473562620c,Hardcore,hardcore,3eb76f4b-d416-424a-abf8-98b6bbba035e
05d1efad-a355-49d9-adcb-14184760b5e3,Melody Marina,melody-marina-7051,d42b6e13-24bc-4d27-b9a4-be7d2f09aa6a
77832d98-3830-4a5a-92cf-41848124bdcc,The Beat Beach,the-beat-beach-8019,e9ec37bc-9dfe-4a1b-95a2-45b2a81986e8
1601e59f-58dd-43a0-afd5-bd9ee363e734,The Audio Arena,the-audio-arena-5858,f368ce42-fd14-426a-9747-a4ce27664802
52380eba-d24b-4c5b-8e8d-be5e245d6699,The Groove Garage,the-groove-garage-2544,536aec57-e8be-45af-98cb-921241d3a251
3b3c64cb-f9e4-49a6-a65e-44f96f7b1601,MountainMan ,mountainman,e5b8a7d2-a195-423c-acef-bcc10c5e75c1
2044f33c-37c5-4b90-8d2a-87c2423ea9f1,The Beat Bridge,the-beat-bridge-6228,bf42c6a9-98b0-45a5-9c9d-31d19cd071cd
77838177-e3f4-41c6-a5c5-0b6db78ffae1,Hemal,hemal,62a9f2aa-cf6d-4e53-b842-4b471eecf1a8
9d1f604a-07e9-4bbc-91f7-ace5b99ac6d7,ggu,ggu,9851ad70-f269-492a-92be-4c083acd70e8
8653e1ba-c83f-4f6f-b89a-2541f4135640,The Beat Bistro,the-beat-bistro-4708,778e235a-cf99-4565-815e-73ae087bfa80
7af34925-7bb9-4bf2-8971-0ac97fa22c95,The Music Vault,the-music-vault-9996,ee9fa19b-e7bc-4d50-96cd-7f66e29160ea
aef374a1-9712-4539-b921-bdebc54e9ff7,The Sonic Sphere,the-sonic-sphere-3292,271f57d3-c4b7-49f0-b598-9a673b27c1c1
731510a7-9862-4566-8672-2207491c72af,Frequency Fighter,frequency-fighter-2443,a9093da2-ea07-4ba3-ad61-d190868aae46
a24741f7-7284-4d52-a7df-8ee591c8c878,The Sonic Sphere,the-sonic-sphere-9674,4c689e72-9dfa-4ce0-9228-62f37462c9bb
cfe0197d-897f-41be-aaa4-b1fbbb780ccc,test,test-7203,64ae0d13-00b8-4bc9-be3e-854328dda740
0844c639-2e13-48a2-9da2-e37d0993a347,Melody Metropolis,melody-metropolis-9176,50fe9265-d8f8-4644-8640-9b3859614004
f7ab1e0e-bcad-44b2-a703-d11bcb0800a3,In viaggio con me,in-viaggio-con-me,f4724644-acce-475b-929c-2696797c8544
c1e14b4d-ab50-4f18-94dc-4888cafd05c9,Melody Machine,melody-machine-8074,e96acb7e-02f1-4f8e-aba1-c7717897df8e
a22a4d0a-b58b-4c56-adf1-3d785260496f,The Beat Bank,the-beat-bank-5872,ca56ff0a-8808-4141-b426-555440245fbd
5fee3e22-19c1-4c4b-9155-37cf016b268a,Melody Mall,melody-mall-9894,0228cf24-f260-45f3-a4de-61633ae363a9
16b87c61-ac9a-4fda-adb1-847f6f7b9006,EKW,ekw,42bbb729-0d62-4fa7-bf64-3ff3c9ef2601
c741587a-e466-44ec-80cb-3d47e08216f3,The Audio Alley,the-audio-alley-1634,de428795-d55f-4d48-86cc-3c6730c518df
496f21fc-4309-4997-973a-33f81404c5a1,youyiotrttyer,youyiotrttyer,189bbe8f-da60-415b-a02e-f9cf2352127a
75488b2d-5eca-42e8-a68a-2df892e4cf4c,The Music Vault,the-music-vault-2546,2e8ca36d-27fc-4147-98bb-548591e3b41a
dc95f075-aa52-40e7-bfd6-66de20c8ecab,Sonic Boom,sonic-boom-5195,44b6397a-dd6c-4add-bc09-c7bacf5891af
8df11249-6fd6-4766-847c-4c69a767d8a0,Melody Meadow,melody-meadow-1361,fd0cea48-08fd-41aa-969a-c8d9f87ae943
5beec8d8-5d12-49dc-ba60-6222a1796314,The New Limits,the-new-limits,453f3dd8-b6e8-4eda-9b11-67eb19fb72ce
15c3c779-8e5e-4556-931e-3f691ef1e762,The Beat Bakery,the-beat-bakery-4896,642d4600-b52d-4d38-8e51-a59cac46751a
f9839d32-2768-4a47-9547-c95364de478c,The Beat Beach,the-beat-beach-7801,c1d7f41b-dab0-444e-9460-5b23ff90a455
f29a5f91-e111-4201-9cfa-78231c7fef4b,Rhythm Retreat,rhythm-retreat-5232,459617ac-1d2b-430a-9df8-a47e7d4c202e
3b9a5a77-a109-402f-a994-68f8fe33b696,The Tune Tank,the-tune-tank-6510,3d46f0be-78a7-4502-b992-233129a8774d
ce0c6304-5b91-4cd2-90f5-ae9058701dd2,Sonic Sanctuary,sonic-sanctuary-6124,5757bfbc-482f-4447-a36d-9cba96f7ad9e
24b81d26-7bca-4798-9558-e332c6836d91,Beat Bazaar,beat-bazaar-7003,2e03fe38-0d0e-46f5-9aad-498048bd44db
a17b213d-47af-46af-9faf-dd1af9a22e6c,Sound Studio,sound-studio-2193,eb88cd63-1241-4123-a95a-c7a92a1a1a9c
811b848e-4562-4133-8d2d-ea2bbc061b44,Put it Through,put-it-through,bed30c96-ab53-48ee-9cab-e2cf2919a215
e9b06331-7e34-476c-8579-8ee27822874b,Rhythm Ridge,rhythm-ridge-4621,318238b6-26c8-40af-95da-16653596d7f9
4c7cceb0-7907-4689-aa05-c143c9fc50e0,Sound Stadium,sound-stadium-1752,46dbd4b4-1dfe-4e26-a582-27e9611701bc
9807dd58-92cf-4edb-ab36-0913616f9119,The Audio Alley,the-audio-alley-8826,7c67fbd1-0203-47fc-8bb7-c722ccf62fde
b4dfd6e4-583a-47b4-97f4-67b17ac6173b,The Beat Boulevard,the-beat-boulevard-7601,0ab95f86-1c36-452e-b16a-2a6a20125e74
2ed77e82-eb11-4ae8-b79b-951a6c2608f8,Melody Machine,melody-machine-6803,a0b7a729-d9a8-44a0-8fa1-51b01aa8c23a
db8bc39d-27a6-4a22-a250-ef28af04d245,Mumbojumbo,mumbojumbo,8c938906-d39d-4163-9dc2-b9767654ca74
15f83ad9-31ad-49fa-966c-87ee7754f429,The Groove Galleryme,the-groove-galleryme,8a4001f4-1b06-4de4-bfe8-8635df724d29
6904b577-3633-477a-be40-f7ecaafa2119,Pete's Place,pete-s-place,41fe84ba-8fa1-449e-8840-fc47de03bbad
6d93fdca-b896-404c-b165-4cc038741dfd,Pete's Place,petes-place,41fe84ba-8fa1-449e-8840-fc47de03bbad
d78d6584-2ce3-46d0-8059-ab05ae365b85,Sound Spectrum,sound-spectrum-3479,47fc2db3-f23e-40d2-9a35-27b51df93082
d3ca17eb-933e-4eab-9d89-b9aec52cb5cb,Beat Blaster,beat-blaster-5117,ff4ad257-5880-4936-baf8-4771c8d530f5
08d27e5f-d282-4f27-852f-7dd7f4853cef,Harmony Hub,harmony-hub-8789,d9d435e1-fd8b-4e58-b858-4e1e415cc62c
f2d3942f-1f68-4cbe-a81e-59808ad091d9,Melody Mine,melody-mine-8549,566121b6-8067-4176-99c8-34bcb83d6113
b347fa4f-44b0-4f71-9323-fbfe77b40811,The Beat Bakery,the-beat-bakery-7991,60a76f5c-3f80-4e46-ab64-3b2b18186b0b
132b938e-1b6a-4ca7-a6e1-33baed5d23e9,The Audio Attic,the-audio-attic-1718,60a76f5c-3f80-4e46-ab64-3b2b18186b0b
bbc63d0e-a75d-4c4d-9386-96a27264a76e,Melody Mansion,melody-mansion-4952,095da0d1-98a5-4087-bd3e-a5b51d06c2de
2f188683-4d3a-4b91-bfd0-2f6442c7f516,Rhythm Revolution,rhythm-revolution-8746,3458e3e9-3bed-4650-9fea-e3364d7fb547
ba83f734-2277-47a4-8f68-d9b3cec9c471,Sonic Spinner,sonic-spinner-6174,62c7b14b-faa4-4b97-bbd3-6242735387a8
9294da3e-f3dd-4fed-94ef-aaccb0e914c6,The Audio Arcade,the-audio-arcade-5178,efd164a3-64fc-4846-ab31-33ad95c6b425
f1d2d852-87df-4aa2-a333-4dada98fb88b,Tune Tornado,tune-tornado-7594,48db55de-f75b-4a77-a983-b16ecaa04a3b
4b507909-29e0-41a9-9c83-0c6a617cb149,biscuiteers ,biscuiteers,2c66b62a-23e9-448b-beda-5c168461762d
b045953d-2dee-464e-9930-71db78d3a847,Sonic Satellite,sonic-satellite-1743,ee619afe-fe34-49a9-b9f8-7341899b123e
c261c8e2-ac38-498e-afa2-c481ab31fc30,The Audio Academy,the-audio-academy-2110,318be82b-7a02-43da-92e9-6649dd5881de
9b528aad-9057-4e61-8515-1891de4862ce,The Audio Academy,the-audio-academy-9518,94ae83d9-295a-4800-94ed-d0695f84cfae
d6747445-9e6f-448b-8fa8-cdbc8cc8d0d3,Kit uberMIX,kit-ubermix,3dbc341d-d637-4d20-ae69-926b5f5c6795
6b7e672a-af6d-42c3-a302-15edd7df7324,The Beat Beach,the-beat-beach-1605,fc41f641-1b8a-41ef-a27d-6d5b03a50243
3602b6f1-008b-48b9-9bfa-460930fe0de5,Sonic Symphony,sonic-symphony-1550,c60f01ab-71b1-4a72-bde3-b2c29018a008
7ba13244-235a-48b8-bbeb-958b6a48cff6,test,test-7282,bb359822-11e3-4883-ad0c-e5852578a3da
f7ec761d-c731-44bc-9303-ee28817e0852,Rhythm Rapids,rhythm-rapids-6155,61c6a490-5206-41cd-8ce6-f79833176446
dda9a0d7-db64-4213-813f-6cb8b0e3ef5f,The Rhythm Realm,the-rhythm-realm-3374,00db6102-fe9e-45da-bde3-e825d8f8076a
19c5b439-9aed-416b-be1e-989797458653,Sonic Sidewalk,sonic-sidewalk-6873,61c6a490-5206-41cd-8ce6-f79833176446
1ee1e502-8109-4ec5-b2c7-adf5614b129b,Rhythm Railroad,rhythm-railroad-1911,1e8b457b-93c0-4e2d-93c2-c9f514a2ae94
464c3cee-4b29-41f1-9215-4ea3b28f3df1,Workout Playlist,workout-playlist,ffc5c431-8e7e-4118-bed2-7bad177cb9b0
a9c7d2f3-e788-4b68-a1ba-fef64a4586da,test test,test-test,ad62ab4e-902e-4d9f-93ac-3dc876a8e309
4d6fd75b-0919-4d5d-9ee3-c5188ea31e0c,Sonic Boom,sonic-boom-8954,60d0cb8c-6b13-4f36-8a72-a5558119eddc
5e0a5c32-1694-41a3-9e93-3c17c49d3014,The Audio Academy,the-audio-academy-2371,73de7c4f-6e72-4c4a-b837-1c223adfb889
f66e1242-2235-4e1e-b6c8-8e0facdf8c33,Sound Studio,sound-studio-6324,524d5002-1e8b-4565-8921-58521f830099
73748ced-87b3-4341-9d03-c0fcb8dc76a0,The Groove Greenhouse,the-groove-greenhouse-2990,dc9d7919-e1b0-4caf-abca-71ec2cf74080
41e07a87-88a2-4e64-befa-6a3272fca9d4,Rhythm Rocket Ship,rhythm-rocket-ship-2970,e337a21d-1446-48c1-9b8f-58ea1bd8b6a1
6b01c927-48e5-4344-a8cb-bc258af06e19,The Audio Arena,the-audio-arena-2576,dfdc41d9-8b9d-4fa5-8130-36e13da0162e
f8a3549f-a35b-45da-8d2e-75aa9b610f13,Rhythm Rocket,rhythm-rocket-9337,7743d00d-c90b-4d2d-9240-7e6d6051117d
07fbafb9-b6b5-4ecd-8e79-bd443ad80ba4,The Tune Tank,the-tune-tank-8414,23cd9e82-f6f3-412e-be04-ac5c68a97630
46250b9a-96d8-4158-b094-26d8d950604f,Sonic Spaceship,sonic-spaceship-4579,919906af-a59a-4914-8e84-362c4ad72cce
fdcc5d55-bc20-492f-a450-5eb2128e1639,Sonic Starship,sonic-starship-2966,1b09d9b9-a326-469e-950a-9399e32441a1
b530f209-a00f-4ba9-ba4a-2a01d1c38556,Sonic Submarine,sonic-submarine-6895,066e678a-4db0-4bca-b718-f0247e21173d
e35cd2e0-7b5b-43f7-a351-f50096ca8acf,The Beat Bunker,the-beat-bunker-6413,89061e51-5af0-4307-ab35-972bdaf9ab8c
64de3318-b87e-46b6-826e-1475bca0e5a4,Customer Care,test-9806,d802f054-3aea-4479-9f26-20e4c5e1f2d6
c4b66790-9b94-4f26-8d61-2824ac401c21,Girl group!,girl-group,2797b345-f76c-4191-a149-bd3a611ce6fb
05ed3968-fab4-436f-abfe-b3a92089a30e,Melody Mansion,melody-mansion-1052,b673cdfa-c467-49e9-b70c-ca70bc3b6956
3a6ba29b-6faf-40ee-abdc-491e22dcd0c6,Beat Bazaar,beat-bazaar-8484,9189a398-50fb-4fdb-b0f1-2c9e323833c2
1dda4761-43f2-4090-ac7f-31308612ec16,Rhythm River,rhythm-river-4192,ab701330-b7b9-4204-9ab6-663d3d12147b
f354286c-068a-4645-b8c1-4453f8efda2b,Rhythm River,rhythm-river-6296,3a5621c7-0868-4f9c-9f91-b2e0b2efd7dd
6be840a1-c5cb-46a2-94f3-6d42e2bf7e00,Melody Manor,melody-manor-2026,cc5a0a0d-da1a-4518-9880-d8050dfb005a
ad9b1328-6b96-4a7b-a348-a8167412c0d4,Audio Adventure,audio-adventure-4136,dc1d9ba3-bfec-49e6-a352-b4fbdf391ced
673bc4f4-1b70-4220-a8de-1761a5f2a776,Sound Studio,sound-studio-6262,30833da8-a791-4a3e-bd50-13b24079c7f0
2802aaa8-d7bc-464d-9dfd-9bf1f9c0732b,The Beat Brigade,the-beat-brigade-4436,f106e46d-2d3c-44ab-8afc-93e4ae6dbca5
313ca466-196d-4615-8aeb-f899cbd33bb9,The Beat Factory,the-beat-factory-3277,3d0fb467-2d63-49b3-93f7-8504c68dc254
3ccc6f41-198b-414c-901a-bd8f20f79b3d,Sonic Space Station,sonic-space-station-7930,7cafac98-a6f1-49d2-96c9-277afc94c42e
21ecf14e-01e2-40f2-bce2-973649c68995,The Audio Arcade,the-audio-arcade-1566,a6c34282-ef8d-436b-a267-86f25b43d705
2e42568d-d807-40f8-96fe-e26ed9e8387f,Sound Stadium,sound-stadium-3680,4038c2b4-58f8-4358-8848-586261f3876c
0c2bdfbe-b5da-426e-97be-9d929a14d243,SkySlope,skyslope,875ea49d-1cf8-4b36-8ce8-fba65a38db46
4c15943d-33de-471b-8cc0-18cee9103ea4,Rhythm Rapids,rhythm-rapids-8777,2ee5bc77-c77e-4f54-9f0e-e332eb27c2e1
4bb3a247-5d6b-4f3e-89e8-8767b833da8a,The Beat Bunker,the-beat-bunker-8956,61f396cd-19a9-487f-9906-9a14342f297a
6a707c7c-2bc3-4b0a-b0ea-9f44d7b9ee28,Sound Summit,sound-summit-5655,5bbf39b6-fafc-4d86-b1de-8a421bdc9858
3b441589-fe0c-4bf1-a912-b91fb411d6f2,Melody Market,melody-market-2489,51047c75-b5da-4cf3-a197-52bfb7e60441
bc31fd56-81bc-4c2e-8be0-483ca0110c8e,Frequency Fighter,frequency-fighter-1931,604a0d01-c0a4-4d7d-a167-97e6e66efc48
b544b78e-4c57-4891-94e3-75ab3611359a,pathos,pathos,d9051aa1-f213-4466-abff-32d79783fe4a
f3319cfb-aea7-485a-ab02-ec2ca4c04c8c,The Beat Bakery,the-beat-bakery-6895,66586801-30b5-4f0b-908e-7c12555447b7
2d7550f5-33ae-4624-9aff-bbbdcc457637,Rhythm Refinery,rhythm-refinery-9022,e1ef602f-41d2-4f19-9d11-90a67e749524
db4951e4-97ab-4451-9ec2-738c7335c0ee,Sound Wave,sound-wave-4299,f9224aa8-5787-4b8f-8c91-18e3efbb5f0e
c92cb72e-7a44-4131-a5a6-4768f68fb1ef,Sonic Street,sonic-street-9741,f176f49b-a26e-4bf6-b9ab-a75e4d95bc5a
fedc5449-0704-4e32-85b2-8eecdf75fe5e,Beat Blaster,beat-blaster-7222,9d0dcd49-3b99-4ebc-a029-8713274b7f22
d856cebb-ecd6-45a5-bba1-192b510073d7,Sound Showroom,sound-showroom-1229,0bddb72c-b5bb-41bb-9590-18b09400347e
47cd4de7-a332-4479-9b6e-8b79c50112b4,The Sound Sanctuary,the-sound-sanctuary-4165,bb12d7a8-5ea8-4796-910f-7a5057557368
c2227dfc-74b3-4acc-be05-76051e5f72ab,Melody Museum,melody-museum-2675,40de408f-77b1-4eb2-9435-600c3fc25d9e
3e3fd48d-9c19-48e8-9c07-25efcf191ca8,Rhythm River,rhythm-river-9460,658c9cf7-f366-464a-aab3-9f0671bb69c8
82e052ff-c50c-425e-859c-b596241d4201,Rhythm Rapids,rhythm-rapids-8695,4cf870ad-97e2-4bf9-90b8-103f0bd95ed1
389ed454-9779-453a-af5f-56ea5959197f,The Beat Barn,the-beat-barn-1833,0966d6c6-fafb-4b66-bdfc-dd837a71ba5c
9205d801-2b48-4691-81dd-53df774c61d8,Fedimusic for reading,fedimusic-for-reading,3fe27650-08e6-4a17-b11b-aa50a2bee547
538f43a6-7f00-43c2-a314-b9a002818113,Rhythm River,rhythm-river-5332,f5bb0300-b4d5-4538-b651-50c608b5ee94
0711780c-3d71-4344-8817-345f676d6d9f,The Tune Tank,the-tune-tank-7032,6e4fb7dc-7582-44c9-b9ea-433198d85cca
b4aded4a-6c1e-46a2-bd66-26fd16c10460,The Beat Boulevard,the-beat-boulevard-5883,130994b7-c911-43af-b72a-4a539a6a4615
95fbc8b9-5837-4d5e-a75d-d0517e9a0a68,The Audio Attic,the-audio-attic-1306,5829ced8-6a95-468e-a5ea-68ca56a74b81
012603fd-7acb-4e13-a9d5-a8553b18315e,Rhythm Reactor,rhythm-reactor-6631,d3a43d27-268e-4f46-ad21-57cdb35cf65f
fb8ff8a8-d256-493d-ae82-6185801b2120,Spoczko Słuchanko,spoczko-s-uchanko,d60eebe0-4d18-44b0-9ae8-0f149f74fd52
01f0beea-9005-4744-a658-48a2fa1cd868,The Beat Bunker,the-beat-bunker-3870,454f4025-fdcf-47cf-b769-49967db543a6
d1392ee4-e412-4b16-aecf-ddfcd5fdaff4,PS1,ps1,32d75d00-40d7-4b00-81f6-7151fcaa870a
ccecb857-c09e-413d-aede-7e09df68ab13,Melody Minedfdfdfdfdfdfdfdfdfdfdfdfggggggggggggggggggggggggggggggggggggggggggggggggggggggggggggggggggggggggggggggggggggggggggggggggggggggggggggggggggggggggggggggggggggggggggggggggggggggggggggggggggggggggggggggggggggggggggggggggggggggggggggggggggggggggggggggggggggggggggggggggggggggggggggggggggggggggggggggggggggggggggggggtgggggggggggggggggggggggggggggg,melody-minedfdfdfdfdfdfdfdfdfdfdfdfggggggggggggggggggggggggggggggggggggggggggggggggggggggggggggggggggggggggggggggggggggggggggggggggggggggggggggggggggggggggggggggggggggggggggggggggggggggggggggggggggggggggggggggggggggggggggggggggggggggggggggggggggggggggggggggggggggggggggggggggggggggggggggggggggggggggggggggggggggggggggggggtgggggggggggggggggggggggggggggg,94fb2fae-4adb-4d7b-9657-f57502fd4e77
24a726f1-08df-4c07-85c4-6eb042650137,Sonic Spinner,sonic-spinner-8328,8c0d5c56-6b94-4444-b4ac-9baf04e860c6
adce547a-458a-4e9c-b63b-ea7a8bf7bfd5,AAAAAAAAAAAAAAAAAA,aaaaaaaaaaaaaaaaaa,3d63a3f7-7a23-4c51-9c6d-beef9b021592
24e09754-ab97-4478-9de5-5f353f69b535,Melody Marina,melody-marina-6783,9c2abaa2-221f-4f41-9532-5847b16f80fd
ec5f9632-a068-490a-8166-44d97fe7ce95,Musicas tranquilas,the-groove-grotto-9629,d2871270-5ab5-48ec-b4a1-e6fe21addd51
0f1c9671-4c22-4b6e-b4d7-c152f9aff819,Hochzeit,hochzeit,45a3e05b-8e6e-4c6f-86c6-e1e9d4c8e28c
23a8507a-e279-4012-a19e-0291d38405dd,The Tune Tank,the-tune-tank-1512,6b66a83b-7c29-4810-bafa-db622f730130
3f70290b-21cc-44fc-8571-9d04647cf8fd,Sonic Space Station,sonic-space-station-1233,12f7cd5c-304b-4f4a-ba94-cd144a12b5ea
d6f35d43-5d9a-4ede-ba79-b8f9b440e30f,Sound Saloon,sound-saloon-8562,d80909c0-48e7-4fbf-bfa8-696674a68f90
079b9cc1-5794-42dd-aed5-2be56345763a,The Beat Factory,the-beat-factory-5484,7bd7f9b5-ecb9-4e47-ac7a-4b90696400c1
380cf389-5730-4ba7-9228-6ea3e7c2eae7,The Groove Grotto,the-groove-grotto-7876,be3d7b5b-9424-43e7-a8c4-22b35dccdc17
f565a246-dacb-4b74-862a-65b38586a267,Sound Skyline,sound-skyline-1988,16d69bf6-ee75-4ac9-ba6c-f3d7e57d4fde
36528e5e-be97-4a55-bea3-1ed56cd7ad98,Melody Madness,melody-madness-4826,89026499-0c4c-4743-9776-b316132ef99f
0510f1be-3f45-489b-933f-198422ec9b92,Sonic Space Station,sonic-space-station-4531,cf83b14b-7bfa-44ba-85ab-2243d65f0c46
2b73c34c-387b-4ae7-8dbe-3943ee2c3357,Sonic Speedway,sonic-speedway-8606,300bf7ed-6adb-483f-9451-2981f88f4c5a
c49201fb-2117-44a1-8551-3d0f03500294,Melody Machine,melody-machine-9178,770d5c11-18d8-4980-bf10-56f5e22f368f
9020a2d0-f9a2-447c-a64b-926719de56a0,Woot woot,rhythm-reactor-1511,2a838055-bff1-4716-9e41-e1e6341988ab
5d1721b9-4945-40c9-9d21-b33a9edc2a56,Sound Seaport,sound-seaport-3454,5e61477e-8a37-4744-a6ba-974721d71b89
c41f442a-2965-4a20-b548-07dd54b87708,gobliny goblining,gobliny-goblining,367b6205-c069-4412-9bb1-65eabde5437e
72792cc1-95b2-4846-9387-2d9123cb1a19,The Sonic Sphere,the-sonic-sphere-2187,c2fba468-f3a8-4d4a-ab15-629cf313a8da
3cef8ff1-0bf8-44cb-8256-59f8b0b7b07c,Sound Wave,sound-wave-7679,3eb2b895-f1fe-4e86-8084-4767f30b9bb4
3cafaae1-b1b2-40e6-80e3-b4959e7ebf79,Beat Blaster,beat-blaster-9912,bcc34f01-fb84-4b38-90d7-6423f8b9235e
68ee294d-bed5-4d9a-9dd5-85ebc82ebb71,Melody Mansion,melody-mansion-3549,3a874cd7-e74a-4ad2-93c0-c7e0414e86d3
a708e1f2-0943-42fd-8c50-5dc7f551fcf2,The Beat Bank,the-beat-bank-2094,07a3d71c-5bd6-4af3-aac8-2c60a08a4c51
05161268-f242-4ecf-8fba-913006eeccdb,Rhythm Retreat,rhythm-retreat-1719,4674cfe7-32f0-425d-9169-7ab73d99be2e
3b17c83d-8043-4aba-a193-ec76a01d885b,Melody Mall,melody-mall-1089,fccf5eb2-962f-40c5-9104-a79b7d880dad
c1cf3a6d-46ee-4611-8892-3fdeca8da1c6,ClubSilicioRecords,the-sonic-sphere-6178,5d4c8507-b075-485a-9774-2bece999e086
8008573b-5ba4-4eef-93ea-89064bc55aa4,Melody Museum,melody-museum-5286,012d5665-dd70-4e8a-86c0-4383b6b417de
7b86c7ec-259d-48dc-b96e-09aa7383e5b4,Melody Mixer,melody-mixer-5239,8640e806-0da4-457a-9377-5ec968c0b46c
f3d8b9b6-da89-4f9e-8f21-374c2b0de351,The Beat Bridge,the-beat-bridge-9523,2d59547b-97c9-4d3f-a537-16532d142e54
6db0db35-360d-4f7f-b3d8-8aa00e649c0c,Testing1234,testing1234,41bde153-8fdf-460c-b5c7-d4efb969f4fe
904c46e4-4f9a-4bc7-ac6d-2f3adfadd782,The Groove Garden,the-groove-garden-5603,6b66a83b-7c29-4810-bafa-db622f730130
483b3e2a-895f-45fd-a8ea-34a36eb10a8e,Onderweg,onderweg,636c8999-36fb-4fd6-9d39-d6db53c69bff
3d6df4aa-4fb6-4571-ac49-3be2936db885,The Beat Box,the-beat-box-3213,4e2a3ad6-e5ca-4cfb-8001-5030cbdd33e3
9315d95d-215a-4a25-97c0-c344655b450d,The Groove Box,the-groove-box-5811,afc06030-8249-474d-bf2d-942cbd20b53d
edd75518-9139-4756-9fb4-30d286c5d009,test,test-7236,d910bbac-cf01-49ed-b49d-412a0aad26c5
9f9fa0ce-6d21-4982-8d18-ae36ade878fb,The Beat Basement,the-beat-basement-6634,9e1c3b37-6583-4e15-ab95-01b188a8b6fa
0f144f27-4724-48a2-829b-ae1bed406e02,Sound Stadium,sound-stadium-2283,5d28736a-c684-49ad-bd0a-bddc0a6efff5
508730e4-225c-4164-b8c1-ba05b7cb0cbe,The Audio Attic,the-audio-attic-3927,5d28736a-c684-49ad-bd0a-bddc0a6efff5
bd52433f-7eb7-4593-b261-1ece0bc7082a,The Audio Academy,the-audio-academy-1918,8a574154-7a93-427f-9e25-9c655fa8c1e2
acfbce94-cfe7-44ed-88cf-2fef6e513237,The Sound Sanctuary,the-sound-sanctuary-9915,7c73418b-0679-4c49-948f-2d565580f3d0
3c4319b5-c028-4054-a179-c144938747a3,The Beat Bank,the-beat-bank-6540,15eeaee2-ba46-45fa-b283-76846cbb50d5
6c5a4c79-51ef-48ac-b3a4-7ec1f4c5ae14,The Beat Boutique,the-beat-boutique-7366,92d0ca9a-a65b-49e3-8599-dbecd4180be0
137a2ac8-f1fd-4ff6-821a-8c3b338ace0b,Rhythm Railroad,rhythm-railroad-8360,4383f7dc-5545-4721-b015-a07ab0a0f237
1ebc7a55-b773-40dc-9671-aaa312cf4fb1,Beat Bazaar,beat-bazaar-5232,d8c8ca90-3a35-4d62-9e82-1a800bccb42e
e6110226-f717-4d2d-a0c7-d51105b1adb3,Melody Mill,melody-mill-8071,d8c8ca90-3a35-4d62-9e82-1a800bccb42e
51314fc9-fd28-46e9-84ac-4c88a4bdfca4,The Beat Boulevard,the-beat-boulevard-4481,24fc0b55-3ce8-4e15-a27f-866949a00cf1
e9d3f831-14a6-476c-b65c-a943dece886e,Rhythm Ridge,rhythm-ridge-9677,be95f10f-1eec-41d8-9c36-938929c2db92
0a836ea1-d97f-4853-a0ce-c9586e779888,Alligator Atmosphere,alligator-atmosphere,7adf4c17-071b-4b9f-9b7b-476e5fe6b3ab
206c6abf-498f-4291-907b-d6aa790b9e14,Melody Museum,melody-museum-6454,b6809a3a-efe3-4dae-8779-a92752fb6f85
14fe7f7a-aae3-471d-872d-0af9816e4382,The Music Matrix,the-music-matrix-8449,0443e1d6-d43e-41c0-b375-d2c12ca09b96
fab31784-c1a2-4702-bebc-d34915fd0134,The Music Matrix,the-music-matrix-3091,aec7548a-65cd-4912-bfc5-494690358f8f
4fb58b62-ca94-495b-b573-6c0c33e81e62,Melody Metropolis,melody-metropolis-9508,50d61237-68bd-4f45-9330-46f6be9efed2
cd70b2a0-a61e-46a4-b4b4-3f24bb75b874,Sonic Speedway,sonic-speedway-4174,bf9e52ef-dc8d-4fe2-a463-bf680b0b7c0b
843bab0a-e2ec-467b-8e42-ee792cfe87e5,The Beat Factory,the-beat-factory-6187,38a18de4-0d1c-4bdd-8aa9-8b0be0cf12f0
651daef5-14e4-4f05-b665-8469d766347d,Sonic Submarine,sonic-submarine-6868,6e1b5f25-5ee9-4e06-a352-0cbfe578fa39
ca8d662f-b2a2-43f7-82c8-a64653b4d9b1,Rhythm River,rhythm-river-9969,c0c3ce1a-485a-406b-8011-e92f12becb9e
1a419666-9de0-48f8-b457-5141274197bc,Harmony Hub,harmony-hub-3566,bab3fbe2-aa32-4dc3-bdb2-9cb84b9025fd
26056664-8935-46c3-8847-4af41dc934b8,Melody Madness,melody-madness-7061,884174e2-a524-4c70-b8bd-d47d953761bd
6764d856-7f2c-4e5b-b15e-19aa15611cf9,The Beat Brigade,the-beat-brigade-1712,055260b2-ac18-40e1-8de7-d878f8528c4b
19600201-0457-4c6d-9c8d-ec9a5f4ccbd8,Sound Storm,sound-storm-8768,d512abf0-1aa5-409e-876e-2d8610433c6b
db86ba2d-8073-41cf-b61b-64b86cf1ad14,The Audio Academy,the-audio-academy-8364,02970d94-b3bf-4f70-9f05-dcd807d53835
aa4df6b7-dd45-4ac7-89db-f81d8ddf2f6d,Sound Skyline,sound-skyline-1195,214a01a1-844b-4dba-95ac-d896a2957037
db5bad45-a81b-4624-9c4b-e2d443a01a8c,Boda,boda,1666b2e0-ec8b-439f-b525-f996463b5e3c
b93703cb-fee1-4151-be6a-43512bf6f788,Boda,boda-1946,1666b2e0-ec8b-439f-b525-f996463b5e3c
51f068db-7e2c-440d-bb35-8198da07b45c,The Audio Attic,the-audio-attic-9672,a3e58435-de65-4bd4-8241-002a89222512
411591fa-82f0-4651-808c-6a68dc8d9a92,The Beat Beach,the-beat-beach-9313,e98f6958-4d0a-48c6-86dc-ec26dcb566e1
a7d100f6-aebd-4602-ad3b-a8dfe38aa92d,Future Funk Flavas,future-funk-flavas,e7a97470-cb17-44b3-92cb-bd39435d392a
a03f13cb-77aa-4781-8372-6af8f9b3b912,Sonic Sanctuary,sonic-sanctuary-1369,5c6d5119-2653-4aab-880b-7a8844d95c41
db189a50-5602-4c76-8e45-ebba9aeffdf3,The Sound Sanctuary,the-sound-sanctuary-1273,dae58034-4152-4306-aa21-5f6ae38b3fad
061cb23e-0486-4927-95e0-c3277095c597,The Beat Basement,the-beat-basement-4144,4fce19ac-70fa-4967-9017-2012a63fe24b
e14afb31-e0b0-47d3-b25d-17214e824182,The Audio Amphitheater,the-audio-amphitheater-3861,94e313d1-0660-4130-ae79-f938104460f0
83559209-3794-4f8a-9748-e7a144726fe3,Sound Wave,sound-wave-1391,717b17d7-1d63-4c87-8ead-258ba054df90
df686547-fc41-476d-8276-394489ee745b,Melody Mansion,melody-mansion-6559,6a19dbe7-0b84-4e1e-82b6-0ba05325bc49
110a88a7-99a4-4a7f-b89f-49c424f31323,The Beat Brigade,the-beat-brigade-1917,280df978-5350-478d-a315-01a389efbf27
fdcb80fa-e040-47b8-b83d-026f4057c7bc,Forty-Tunes,forty-tunes,015b628c-27fc-42f4-b94c-1a4ca26bf1cf
4726773b-a44b-4b0e-ab1a-b7824f656945,test123,test123,136100bc-6fdc-4768-9816-a2f2932eb5e0
585bcadc-3f4f-4754-9d28-d26ed9b47a76,Frequency Fighter,frequency-fighter-3325,5d95b8ea-92c9-48dc-b3fc-8476ed049d39
89122d70-843a-4bf7-b3c8-1c65290fc9c0,Cubaneo,cubaneo,b4804177-d4d7-4a54-b634-ba7893a6c11d
067294a3-c937-4ec0-92ea-b66a4eb4d002,Melody Manor,melody-manor-4060,c126ddcc-fe89-4529-a404-c17ef551de79
134e27f1-03af-42b5-a540-ac12458d1bda,The Audio Attic,the-audio-attic-2752,234373d2-2738-435e-874c-6cbcc038e191
cea1e4bf-aa81-4861-a441-6dbe8bad4a05,Soundtrack For Dickery,soundtrack-for-dickery,c9a69dc0-288b-473a-9b88-561f3ac363b7
4bae3f5f-a85d-434c-8afc-a4ea8c4ba776,Sound Safari,sound-safari-8845,ccf123e6-647f-432f-8925-1c0322007a6a
ef8d9be3-9648-405f-839c-db06fb08d6d6,Fart Club,fart-club-8053,81e10dea-f778-456c-af52-e412a69c66da
87354388-1da1-4f87-b8c1-d043671aafa1,The Beat Bistro,the-beat-bistro-1970,d2c724dd-2fdf-4a62-923e-5e6e89ad9917
6144df9f-c580-48ea-81d8-a230a95d0c58,Melody Metropolis,melody-metropolis-4322,5234d839-1d5a-49d6-9d01-7e3bc15d5cec
3f9dabb6-1c51-448f-8ac2-626299dccdce,Gallipoli Gurme Lezzetler,gallipoli-gurme-lezzetler,3e65364e-5012-4349-af9d-1158d13ad2c9
66c07eb3-d83c-4039-a98c-d6a4d3157b51,Sonic Boom,sonic-boom-4611,7ca00695-6478-44aa-8687-6530fee94a9d
6da3af5e-c0ce-4d21-944b-81389968309c,Source Dorks,source-dorks,c9a69dc0-288b-473a-9b88-561f3ac363b7
b045c5ae-ac21-43a0-8dfa-f3743da17b74,Sound Stadium,sound-stadium-3548,042758c0-930a-4ce9-98b8-c227961b0aab
276662af-0283-4b9d-b515-2d2e55d65997,The Beat Brigade,the-beat-brigade-6178,77fa852d-bb75-455d-b01c-911a1d6d607f
af5f348d-e7ce-45e8-bed6-5c35618cc430,The Sonic Sphere,the-sonic-sphere-1396,28abdb36-0b65-4233-b48d-c393de2e0940
72ed21bb-34ab-49a2-9563-51f159139c2a,Sound Spectrum,sound-spectrum-6527,cefefc4b-a20a-4133-a599-471d0c945c99
960034a3-77af-4ef3-ad20-d71d1fdde148,Sonic Starship,sonic-starship-6059,c787248f-9888-49da-9df7-04be288d5866
4107d414-541d-4590-9ffc-2606776a18bf,Sound Skyline,sound-skyline-9370,29e90b59-cb55-43c7-9721-78075d0f4ac5
a5b0daa9-af66-4e63-80e8-9587a6a8e707,Melody Mountain,melody-mountain-1325,29e90b59-cb55-43c7-9721-78075d0f4ac5
da6ef1ba-0334-40fd-8ded-1b6f00b54655,Let's Get Decadent,let-s-get-decadent,26a7af17-d285-4a29-b8e6-12b59bf42efe
38323f95-6774-4f74-9b58-5ace50bcb312,The Groove Grotto,the-groove-grotto-5009,84c58a68-4174-439c-986b-3e679cabf1a4
35ef613e-bcf7-4b50-821f-02d87684293b,yolo,yolo,b9937380-a6ea-48d9-a069-6c885b29d358
208fcdb6-9c1e-4090-9994-bd1d964e4603,The Groove Box,the-groove-box-2476,774b7e0a-102b-41f0-8198-524e979cc034
ecdda986-53f9-4435-98fe-9c1975eb7b75,Rhythm Revolution,rhythm-revolution-3583,63c13589-b288-4580-82c6-059e87848e58
5f5a3142-9348-49d5-9b75-2efed6be176d,The Beat Bunker,the-beat-bunker-1569,2d7df1fc-644a-4c18-90b2-0e6cdd42c2f5
9df66426-2cfc-4d96-a2b1-cd2631722a76,Sound Spectrum,sound-spectrum-3101,1f447f45-4b31-4191-9b05-559bb8fc718b
946b8e75-b4e6-4a0e-aab5-7af6e7fbcef5,The Beat Bistro,the-beat-bistro-2187,7e1acbf4-524a-4d6d-be92-0232fb50b445
bd90904a-56a2-4e0a-a614-f2a4bd8b8843,Cocteau Twins,cocteau-twins,15e15447-3153-46d0-ab5b-c011e99c2d03
59dea186-6396-404c-acf2-4c81f969dfa5,Sonic Symphony,sonic-symphony-3264,585a4b4a-be6f-442b-b75f-87b5cb0aabf7
fdd59f7e-7510-4e4c-8330-b2ea16e5f3cd,Sound Sphere,sound-sphere-9104,301fcbd4-8cfc-4c67-848e-4926227df7c3
dd263919-ebba-40b4-a579-fd5cc1d0443f,OPACTIC IT Lounge,opactic-it-lounge,4f793a7f-8ec3-4b2f-a916-c39b1e34c260
88200570-1e5b-452a-9a5a-e9d5da7c5bd6,Rhythm River,rhythm-river-1762,d2054790-7add-4a5b-b8e7-0e5948986503
baa4fbc6-933e-4187-975f-93e7e757ac9d,gang,gang,8f995a68-6db3-4a84-9a44-b7996821faaf
66bdaeab-8037-4e25-b2cd-643ebf332612,The Beat Beach,the-beat-beach-3695,5beb1a05-7af4-44d6-a3e2-cc0280c89988
16859888-0b68-48b3-86c9-9a42151304ab,The Mix Master,the-mix-master-9836,42a19133-ee6b-4f57-b584-3bd1cc2a2ae1
05884232-155f-4cc5-82de-43aef9e488d1,The Beat Basement,the-beat-basement-7466,03898788-2a46-4847-8e80-2eac693df38d
92d8ba2e-9e34-410f-a7b3-846e020aaac5,Rhythm Raceway,rhythm-raceway-4647,026d5502-761c-4854-a8a2-6e2d19316092
7cf7d800-f13a-43d2-a703-79c529d5371d,Rhythm Rapids,rhythm-rapids-7399,44807857-b707-4997-b51e-c766ccf35973
4deefbfb-bfbc-40a4-a7b3-9d4cf29936b5,Sound Shack,sound-shack-9606,57e74fc1-2a4c-438a-8873-434653b6cdcb
4cd86587-05c0-4e05-b133-801d2d6459df,Melody Market,melody-market-7695,62043bf2-2d05-44de-a739-a679cd6c375a
1107eb82-0d45-4df0-8daf-b6afc9673c8a,The Beat Basement,the-beat-basement-2041,9c7c636b-24a8-4c0c-b920-ce775c1f321f
5dec4bb7-e9e1-40a1-92bf-205859f5d74d,The Audio Airport,the-audio-airport-9408,394f2e13-fbb2-428e-b6f1-2a8a861ddc99
91ad2637-8579-43cf-ba5b-9db891c6ac95,Sound Sphere,sound-sphere-9078,c33ec2af-78e5-4fbf-abab-1bcbfd1798e5
c6a24fe8-ebe7-4e6d-a9a9-fa048c55ec83,Melody Meadow,melody-meadow-3861,41d6c824-e7f9-43b5-a6bd-b0178cffcb14
1c78f7bf-bbc0-4e42-9ec1-10dad9adb16a,Melody Mall,melody-mall-2585,b56254a5-94ce-4c6e-9040-a5e326763961
4107658c-0a94-44e5-8f81-c066779d6524,The Audio Airport,the-audio-airport-4279,314db7c5-3919-48d2-85fd-28fed9fed8f7
2e266b2d-db5e-43d7-b24c-81c99fd11a57,Beat Bazaar,beat-bazaar-7103,b70fbe84-1424-4efa-a32e-9650834f63a5
2d837788-24d1-44ae-bd9f-175985c2ee33,The Beat Beach,the-beat-beach-5320,8b98121e-b9f5-41d8-a105-c2645e26bd9e
0aa6ff2c-2121-465e-86ed-f17015370210,Rhythm Reactor,rhythm-reactor-6124,49bdcd4f-c179-4759-99d2-913b746aef81
3928e3f7-c3d8-4b2f-816b-a4764bc0bc76,The Sound Sanctuary,the-sound-sanctuary-7268,ec3fe880-e226-477a-92a7-742105e81de1
b769844b-c415-4df9-ae7b-ef46e573b0d5,Rhythm Raceway,rhythm-raceway-8931,799e86ca-a5e4-43db-a1b0-34fe80ae97fa
3a5e25c2-1bfb-48a8-a6cb-42160fe6b157,Sunday trip ,sunday-trip,799e86ca-a5e4-43db-a1b0-34fe80ae97fa
1108ff9e-d791-4cb6-bee3-fdfa5787c5c7,Gal's ,gal-s,5657fff3-4206-481e-9e80-084255d7d120
6ef7fffc-a17a-4dcd-8cdf-eb7254822908,Sonic Sidewalk,sonic-sidewalk-2340,e92bd7bc-3e33-4aef-9369-ebea19374a06
bbeebeeb-30aa-480c-8aca-83c76630df7e,The Groove Garden,the-groove-garden-7343,e616ca68-6aa4-44de-8a0f-d9f0c44a821d
e830adb3-1c7a-476a-bf64-51c7dc91e44d,Melody Mill,melody-mill-5638,44cf32a1-042a-405c-8e5b-a0e497f5cb22
62b7def5-7677-422a-9e97-1283b995a8ed,Rhythm Retreat,rhythm-retreat-2907,0c36e5eb-1ebc-4aad-b8a9-6ad10361ddff
6bf50b2a-9c9a-4204-9b77-1af8eeeb7b1a,The Audio Academy,the-audio-academy-7259,c3c422b4-928b-492e-afcc-0232eba914c0
ea23c515-f8a7-4d6d-b518-a0a0d5840dfd,The Groove Garage,the-groove-garage-3692,9f58ad65-2a3a-470f-8cb2-988ef8847d5e
aac3141b-c14b-45d6-b0f7-1710c43c437b,The Audio Amphitheater,the-audio-amphitheater-7472,bbe90e69-d845-4675-9738-1a8ac71400a4
850a9dd5-4fda-4bea-87cf-769e1fe7562b,Rhythm Retreat,rhythm-retreat-2346,975eec5f-55d2-4c12-b04d-2874d76cbf1c
d87d3f7a-294f-4d5b-9374-5ebf9fc3d2ba,Sonic Submarine,sonic-submarine-8174,fd95c507-fb70-4468-a733-57f55f482abb
a940ce0a-be49-4924-a67f-c58b7e591e3d,Harmony Hub,harmony-hub-4588,78ffe946-7157-4561-adec-bf182f85f638
194c1c65-a86e-455f-92ea-c610fbd2ccc9,Melody Marina,melody-marina-4775,60e80c59-de1b-4eea-9c65-abfbfdd57122
96ea1f45-1975-43f6-ae2d-1e200b8f637c,The Tune Tank,the-tune-tank-7775,b24c0e66-7cc2-4f58-9064-7acd90c50b74
f1b30596-8405-47d9-a3be-53c235f5e978,Melody Machine,melody-machine-9430,22d636f1-7d1a-477b-b3ce-465411e13026
b01c21b7-dd6c-4ed2-ab06-27448a619683,The Beat Basement,the-beat-basement-6112,7beca0fb-1c22-45e4-8bf8-0dfd433a79c2
43b64e08-e9f4-48d6-b36d-c5ba805701c3,Melody Maze,melody-maze-7551,536aec57-e8be-45af-98cb-921241d3a251
27bc7c34-b514-4973-bdd7-412e4b7bee06,Melody Market,melody-market-9168,56e26b77-5bf2-4260-bda7-2fe145c55847
d0e791fd-31e3-4263-bb2d-f37b8be7ee73,Umas,umas,3804ebd0-3a3e-4784-9342-4a4cef3350b6
f85a8dc9-25e8-4daf-8530-dea358f8fac9,Sonic Submarine,sonic-submarine-1243,2f2088e1-1c65-4983-9146-65258d9ba451
2bb563ae-ecc6-42ff-a431-ce1ab4e84cc0,dubê,dub-4052,3804ebd0-3a3e-4784-9342-4a4cef3350b6
e732beb6-584f-45d1-a982-171871f68a35,Sonic Skyscraper,sonic-skyscraper-7450,efd56fc3-43b7-4372-93bd-d2d0234bf578
251bfb84-065d-4aa0-b79b-2cc13c1560fc,Rhythm Refinery,rhythm-refinery-5435,359dd2ac-d18a-4946-9639-1f3da547a64a
d20aa0e1-9861-4eb2-bd2e-a408b41fda52,Raag Magic,raag-magic,a69f88bb-738c-4edd-ba9b-03cc81e415c9
9d262b1a-08af-44cc-acbc-72179c28be40,Sound Storm,sound-storm-9376,e79aa46d-d5f8-41df-b621-045e072bfb17
77a058d8-d809-4828-8319-64098d1d419c,Harmony Haven,harmony-haven-9623,a368d5db-d6d6-4eec-ac0b-05f72b239dbc
b472d578-d628-47f8-919d-9a3a43330146,Rhythm Rocket,rhythm-rocket-9484,53492e42-f1c8-41af-87dc-d42a79fd0bf5
d7f57e81-608f-4695-8c85-18383157bffb,listening-station,listening-station,d2e53f48-8de9-442e-a941-d00e249adde8
0b6b8129-83c6-4f21-b8ca-2840115ff0d5,Sound Wave,sound-wave-7286,a134b0fd-4115-4548-a1ae-fee18ebdba46
48864f9b-cd1b-4142-9a15-918284753661,Campbell,campbell,3a2f1de0-b489-4851-9240-6e75f00b2bcb
4db70e9a-5b0e-44f9-987b-aabd46cf6365,Rhythm Railroad,rhythm-railroad-4776,5cab2f80-25de-45e7-ac67-37e1f187d127
fb8d860f-7219-43df-afad-22f253ff6dc5,Rhythm Resort,rhythm-resort-7059,570036cd-117b-4c2e-af2b-7d7655b75fc2
16a309b7-ad2d-4e48-a9a2-3df5428bc6ad,Rhythm Railroad,rhythm-railroad-3811,d1522bd1-7dbe-48b2-a01d-eec15203d491
4df2eeaa-920f-43f6-9155-36b01b870aa7,Bobby Tables,bobby-tables,bb46a337-2dd2-4fb1-a995-cbb323bd840f
e5077473-6873-49b1-b8a6-6785888fad3c,The Beat Box,the-beat-box-5538,a4b89e9b-fcd2-42fa-8c0b-116f15fb0d30
c046fb47-4881-4108-85ee-41eac73e775d,Indirect Hits,indirect-hits,d1abb056-8633-4610-9b15-9465c4c32fe4
e2df4b5e-d9f1-4ad5-96fd-e3412ff7d60c,Rhythm Retreat,rhythm-retreat-2892,774b7e0a-102b-41f0-8198-524e979cc034
8a904a28-d8a3-48e9-9b5b-bd6c3062fc84,The Beat Factory,the-beat-factory-2646,b3e2fb3e-a1fd-4337-a07d-0f0a095c7601
3ee4ca50-4f40-44df-ad78-a6e92bab5c45,Sonic Satellite,sonic-satellite-9494,46f54e7b-82aa-45bb-8723-d3a780b75c5b
51cba756-4b73-4485-ba9e-45d2a491b5ef,Sonic Subway,sonic-subway-8345,076379e3-3f69-4e47-b403-976dfe45535b
bc8282d5-beb5-43dd-8a2d-6f6731058214,Rhythm Rocket,rhythm-rocket-8279,7536799e-08e1-4cd4-a5d9-75f9f6074375
c0758b1b-b97b-4c33-b233-1728c2fe2a2c,The Audio Academy,the-audio-academy-7146,2353162c-9b9f-4004-adb4-6f2e823426ae
98108c3b-ce79-4859-aa5f-b114e391ed7f,The Audio Academy,the-audio-academy-8747,7febc882-eaf0-40da-b317-a1cefbe3f3c4
b1806eab-3e94-48d5-bf4b-9029c21e9916,The Groove Garage,the-groove-garage-7610,82840530-8de4-4f76-baf8-8276eeb504e1
1f4224ca-1390-4b42-b578-cbd8e43cb106,Sound Sphere,sound-sphere-5710,2f0fbecf-cb06-47df-9feb-46f25b52cf0f
7c91b851-4fc1-483e-b8c2-d1563c085e1b,The Sonic Sphere,the-sonic-sphere-2955,2cedbf78-0bb0-4bb7-9fce-3c26160b70df
29383e9c-be2b-4a49-9ceb-caf2008b99ec,The Beat Beach,the-beat-beach-4592,2632bd40-91cc-43cc-935c-c6a2572e412b
0692baba-efda-475b-b700-f76b44890a96,Sonic Speedway,sonic-speedway-1930,b9f5d38d-715d-4b0f-b9d5-1886cb6a88bb
98db511e-eafd-431a-bca4-be320dbd1df6,The Audio Arcade,the-audio-arcade-2386,ed214ffd-a44a-4042-afaf-ecd2cdbdde78
84df361b-8b43-49a1-9467-2c9aa5e93aac,Harmony Hub,harmony-hub-2198,d16e6164-f6dd-4583-bdaa-5d4d71f683ab
2df282d7-fbbc-42f2-b7d5-a8b99f96c440,Melody Meadow,melody-meadow-7881,e1ad5582-9e18-4ee3-8d1d-003bfbf7a364
a4fbeb4d-5031-4582-a712-b0e7f411b7fd,Sonic Starship,sonic-starship-1451,67b83115-cb82-4ae6-941d-96e32351ecbe
bc7e01fe-9ed3-43b6-812d-b6575e16669d,The Groove Garden,the-groove-garden-5064,372aa3a5-8e72-467d-888e-5c08d76f6290
65e2392e-1d33-4db4-8891-7e819d35790b,Rhythm Ridge,rhythm-ridge-2248,1ebe054f-1ba4-44be-9eff-51bafd618752
82210d94-a1ac-4ac0-8b91-21bf7c0b8c74,The Audio Alley,the-audio-alley-5329,b35b8ed6-93b6-4016-baa0-9edb875b8323
eb4718b4-8931-4c7d-af6e-ab4221bf325c,Melody Marina,melody-marina-5088,9787889d-4589-4915-82c2-ded4d838d05f
beca6173-2b58-41b4-83c0-f55fb8c1d24a,Rhythm Restaurant,rhythm-restaurant-9426,5c41770c-f19f-473f-9f09-84aac1aab48f
7cd75f37-394c-42a6-ad07-0ec94a491e3f,Sonic Subway,sonic-subway-5243,d1d23931-013d-426b-9137-a92999d41c4b
0933e6cf-3c91-4850-9898-69570d0e2d43,The Mix Master,the-mix-master-5911,c9cfe88e-9ea4-4ff7-ae0d-cfa48ba67123
2f0e876b-a008-44c4-ab2a-9193d1574cd8,Sonic Submarine,sonic-submarine-2881,81114ef9-c91e-4af2-a1ac-c65884c7a954
7f7a6ef2-a33b-4adb-bacc-f8ae2c0d9190,Rhythm Raceway,rhythm-raceway-5857,c9cfe88e-9ea4-4ff7-ae0d-cfa48ba67123
6ddb6476-8651-49bd-ba9f-8e5e1bc86e9e,Melody Museum,melody-museum-7933,a83f4570-ebaf-4d05-aa16-f2e53cab9dd1
77cdb0b1-f312-47bb-87d7-5e1f7422582d,ITB4eva,itb4eva,71751a31-3437-441a-a028-db39e56be01d
e75bf7db-5540-4bcd-a2a1-27a1579710fe,Sound Saloon,sound-saloon-7787,e9479d89-61ea-42db-ad39-fbd5fdf66bda
36c0b3e1-e612-4cb0-85e5-356d20849656,Sound Shack,sound-shack-6373,68b527cf-6650-4964-a577-2a5aa0629af5
d939db9a-3cd0-4bb0-852a-d7303d21f8ec,The Music Vault,the-music-vault-9875,d97fc044-ec5b-4bf5-a9e8-01eabcbc93bd
22eb0378-bcd1-42cd-ae23-e93cb5b8a05c,The Sonic Sphere,the-sonic-sphere-3926,0d17ef44-a179-43df-9325-0e6a16ce295f
aa206b6f-42f1-4602-82d9-e4c331777544,The Audio Arcade,the-audio-arcade-5756,9980a81b-03f3-4e93-b2fe-5f1a770352cc
cd610171-ab67-4b77-970e-7ecfa35a0756,zimcity,zimcity,4c01aa89-938d-4842-9096-2d6969077ff4
0a75ccbe-e5e3-49ca-8d42-42ee3f410f88,The Beat Brigade,the-beat-brigade-2530,45439eaf-d807-49ba-87d6-3c11644f392c
8400e7d8-8113-4695-9a80-0de443aaf33b,The Groove Greenhouse,the-groove-greenhouse-5094,8a00a5fd-dc6f-44c9-bf71-93a64f3023fa
25204fb0-fc96-4875-abd2-e70c97c9fedf,The Beat Haus,the-beat-haus,a50e790e-0b36-4552-82db-71f9b608dd64
d1ef09ee-0e6f-4df8-bf28-837f792873f5,The Beat Bistro,the-beat-bistro-3013,57d79bf8-8cd4-4c19-9fad-7c1331621b65
37dae9b8-26f9-45ed-882e-c791c6f3518c,Sonic Stadium,sonic-stadium-7332,2677a751-941e-46b4-83fa-63cd58fe751a
a0292eef-3509-4df6-86c6-e95cd3d64faa,Rhythm Rapids,rhythm-rapids-8707,11266e27-03f8-41cb-a836-96c30c9861bb
578b72b4-c1c3-4509-8254-302aa47980e9,Sonic Starship,sonic-starship-1279,4c866db2-d34c-4ab9-9060-39d071b686d2
4a164298-234d-4638-bbaf-292038bee502,Sonic Starship,sonic-starship-2107,edf875a4-be96-40c0-b626-6f743600006a
30884943-deba-40ef-a9c7-72980b541837,Melody Market,melody-market-7139,00a3a2dd-99ef-4b28-8eb7-8e61b29f9467
be0c1518-8919-47d4-a168-eeeda3f75706,Sonic Subway,sonic-subway-3433,37f41ff1-9d42-446b-ac56-04a5111902b6
79b6c745-00ff-4103-9364-1a14bc778a05,Sound Station,sound-station-3348,00a3a2dd-99ef-4b28-8eb7-8e61b29f9467
1b49c12a-97f6-40c3-b65c-47bae3220cb3,The Audio Amphitheater,the-audio-amphitheater-1252,040df0fc-7fe2-4c0f-a44f-77b94f5c7e4f
47e6419d-c02d-4868-82a1-7fc883e01564,Rhythm Ridge,rhythm-ridge-8028,34c8b6b9-ea76-4818-a211-732470baf76e
082dc45d-1070-4ed2-a3e4-66e3ae981d0d,Rhythm Ranch,rhythm-ranch-1200,3f7953ff-92fe-4af6-bc09-4bbe93b0ad19
7677226d-9d36-4c95-9c8c-c2b9e2d4f256,The Beat Beach,the-beat-beach-9934,f9e22e4e-5719-4197-9ae3-f2f3e592a28d
607f479c-9fb4-4696-8cdf-bced5be411c8,Sonic Spaceship,sonic-spaceship-2582,93f4f58f-af42-44d0-9392-62e199f7da41
e26eece8-1356-4f2f-852f-545f1fa25eeb,The Music Matrix,the-music-matrix-2959,51526f81-428c-4de9-86da-8bc0711e7e13
829238a4-1972-4ed7-a9d1-a9c5ca5b72ae,Melody Mountain,melody-mountain-4016,ceaa3b98-db0b-4690-9b9a-f45aa8d6c855
895c3b71-de7e-40b3-86df-1e7959e6edd9,Rhythm Ridge,rhythm-ridge-9695,f6363f14-4221-4a9a-a27b-0ab4790a50b4
9c3886f2-39fc-41c5-adaf-17e7078afdc5,Melody Market,melody-market-1256,651f1649-cff7-427d-acf1-d506c96fed8e
38f6cb29-7b94-4dfc-a1ba-0f157ade000b,Sound Showroom,sound-showroom-9879,51bb8dba-0089-4462-86ee-294fc5675228
52a21a21-92d0-46ab-88c5-4d27e8081a71,Rhythm Revolution,rhythm-revolution-1493,127ca2b4-6c33-4753-8acf-233885865c1e
8f9c206e-c131-4368-b6e4-e77b92425441,Sonic Boom,sonic-boom-2125,5de2eead-fb89-443d-b4c8-c965030da495
ada6ba00-c16b-4944-be4a-3f7657d653fe,Rhythm Refinery,rhythm-refinery-1694,45c9f2aa-d751-43f8-b3c7-27f7c9af29a3
32a17a30-3693-4d17-8399-52ef5de7d7ad,jukerele,jukerele,191f2b32-1ab3-4348-b338-0704fda3cf44
1826b5f4-d8b9-48a9-84d3-ba0723da2a19,Audio Adventure,audio-adventure-8853,4b4b738f-9c6b-4b42-a2d7-6e3d50b8e31d
77f93c87-f662-4302-80e0-ad52440708aa,Sound Summit,sound-summit-4219,7e4135df-4da2-4b1a-93f5-30cd0f17bccd
604442bf-fc0e-4893-9b42-894601dfe19d,The Beat Boulevard,the-beat-boulevard-1628,a05c6020-b7f1-45e1-b9c1-1fc6483f2168
26caf828-72e7-4834-bad6-0bb4e76f846f,BANGGGINNN,banggginnn,8afba1bc-79d9-4ba1-8ea4-fcca21e5594e
32334fc0-7091-4672-96ef-85ad92749dce,Melody Manor,melody-manor-6837,e3f272e1-e6ad-4734-a22e-7d9974d5816a
d49743cb-1cae-45f6-9596-e1582deb79f9,Melody Metropolis,melody-metropolis-3069,e6571692-21b5-43f9-bdd5-ea9ffea92bc8
12779820-6123-42ed-8a50-36a0d8983b72,Skibidi Rizzlers,skibidi-rizzlers,0366a5c9-04ab-4554-a0bd-342e5f7e778b
72ed913f-f37d-4e7f-9398-ac11655ca9e2,Sonic Sanctuary,sonic-sanctuary-3556,3ac061d9-353e-498a-bde2-b7dfee81e848
c5507121-f240-4995-b14f-2fe110e69ee0,All the Paul things,all-the-paul-things,953bbcd2-e0b7-43ae-8cf9-f8cdde7db7f8
fd4fca1d-68d1-4905-9a11-a137042af949,Rhythm Rocket,rhythm-rocket-2508,033a6280-962c-429f-afaf-132dc5c413a0
be3738a6-eb1f-4171-a249-7abadc92f4a8,The Groove Garden,the-groove-garden-1305,1688fa59-6a32-46bb-b863-892c473f9063
05fa823c-ca04-4c94-b72b-3456cd88d46e,Frequency Fighter,frequency-fighter-8884,29e18c8e-fd39-43d3-b68d-a43225dd8cc2
e7ad4d47-92c1-452b-8af5-91b36ba937d2,Test,test-5727,0f5bb49c-02a2-4d85-b269-3e81e319fa22
f835245a-f6f5-4407-b7ca-44be2780738e,Echo Chamber zzzd7,echo-chamber-zzzd7,a664b1c8-f2b5-48f2-a4e2-3ceb875ffb36
e7c9d297-c1a8-4cc5-8540-f98549ccfb1c,Sonic Skyscraper,sonic-skyscraper-5257,47170cc5-3964-4614-8fad-880a671ccf62
2555711b-4a1f-40b4-851d-b816287e1ae1,The Audio Attic,the-audio-attic-9956,4e33a937-8db5-4748-a2d3-badd65e10239
af8eada8-c010-4289-bb6b-fc375c314b1b,Summer Pop,summer,427b842b-527e-4683-867c-e3ef5fbd7d14
49cafe09-efb5-4ea5-8c9c-3dd7876ff3ec,Audio Adventure,audio-adventure-2017,6344bd93-ef49-4a8a-a958-47b0b2e0e391
ed60260a-56bd-415c-aaee-1d4a24711341,Beat Bazaar,beat-bazaar-7952,fd24246b-46f2-402d-91d6-8891ce1ea521
3cf52cce-3e08-4895-8966-76dd4a4b695f,Sonic Space Station,sonic-space-station-9310,8d5879e8-fa04-43de-9d22-b9c68cfceddc
7055fccf-aac1-4305-aebf-02595b2dfaf3,Sonic Skyscraper,sonic-skyscraper-2966,fbaa1fb3-352b-490b-b786-a162401604a6
4d77edc9-6616-48ee-970f-918d99231dd1,Sound Seaport,sound-seaport-3165,e265133b-71d9-4833-a403-20bd89e8a98c
1d6fe4e7-720f-4ff4-b508-49a923379309,Melody Maze,melody-maze-4083,57f64309-6b94-4db6-946b-fc5586048d79
589826f2-b3e3-4f22-a67c-b2d27198159a,Melody Mine,melody-mine-6046,5cd025b4-e30a-43e1-a6a5-669e083c53f6
58f39853-24e9-4ec3-b7ee-0e19f70b544a,Rhythm Raceway,rhythm-raceway-4211,0e6234a1-756a-4d1f-abbe-a467bf1a01f5
a57b9db4-91ad-4ba6-9289-ac72dfff5edd,Bed time juke,bed-time-juke,b9c369fd-5389-476e-92a6-f0a1c703ab82
e8a1e64e-6030-4b87-b256-3726edae9dd5,The Beat Basement,the-beat-basement-3829,5baa086a-0afe-4b82-a1ef-3272299d8ec5
26e4aba8-d9cf-41ce-be7c-d1fa358011a1,The Groove Greenhouse,the-groove-greenhouse-9984,20ff7933-bf42-461e-b2e8-37222891a5ba
272516ba-6f0f-47df-834c-075d4ec4d927,The Audio Arena,the-audio-arena-7277,d78bc9a5-f9fb-48e9-ac3e-447009653d23
f6e3f508-a6ba-4bd5-86c7-5166de040467,Sonic Sidewalk,sonic-sidewalk-2825,81fcd66f-75d0-4322-92df-d2cd57806ec1
45f38e74-93d2-4884-9162-2a6cf149aad3,Beat Bazaar,beat-bazaar-3661,097544f0-901b-473b-b581-848e4a2c3e2f
2d2795a1-5641-45c9-a973-2f2c7ee1cd9f,Rhythm Raceway,rhythm-raceway-9974,0fb43332-9d35-40f3-9b02-045219b8bc7f
0ce25b35-23fb-4128-9347-8489f6e619d4,Melody Machine,melody-machine-3743,e23d20d2-6eb8-40f7-8bf4-43504eb2f427
f70cc6c0-b222-4f9c-9622-52e7c8894b34,Sound Stadium,sound-stadium-9962,4bd73781-15f4-423c-9e1a-aa4e2f7ed2c1
7da62de7-d1d8-4e43-b68e-2903c3743c9b,The Groove Box,the-groove-box-2238,653e4406-f1a4-4d48-8ffe-38ea840d6066
2139972c-4d75-4277-a0fe-c0d0f2e7cc03,Rhythm Rocket,rhythm-rocket-6441,45dbbaea-5bb5-40a2-8ba4-ab1d113ae0dc
51d0bef7-d91a-4fbf-8d8e-bd2b775f4f8a,Sound Wave,sound-wave-9771,26ddec61-61d3-4669-8f6c-5bbfdde4a9ed
7b938a70-ddb4-4b4b-956e-91731d6c5588,Rhythm Rocket Ship,rhythm-rocket-ship-2878,26ddec61-61d3-4669-8f6c-5bbfdde4a9ed
91488c55-871c-4f29-90aa-4db7a75c0a37,Sound Sphere,sound-sphere-6201,dee28319-6ac7-4700-8e72-1102d51b66a7
581d3da1-4c0c-4aad-bf2a-dc80c04da79f,The Beat Box,the-beat-box-6940,77c15f7f-8d39-4ef9-9286-a16cbb192465
cc2834a2-b89d-4bfc-b287-bec33ae93c9f,Melody Market,melody-market-7300,c431d2da-cdc5-43e2-884e-3ff4eed5f9a5
d4c01c5f-a4fd-49d8-80ad-e05b09f70f52,The Groove Greenhouse,the-groove-greenhouse-6407,6dcecad0-5d8c-4bbc-9357-e6187af71862
97b1ed54-b1b1-4238-99ee-ef05a638f7fd,Sonic Spinner,sonic-spinner-6797,52d73358-b41b-4c86-ae1a-d7ad861bfaf7
8f40fc9d-198f-4d9f-ab0d-85530a006f86,Beat Bazaar,beat-bazaar-1230,3d5430ff-f874-4c89-ae74-c86c5cf8268a
cd5e2640-d19f-4727-ab67-4c4ecc4a8d1f,Sonic Subway,sonic-subway-4853,6dcecad0-5d8c-4bbc-9357-e6187af71862
22e040fc-b831-408c-a212-32503e262760,Sound Station,sound-station-9702,d5490c59-bcdd-40af-b440-583434153e33
ecec2a14-51ba-4017-baad-3fbe2ac6ba55,Harmony Hub,harmony-hub-7445,aadffdff-4949-4b81-9d76-a952fe3f3adc
9859714a-7b9e-42d4-b698-300c02260f2a,Kit uberMIX,kit-ubermix-1318,183f5654-70b4-4619-9b69-7adb1398c96b
7a5c244b-234c-4e32-bc07-8653281f5dfc,Echo Chamber,echo-chamber-3392,aa01cd99-195e-492f-b59b-e637b7b27bce
dfc6e3d8-c185-43f4-9aca-c6fcd2ff5c3f,Echo Chamber,echo-chamber-1204,a1fa9037-889f-4772-8751-1dc354da3b9a
4c8aae28-e805-4b52-923c-6c3240a758ab,music,music,7c1b5270-0fb6-4947-9892-a5c26fe7e649
4bbad9af-e13f-4c88-90e0-128cd86ac683,Melody Madness,melody-madness-4171,e0c036be-ac50-4740-adbf-40909eb36f00
e75869a7-6dac-4999-8dc7-80c1475ac7cf,Echo Chamber,echo-chamber-6244,995ac2e0-7cfe-4d41-a061-eb93f314763f
5df4fcee-360f-4976-90f9-2d0d42973497,Echo Chamber,echo-chamber-1887,e55046d2-f6a6-43ee-b5dc-4a1a9dc96360
46ff08f8-997d-4083-a097-2041f2c29fb4,The Music Vault,the-music-vault-2166,af0c78f0-effb-4e96-a4ef-4931aaf5289e
35a2abf6-49a2-40c0-98d4-b0741982539b,The Groove Galaxy,the-groove-galaxy-8060,9b006e92-ebf2-476e-99dd-61751b18f9ee
b8020832-6679-4e99-9c13-a5d0e813caab,Rhythm Railroad,rhythm-railroad-6536,11881215-34ec-45b9-a96c-d441d00410b5
6b93e714-33a5-47b4-9c1b-40b5f5dc2674,The Groove Box,the-groove-box-8992,07451b50-6db4-47bb-acd9-3354f2dea60d
cf1aaa8c-4c97-4940-8e9b-e2892b1164d6,Melody Market,melody-market-5398,67dce440-799a-4b9c-a593-631b1c401261
9e3781cc-34eb-415b-8832-07432e178cc3,The Audio Arcade,the-audio-arcade-5483,fc993e0d-d1b3-4ea3-9168-1daa41dc6e3d
3e597b7f-5d73-4738-88d7-13f01341b9f9,Melody Maze,melody-maze-3711,ceac99a3-8617-47ae-8384-77f22d8b0474
4236e9cf-cba2-4481-b3c5-2fdd2022beaf,rhythm railroad,rhythm-railroad-9672,11881215-34ec-45b9-a96c-d441d00410b5
21e92af9-3b86-4cab-9035-9dbc963561a9,Colonoscopy Jukebox,colonoscopy-jukebox,3840349a-6e95-4dea-912d-e80d05bd79fb
56dcb4a3-2a93-405e-a559-2cd16d806eac,The Groove Galaxy,the-groove-galaxy-5919,efe3b0f1-d0fd-4558-b92a-dfeb5c50c6d7
d6c3945b-be7a-488e-ba41-ca32d01a8be2,AggieFM,aggiefm,e2d6ecb6-b7fd-438d-84cf-e6e67afa0c96
60cfa798-71b9-4e40-b44d-2d4e2db72933,Rhythm Rocket Ship,rhythm-rocket-ship-1954,edb733de-b710-4ae6-83ee-c9301c77837e
b1659678-d032-4ddb-a658-e07cc6361905,you,you,20b8e7bd-18f0-432b-8c58-2935ababebd3
8150c165-0d9e-4eb0-a4b8-aafe1e78b0c5,Melody Mountain,melody-mountain-9311,a804feb2-a8a6-4318-8579-e3287e70fb30
c6d6ecfb-c975-40c8-8ac1-8f6323063b8d,Rhythm Railroad,rhythm-railroad-3713,7d3a1ff2-5b41-4eca-9850-3e31bb02e2e5
dfb7e2a0-2aa5-487d-bfec-cc2df1144105,Sound Station,sound-station-9689,027a0144-8ec5-4c06-bee9-c0a5747da438
34e5bbe0-2bf7-4b6f-9d77-3c44308f7d83,The Audio Arcade,the-audio-arcade-8996,0d039dfb-982d-42b6-91ac-70480637951a
88630e56-98c7-46ca-b998-a17c335e3fe1,Echo Chamber,echo-chamber-6073,165e42af-0848-4915-8697-7fcce7b305f0
8d3426d2-5e1f-4b23-9ba4-5dff08591626,Sound Stadium,sound-stadium-4465,3bc708ba-221c-4641-acf0-8104e80cdaaa
475f8750-4252-4709-8796-241da0f729a3,Frequency Fighter,frequency-fighter-1020,214797d0-0712-4199-a863-ee0ce02948db
b3b3cddb-c4cb-468e-97a6-53f16a190771,Harmony Haven,harmony-haven-3491,a378764d-fd84-41b5-9d70-9a45ddcb25e2
ee18d468-3894-4a91-a836-0f489cd69565,Sonic Speedway,sonic-speedway-7280,af78b4ca-49fb-46b3-bdca-6ef0d85da547
a28aff3c-7fc8-4ee4-b539-4de98d15b176,Tokyo trail running,tokyo-trail-running,e74a20d8-1fa2-4abf-9543-4499acd9ff8d
e952aa70-ef1e-4a9d-be4d-f91be2648aa5,Rhythm Restaurant,rhythm-restaurant-2032,58e54bb9-a6d5-459a-bec9-6a707e79b0e2
758d40bb-c045-4d4b-970b-4051bc69a0d1,ToteEnte,toteente,f485cf8f-ba9b-4929-9a58-ff1a1361ac2e
c54b50ee-737a-4127-89dc-bf894d439009,Melody Maze,melody-maze-6596,4d26064f-a031-4315-9511-ca88f1c16d32
834a6bb7-609a-4061-9612-fac472c0cc9e,Energy,energy,4e7a68da-7183-4bfa-af88-9d36ea130c5e
14346614-439f-4e16-88e7-a11525c2a6dd,Melody Meadow,melody-meadow-1120,55ecae95-c37e-4d50-9222-26c856e49251
3dd8d4f0-189d-4c9c-95b1-0be597ad511e,Tune Tornado,tune-tornado-9719,82624bf4-6b3f-42b0-8148-682c48b5c630
feea9a44-4204-40b6-9a68-bcd9abb84431,Rhythm Ranch,rhythm-ranch-5378,a5cb709a-59aa-41c3-8999-de36c592585d
cb8368ca-81b0-4cc2-a63a-a3d7fac222cc,Audio Adventure,audio-adventure-1845,135a0d78-3d57-452d-8ace-d699c9c1f0e3
b3a2f1e0-a7b3-49df-a4e5-cf5d34d82678,Sonic Sidewalk,sonic-sidewalk-5600,7d201f05-f7f4-4f23-a3b3-822e937b43e4
f62833b6-bf2c-47b9-810d-7089ef06e17e,Rhythm Rocket Ship,rhythm-rocket-ship-5770,d1c15c4e-5f52-4b0e-91b6-c329d9bfee3f
04dd8560-5d97-4e58-b459-85d248ffdb86,The Sound Sanctuary,the-sound-sanctuary-2141,4f7f8b6a-2cc0-4a66-b4f5-66f134f3a40d
355af5ec-b51a-48b5-8b26-e33b790ff566,Melody Madness,melody-madness-4628,1428e3e7-05b3-4a35-896f-fa42dc2cf79d
d8087454-f37a-4191-92dd-1eaff5935cb5,Melody Metropolis,melody-metropolis-7048,d13fd72a-8bfd-4c23-9717-ef067edafa1d
15403677-c504-4510-b9c1-aceb02f5017b,Echo Chamber,echo-chamber-9144,015197be-d917-4169-8383-88b9dd1c6449
ef365cad-13b0-4795-8a41-f1d4003c2ba2,Sound Wave,sound-wave-2504,36740d3b-29dc-4e79-9a22-437b0160d1c6
ba5112c9-a19e-4ba5-b7a0-fa5bdb74efbc,The Beat Boutique,the-beat-boutique-4195,478f95cb-c4d2-428c-9ab5-fa1fadfc4ba9
91db0b48-5363-4d93-90ca-01afd17ada1f,Hindi Old Songs,hindi-old-songs,ff850774-c25d-43f8-ac05-67b2fa3fb6bd
a05258a5-3aa7-43db-ae55-130c590daf6b,The Beat Boutique,the-beat-boutique-2031,c60a0df7-1e25-4218-81c5-5d4c9ab7521b
a036df84-50f4-46bc-8389-f0ac73a1c2c1,Rhythm Rocket Ship,rhythm-rocket-ship-7012,18828168-dafa-4f59-aa8c-8fa6c3ab4857
1f78fb9b-5548-4b02-b4e2-dc3a8be5d6e4,Sonic Subway,sonic-subway-7255,c60a0df7-1e25-4218-81c5-5d4c9ab7521b
7a9e7916-ce02-4071-a398-54c2b60b48ef,derp,derp,85d8523f-5c0d-4077-b5af-74eb4116d304
222acb3f-02ba-4d00-a12e-f7c790035c4d,Rhythm Railroad,rhythm-railroad-4958,502cb655-ad9a-489a-82c4-21afad87c99d
be0ff069-d566-4576-8841-0c3fa5311cce,Frequency Fighter,frequency-fighter-6360,a285a3e3-9a38-4d06-b2e0-172c14f6ed38
9f11b30a-d394-4cd9-b792-bd55844262b6,Frequency Fighter,frequency-fighter-4975,ba3af7b2-a057-4946-8d76-f868009f1c90
f2e329f3-7831-4f75-a500-e8d1f33fcab2,Rhythm Revolution,rhythm-revolution-6684,9ae26937-a936-489b-8117-540cc993d0db
55f5bd2a-662a-4a3a-8be0-afb86c20127d,The Audio Academy,the-audio-academy-6935,f0f57523-140a-48b5-9877-87ba83c47c60
42cc1f2d-a3c6-4863-a462-0c3d8c38c3fe,Sound Sphere,sound-sphere-8535,0d0ca119-6e71-4573-9e75-56865a356b4c
2a83bfa6-644c-415b-ac97-327511addeae,Sonic Boom,sonic-boom-6750,6b17b3f2-171e-44ac-9538-37584b9e043f
dd08392b-f785-4724-8ccf-e4d6f67f7007,Sonic Sanctuary,sonic-sanctuary-6864,961d200b-bc46-4f7d-bfc0-21c76f575303
acbd7e2a-8ad8-4bc0-bb4c-e153c839c6cf,Sound Shack,sound-shack-7755,1767b85f-f75c-49be-bd8c-186e28dc9a6b
9b78d480-a858-45f1-8ade-f6a671e060e0,The Groove Garden,the-groove-garden-6356,46783555-7316-4373-8f43-e4e3c6615550
140556dc-d942-48f9-bece-a1f600da5dfc,Sonic Speedway,sonic-speedway-1036,46783555-7316-4373-8f43-e4e3c6615550
b16320e2-077d-4f9d-a61f-3c9fc9380d42,Gayestan,gayestan,e7252d7e-b7df-442f-8a90-f309ba68d6ac
61c8551e-a549-4ef3-9131-3c29972e7a24,The Tune Tank,the-tune-tank-5312,5c358d91-5575-4879-a262-7c7d70e125ba
8a5310bf-3a0e-46eb-9943-8f28cecd19a4,The Audio Airport,the-audio-airport-4723,f8af18fc-a1cb-4326-9360-2249a6732597
0b56a39c-9ec9-464a-ad5a-bc928927fd6d,The Beat Boulevard,the-beat-boulevard-7774,08e39d9d-3dd7-4e6a-9805-51517f033bb8
235b0615-2874-499e-a2dc-b2cbabcb096c,Indie Morning ,indie-morning,25b8d722-b4be-40f6-8a85-97c894fd2955
e22cec19-d7a3-42b8-a972-063a8e5abc09,The Beat Basement,the-beat-basement-3415,f5018f9c-56ff-4dbc-a11a-842572b5d0d8
00e3fc19-6d29-4b7a-a4e6-b1e18682cb11,Rhythm River,rhythm-river-8854,f3f57598-fcbc-4a3f-ab09-90f628f3b35b
ce5bc5cc-0bcb-4459-a1c2-e4b52c8e9112,test,the-sonic-sphere-7151,5cc8853f-80ee-4475-bb99-bf0db7f55475
09331130-e816-46e0-bac9-f774115b6d94,Sound Shack,sound-shack-9656,a2f579bc-deeb-4689-ad1c-8ef36866a806
3c176830-aa9f-4d9d-9fc8-bfd10e7aaf25,test,test-5522,5cc8853f-80ee-4475-bb99-bf0db7f55475
2b04b0a8-1cd9-49fe-9273-9ac7a8893fc6,Sonic Satellite,sonic-satellite-4571,5d3f98f5-fc4d-4354-9a6f-8735dec73edd
6485f54d-38eb-4836-9651-8a31a292e745,Rhythm Refinery,rhythm-refinery-1864,baf982f0-0dd6-4bc3-ba99-1cd6b5832563
4f875630-fa04-4edf-abeb-2342c0f039be,Sound Studio,sound-studio-4516,5e844352-3f60-4558-960b-026aae22c89d
16f9a609-fd8e-44ad-8ec6-0dacb5c45de9,The Audio Airport,the-audio-airport-5335,1fa1d503-7191-4e5c-a5ec-684a6e3a6302
122a4d12-b6e5-43c1-8e9d-b8e58a07f007,Chapter 2,chapter-2,7f3e47d6-3ff9-40fb-a434-d2a911f397ba
6e783fd2-b038-4733-8b59-8ac6e3e7c61c,Tim's Ambient Chill-a-torium,tim-s-ambient-chill-a-torium,ac1eb9d7-b0fe-481b-af3f-710e4a231f3d
86b8197b-744e-4ceb-a99b-0516db97010c,Rhythm Raceway,rhythm-raceway-9563,918c3116-140f-4309-8946-aba6d08e1f2d
ff74ae45-67dd-472d-a5a0-6f1f78c7b397,Sonic Space Station,sonic-space-station-9596,9d00e5f4-dfa3-4a0a-add6-d6e89978a010
615cb0d3-3bfc-4e02-9737-9b2b9e019fd9,The Groove Greenhouse,the-groove-greenhouse-3409,9fe00f94-dccd-4558-bf83-c223e413dbe1
89e18963-bcb9-476c-9b17-bd8b2f37c6d3,Sonic Spaceship,sonic-spaceship-5667,9fe00f94-dccd-4558-bf83-c223e413dbe1
492b4c3c-2559-44da-9e35-01a4fee85e93,Protest fun,protest-fun,e645a8e5-2593-4831-9834-b170b1b70f36
0d28b2d3-324a-45cd-9fa3-dc10d6bcf29e,Sound Saloon,sound-saloon-6193,224280b6-781d-49f4-a2c3-0b9e445c0dc3
e1e6a2ed-e8f5-4f49-91b5-c2104fb94185,4 DAN,4-dan,ac1eb9d7-b0fe-481b-af3f-710e4a231f3d
8bb64d47-d0a0-4e4a-b46d-abb828e424e6,Anth,anth,56a2c059-fd50-4429-af5d-163bd01141ee
679c8b01-4da6-4ffa-b225-6b4872139621,Sonic Boom,sonic-boom-4458,4ef39317-9eba-48b1-96a3-48a5caa603ce
6fd72684-d028-4a90-bc30-0e4a49b93563,Sound Stadium,sound-stadium-3477,c022eb20-feca-4f21-9e35-6f0c221d0e7a
b9a57624-45f0-4f9b-83f9-73127ba93b19,Rhythm Revolution,rhythm-revolution-6531,16c67e71-90ee-4767-9c87-ec4a0d0cd386
3a271bbe-7fe9-47a9-a1e7-dc31eaa99bd6,Sonic Starship,sonic-starship-1710,a024c6c2-f4d1-468b-b025-db7d141cfe97
2eb78354-b346-44c6-94f6-50eb9bad5f2f,The Audio Arcade,the-audio-arcade-8443,3dcfa552-6304-44b0-922c-8e339ab52a7c
591ca72a-345b-4590-84a9-540aceb6d815,Soft Wribing,soft-wribing,224280b6-781d-49f4-a2c3-0b9e445c0dc3
6cf32936-1ce2-4a14-bd34-7bbd903a2b17,Sonic Subway,sonic-subway-7387,83dac8de-2d5c-4d18-8e33-1e0897f7ba25
3438ec15-121d-4e50-9307-9afe595543cb,Rocket Tape 1,rocket-tape-1,a0dcdcda-1a2c-4cda-8328-245bb8612acc
58d2b993-8f7f-4d05-9284-548875520f02,testmisstake,testmisstake,7df7e770-95bb-42c3-a02e-b0bb5ffe6cbc
cf2a9827-2be3-41ef-af39-aef3034070a7,The Audio Arcade,the-audio-arcade-5732,4ec679e4-200b-4337-a473-66637d9362ef
edf9bd49-9364-4593-a7f7-40b76040de6e,Sound Superstore,sound-superstore-9033,f61ff68e-2b3d-4d88-8c74-8cdcabf684eb
de83c76f-9df9-4e2a-aad8-6eb7de495d05,The Groove Greenhouse,the-groove-greenhouse-5384,0277a163-1efb-40ac-8fb9-d7a474c93bb4
ce8823fb-7c5e-40c3-95f6-678da0eb554f,Melody Marina,melody-marina-4671,0bfc7164-bfb6-4718-8cb2-07a7e67a45c5
8373bf71-24fe-47cf-ae22-d4b1f305fad0,Tfw,tfw,4cc1a44d-83ef-4df0-9f20-24c4e5d63efa
f10aa945-e297-43cc-a068-82ca5490b0de,Sonic Speedway,sonic-speedway-4219,00ec0f71-2ba9-4b16-9ecd-37237faf989e
9bb406b7-64d3-4c11-b7e5-f031802ccdd2,Melody Mall,melody-mall-4694,64480c77-5c85-4d3a-979e-314d0c8498d0
d530adac-b2ca-4a8e-9c1c-0afdc2f107c7,Sonic Stadium,sonic-stadium-1727,a6b60cbf-8eed-4ae9-8c3e-58f9e49dc144
8b64cf76-ff87-4807-9b4d-03f2bbad990b,Rhythm Resort,rhythm-resort-3374,ad9836a8-65b6-4d88-8eac-aa9ce7c90046
996ef65e-ce9a-44cf-97e5-26791c98aae3,Sound Station,sound-station-6956,99b9ed3a-4609-4125-82c9-1a8fae4975bf
839c12f3-e7ec-42b0-9e2e-a452512de73e,Harmony Haven,harmony-haven-4162,ff33b9a4-ea21-4989-8284-ec9b264ec235
fd728399-56e4-40b6-87ff-82fd8fccec07,The Beat Bridge,the-beat-bridge-9485,dc9d28da-f59d-4ae4-9bab-0f4f6de27ca8
c9cb1550-5751-47b2-b2e3-92913f674f85,Audio Adventure,audio-adventure-2843,a17582cf-25e1-4d94-8126-ac51ec920243
7b09dda9-0df5-4e53-bc4c-d87918c30792,Melody Manor,melody-manor-8078,c2f35bfa-081e-43b8-af7b-c1424fce129d
bad4700a-f197-4d04-b125-a77505512cdc,Melody Manor,melody-manor-9027,37235a9e-8039-4a60-9e8c-72b14e5bad5d
d362d818-f261-45c6-9629-dd1b53080015,The Music Vault,the-music-vault-2815,be1a9998-7fd3-43e1-80bf-b65b906564ef
da64eb54-8277-4e3f-992a-be43788f22a9,Los Tres Montos,los-tres-montos,3f7953ff-92fe-4af6-bc09-4bbe93b0ad19
9a8cf688-218d-4b40-b0fe-08b9e995029f,Desert island,desert-island,acffb240-bde7-4b9d-a9e4-351ec66667ae
bcc2ca75-b502-442d-b0c0-1486bd35e3f9,Sound Station MAX,sound-station-max,bc0c3e4e-2ce1-45f6-91eb-ffac3c1995b7
e582c426-1d1e-4e79-a067-99289fdbc3c8,Fred,fred,022be8cd-2a78-49b5-a5d3-6e8173bf96b0
74c8dccc-53af-4294-8122-64a90c356257,The Beat Boutique,the-beat-boutique-7013,c4cc4cfc-9336-4f43-bd5c-9675e870e7c3
143fc437-4063-434e-bc16-f1ac507ca59a,The Beat Bank,the-beat-bank-8161,c8a79cde-699c-4ab1-b013-b710ccef6ec5
b2700177-bc1d-4d0a-bbc8-103736b1ffd4,Sonic Sidewalk,sonic-sidewalk-1435,678ca9df-f477-49f2-89c5-67b6f8a4651d
03852067-7ac1-4028-becc-d9ba1318b24a,Leka 25,leka-25,7c0c0b17-711c-44d1-ad2e-17bfe7545f0f
c5b627be-48e5-483c-a0e9-4a25b5524ebe,The Sonic Sphere,the-sonic-sphere-2350,b23cdbbf-c129-478b-9c82-99130f0dc663
57f3da67-3ed2-43b4-abd8-553ba42646c3,The Groove Garage,the-groove-garage-7021,095c6fce-f917-461b-9e12-27843611c963
45550dfb-b764-49a3-a65c-076cbf8defda,Echo Chamber,echo-chamber-9253,1d9747c8-5fee-4149-8a52-ef22900aaf8d
e12ff33d-ea4c-4e7a-b064-deef112b3780,Tvor,tvor,f53cdc80-033f-4ced-8bec-1aa5e3478396
57bcf75f-d2c3-40c6-a4e4-2ef6f5b0f87c,Probatxoa,probatxoa,7e0c1e0e-7e77-45a3-9a88-3d9468c9576b
d3babd91-d85e-4c59-afa9-f227c547d65c,kitty,kitty,6f3266bb-a162-43f8-a1e3-18232f40a5eb
650ee988-0bac-40c8-a6d7-4d3a755a5d08,The Groove Galaxy,the-groove-galaxy-8144,9cc2dc04-04e4-4313-ab9a-40ec876f5562
feb28cf6-6d09-4c2a-beb5-dbc02000a061,Sonic Starship,sonic-starship-4584,2eff31ea-2529-4035-aa2e-87aa0cfb5f6b
772de93f-9c0d-4a49-810a-1c17e9141c2e,Audio Adventure,audio-adventure-1947,a9462c10-6684-40d6-b0e1-3ff834facbba
ff73b58f-56fc-48ef-8259-81c710dd6c5c,prova,prova,71e08a89-1960-4faf-b36f-b7fd8e87c1ca
2c6c7a29-d170-4b5d-9485-af74341fe291,bangloredays,bangloredays,bdb59ada-2c58-4970-aff0-afdf4945ac70
82708f26-c236-4c58-a32c-2eb8966fbb41,Harmony Hub,harmony-hub-1574,fe5a6434-1cf4-4dca-b5b9-583268da627f
8ca4b063-193b-4c7c-9f62-61bdd8662f35,The Beat Beach,the-beat-beach-2415,94ccdb83-ba11-4a95-9280-5bcf2b4f8e93
667e55d8-1317-4db2-a2a3-3c1fcf0112f2,Rhythm Refinery,rhythm-refinery-3333,3b5bf750-4944-4c46-ab83-c18a3077a27b
570dd340-c377-4e7e-8f71-8c97ce33602f,The Beat Bridge,the-beat-bridge-6636,32bbc7e7-3603-463d-8330-bfb51819c39e
30c98a45-1b5c-446b-b8ec-7be332a4fe4c,Sonic Stadium,sonic-stadium-2300,39b87701-794d-4a8c-bb85-14fd240a5e20
82693cc4-983d-4182-8b6a-be58ec34588b,Rhythm River,rhythm-river-5706,ba9e9103-aa71-4f20-baf2-8c35413a0082
87e67b4d-478a-4298-8ce0-8c2767d6a54d,Frequency Fighter,frequency-fighter-6548,71e37abd-e7a9-458b-b50d-d3f4f4c87622
88b3dbe6-bb8c-42fd-b91d-c8d9c9f4af9d,evsjsbwfsj,evsjsbwfsj,beda8732-6737-4dd5-964b-994560e84d7c
207cb77a-88e8-42b5-a97e-0119575b9df5,The Rhythm Realm,the-rhythm-realm-9309,fe62219d-9b5e-44c7-be61-70d07b11335b
e04410d3-243e-4f1e-ae4f-42fcd4b9cdcb,Rhythm Restaurant,rhythm-restaurant-1926,9a9f3f5b-c5cb-4a62-8025-1d8783eb34be
09ad0a5d-28ae-48b7-a720-25a30ce94e26,The Groove Galaxy,the-groove-galaxy-6353,41e67bbe-ded7-4338-b37d-9b4c5b73307b
a7e91e7d-290e-4d30-9c45-eb8db0cbdf9f,The Beat Brigade,the-beat-brigade-3166,5eb269c9-5e1f-4e2d-a495-d07fef32c9aa
0a10e93a-a336-4599-94ef-db5cccb0cd10,Rhythm Rapids,rhythm-rapids-9689,fdf9f56c-8600-4880-adc9-991d7889b3a7
f7c42019-fe51-4777-9c4a-409e6ae67281,Rhythm Revolution,rhythm-revolution-9701,3c27952e-f190-4a3a-a1e7-0d11ab6f9172
49e9bedb-eefa-4eda-85a1-e1428aadfe02,Sound Showroom,sound-showroom-3993,a4977cda-db41-4af9-8323-cfdd2c26066a
ad89e480-7660-4638-a5ef-378309db42fa,The Music Matrix,the-music-matrix-4866,c0ae4e20-4bc0-4e65-8357-d0e15af1c267
ce33f69b-bc26-4583-8fb7-8add4757e3ae,Sonic Subwayt,sonic-subwayt,0b857d26-ddb0-4ff1-9fc2-20f63c5e5c43
cb8b3e46-7765-429a-b85d-57a39bb051dd,fsfsfsfsf,fsfsfsfsf,ddf80afb-bb0c-4a39-b5c2-7880f5e9b463
7f093bae-7665-4f9d-af22-be599028b5f1,SpotBeats,spotbeats,74c2cd58-2d6c-4549-86c6-03f91478b1b5
cfb9ae5b-4e60-4022-a1bf-cc27271102b8,Sonic Street,sonic-street-8939,bf8abc70-97e6-4437-a98f-49ac9c46c344
d94878ac-1d96-46be-98fe-f61268fbbe1d,The Beat Bridge,the-beat-bridge-9002,eab1e0a7-d2a5-4144-a86a-dfd9e22379fc
383a9130-cb79-411d-8bf9-d21cee4b612a,Chikichanka mandanga,chikichanka-mandanga,85201993-d2c2-4f89-a11b-a4bacc7b3610
fbc8422c-da38-48ad-ae7a-1cb3d35779f8,Melody Mansion,melody-mansion-6582,544ffc71-782b-4b77-9db3-a0450070dc3f
97893744-da5b-4199-a44e-cea7b09e2446,Sound Saloon,sound-saloon-3588,60259067-c430-4b0d-b393-3f868d0d6d8e
13e3dd7d-5d20-4848-a2af-b738c6bb46b1,Melody Metropolis,melody-metropolis-4349,3c658d6e-de3a-4f86-bb55-c22c2fdc1c14
04f72e85-7113-4a17-8501-edce5c99461e,The Music Matrix,the-music-matrix-2560,0e7c4c5b-fafc-4985-9e32-d7aa762a7912
d32d8dd5-c9d0-4fc0-8e24-32afc58e80ab,Rhythm Rocket Ship,rhythm-rocket-ship-9554,383734fe-e749-4790-8779-fb16482f5441
637a26ed-422d-43c8-a47c-c97537d147a4,Beat Blaster,beat-blaster-4214,c585ca70-2fd1-441f-b9c1-7425b05f1be5
eb3be764-94c8-445b-828c-3dab8954bee3,Sound Station,sound-station-5966,f0aec8be-dc3b-4fd7-886d-f25472d5cf49
ab39346f-f1ba-43d5-97be-8349edff6019,Rhythm Ridge,rhythm-ridge-3361,b3cab8ea-8682-451f-8e9c-616df1df1a8f
7ae380e3-dd67-4e81-a85e-48d3cb8e2e92,sdasd,sdasd,8df8eaca-8f48-4296-a27b-16285e5dee5a
378daa4e-30f5-4917-8b10-a086501ce6c4,Sonic Boom,sonic-boom-6453,eee40c87-0863-48bd-a015-ad56d8c01d61
0c4ba1ee-f04e-4b47-8f66-eb118713f811,The Audio Academy,the-audio-academy-6146,67febee9-228c-46f1-9a71-75ab4afb897f
d4b15fbe-e67d-4c3e-9608-bf9e52d28210,Beat Bazaar,beat-bazaar-8679,a7467383-b96a-4475-ba4f-a2cf0911237a
002e816d-5378-4fef-9211-f7d83c579d10,Sonic Subway,sonic-subway-6350,5b9996b1-8ccb-4b20-9592-46ac08c2ef41
5bc5efa2-a4df-4028-8ae4-4a13cd57b680,Sound Spectrum,sound-spectrum-5322,1b92c661-79e7-49b4-b96f-bd1c09842c79
14f86111-9363-48ea-adc3-d682833807f0,Sonic Subway,sonic-subway-2669,8b5cc6ab-8eb2-4952-829f-48c30de3253c
171f781c-cee6-4586-aafc-56d747d967e4,Sonic Subway,sonic-subway-5387,f39bcc62-162a-4a88-96f5-d2581291b46e
17734473-2086-4c4e-893d-80c29d4e7e46,Sonic Submarine,sonic-submarine-6509,fb285558-d4bb-40ca-81df-e39d1e759c76
6a9cd8a5-a0fa-4409-91ba-f1aef3546589,The Groove Gallery,the-groove-gallery-6452,8ea0936e-df50-4ff9-91f9-673e0ccdc7fc
b39c6d0f-91c6-4e6e-bb6d-d642f9aefdeb,The Audio Arcade,the-audio-arcade-1876,c88e87f3-ee81-42be-b80c-3643bf0b4e27
7e61702c-5209-4757-b4f7-c1ac6cd72c1a,Sonic Street,sonic-street-9930,eec7668b-e20b-4319-8c1e-d9380dda7b5e
56997e6f-c13d-459e-9f77-6717057b4d9f,Proba,proba,7e0c1e0e-7e77-45a3-9a88-3d9468c9576b
9568c406-5cad-44f6-ac4e-ae710a6b9619,Rhythm Rapids,rhythm-rapids-4492,91f6188b-fab2-40c1-9650-949dd6f9106e
e0299d18-9079-4455-ada6-5f779728d563,stav,stav,0b7f8cca-e345-4d6f-b1ad-3437f6f7a88d
984ccc8a-4ebe-4819-b0e7-e193c1349d41,blerp,blerp,c61cd183-9334-4339-b5ad-02fb48360be6
61e74ac9-dd38-416b-a516-4354698f9b48,Negative Bliss,negative-bliss,68052691-cbdc-4cae-bb6c-5c651233da28
b5facfb0-cb2f-435f-b01e-ba9a1a91b17c,Sonic Starship,sonic-starship-4936,63009ee5-4359-48c0-9532-5f4f64709d8f
3349faea-54a5-447c-bd1a-98bd141a0b5d,The Groove Garage,the-groove-garage-8754,8ae35c6d-2ec1-4142-8cc5-9e8be02f208b
f6d74a72-6ea1-4914-a40b-f2bb21896320,Melody Mountain,melody-mountain-9400,a9d78469-1066-46db-94bd-d1fb9b639660
abf80fab-f87d-4733-b032-2d2ad6ffc5ba,testjuke2020200,testjuke2020200,32d2cf11-d189-4d31-a891-c03b770095e9
8284b227-0a6d-4b04-8f48-eb62981835cf,Sound Station,sound-station-3357,5750c148-fb06-4179-9d20-9bfce8fe2af5
93a4a0b0-a4d6-4d29-bc1e-4029a06f4a0d,Rhythm Rocket Ship,rhythm-rocket-ship-7285,70924af3-e314-423a-9ef7-c394730ba28f
327bbaab-e493-4bf6-ad0e-b509426bbb59,Rhythm Reactor,rhythm-reactor-6315,b5ca0511-bd9e-430e-b47f-dc48b7ee1133
0101d312-0f3f-4e32-a096-cb91d079165e,The Music Matrix,the-music-matrix-3768,4de32405-79d7-4362-8956-92aa1cc50199
d9f65f40-cd18-4238-a3e9-db4ffc33e85e,Sonic Subway,sonic-subway-6517,18c22d73-8159-4d40-9944-feb97819545f
40b12a78-aea2-4a97-8014-afe4969069b4,Sound Seaport,sound-seaport-9994,9de0f3e4-b36b-4e04-9429-3dca45ac54b4
66d139c2-413e-4b2a-b3b3-2bee1b6c86c2,Sound Station,sound-station-6812,7c0ee036-6834-487d-b560-e39d429f4c81
339bf589-71a1-4c65-a9ab-8c1ef181eeb4,Sonic Satellite,sonic-satellite-6856,0ddb2b3d-5692-463f-a9e5-8b02ffc7ef35
f1c72cf6-cfbd-4a48-b2a9-9a389a506f1d,Sound Seaport,sound-seaport-1882,a9cfabca-6f1c-4221-a8cb-bbedbc19f623
ab660f18-1f98-4cc1-9b8a-be5227008b46,Rhythm Retreat,rhythm-retreat-9024,3f08e412-3b1e-4187-a5f3-646da1a78c0f
585268a2-9717-44a2-8d02-e969894b4e85,poorpleb-tunebox,poorpleb-tunebox,c081bf6b-507b-4131-a313-d364b5d81900
163fcfc4-133a-4d15-b64a-cab3a7ee84d0,Sound Air,sound-air,3d6769f5-f537-4334-b259-3d663f8c415c
96e64206-613e-4678-983c-596eb3fc3605,Jukebox on the black top,jukebox-on-the-black-top,3d6769f5-f537-4334-b259-3d663f8c415c
5c6ee120-dfbb-444f-8dca-fb2cb31d01b5,The Audio Airport,the-audio-airport-2240,e118b860-e216-4eaf-b3f0-a316ac1a9d05
6f50402c-7b84-4b23-b5c2-95213a6d99fc,The Audio Arena,the-audio-arena-1455,f1b913ec-85fa-4bb6-a5ad-14b931fa0c7b
3d33e84f-3380-4b90-8fd1-454cd9a947a0,Rhythm Rapids,rhythm-rapids-1619,1300dd48-8fda-4365-95ba-d8e08a62fd56
6b4d026e-5dcd-43cb-beb9-30621690c544,The Sound Sanctuary,the-sound-sanctuary-9064,1300dd48-8fda-4365-95ba-d8e08a62fd56
0fa42179-a833-47b9-9a76-14be0a5db992,Muziko por kosmoŝipo,muziko-por-kosmo-ipo,11f9694d-9aa4-48ec-9858-6e4ea345de2c
a1746f2a-ad71-4a82-a1bd-3656a55d3236,The Sound Sanctuary,the-sound-sanctuary-4164,e118b860-e216-4eaf-b3f0-a316ac1a9d05
56c4b8bf-812e-49cf-af0a-a0a20444aeab,The Beat Boardwalk,the-beat-boardwalk-6733,4b933b29-43e8-4661-b8ae-924905bc69fc
638b4181-4274-4dc6-ac61-f32063329f91,SNIPER Sounds,sniper-sounds,5a41e53a-e0d1-473c-afe2-c8c1076fb17f
029e2695-8d8b-4769-8aa1-2f9386d17eac,The Audio Arena,the-audio-arena-6955,132a5808-8522-4c62-b38b-655b7ed7a0ec
5ed85848-d04a-4e88-80bc-aa518d42e632,Muziko por kosmoŝipo,muziko-por-kosmo-ipo-9957,438b9d59-5195-4ae7-a166-7c52daff881d
bc85017f-2087-4acb-9b5e-94ca91bded71,rkmv,rkmv,5cc8853f-80ee-4475-bb99-bf0db7f55475
2672439a-1e3d-477b-9870-927160d9a40e,Sonic Sanctuary,sonic-sanctuary-8755,af9c32be-637f-42bc-9b30-03a086365500
299e15c6-ee38-4cf6-bfff-a83c040da39f,Rhythm Resort,rhythm-resort-5330,de5f9895-7508-4b77-ac3a-1c042570a56a
d4156cb8-c2a7-4b9a-a60f-b3cfae7a5bec,Test,test-6302,e955472c-8cc9-4042-98bc-db778ae153ff
d47b1676-4fcf-4366-8d55-c73af255192e,Funk-O-Rama Jukebox,funk-o-rama-jukebox,b4b83d56-a552-4ebb-b4cb-f522842183f1
4925da8f-719a-4434-ba50-b4f6cbfd87b0,The Beat Bank,the-beat-bank-2144,3ddf5d09-7407-46af-bde4-7505409c421a
3f9cba1d-c78a-406e-8cbb-9bf07191386e,RND Rhythms,rnd-rhythms,bbbe1cd1-84b3-4cc6-a312-87bd0031e667
9c5aaf84-8679-431f-8381-6a3017acc010,The Tune Tank,the-tune-tank-3136,079a7519-772c-4d91-bee2-7d713ba68cac
838a7a93-ee18-4079-9057-62faf5deb2be,The Groove Galaxy,the-groove-galaxy-8780,29b47762-c5a7-4404-91ea-b25289be4b68
feb753cd-5659-4aa6-8e33-53a26462bed1,Sound Studio,sound-studio-4207,2118f3db-cf7e-4644-905a-91dc3528f81d
03a01554-6f76-4ce0-9126-0d605f0cdf2b,The Tune Tank,the-tune-tank-4636,7f26ac4c-d0a6-4ea3-b215-8e5ea4d26410
bc674122-fa2f-459c-af41-7d3d18541d61,G Mix,g-mix,bde4aee7-049f-4318-a636-97c8a025b445
c8d32d3a-0b92-4ba6-884e-0f1e269f3e09,The Beat Bank,the-beat-bank-4668,3840349a-6e95-4dea-912d-e80d05bd79fb
3477581c-3b9c-4db7-8a5b-ac91f1c5be6e,STA Test,sta-test,04e0df89-3f44-4f6d-acec-63ee4b53cc8d
8549605b-71b2-4ae0-82da-b56d7027113c,Sonido Espiritual,sonido-espiritual,8b621499-881e-46ba-baa9-3452fbcdca9e
82626dc9-c105-4d60-91f3-ebc7bfc0897a,Tooons,tooons,1026b1e6-0759-4abe-b7ac-b796cbd9e77e
50d92f02-6bfa-4e61-97d7-863e50b1e3d6,The Audio Amphitheater,the-audio-amphitheater-8821,3335fafb-c527-456a-b1d1-d1b4e34308f8
0eca236c-f75b-4d9c-b0f2-e59bfc5e18e0,The Groove Garden,the-groove-garden-6718,477be56b-60fa-445c-8336-7e0c9f168180
5a5f65d3-bee0-4e20-b639-8ad10d3bc834,JabbyTunes,jabbytunes,6946aa9f-c0bf-440c-bcaa-aa066e165e77
843c2151-f002-4685-a4c0-f2d374bb7c6d,animus,animus,ca887a35-6b11-4ca6-94bd-67e932cb8271
9af148c8-7109-4aeb-9849-4febe80af884,The Groove Gallery,the-groove-gallery-3911,d85b5222-f5b2-48dc-beb6-741121a904b6
710e4b41-fd0e-41de-a16d-9552ddbb6eab,Bass Station,bass-station-9611,83bbda39-1a6a-45c9-9ea0-a59232ae0a86
48f40945-cdf4-478b-abea-4e11eca01726,Melody Marina,melody-marina-3491,84bf11fe-8848-4e3d-877d-5dc081445864
2cbbf44a-e04c-44fb-b743-0fabf832c5e4,The Groove Garage,the-groove-garage-7474,91d2f662-ce1b-4c10-afc4-001b39e1b417
144fd608-645a-4a47-9e25-cb980590ecbd,The Groove Box,the-groove-box-7354,52b5a5af-a346-414f-af96-e6edb9a99c51
68178df0-2b52-4023-b586-d4f4acc2924b,The Audio Airport,the-audio-airport-4597,6f4f76b4-cf2f-430b-81dd-d7e8b3a98ab5
6e8ef56f-8496-4149-83e0-18433fe87ef8,Melody Maze,melody-maze-5209,7e0c1e0e-7e77-45a3-9a88-3d9468c9576b
51fa8a7b-4c93-4bb4-8cb3-1a3d7e26af17,Sound Shack,sound-shack-2702,2830820c-c983-4a86-b6df-242066869b84
068a6776-f3df-4906-a5b9-342b8100b67c,Christmas Inspiration,christmas-inspiration,1ff3f6c5-0ef1-4db6-94a9-62ba5fd6f1e3
a25b752e-aa6d-4d50-987d-3d791f029480,The Beat Basement,the-beat-basement-7793,b9e8a506-d37f-41e4-8237-ac962a64f845
8b5dd186-650d-4213-8cd0-d631172ee92f,The Audio Academy,the-audio-academy-3078,977eb24f-5a60-479a-855d-7a9f8b73d828
9075a67b-e7ad-4d3d-a0b8-d58f0f059656,burger link n build,burger-link-n-build,863db3c3-6ea4-477f-b62a-170796833df8
e276ef58-bbc5-4bc1-a51d-305dc883f460,The Mix Master,the-mix-master-8791,49bdcd4f-c179-4759-99d2-913b746aef81
f77dc027-5530-478d-a36d-7575f26756be,Melody Machine,melody-machine-9626,bf46ca6e-029d-44f8-a089-90e0a3d1302d
f9e44367-cfe6-4a6a-bbfd-e1cded66bd2f,The Audio Airport,the-audio-airport-3475,f9eb5adc-87f9-43e5-bb90-35255a74d07a
82bccf84-746e-48a6-8a36-99dabbfb7fba,The Audio Amphitheater,the-audio-amphitheater-7379,33690acf-7886-43f2-8de3-49d4d1129ca9
5b502020-3295-46ac-b074-d1df8cf980d7,Rhythm River,rhythm-river-4902,2eb57901-8555-44c1-b5e2-bf97c454ff5b
fb1dda20-2919-4e60-a020-fd20cc03e458,Sound Storm,sound-storm-8514,406674fa-e938-496a-80bb-5c16b255bfb7
c100dab1-1253-4534-8c55-967a407dd847,Tune Tornado,tune-tornado-8452,17321db0-592b-4c73-9432-c41c21a404a6
ee771a38-6b05-4738-8cf8-492ae19c47d6,ne dinleyelim,ne-dinleyelim,9e04566d-3df8-47ff-b0f5-652111f1de29
b9af0b5b-36d2-4c66-98ec-e0795ea83224,Sonic Street,sonic-street-6021,16ca37d3-3f7e-4510-a291-61f75d09fbdd
c23161b1-b8e2-4269-91ae-3a55df2cee28,Melody Machine,melody-machine-9472,57384ce5-1a3c-48ce-858a-766c31747d91
ba3b6397-dca5-4d4d-aa0f-3d818f16c564,The Audio Arena,the-audio-arena-2547,e157e846-0fcb-427e-bc98-56d6d70cb4b2
df01f3c8-e423-4609-b81b-26f7fa6c6716,Sound Summitkjhfds,sound-summitkjhfds,fecdda39-87b6-4c12-9109-e9eeedb97162
a2eb7dc5-ac94-4a60-8ef1-28e35a772aa9,Rhythm Reactor,rhythm-reactor-2756,57384ce5-1a3c-48ce-858a-766c31747d91
5b528227-e2eb-49e6-af26-d2e73a515259,The Music Matrix,the-music-matrix-7160,fe54f498-fdf8-4774-81a3-19a014858efc
bc55e358-1abd-4d07-ab64-d370325e32e5,Beat Blaster,beat-blaster-6707,e157e846-0fcb-427e-bc98-56d6d70cb4b2
f12cdaf0-c097-453b-91d5-f80e558d65f3,The Groove Greenhouse,the-groove-greenhouse-5214,9ab35799-256a-4854-82d1-b8dfda9faa09
fb48baa9-83b5-4d06-b836-ba0bfbf1097f,Melody Meadow,melody-meadow-4238,239dd07f-0f89-4f3c-bf19-96bd6c896c30
a29811a7-9234-43bf-80a1-1ecd6ce72eee,The Beat Bakery,the-beat-bakery-9882,981a04c4-ea68-4ecf-9c73-24ab98481e94
b83822b7-69db-4bb4-8ab6-05ae188498d0,The Sound Sanctuary,the-sound-sanctuary-4773,0959a86a-7621-405d-bb38-3f92d971791e
15bd5282-ca14-4cae-bcc7-4e03411a2240,Echo Chamber,echo-chamber-2374,36b2de33-29be-4f3b-9cee-49fa4e3016bb
4360bfe3-32aa-4a08-97e5-b4beea28955a,Sound Storm,sound-storm-9429,043ee131-aa1e-4dc0-a0dd-cbc631bac3d2
0645d656-2c84-4d83-a27c-a4d7e12879e3,Melody Marina,melody-marina-1344,0a40d15b-f40d-44b7-8dd6-c465413f9869
f1d5ecca-537c-4c44-9e3a-9d781a566da6,Rhythm Revolution,rhythm-revolution-2482,9d7f7a10-5fdb-4af2-b504-0aa34f6308c2
39dc4e1a-ffe5-4827-828a-86a8ed7a9a81,Sonic Boom,sonic-boom-7095,ef00d2a2-424e-4e43-8136-ec6cd058c1ab
c755cad4-944c-4e55-8357-30bb8d73f274,Vado Devs,vado-devs,7c9429ad-5c31-4ef9-8ebf-c330c1f5f74f
2691b1d3-8325-46dd-9b0d-51eb30e25b52,Sonic Subway,sonic-subway-3018,c016850c-c303-4f46-9243-f761c058c042
1c826f0e-7763-4aad-8d90-7d946bb58120,Melody Mall,melody-mall-5357,48f9e814-403f-4340-9f4b-076d6d1c98d1
7d6110f3-ef9e-483d-8d76-2b0153c68034,GameOn,gameon,8ecec7a7-d5f3-4e15-ba27-21fac5b8e0a7
1a70c292-a44b-478e-8907-be3361f4b9c4,MWN jukebox,mwn-jukebox,a68bae35-832d-4957-828a-7ca3cf81f2fc
dd09ef73-dfa5-4a06-8aca-e8dab3a18192,Sonic Sidewalk,sonic-sidewalk-1988,b8e5fa71-ff0c-46cd-b978-4ec49c604359
d46d5607-52bb-44e6-8e63-7df40eab0e65,Smakelijk Eten,smakelijk-eten,99829928-cc98-4d25-9e5f-7bc80832a3a8
87f59908-faba-4bb9-bcb0-a931052991fe,Club Pebbles,club-pebbles,1747bdf3-cc2c-4e54-8440-266a8601c1dd
63f68b9a-58bb-47fa-b887-e1d53ceacb61,The Beat Basement,the-beat-basement-4776,f4a5a511-0d20-4b94-8f24-8bd2a7d0502d
dc59e38e-0ef2-417e-ac3b-6c34558b8fab,The Music Matrix,the-music-matrix-2013,63009ee5-4359-48c0-9532-5f4f64709d8f
80520745-1b69-4c2b-b749-67780e457bb8,test,test-4127,874d5767-2b5d-4423-bd48-d897c759f315
501bbabc-5674-4049-be89-b6bc09db669a,Melody Marina,melody-marina-1092,a5f7b215-c8b1-41a8-a15f-b8d4f69605fb
582fd280-e6e4-44a2-bb59-9232a47e7b35,hot girls for public transit,hot-girls-for-public-transit,a2ab00c5-61a0-4654-847b-738620be2aef
f9d3fdeb-a8e2-41e9-9c04-2d2f2e365d8c,Sound Skyline,sound-skyline-6806,0779a0d5-ca97-4230-a2cc-d497973faa4b
9da22d60-33b3-4a66-9743-28e7c95690c4,Sonic Sanctuary,sonic-sanctuary-9808,47c71fc9-411a-4de6-a5f8-702d835e2524
ec8e5d8f-2572-418b-bf90-b76f65af0930,Rhythm Rocket,rhythm-rocket-9677,b83411d9-5fe8-4020-a308-aae830157b82
87155cdf-cd64-4770-96e5-699530532fc1,Sound Storm,sound-storm-4058,4d5ffc9d-10ae-4155-a4ab-20101c2912b6
58c36a75-d8b0-4936-aff3-1790e00d7e5c,The Groove Box,the-groove-box-8745,bbe9376a-b2cc-4afa-b2a7-37e1a680cad2
c3be1bc5-b8b3-4088-9f1a-d1ec4cea5d5e,Sonic Spaceship,sonic-spaceship-6062,c0bf2c5c-2d3a-4781-8fa2-7589a424f24c
08bed349-d478-4778-8c3a-c3a70a681d94,Beat Blaster,beat-blaster-7094,57384ce5-1a3c-48ce-858a-766c31747d91
61205d9e-6d17-471c-8537-5452ca948a75,The Beat Bakery,the-beat-bakery-6663,fe2eb242-9a7a-4509-9c33-afec42557c6b
4c670813-c056-484d-a464-5bfc507061fd,The Groove Box,the-groove-box-5884,52a1d02d-bedd-4e16-99b8-b4e0b556ea15
1caa6e20-f51b-4197-ba82-861c785d321a,test melody,test-melody,d430c565-eea8-4ce6-866b-e9f28e374255
bbe2d301-d194-4ab9-afe1-66b6bad294b0,The Audio Attic,the-audio-attic-8551,74329c63-9e76-4212-a02c-24de99a1cbce
20f8bc95-3da6-4028-9067-e591da91eef9,The Groove Gallery,the-groove-gallery-9570,da645536-4ff8-4fa5-a147-2a4112d4e4e8
9cffc306-a264-4c80-9b1b-463e7df6a8c8,Rhythm Revolution,rhythm-revolution-2286,9229fa99-0466-451f-8d76-7f1a73044f6a
0073208c-e9a8-493a-b91a-d17889b6a1e8,Melody Mine,melody-mine-8081,33f8c4b1-cd23-4e08-b775-4a6cde19d48f
ebccf0bf-d91e-4e78-addf-add171063c26,sicmu,sicmu,0420da67-e65b-4905-91c7-ca4224fe7c4e
6b1a14cf-d157-4473-9c2d-e9e715fd664d,"Melody MeadowThe Ramones- ""Sheena Is A Punk Rocker/KKK Took My Baby Away"" LIVE 1981 [RITY Archives]",melody-meadowthe-ramones-sheena-is-a-punk-rocker-kkk-took-my-baby-away-live-1981-rity-archives,33f8c4b1-cd23-4e08-b775-4a6cde19d48f
20997279-576b-403f-8e43-7832e96dba10,The Audio Amphitheater,the-audio-amphitheater-3396,33d160c9-63e6-4aaf-9c50-d43292a6a74e
7e80ed27-501e-41d7-ac35-3f8c36e2bcf9,The Sound Sanctuary,the-sound-sanctuary-7687,bf6f0c6e-4dd6-4d6f-bce0-e093e98b8f2e
a048c67e-90f2-42f7-b31a-f8f2c6afbf62,The Beat Bridge,the-beat-bridge-7999,33f8c4b1-cd23-4e08-b775-4a6cde19d48f
9b0de94c-2d99-4a25-8909-0a2f27ec75bf,Melod,melod,c7db54bd-1388-49b4-878e-3c9dd3fc3f0e
ca26e1c7-82d9-4dc3-95de-1bd1722aea49,July2025Playlist,july2025playlist,f7369024-9338-4afc-8d4c-e0b53031b816
e12f96e4-51c2-45df-919a-b1b0754fccdc,yolo,yolo-5835,a760d6a1-0124-404c-b4d6-391702f26cd6
5a63d624-3de2-4d9d-9118-6bb3c2a54129,EIJER - Between The Gaps EP,eijer-between-the-gaps-ep,e7a97470-cb17-44b3-92cb-bd39435d392a
c9d6cfcc-59f2-4b0b-a573-fdc60a0d6e36,The Rhythm Realm,the-rhythm-realm-8510,33f8c4b1-cd23-4e08-b775-4a6cde19d48f
3c15cd68-22cd-47ca-b0a2-3fccbb99b6ec,Zohran Mam-yummi,the-audio-amphitheater-2129,fdaa44db-c055-4718-b4b9-586cdccf4706
2c849961-3657-48ae-8347-1da8baca5ae7,The Audio Attic,the-audio-attic-3229,10243af5-ce06-46c5-aabc-68d96c177062
38aeb1db-bd37-4394-8925-e8c13bcacdb0,Melody Metropolis,melody-metropolis-1469,7a1fb7d9-1631-4d11-acaa-e4c6d4ae69ff
b3fae603-a4b3-40f6-9c5f-965a4a8180d2,Melody Mountain,melody-mountain-5263,271d7c0a-4650-46c2-b565-0425fdce4749
8d9f7429-e697-4da5-bc86-5df2d70a54ad,JuMig,jumig,709d7065-50e0-481d-b786-203b8506a0e8
538369f4-d552-43cc-bbd4-7d8d993fed01,JuMig,jumig-5878,709d7065-50e0-481d-b786-203b8506a0e8
7f54fc7a-005b-438d-99ef-39d33cade6dc,Harmony Haven,harmony-haven-1533,9ccbdd7a-e53e-411b-867e-3c6805015cfe
06695098-5fcf-431b-93cd-6893d47fdb67,The Groove Garden,the-groove-garden-1899,000041a8-c69b-45d3-ad3e-837dab058074
d3f10576-8eac-4a32-84f5-b442c1a377cf,Sound Spectrum,sound-spectrum-3683,9523d9f0-641a-4254-bace-ae60f4cf4a1c
f13aa68a-a783-45d8-bcba-b3c20bc9a92a,Melody Madness,melody-madness-5410,27fbcbec-0a8f-452c-a168-8494240d2b69
ac945792-9e61-42f8-ad1c-acf9404fd360,OO,the-audio-academy-7220,b62552b2-f792-43d8-b79f-80ec56e92c6e
967a055d-8238-4c74-880e-69b029e4604c,Sonic Submarine,sonic-submarine-4492,8c8f9571-f69a-48bb-a6fc-0426ef59aaf8
78a26924-151c-47cd-a7c3-c2d0d2dce813,The Beat Basement,the-beat-basement-5310,0788e6fb-06d6-4a98-a7fc-5a75aa314930
2bf4174a-d591-470f-a4bb-567c2a45e9bf,Socratesstraat,socratesstraat,cca7b9ab-f231-4efe-8ac4-07329b5f8631
4ad5b321-1895-4ad2-89c9-2a937cc72a9c,Sonic Submarinedd,sonic-submarine-2242,8b90f0b5-14a5-4026-a1e7-e3af53420704
2d8e799c-cf95-4b12-8886-ccedbe15db27,Sonic Skyscraper,sonic-skyscraper-7868,e2403271-5431-444e-aebb-b1edeb7834c9
7b17feef-5d25-46cb-b707-2592f6c0acae,Steftest,steftest,16591cf5-5731-42a2-9297-c9456741d9a9
a0589c20-f755-4a38-9373-9863f5f06f09,The Audio Arena,the-audio-arena-7873,ebcaa878-fcf4-4434-9a14-dc34faafbb47
c14ddfb2-1d7a-4177-b75c-bad2fcc20caa,The Audio Airport,the-audio-airport-6660,629bf247-5377-498a-a1a4-7e520dc3a5fb
4ddd4aaf-c745-4a32-a527-84adcd2aca0c,Sonic Sanctuary,sonic-sanctuary-5992,7c9679b5-de5c-489e-a142-ff910dff6256
58aeebcf-ccde-49ed-b4c0-12d850ff2834,floflux,floflux,e3c836e2-8d54-48d7-88ad-bc0e94e4bdeb
f79c7104-6ac6-414b-8caa-ae6b11f9e8b3,Rhythm Rocket Ship,rhythm-rocket-ship-7971,e3c836e2-8d54-48d7-88ad-bc0e94e4bdeb
a0e036ce-7a28-4a81-8c5b-257e6c7150cb,Sound Studio,sound-studio-2426,0c25af7d-d6ab-4f54-b221-c6a71fa2a965
d235f287-d0de-442f-b581-56c22822cafb,The Groove Garage,the-groove-garage-4006,4ea353e1-fa11-42f9-a2fc-8422ebe8e3bd
c6ed0891-35c3-4b66-934b-be6eb6cf95ef,Barchezbetty,barchezbetty,9ae3fcb7-27e7-443e-9407-a09c1e985958
5db33f69-7e95-4cf6-a42d-5fcd699754f2,Sonic Space Station,sonic-space-station-7051,74cea63b-df3e-46c8-837d-c3b302336434
266408c7-82e4-473d-99e7-d031da594ef9,Melody Maze,melody-maze-1923,020bbd21-86cf-445a-8be0-9eadf2541ee3
de001407-a25e-4dfd-8896-14bbd34c7ddf,Sonic Subway,sonic-subway-2630,2454c4e4-dbb0-41e8-827e-5ac96047cc3e
f58a5030-01c4-4885-9fbc-a7b70a7f8822,hausenfefr,hausenfefr,5b11778a-68b6-4bbe-834a-ba58a43207aa
44e9657f-b1ae-4c8b-864e-f1a9d9111d82,Dirty Paws,dirty-paws,215a129c-9788-41ab-b447-64cd9e883044
effa2fb9-ea56-47f9-a886-e7ee40ed50d1,Sound Shack,sound-shack-2061,a70146cb-55b8-477b-bc5f-5452679750a7
775c751f-f937-4fd9-9ed0-b88fa181b83b,ÑÑÑÑÑ,-8131,0edb1ce0-e165-46b0-9109-a88634e46eaf
81d18356-5e6b-4a0b-88b0-9d0fdfc7c2f4,Rhythm Raceway,rhythm-raceway-6756,5a631698-74c5-44e5-ad17-973cb8fbaa69
6add55f8-d357-4b11-a00e-7731c53ef1de,DevsChile(); Invierno 2025,devschile-invierno-2025,7c06108d-8abb-4e30-9516-bba43fab2211
69b77048-d7c0-4a14-a194-3452fae9b530,Harmony Haven,harmony-haven-6973,696ceaa7-96a1-4a92-b59e-e67f66fe2dc2
d6304c5a-b3aa-4efe-8485-0db18796972e,The Beat Bakery,the-beat-bakery-4693,e1d609c1-d48e-4c85-8617-00edbaf55275
1db36b3b-97c5-49bf-b646-169c06c0786c,Sonic Stadium,sonic-stadium-6294,88596d23-5ad3-4737-8811-8749a0f5d44c
428a5ce0-6f6a-4c92-b65d-c023e3036d32,The Beat Beach,the-beat-beach-3162,cef24d80-bedb-4c89-ad0c-da4c655ab2fb
14cd1007-e7f1-4255-a951-c2aa122ce186,Sound Wave,sound-wave-5772,20b1a99f-17f6-4cb8-9225-426057b1d832
eb8dd1ce-8651-4169-821a-c5a658fcdd0c,Sound Showroom,sound-showroom-7021,5c7c27d3-aa28-40aa-8804-f3aef3d436e9
ea10f724-93e6-445d-aef0-70ed7d8317cb,Melody Market,melody-market-4959,5220def2-a203-428c-83d6-ece7c2b62525
2ab8baf0-58c5-4914-b573-01b789fb2c41,Flanny,flanny,d97bdbb9-62c3-41cf-8250-ef3a447926b3
31a237bb-d12d-4406-93d5-4cec05116786,Sound Station,sound-station-8672,d23cd47a-de2f-4fdb-98d6-996593e30d84
03e2c113-c262-4afd-b97b-b781977023c3,Sound Stadium,sound-stadium-1142,2163154a-5745-407a-a55f-e2231e8bf38f
83956166-2282-4806-b7d3-dbd30190390f,Beat Blaster,beat-blaster-7047,17321db0-592b-4c73-9432-c41c21a404a6
1d943369-2a12-4879-910f-58a2756ef110,Melody Mixer,melody-mixer-6820,0fc2feed-7c1a-4e71-8fb5-2caca2b24097
0f8cb0ce-c480-4e6f-be8c-831a2ae5143b,Ganso,ganso,0c7dd769-b0f1-4053-aab1-66be137911f9
7e3b0116-ebf6-4f61-9c61-95435c3a6f63,The Groove Garden,the-groove-garden-3023,8a374d6d-85c0-4d8c-9e24-5b358391ac9b
58274708-b6d8-4866-aab8-bffbd590b90c,Sound Sphere,sound-sphere-5537,2ab4a5cd-35cb-4d67-b9b6-87338f462130
691a128d-1054-4505-a5d2-a0aa0ddc8f9d,Sonic Submarine,sonic-submarine-3995,b70fbe84-1424-4efa-a32e-9650834f63a5
e3eebcbf-fc74-49a2-b146-d3600ab151f3,Rhythm Retreat,rhythm-retreat-5165,3b5698ce-e0c9-48a5-8748-65588dd568d1
2bea52c0-bd7a-44b4-b6bd-437f137c0b4f,Rei,rei,0a2b95ae-0f44-499c-911f-027f1b9eb0d5
3ee6c5e6-2908-4905-b837-b2b9525dbfeb,Sound Station,sound-station-8415,0e2f1ee8-dfc8-428c-a0f1-ee5405b0e8a5
2aacedf7-1cf0-4070-a20d-9132947483c0,The Beat Basement,the-beat-basement-7850,b53af829-b3d3-4596-b578-f28709cb42c2
99fa4668-be7b-4e8c-b47f-2ba41b6307e8,nillpopopo,nillpopopo,216d77c5-28a1-48c6-a2e0-5692816ac4dc
eebc2194-80cc-41de-8eba-35619471cdfe,nillpopopo,nillpopopo-8604,216d77c5-28a1-48c6-a2e0-5692816ac4dc
5fc333e0-878d-4c09-bb90-d4d75cb92443,Uruseeee,uruseeee,654cf4e1-ca98-4750-a0c6-fdd641eced86
94c0f9fa-a7b7-4ee9-82df-2ea6daabf59a,The Audio Amphitheater,the-audio-amphitheater-5990,9d00bc48-3561-4025-82dc-a34ae99d906e
675c3804-9902-4ac7-b22f-041636753587,Thursday Sick,thursday-sick,665adc59-fc52-4d87-9398-b13842dbe4fc
586657a9-12b1-481d-8d0a-607360d24fd0,The Audio Alley,the-audio-alley-9293,665adc59-fc52-4d87-9398-b13842dbe4fc
e7d4c7c8-7d3b-435c-9b1b-68a4489d1b7f,Kirieshka,kirieshka,c579cd1c-4fca-4035-941f-935c4ee35c09
7e3123e3-c7de-4d96-b70e-b1062a8bf9f6,Sonic Spaceship,sonic-spaceship-5215,8383e1f8-d87d-4c97-adcd-232eaa68aec3
478f27b4-8ad9-4aaa-8cac-f35a4e12a1a3,Sonic Starship,sonic-starship-8551,8383e1f8-d87d-4c97-adcd-232eaa68aec3
5c4d7606-2a66-4504-84dd-c8f6988fa31c,Melody Madness,melody-madness-7296,3cfef4b8-1fdf-4e4d-8dcf-3ca101952465
9f92597c-5ff2-49dc-b361-04a6562fdf48,Підбірка,-7082,b6181c1e-69f4-47a8-87a6-9d072e56012c
0de13c34-8beb-4ab4-b5ae-95a7aaab6a5c,The Beat Bank,the-beat-bank-4568,3af4ef36-e150-425f-92cd-019df08546a1
cf144b3f-4132-4463-a244-007187909989,The Beat Brigade,the-beat-brigade-8227,e518bbd5-df17-434a-84d9-a7e80e692d14
ed88b75d-f8ce-40c3-a2d0-899b43a5be21,Rhythm Reactor,rhythm-reactor-6849,d63dd33a-4bf5-4f53-8add-18d56804bba6
77ffcd14-bee1-4039-a3ee-d9f4ef1f1628,xe,bass-station-1001,af85bc90-3346-47ec-beeb-a462f60c4650
fd256f99-87a3-4472-9d60-e27daff6f227,xe,xe,af85bc90-3346-47ec-beeb-a462f60c4650
e724641c-ff6d-4af1-a4a8-08e05fbe512b,Sound Summit,sound-summit-6231,4c1d96e4-2dbd-4e54-8976-f1f9487069c1
48786060-d908-46e6-8460-7ce146d602c5,Rhythm Ridge,rhythm-ridge-4051,bf46d4c5-c755-4372-90bc-b4c72752747d
e09267f8-5207-4033-beb2-5d73b631db1a,Sonic Subway,sonic-subway-7209,0bde6193-4fc9-48d5-a02f-4349c8748667
bb0f1346-65d6-4601-9517-6707251575fb,Rhythm Raceway,rhythm-raceway-1985,81a5172a-5c03-4657-b963-bcc973348261
095bc42b-eca0-4605-b03b-6516e89b27cf,Test1,test1,21bf705f-a8c8-4b57-a72e-6422c061046c
b7955372-6821-4ebb-8a94-e088ef982752,The Tune Tank,the-tune-tank-5360,c05f6fd0-8d2c-4b81-b4f4-aadc25eff379
bded022a-d800-42a5-96a4-8acf9cd9c1d9,The Music Matrix,the-music-matrix-1756,316a8feb-2633-4051-86ab-20f4cb20f4c4
6f1e84fd-795f-44bf-8fb4-aed81b4d513b,Valohai,valohai,e23e1318-dacb-4b35-aff2-3f51e7840598
ddee0495-a6b4-4dcc-9f31-2f9d6eed4806,Valohai,valohai-9687,e23e1318-dacb-4b35-aff2-3f51e7840598
040c208d-a0bf-4d0f-ac0d-8060fff42fe0,Audio Adventure,audio-adventure-3741,544cde13-0855-413f-a36b-f9b3197b90f4
30e32148-b27a-4463-b811-801af99af4c3,The Audio fun,the-audio-fun,c4a078b8-1d88-4092-9b65-99b96ea2a8f1
e344e3e0-87e2-4ee2-9222-ff309b34fa15,Anjee,anjee,dd06e7d8-c973-427c-8b13-c881e4b77760
917d21dd-f50a-40fc-aa29-57373fb94074,Rhythm Raceway,rhythm-raceway-4931,8f82ec20-7e2b-45f5-91de-673dcf059e0d
b85145c1-d543-4436-bd94-bbd9ad6644dd,Avignongue tch tch tch,avignongue-tch-tch-tch,8670fb46-1c77-4660-819b-e49f90db3648
4967da46-8f5d-45e3-a149-3c86ef09d64e,Sonic Spaceship,sonic-spaceship-1301,f8ca9bdf-585f-46fb-b858-0db0c14f2a3f
14dd322a-a75c-46a6-9a46-a2a6da9a5fb4,Sound Stadium,sound-stadium-5129,c49af986-0a0b-47a7-9dc9-d68aaa6fa849
6b71e500-b569-45f1-adf2-6b7ea83ec188,TUNES 𝑨𝑮𝑨𝑰𝑵𝑺𝑻 𝑵𝑨𝑻𝑶 🎭🚫🌎,tunes,1d2db525-3684-4ed6-8798-1bca73201183
e2f7852c-2b36-413e-bed9-294d98360e2f,LeninAlé,leninal,bc386361-4091-4f87-9d29-1669304005fd
fa07b2bf-9806-4455-8693-0bc5942109f3,LeninAlé,leninal-6437,bc386361-4091-4f87-9d29-1669304005fd
89a611b2-bb29-444d-8e5d-369a54c784e6,MTAZ,mtaz,9363b577-2429-4aef-b20b-7c6183ce6e0c
7fc03747-b773-4280-9ca2-628251f2dec6,CarSongs,carsongs,1d70e799-95fe-4e8d-a58e-b25c3d5dbb77
dba958b7-44bb-4835-adc1-153c2e639cd3,The Groove Garden,the-groove-garden-9722,d6e9ba0e-d3cb-4cb1-b9ec-a710804823e6
f654e4b7-b3cd-4b0b-a092-91cd72216d99,digital gunfire,digital-gunfire,80982c48-c896-46c9-901d-0a176e1fbb39
ea898a6c-d1eb-44ab-b938-784c098c896c,Italiani Boom,italiani-boom,4c5bb39d-664f-4e3b-ad81-eadd5f8dd07b
fb0f1757-4e8e-447c-8f7a-f9c374d5e8d7,ibai,ibai,06a893af-85fd-4ea5-aabc-d6bf176cc6fd
9abfd1ee-3d88-4e02-b12f-7e421932c131,Beat Bazaar,beat-bazaar-3832,413e5e0b-1e72-47d4-bd6e-a66cc25a5a08
d9410f02-b499-4913-9dc1-f52cccdebbf5,Adinador,adinador,a437f9df-0afd-4e5e-b806-bac265dd2ef0
86d040b7-7ddb-4eba-836f-6e8e79d86407,Melody Machine,melody-machine-4565,745f3f45-a973-4876-8764-7943e911bc65
dfe67bcc-98eb-42d3-acf8-759566c6479d,The Rhythm Realm,the-rhythm-realm-6786,e97a4748-2655-41f4-a4b0-7cfe0fb6f464
be51bfe3-1c46-46ff-8179-ce814caa53df,Klingon Klaxon,klingon-klaxon,5baa9c7d-720f-45e8-a8bc-e1a00c18f8b1
0c57316e-bfbf-48b1-a172-cad32d842102,The Beat Basement,the-beat-basement-8529,ec2c4844-f5ad-45c3-9096-82cf95257790
17163b1d-29ef-408b-be1e-503ad9cc07b4,The Beat Barn,the-beat-barn-7770,92644734-efb3-4c34-967b-0dfb5fbe1f00
51f9479f-1ccb-4ea3-9a53-1bf586e33bda,Sound Seaport,sound-seaport-5681,ec2c4844-f5ad-45c3-9096-82cf95257790
f42db4e4-94b3-404e-974a-f01e3bef6fcc,hello_worldy,hello-worldy,36d5407a-2c1e-4416-abc7-75e13ec2894a
9518f6b8-e440-4cab-8b69-05441e3bd2ea,Sound Showroom,sound-showroom-8028,ec2c4844-f5ad-45c3-9096-82cf95257790
4668d1e5-76cd-47a1-90d1-830114271031,Rhythm Rocket Ship,rhythm-rocket-ship-4285,e890b693-3f6d-461a-a9ec-158deed84f52
cdef7bb7-b9fa-4fd2-ac31-0ced5ac494bc,The Beat Boardwalk,the-beat-boardwalk-5367,0d1c4a44-454c-4dc5-8abd-f34d54ef3943
33205350-55bc-4e08-8f8f-768859d6819b,Sonic Submarine,sonic-submarine-4991,9a6738fe-d8df-4224-8e72-7828360ca29b
2643d6bb-ef73-4344-abbd-5e0b58145d62,Rhythm Resort,rhythm-resort-3483,b51eaa0c-5d91-4df3-93ad-89ba55a7b5d9
4e2d2f6c-dfb7-47db-8e56-e8c7f720019b,The Rhythm Realm,the-rhythm-realm-1272,6a6a7de2-3386-4592-a637-5d6da124a954
502fe7c6-d732-415c-a09a-8ab83ad0f406,Tune Tornado,tune-tornado-7563,2c004598-22a1-467c-ac20-b4d4e9f914e2
50a4fb42-6f9e-49c3-a0a7-1651f20f5d69,The Mix Master,the-mix-master-5059,131c08da-a88d-4674-b8ca-3347d560d984
d25ec4a0-829d-4994-9df3-2d2b472ec1c2,Pranav Arya,pranav-arya,3742da4b-56da-415a-9b5a-14b85ccf21c9
888ec9dd-c621-46bf-89a5-99c1878d0edd,Bassface,bassface,b90b590c-ab36-441e-828e-d5c4caab4586
25fde944-c137-4853-b6de-db6f7ef1d2c7,The Audio Alley,the-audio-alley-7262,4485fa1f-998d-4b81-b349-1c0adfbbba6b
13bdff1b-5f2a-45b6-a6f7-fe633afa7fda,Rhythm Rapids,rhythm-rapids-2186,9ae3fcb7-27e7-443e-9407-a09c1e985958
73b80f15-c1d8-4468-9ad6-1c2547351975,Frequency Fighter,frequency-fighter-7222,c28b96ee-5df7-4970-8f33-de1251ca0e54
6543539f-545d-43e6-a592-4080f788b9d2,The Beat Barn,the-beat-barn-5305,07ddedf7-802e-4500-8bf0-a2dc97639510
df223c1c-2bf4-401f-9241-7231c70a1170,Stevie Wonder,stevie-wonder,9dc8728f-1462-435a-8ba2-384d556bf2f2
feed8a78-b05e-4e1e-9a33-63dc3ce24400,Melody Madness,melody-madness-5768,991f9fb2-0126-48e6-bc23-26862c410b89
ee2f8fde-8023-47be-8e52-80330ecc0b6d,CasaBG,casabg,d2aaca6b-8faa-4c04-9774-fafb3fefcd55
bbf1c4da-3670-4bf4-9291-4e820335df6e,Pop Punk Parade,pop-punk-parade,75087a45-bd15-4fa2-af6a-a970862d3ede
3808fe71-b1e4-4e52-bb1f-20da5755b227,Sonic Stadium,sonic-stadium-8290,fd2a6432-a42c-4788-a683-1d13d5703ffb
1dba789e-a9f7-42f2-9fe5-dc19b81bc990,Melody Machine,melody-machine-8380,665adc59-fc52-4d87-9398-b13842dbe4fc
5e148822-eb11-4a26-8966-1fad01144cfa,igual que en los libros,igual-que-en-los-libros,edf86b50-4cd8-40d1-b80c-5d6d41e0754a
bba2dd48-9ef7-44f9-8a86-2743cd12b950,Aux Cable,aux-cable,9d96f80c-28d5-447c-91f8-3c3b2fc920b9
1360acd7-cf99-4bd6-8850-1813a53040e4,best of fionn regan,best-of-fionn-regan,68d33663-4ab6-4686-a84c-715773e32a12
390f60cc-a563-4080-95b2-74080fd0b81d,The Beat Bank,the-beat-bank-2603,ccda78c0-3015-4505-9fad-edbcc9ac3b51
40103a8d-3747-49c1-b4de-d842c98af9d4,RecomendToThejeshGN,recomendtothejeshgn,6e4807d1-a9ef-40a5-a47c-acccaf95ff61
858706ac-8ea6-4df2-955e-38a56c35d341,Rhythm Rocket Ship,rhythm-rocket-ship-8057,d7fdcabe-18bf-426f-a86f-4bf382f8ac3f
59403a4d-6649-4bbc-b4cf-bc0bbc5641f5,The Beat Brigade,the-beat-brigade-1055,883a4bf5-3903-4af5-9260-08652588fe94
5affd462-4f62-4146-87a7-4c7588cec40d,Ederto87,ederto87,1612cd63-45dc-4337-b767-56fee5e1d4e1
0e98e032-dff0-4cce-8ba1-fc809e0f5acf,ederto87,ederto87-4653,1612cd63-45dc-4337-b767-56fee5e1d4e1
9b56787c-a8f6-41f2-af7a-2457b01d60ae,Bass Station,bass-station-6918,85964e74-4ca7-4b30-bdb8-4d8d896ba6df
d1475bad-2baf-4851-af94-90ecefe40ef8,The Beat Brigade,the-beat-brigade-6544,e7e5810a-c021-48ac-aa8d-1f33c4752f08
81dd5c64-ef60-4a13-a820-8d6f7624bf62,Sonic Satellite,sonic-satellite-7096,a45a69da-b830-46db-9d97-793af61c79f6
a420dff6-3501-4b7d-8d73-210490e7f9e3,The Tanya's Tune Tank,the-tune-tank-9540,36b3d948-9643-491d-82e7-1840c0a0f1d7
210090a7-ab8c-443c-89e7-1085573f5d4e,Rhythm Raceway,rhythm-raceway-3608,bda2ec56-f8bc-4091-8f01-0b7fcd42db7b
f73f81a7-51d9-4477-bbe8-68c795d465f7,LABBERDOEDAS,labberdoedas,654e0bab-ea38-4227-ad8e-310e1e7e7355
7458978f-c05f-4e8a-ada4-40195d64c012,Beat Bazaar,beat-bazaar-6913,440862eb-4f69-4420-a64b-7ed357b9b715
89e25d77-d31d-4dc0-b8f3-7442c62be0fb,Melody Manor,melody-manor-6815,a5f7b215-c8b1-41a8-a15f-b8d4f69605fb
57e33d7c-bd96-417a-9896-3f3b7fba5c3e,Valohai,valohai-3753,93f9b382-f674-48b5-a154-679c6a4d9bcd
00dc6b87-fd59-461e-8beb-866740a29d0f,Trial,trial,e23e1318-dacb-4b35-aff2-3f51e7840598
498bd0e0-917e-44e7-972e-eb953958c695,Valohai,valohai-1296,93f9b382-f674-48b5-a154-679c6a4d9bcd
80976b38-4ced-4080-b709-f0ccf1171144,Sound Shack,sound-shack-8030,87ea27df-b4f5-42f4-a272-8c666b441e4b
7b7a3f52-c8d7-43b8-bb5f-689b84b65ec9,Valohai,valohai-7844,93f9b382-f674-48b5-a154-679c6a4d9bcd
5cb60583-e4d5-42b6-8af8-a32ba15cb334,Sonic Sidewalk,sonic-sidewalk-6556,87fb45a8-7004-40fe-acae-35cadacf8e91
483e2bc4-255c-419d-9562-206f678c9175,The Sonic Sphere,the-sonic-sphere-6926,dbbeb75a-550c-4c00-ab28-7ae2e459847f
c8e4fac4-9051-4165-b1eb-1cfc7e64c183,Harmony ,harmony,4b665581-e3cb-449d-b04c-f83a085037ac
276e10af-dac6-468d-9136-c3d2f3d263db,Karin muzikaal,karin-muzikaal,4b665581-e3cb-449d-b04c-f83a085037ac
c4125468-6b14-41a6-85e5-c9a577e2d23b,karin muzikaal,karin-muzikaal-1030,4b665581-e3cb-449d-b04c-f83a085037ac
28666d50-9aca-4c39-8c25-9c902d4ff42e,karin muzikaal,karin-muzikaal-8525,4b665581-e3cb-449d-b04c-f83a085037ac
d9c8df61-2137-4679-9178-3ecef73eb5b7,Sonic Stadium,sonic-stadium-1628,18f628fe-1468-4936-a209-54b6c5d1b923
b5b0ed8b-3ebb-4d73-baee-14a9a9d6c5eb,Jamie,the-beat-bistro-7439,71e9dce9-3f40-4dcd-93ee-952a3b0737c7
7bd297cb-e0c9-49ac-91f2-5305a668a1a4,Tune Tornado,tune-tornado-1658,b3951647-a4c3-4573-8060-fa55883022c0
caf32ec0-7042-4250-b39d-299e9289e9b5,Rhythm River,rhythm-river-5377,b8f2f942-5de9-487a-9cdf-299a5625ab9d
6bba3970-f853-4734-a1a0-19d43bc1484e,Rhythm Revolution,rhythm-revolution-6401,ad7313ed-c796-4da5-b6b5-0a3484afa66d
504620f0-1b01-44a8-a992-341e0f5072a8,Melody Marina,melody-marina-9630,6ef6bc11-25bb-442d-a309-72e83f13bb55
91815666-680d-48df-ae65-240ccbe25b13,HL_Chopin,hl-chopin,1d214296-18e6-4524-8964-0ee168a27328
073f4129-2105-4dd6-8810-7106c2d99643,Ccrrrzzzzzzzz,ccrrrzzzzzzzz,730a66f2-c9b0-416b-8097-2b6473374c72
074dda37-4c43-49b1-bf7a-cd63ff4ea583,FJAYALEX,fjayalex,023fb864-892d-4d8e-9271-450d10e79332
e5bcfd0a-47b7-43aa-9e0b-f6c6c00be8af,FJAYALEX,fjayalex-1509,023fb864-892d-4d8e-9271-450d10e79332
c4b65672-9734-44d2-8132-df49d06b6179,FJAYALEX,fjayalex-1997,023fb864-892d-4d8e-9271-450d10e79332
84c7c47d-20d5-4b5e-a68b-8bc3df6a6617,Sonic Space Station,sonic-space-station-8394,4df6626d-55cf-4eb5-811b-13fd79a42e11
54bec708-1c91-48d9-8923-27712c75ac04,The Sound Sanctuary,the-sound-sanctuary-1239,3b3fa6d7-783d-417c-b03b-0e66fab21ba0
63a5e921-06d1-4c57-a448-ae35b27c9aac,Chezbetty,chezbetty,020bbd21-86cf-445a-8be0-9eadf2541ee3
0a1b214d-6d43-4ed1-8fac-b1cfebae6ec6,Melody Machine,melody-machine-1452,44b3998f-bbb9-4e28-97ae-56046ca7d19b
ef538f1b-b6ba-4d6b-8c94-b14dccb9291a,The Sound Sanctuary,the-sound-sanctuary-4582,19ed2af1-1259-4af6-a96a-e97b08b1179f
a3789ffa-c4f1-4a05-a021-8650ae8f6389,Melody Museum,melody-museum-2304,022debfa-5213-4e36-be22-6bb73d958ae6
d7658863-9e8d-43a7-94b4-240f8d6f013a,Sound Saloon,sound-saloon-4976,c5d0998d-4041-4bef-8ab0-70a820bb141c
731f8207-d764-419e-89c9-58f30fca78a6,oxitocina,oxitocina,27a521a8-62e8-46d3-b780-8419ddfdefca
35fe55b0-e081-4876-bee4-7363d2fc2209,The Beat Factory,the-beat-factory-4107,ea414d58-8aff-49ca-91a3-b25a2250ec88
7af9428e-c4fb-4306-ae9a-2f37ffa4831c,Jukebox,frequency-fighter-3302,3469a439-8ecf-45fa-9a87-ce4f0a2501d2
e0a4eba1-49bc-499a-9543-85528288f957,Melody Mountain,melody-mountain-9444,3469a439-8ecf-45fa-9a87-ce4f0a2501d2
5115aac2-b26d-45da-9047-09d02c19a975,Test,test-2139,7c2b3dca-b911-4007-be52-7b44c4ab8747
4384ae24-ba1b-4f1e-ac5d-4a0aefaa1aa3,Rhythm River,rhythm-river-9334,3ca980e3-6b47-458f-898c-a059632063ed
84c9f6eb-530c-43a1-87a4-fb5521d70575,Harmony Hub,harmony-hub-3693,c246bde4-7575-4761-85c2-3d5ee8824c0a
a6fbd76e-3484-45de-93af-47cd7feb7740,Strange Stone,strange-stone,bed27517-134e-43e5-b673-39e7d8d3f478
dd312858-efcb-473d-800b-fbdea7b021a8,The Groove Grotto,the-groove-grotto-1790,9190f02f-30b5-4123-acf1-f7962fd6882b
94cc04ae-a0ad-4720-9a7a-17e477613cec,The Beat Bistro,the-beat-bistro-8112,485b6419-93cb-40e6-9a98-80aa4057699c
4a280c7e-287c-448b-bb49-a1041f00c0fa,The Beat Boardwalk,the-beat-boardwalk-1590,9020ca9b-cb7f-41dc-abb0-b8a39440d760
e240a8b0-f47d-4a72-9feb-edf865f37da1,Beat Bazaar,beat-bazaar-3222,9e1dcc5a-3baa-4af8-a1bf-2fea260d4733
5412bdcc-1f0e-47fb-bbbc-94bfb7d86194,A R I Z O N A,a-r-i-z-o-n-a,a2cb1853-2c2f-4a55-8df6-da008a718ad2
ead836d0-7a69-4f98-9ed6-67eeca93be8a,The Audio Airport,the-audio-airport-7745,b643b63d-9f7a-4bd9-b8ae-eeca553ed3ec
b642dcd7-eea5-47d9-bf5a-6a9b5f6dccb0,The Groove Galaxy,the-groove-galaxy-5059,70dbec2b-227b-4d87-8cde-c70ffa4bd532
39bc9f1a-5b88-4dd2-8154-a3e80aa0e3d2,Sonic Spaceship,sonic-spaceship-1825,58fd33f2-91b3-4ea6-b893-0db673594918
a96c9b54-63a1-4a76-9c8d-edada2e879f0,The Music Matrix,the-music-matrix-5269,438206e0-b66f-4d9c-bc79-f2743d352403
1f4e172b-d55a-496a-9ea2-f0a962b90e4b,Sonic Subway,sonic-subway-8702,32259c8c-2c1f-4a67-a60b-53031f13185f
0953b909-c67c-4479-8737-328cf7257f2b,Photek T'aenon,photek-t-aenon,e7a97470-cb17-44b3-92cb-bd39435d392a
adc442e3-7aad-4a4a-9623-b21b4567fb4b,Melody Metropolis,melody-metropolis-6910,64d381a2-5330-4371-a236-a462358fea4f
0746347a-31d5-4d66-84e6-e82de7971596,The Audio Amphitheater,the-audio-amphitheater-3575,c7177644-a33a-4ed7-9567-983d45a087e2
6627396f-707e-4a0e-afff-ed6acc239b04,Melody Maze,melody-maze-6687,8b394abd-ebc4-4148-a7c7-1b1dcefecd3c
8a5a00c7-b3eb-4acd-a51f-58c0ab341b8e,The Audio Amphitheater,the-audio-amphitheater-8598,11da275e-0a6d-4531-a751-eda385ebefd7
12f89e64-ea6f-4752-8265-1d9b3793087a,The Beat Bridge,the-beat-bridge-2813,64498624-e623-43e3-8645-87e4bbbf2d2b
6317f279-9995-4479-8d59-4f8fae10fd64,The Beat Barn,the-beat-barn-3293,110df424-b440-4551-8ef5-7373009ee1dd
9ae0edcd-e4c6-4643-8406-bc10c1a19324,The Audio Amphitheater,the-audio-amphitheater-1489,74339855-5ddd-4a21-858d-0d5faace0fdb
01be6eda-fa86-43a1-bbd4-833a8829b568,Melody Metropolis,melody-metropolis-2381,8264625f-35c8-4fbf-b173-612b4c9a8e3c
df7a9dda-0d6a-4819-9d32-dd2daab3489d,The Audio Alley,the-audio-alley-1635,d8150fce-db4e-44c7-b4c8-b219404ce75e
2516dd5e-8065-4760-bfd1-a8b7992ff5e0,The Beat Beach,the-beat-beach-9444,3db03ac4-0331-485a-9e26-a2b0bef04db3
105d1bcb-d0ee-4d48-b3a7-4c07d0a6806d,High Cards Radio,high-cards-radio,5d780d65-0d29-4804-bd2d-ab5bdf544263
b798158b-fb0e-492e-a848-c4ff480c30ba,Rhythm Retreat,rhythm-retreat-7053,87fb45a8-7004-40fe-acae-35cadacf8e91
24aea13e-b878-4d33-ba06-ecf7d3cd20df,The bird box,the-bird-box,4d1b5d00-365b-47aa-a5e4-a3ac70c28560
b1ef2fa1-c2f7-40bc-965b-0f3fc91d2c04,Alexs Jukebox,alexs-jukebox,845ce2e1-53a6-40a0-81f9-b08829d36259
90375a16-5ba9-48c9-8126-b83333a22c93,Sound Saloon,sound-saloon-7161,845ce2e1-53a6-40a0-81f9-b08829d36259
8a67ff7e-b4ed-4707-9f87-e2f80c20c6fb,Sound Wave,sound-wave-8228,845ce2e1-53a6-40a0-81f9-b08829d36259
416e7446-d53f-446b-bb39-c85de73aa091,SoundStation,soundstation,e6efd740-b3e5-4b00-bc62-4f336ba3acea
6c177c07-bfee-45cf-b04f-920e577a4ad5,Sound Showroom,sound-showroom-6360,e6efd740-b3e5-4b00-bc62-4f336ba3acea
bb622541-46fe-4986-9604-01285c5ecbd7,TheBeatBot,thebeatbot,c8c56fa7-87b9-46d0-a8af-27ccbd89a99c
e308cd0e-91d1-48a6-ac14-f80a43ebaeb0,The Audio Amphitheater,the-audio-amphitheater-1216,ab2fb3a1-7a16-433c-86fa-0f37438c234f
c2d6172a-ee5b-4548-8de0-434529418bd0,Sonic Space Station,sonic-space-station-4068,e512312a-ed76-44a7-b424-d93e2ec5e4cf
759bbb38-f273-403b-bf74-dd5ab0622927,Frequency Fighter,frequency-fighter-5019,e7a97470-cb17-44b3-92cb-bd39435d392a
736fe781-1116-4dd8-a550-42242756be6a,Melody Mill,melody-mill-7431,b9179a49-e60e-41e2-86f7-f55e9dd29af1
3a48aab8-d5c0-4878-8979-13e742a5dd44,Nanne's favo,nanne-s-favo,20a723b0-60cc-4469-a9b7-18e4cff70cf2
0a35caf7-d1f4-40ba-82e6-c1a7e4a75e6a,Rhythm Ridge,rhythm-ridge-6428,16ca37d3-3f7e-4510-a291-61f75d09fbdd
94497515-799d-4738-ad72-e741dc7eb954,Sound Shack,sound-shack-9211,c752268e-c00d-4880-bf66-06854f555ea7
7648b87d-bf2e-4caa-97a6-b94a2ae64b41,Sound Studio,sound-studio-6293,c752268e-c00d-4880-bf66-06854f555ea7
595191ee-7da2-467a-881a-ac15aaa9ba56,penelopito y compañía ,penelopito-y-compa-a,c9b1f4e4-3206-4dea-8dd9-a1f2eb2ce334
21a47ea7-b93c-4b6e-8746-1921bfc6463e,Melody Meadow,melody-meadow-8701,5d5f2262-67a0-4c6f-860d-3d9cfe3310ec
e5973b41-b225-449f-a404-e6538fa7a5ce,Sonic Spaceship,sonic-spaceship-7150,145b70aa-b8bb-436d-834c-3a47b8fb55af
dfda812c-51c2-496d-bf01-bdc6bd22a020,Rhythm Railroad,rhythm-railroad-2983,151d8446-22e6-458f-a466-e8cb51df8ed3
285d8175-c4e0-41f6-8528-31500183a77e,The Beat Boutique,the-beat-boutique-1077,a948ee67-b96e-409c-bc81-76c607bac399
728c10bf-9669-4695-8c54-b44000629928,The Audio Academy,the-audio-academy-6224,13a60a25-f6a3-4d9a-84cb-5c244c9f1513
aa4c8b2d-d304-49ff-8b5b-dcbc23257ae4,jacj,jacj,0ae651a4-e04f-4d3c-8a9f-0a110e7470a3
c4a9f100-9555-4f7b-9e81-450ca0066f93,The Beat Box,the-beat-box-5851,55bfd463-4839-437a-9cd2-0c72ffc8762e
40ca3bbe-e23e-43a9-8391-9877407f6bb7,elfwwradio,elfwwradio,657625ee-8d93-4951-98b5-966a2c7fbe87
91448929-9990-4017-a69c-93ea44cd1f0c,Sound Superstore,sound-superstore-1242,8af7d806-9e86-4e0a-9376-c5895bb4620b
0b9f5c2a-0064-44ac-a9fd-7874c7e90d1c,elfwwradio,elfwwradio-7309,657625ee-8d93-4951-98b5-966a2c7fbe87
6f501aa6-6592-47e6-9f60-54921929a999,elfwwradio,elfwwradio-7147,657625ee-8d93-4951-98b5-966a2c7fbe87
e86d8bed-e140-474d-aad4-d668b6a70ae1,Sonic Subway,sonic-subway-2934,0a671ad4-3b64-48d3-b643-66b7e59e61d1
46d22a04-814d-4b5a-ace8-3f3c112a2215,Sonic Symphony,sonic-symphony-1622,5d207b00-fca3-4b6d-acde-b3630a5884ff
2964b6c2-04f4-4898-b8df-9346d45c9a9c,test,test-5398,cc95f45d-06b0-4741-9f42-e0cebc25a17e
818f88ff-0c34-4440-87ed-be5c0826065f,The Sonic Sphere,the-sonic-sphere-9529,ba832e02-a585-4802-908f-b6bc0dcea098
7356f14b-429d-47d8-9ec1-10c47e818a64,The Tune Tank,the-tune-tank-5236,ba832e02-a585-4802-908f-b6bc0dcea098
d019eec3-4a45-4df7-aba2-ccc6d682dda4,Sonic Street,sonic-street-3769,4f5b901b-16e9-4201-87ef-c2823a3952d2
e10a657c-06c8-44b4-9902-105c2f53a466,Melody Maze,melody-maze-5498,97a857bf-0083-4e5e-a84d-a8fbfe402ab2
d47919fe-4991-409e-a479-fd593c0e4ff2,ritik's party,ritik-s-party,f6f23da5-f288-41d7-bb81-7f0a38c67b9d
e29e32b4-7109-42f9-a76c-3c863d56af04,Tedt,tedt,871da25e-40b8-4e76-8f01-f871b9293ace
d24d413c-2122-420e-80ce-7a7f6be80b3f,Chezbettu,chezbettu,9ae3fcb7-27e7-443e-9407-a09c1e985958
63465170-a635-44a8-b54e-4a6f0ae8ee39,Chezbetty,chezbetty-7726,9ae3fcb7-27e7-443e-9407-a09c1e985958
618a94b9-1596-47f3-bf1d-8a38fdb66be9,Sonic Spaceship,sonic-spaceship-5968,37b6053e-3b6b-4de2-b188-ac372a7967af
29a39985-7c8b-4826-a200-f0fa2880c754,Rhythm Reactor,rhythm-reactor-3738,7f9411a6-0a3b-4b87-9a80-dfd463ec3582
27c40a88-1c00-4703-9246-b3292d70e253,Rhythm Rocket,rhythm-rocket-5306,e252af27-ed10-4fb3-a78f-ad7cdc40f32d
50a87a6f-0be5-4683-8e0a-50445ca3208f,Sound Storm,sound-storm-6477,daba18bd-18d2-4582-9c06-962a6987603f
30d766af-6968-48bc-938e-33b616964f6e,Sonic Speedway,sonic-speedway-2132,07bee76f-5dfc-4b17-a5c9-c98d48e7ca2b
534d9da5-a94e-4e3f-b2ee-de27435c78b2,The Mix Master,the-mix-master-8191,d81eb781-dc9b-4e5a-abed-49a4fb059534
5e1b32fb-78e1-4fed-ac36-00cd50a44190,asaru,asaru,f7aebd48-020b-4bf3-9bf1-f5869b5f1a6e
e484c2d8-5a7f-4bc5-8c3d-7862b0a36e5b,Melody Meadow,melody-meadow-7899,e3ef932f-4a90-43ec-bdbf-2946923b0fee
80027a95-fb08-44cc-b9b2-d54e8ef14e87,tidecooking,tidecooking,8e48a752-6abc-4d06-9f7a-eca4f6cac331
9fd3f08d-eb46-4e9b-b175-3c32b632dd84,Sound Sphere,sound-sphere-5886,4f2a1b61-0ab8-40d7-9145-1cccfc684429
7fb89d93-54ad-4ad3-88c7-44e762041fd8,Rhythm Rapids,rhythm-rapids-3612,eb286764-2dc8-4771-9c44-28baeb793dd6
a8b3cb68-b49e-4996-8629-e3ff3979270a,The Dollhouse,the-dollhouse,dbebb59d-d763-4a57-990b-5291a9effc4a
99dacf7a-a018-455b-b788-2b82a15b3ef5,The Groove Galaxy,the-groove-galaxy-5963,01fc1111-e001-4a1e-a04b-4f8c106fb7b0
9e53ccd4-9324-4ed7-88da-3b73c0701912,Le char a Oli,le-char-a-oli,43fe014c-bde4-4e80-abf1-8ff3b65294c0
6d3d304a-a83c-460c-8e85-994324ef0709,Melody Mountain,melody-mountain-6693,e884c596-b492-4387-b1f2-ff4d3f1547c7
407506fd-75e0-4c19-b6de-02c41ca725aa,cocco,cocco,cd810f54-21ee-4703-831e-15073398582e
a2ca448f-9f71-4ced-90e6-813d655dd9c8,Sound Station,sound-station-8284,972b52c9-ba0e-43e6-b54f-8f661e8639f1
686cff06-0681-4b3f-bf55-3651b8e39036,Sound Spectrum,sound-spectrum-2933,fe9c7f5d-5c41-4d9c-af13-9e82c4cc270d
3c48b342-4b50-4f74-bcbe-ecfb0954b6cc,JucaEudes,the-beat-bakery-3059,fe9c7f5d-5c41-4d9c-af13-9e82c4cc270d
97a2f6e6-6e58-4ebf-a3dc-1b2bfbf4a128,The Sound Sanctuary,the-sound-sanctuary-3257,f9db16bc-53b1-4d67-8b66-a724d02fa3dc
8e249a98-3834-44f4-8719-07b9507f1068,The Beat Boardwalk,the-beat-boardwalk-6640,6870253b-a4ea-413f-a342-e6b40a5f996f
80e2deff-0740-4f9c-ba94-bd1b4693f9bf,The Audio Attic,the-audio-attic-1808,da42ee14-cce6-4667-b6c1-9892c29770d1
391516cf-c683-4144-a599-2f63da68c713,Deneme,deneme-9909,ba3eaeae-5c37-4f9f-9e59-e0443e3880fd
9e7b9b3a-19e0-4897-920a-6d2aa8f89dfc,Rhythm Refinery,rhythm-refinery-5669,2e644e0b-e18c-43c1-a2c6-0870602f6915
cba0d57f-ff21-4771-a408-24a1db6def57,Sound Superstore,sound-superstore-5258,e92941dc-6f13-41de-b959-7d427686b4e2
950dd794-75e4-4613-9ae4-bdf69bf6b856,Sonic Spaceship,sonic-spaceship-3850,fc713923-3b22-4c28-91be-6c357877e98a
6cc4b873-f57f-480f-ad76-ab27fe5722d6,The Beat Barn,the-beat-barn-8509,7671bdeb-3abb-47e5-a48f-639cbd60bc17
e542e422-9d52-487c-9918-65593123758a,Melody Market,melody-market-6273,3da940af-ecaa-4488-8e69-e5163d97672c
a9a5758e-b421-4635-b74c-c9acf54210da,Melody Mansion,melody-mansion-7562,a948ee67-b96e-409c-bc81-76c607bac399
94639ee5-b6b6-4c18-8259-35f827d6812b,Melody Manor,melody-manor-9710,32259c8c-2c1f-4a67-a60b-53031f13185f
b63b10ee-5525-45ed-a6af-bf4cc175d553,Sound Summit,sound-summit-1444,6bf3fcfe-e4d7-42d2-b386-3ce48b285eb2
8847d6b6-af1c-4d81-9a0a-60856aa43531,Melody Mine,melody-mine-7066,57bc3b17-3958-4be3-a3c9-f382fa19795b
297a4a87-4468-4c29-bf04-f9c4f648acf5,Sound Summit,sound-summit-6275,6302d5e7-6a98-44b9-8563-f11d1e91de61
27a723d8-a47f-4e8d-b695-65b65f70b116,Soni,sonic-subway-2012,6302d5e7-6a98-44b9-8563-f11d1e91de61
0ef9b873-ac3b-4cb9-ac95-c2df8904cb38,NECOjuke,necojuke,09f00fac-5d9c-435e-8032-dbc0292e1f2f
8bf362f6-119a-4496-bb5c-9aed55a52feb,BKJukebox,bkjukebox,721255c8-66b9-4f25-89af-2a3343016001
5040e748-4ce6-4df5-9962-6bd5ee59a60c,Sonic Starship,sonic-starship-7316,40409b8d-3da4-4445-ae56-89423f4be440
8fbb8a0a-21ba-495e-8415-41da34cc77c6,Sonic Boom,sonic-boom-7777,7527495e-9f1c-412d-b2c2-4e6418c4511a
802e757d-cad9-4997-8a43-b49e6a329d06,The Groove Garage,the-groove-garage-6548,0d31ec74-de3e-469e-8387-06c1ef17824d
618b1d69-2154-4d3b-8052-2084d5d1d511,Sound Storm,sound-storm-7938,2341c5ac-3aa0-44a8-b760-2c88c4c673d4
737b8116-0940-4526-af1b-b0c79cbbb8b5,Stationvagon,stationvagon,27ff3a39-feda-43ac-89ef-ecf1348359ca
47ef41cc-aeb0-462b-a7ad-d74c859e7eaf,The Audio Arena,the-audio-arena-8073,95b5b91a-debc-4bdb-9a54-bdcfb35ec369
aa5e31be-e899-43b5-9e48-09f58e56c6b1,Melody Mine,melody-mine-2436,dced382a-98ea-4e75-b522-074a1a24e40e
614370aa-efcd-456a-950d-e8a3e992c7ed,Beat Blaster,beat-blaster-8492,563badab-70dd-4835-aa2d-96271c6927e1
19d226c6-36f3-4b6b-8a94-681ee47686bf,Sonic Sidewalk,sonic-sidewalk-2482,df1a0f70-1fe1-45ff-b843-14d2e400c5ca
239e65d5-f5e6-4d84-9a4a-dd4b4ba46ba5,Rhythm Rocket,rhythm-rocket-1224,349b12bc-f46d-4868-8736-80b249934940
c8c380ac-bc51-49b8-a6c2-329d314b9e08,The Audio Amphitheater,the-audio-amphitheater-9141,c2e5ff0a-820c-432d-982e-dce3e06bfc82
836f89b2-70d3-42b4-96fc-669556a699d0,Wee Dan Feed,wee-dan-feed,79652f42-c0ef-4e01-87a7-22100daaa1ce
bd8646f7-4afc-41e1-a7e9-934725261b64,Beat Blaster,beat-blaster-4526,27ff3a39-feda-43ac-89ef-ecf1348359ca
04061232-400c-44f1-abef-535b62f1ca40,Melody Maze,melody-maze-1617,885692b0-3e18-4ec8-9382-84508875e1ee
a1874080-4b88-4275-9b64-e78e642b2881,The Groove Grotto,the-groove-grotto-8258,c64451c9-05e7-4917-83d2-27843a39bc03
3bfd04e4-818d-412f-b7a6-d5bddf9394e5,Sonic Space Station,sonic-space-station-3999,3d8038ee-cb12-4762-9bf7-e1af45cd8f3c
aaa2b40f-c176-4d88-9d06-31a1a877385c,Rhythm Revolution,rhythm-revolution-3824,f1ce071d-78d1-4bd9-bb31-96647f4f5c19
496b4e03-b712-466b-a9e9-9d61e1821915,To my beautiful wife Greed FMA 💕,to-my-beautiful-wife-greed-fma,2a5278ca-eb2a-4b4a-95bf-265b44d6d658
cb64c617-96e3-49c2-ae9d-9a554928e645,The Audio Arcade,the-audio-arcade-8005,0cdabd61-a3c5-4671-bbbc-cace024a3f86
c64336ce-eeab-4e4c-b232-81873420a840,Sound Wave,sound-wave-1623,d5f032e9-ffdd-41fc-a15b-4a231c7244fa
4b315fb0-ace2-41da-827b-83b9a2c519ff,Rhythm Railroad,rhythm-railroad-9807,b4ef7e57-58c1-4e6a-b888-42f3951a2d3e
26bee424-8dae-4545-80fd-ae5947957825,Melody Mixer,melody-mixer-8050,d5f032e9-ffdd-41fc-a15b-4a231c7244fa
26109d42-d8e4-4dc6-af20-40ca89289350,Harmony Haven,harmony-haven-3347,347dc9cf-60d3-47c8-8694-dd5da85f8ed3
3dd90fbb-9e91-47e6-9003-41528781b60f,Sound Studio,sound-studio-5425,afe6e3d8-15e4-4e07-94b2-c02e78041bf9
a087c44b-3eec-42e6-921a-f60c95152ac4,Rhythm Reactor,rhythm-reactor-1433,6b90b9f1-6373-4b55-a57a-d39881ded2b4
