id,youtube_id,status,retry_count,error_message,created_at,updated_at
4ac58ac7-ceb9-42d6-8217-d15f278c9323,rVeMiVU77wo,completed,2,,2025-06-29T13:04:50.129Z,2025-06-29T13:05:26.179Z
67aa93f1-8989-4f32-867c-6574e8a7d517,S3fTw_D3l10,completed,0,,2025-06-29T13:05:11.196Z,2025-07-04T12:22:55.446Z
8ada5e06-73c0-4f6f-b9fd-d9fbbfc2b517,Qg6BwvDcANg,completed,0,,2025-06-29T13:06:57.334Z,2025-07-04T12:27:00.768Z
1391dc87-4fc8-4661-9f14-a8093cf75aa4,dCCXq9QB-dQ,completed,5,,2025-06-29T13:09:50.793Z,2025-06-29T13:12:25.840Z
b5347e1c-454c-43d9-822b-c54de8dd6a58,L397TWLwrUU,completed,3,,2025-06-29T13:15:40.230Z,2025-06-29T13:16:49.628Z
75bc6042-49e0-422f-aaf6-3e7893e6633c,v4ffyemvIjQ,failed,3,Video unavailable,2025-06-29T13:29:18.087Z,2025-07-08T15:20:59.282Z
a4d98bcf-6f24-4eea-8b90-0febde4d4454,cfdgluR8EqY,failed,3,Video unavailable,2025-06-29T13:30:35.047Z,2025-07-08T15:20:52.862Z
c8cde605-e3bf-4035-9591-842aa71f2cd4,0W3YQu00kXY,completed,3,,2025-06-29T13:30:50.182Z,2025-06-29T13:32:59.730Z
1e5e4981-8f42-4af4-aaca-009bf8b060e0,m4_9TFeMfJE,completed,1,,2025-06-29T13:36:58.111Z,2025-06-29T13:38:04.968Z
df607cf7-0dc5-442a-bc5a-eac7bb00077a,RhtjDGYlZQs,completed,0,,2025-06-29T13:44:37.771Z,2025-06-29T13:44:57.770Z
0368fdb4-1ba1-49f5-b9a7-075279514c09,QhPL7bbaFSo,completed,3,,2025-06-29T13:44:58.780Z,2025-06-29T13:46:23.912Z
10a003b4-19b2-44b6-a35c-54ed1a7e0c3e,pRGmFiEyr0A,completed,1,,2025-06-29T16:48:14.453Z,2025-06-29T16:49:14.638Z
6ef5bac3-0949-4c8d-8ac4-107712d83b49,LHcP4MWABGY,completed,0,,2025-06-29T17:11:49.490Z,2025-07-04T12:23:16.806Z
cb2edc9d-4397-4efa-87e7-5bb336fcf86a,YQHsXMglC9A,completed,1,,2025-06-29T17:14:12.882Z,2025-06-29T17:15:06.986Z
5e6941c4-a1b2-4574-8828-a94d2c411e40,ggG9ySCChYw,completed,2,,2025-07-01T01:23:11.992Z,2025-07-01T01:25:50.945Z
10de3f61-03a5-4123-be8b-673148ffb91a,GCdwKhTtNNw,completed,0,,2025-07-01T01:25:33.044Z,2025-07-01T01:25:52.947Z
be75894c-9425-406a-91f8-0468d8835887,VBHr0faDCoQ,completed,0,,2025-07-01T14:48:24.553Z,2025-07-01T14:48:33.910Z
6abe8054-9e2b-4dcd-8189-780a37eac99b,RIXWhTjnQwQ,completed,0,,2025-07-01T14:54:21.011Z,2025-07-01T14:54:29.848Z
1e9509ca-61e8-43ea-85d8-718fa4dd143d,tgIqecROs5M,completed,0,,2025-07-01T15:00:22.176Z,2025-07-01T15:00:31.435Z
759f25d8-cf05-4412-af02-d8eadeba6be7,rj9sZsKE7-g,completed,0,,2025-07-01T15:03:04.414Z,2025-07-01T15:03:13.236Z
84b37ef6-eb9f-43de-91b6-e190b77d82fa,W-j5FzbJI-U,completed,0,,2025-07-01T15:15:02.417Z,2025-07-01T15:15:10.826Z
8dcb7689-6e04-42d0-9105-615519614aac,vn18xrU4fAc,completed,0,,2025-07-01T15:28:54.698Z,2025-07-01T15:29:06.638Z
ed1958f7-ba92-4ec1-a32a-7c61f08ddb29,zbpWYvUVAjU,completed,0,,2025-07-01T15:31:51.893Z,2025-07-01T15:31:59.750Z
eb57a515-e650-45d2-8a33-8c69cf882415,XXYlFuWEuKI,completed,0,,2025-07-01T15:43:42.061Z,2025-07-01T15:43:51.709Z
aae713a5-b805-4116-a42e-829ad014002b,5EpyN_6dqyk,completed,0,,2025-07-01T16:11:29.521Z,2025-07-01T16:11:39.473Z
e6717947-f524-476d-9fb2-44a8e92f9144,SDTZ7iX4vTQ,completed,0,,2025-07-01T16:21:53.486Z,2025-07-01T16:22:02.589Z
ffea552b-b777-4b64-94aa-cf4220f99007,sVx1mJDeUjY,completed,0,,2025-07-01T16:35:18.243Z,2025-07-01T16:35:27.239Z
296304fb-601c-46ad-b26c-633acf504532,TdrL3QxjyVw,completed,0,,2025-07-01T16:36:03.793Z,2025-07-01T16:36:13.672Z
8915c510-3889-4ed6-b094-d69d92d75e89,5kYsxoWfjCg,completed,0,,2025-07-01T16:36:55.156Z,2025-07-01T16:37:04.468Z
2a036ef5-9063-4067-a0a8-235383b0d383,-9wQNBGSdoc,completed,0,,2025-07-01T17:00:41.820Z,2025-07-01T17:00:50.880Z
4582275e-93b8-4adc-8483-bd40728c78fc,etAIpkdhU9Q,completed,0,,2025-07-01T17:03:32.605Z,2025-07-01T17:03:43.734Z
586ed6bf-e15f-4fd4-b8c8-7906653e699d,dQw4w9WgXcQ,completed,0,,2025-07-01T17:22:56.383Z,2025-07-01T17:23:05.380Z
84904ff5-8b10-49ad-b9fa-b25980e681d9,5CEmVTzmzpw,completed,0,,2025-07-01T18:28:31.549Z,2025-07-01T18:28:40.420Z
3cfda8a5-8d2b-4483-9b83-117a631d8d5a,RQthFDpYCys,completed,0,,2025-07-01T18:28:37.923Z,2025-07-01T18:28:46.742Z
5699c442-3b2d-421a-91d6-70c41d668d9d,QJJYpsA5tv8,completed,0,,2025-07-01T18:29:22.991Z,2025-07-01T18:29:32.542Z
e6278730-b6a5-49cb-9b7a-25f75ea8b4ad,aCjxP58Ydik,completed,0,,2025-07-01T18:51:44.755Z,2025-07-01T18:51:53.939Z
65a162e4-cfd2-4a5d-96b6-1dcdda2ae2dc,gdLhQAbyLwQ,completed,0,,2025-07-01T18:53:30.096Z,2025-07-01T18:53:37.901Z
e24caec7-43ca-4272-853e-52c557495e53,QNJL6nfu__Q,completed,0,,2025-07-01T18:54:04.613Z,2025-07-01T18:54:14.346Z
ea784f44-ab80-4e5f-a546-54fa65b7762f,jQY_QL_wvQU,completed,0,,2025-07-01T18:54:05.708Z,2025-07-01T18:54:14.256Z
b26da7a9-0d45-4c38-bfd8-232d44479105,XAi3VTSdTxU,completed,0,,2025-07-01T18:54:05.794Z,2025-07-01T18:54:16.182Z
1bd05223-a032-4499-a756-2e12c6aab2d8,oRdxUFDoQe0,completed,0,,2025-07-01T18:54:15.884Z,2025-07-01T18:54:28.173Z
a82d7c39-c42e-428f-bc5d-aaf9f9e99b5b,PivWY9wn5ps,completed,0,,2025-07-01T18:54:16.816Z,2025-07-01T18:54:31.110Z
4c95874c-3d42-463c-9fe5-6779a52aa9ab,4V90AmXnguw,completed,0,,2025-07-01T18:54:17.794Z,2025-07-01T18:54:25.931Z
b9900926-fcbc-499e-bf29-a2ca60663ede,LJ7qXHjxj_0,completed,0,,2025-07-01T18:54:27.532Z,2025-07-01T18:54:35.801Z
001dc5e3-a9df-415a-8663-50e1a997cb0f,yUi_S6YWjZw,completed,0,,2025-07-01T18:54:29.795Z,2025-07-01T18:54:38.985Z
10a26b3d-1a03-40fd-be9c-923c1d6b140c,Zi_XLOBDo_Y,completed,0,,2025-07-01T18:54:32.729Z,2025-07-01T18:54:41.871Z
e4984168-a4f7-4cb4-91a2-4b1f7745b979,h_D3VFfhvs4,completed,0,,2025-07-01T18:54:38.461Z,2025-07-01T18:54:49.026Z
7b0a517f-16a0-4592-a9cd-521bc85ddcec,2VLqZtded_0,completed,0,,2025-07-01T19:17:09.751Z,2025-07-01T19:17:17.973Z
bf2af8ce-5917-4f62-bc3d-4b88e379378a,Vqfy4ScRXFQ,completed,0,,2025-07-01T19:17:31.913Z,2025-07-01T19:17:45.313Z
e5949a3b-5932-4bcd-bdcf-dc947ebb2f0b,tBbdSzwxqyY,completed,0,,2025-07-01T19:17:34.688Z,2025-07-01T19:17:44.835Z
1555a0f7-beda-4901-ae90-b971045b804d,wjJ_3DQ7qCU,completed,0,,2025-07-01T19:17:41.961Z,2025-07-01T19:17:50.760Z
45fdd2ae-6777-432d-863a-8253d8f06cb2,KmslaEudR3M,completed,0,,2025-07-01T19:24:52.432Z,2025-07-01T19:25:01.269Z
274cb36d-680a-4d82-b4ac-37b748876b84,9AXWuVmr6d4,completed,0,,2025-07-01T19:42:08.871Z,2025-07-01T19:42:17.041Z
597cb80c-736a-4a68-8200-d098a8cf3291,jfKfPfyJRdk,processing,0,Sign in to confirm you’re not a bot,2025-07-01T19:50:28.556Z,2025-07-09T04:16:57.418Z
6bf87347-6599-40b8-ac1d-4b054efcf377,Hwg7hJrDiRg,completed,0,,2025-07-01T19:56:14.999Z,2025-07-01T19:56:23.850Z
e48c4279-38eb-4d32-9e76-b4984ee3fea7,pYqky795R1s,completed,0,,2025-07-01T20:36:47.957Z,2025-07-01T20:37:03.695Z
4622a26f-4587-4e34-8e16-553c2ecd17e2,ujNeHIo7oTE,completed,0,,2025-07-01T23:28:51.799Z,2025-07-01T23:29:06.993Z
73171a42-ff5b-4de2-9ccf-9b0b7a4f77d5,08C987fQEKU,completed,0,,2025-07-02T00:34:48.456Z,2025-07-02T00:36:47.355Z
a944e32f-7b24-4b4a-a0e3-4bb8a0363aa5,raWSH1KrgFI,completed,0,,2025-07-02T00:35:19.211Z,2025-07-02T00:38:16.527Z
11a68f24-e0a2-4533-8bb0-9fd614bc226a,ETNZ429C6nw,completed,1,,2025-07-02T01:59:23.038Z,2025-07-02T01:59:37.930Z
88ebd660-72c6-4320-bfcb-749a1d8a8e7a,ymo9oX83kJI,completed,0,,2025-07-02T07:35:30.545Z,2025-07-02T07:35:39.117Z
8e53808d-e072-4d95-beca-8f84df08dc49,LxxlN_FhLac,completed,0,,2025-07-02T07:35:34.541Z,2025-07-02T07:35:44.011Z
d7ddd45d-dd0f-4369-bb94-76438258e7fb,av5JD1dfj_c,completed,0,,2025-07-03T00:59:02.732Z,2025-07-03T01:01:36.310Z
a695a02f-97ce-4344-99df-435e1bc04c9a,2ZQka-QMzxk,completed,0,,2025-07-03T00:59:19.031Z,2025-07-03T01:02:17.636Z
bc69095c-a1e1-49d8-9e3c-12a2278dabdb,u5BypoXzGn0,completed,0,,2025-07-03T01:15:30.452Z,2025-07-03T01:17:59.966Z
a1af029e-2460-44f2-86e9-3a27271f1455,owK-2zmVhd8,completed,0,,2025-07-03T01:53:12.472Z,2025-07-03T01:53:31.033Z
ab7bc9e8-e655-4663-9712-98ab747a69b1,-k9qDxyxS3s,completed,0,,2025-07-03T02:37:39.318Z,2025-07-03T02:38:34.798Z
9a6b9442-847a-40ba-b4bb-6d8713ec2d13,Ow_qI_F2ZJI,completed,0,,2025-07-03T02:43:31.415Z,2025-07-03T02:43:59.117Z
6fbce81e-b224-474b-8f3c-409a0772db16,e-ORhEE9VVg,completed,0,,2025-07-03T02:44:01.672Z,2025-07-03T02:45:34.204Z
307edab3-1d70-4169-a39c-ec85bdeb32a6,3tmd-ClpJxA,completed,0,,2025-07-03T02:58:56.748Z,2025-07-03T02:59:05.841Z
3f33b705-4f1f-41fd-bb8a-dc11db136aac,nfWlot6h_JM,completed,0,,2025-07-03T03:09:08.411Z,2025-07-03T03:13:09.787Z
0492dd60-ff19-49c6-85e9-5745b4952799,m8MfJg68oCs,completed,0,,2025-07-03T10:11:55.529Z,2025-07-03T10:12:04.144Z
820f9bc2-ae1e-4925-80a0-494b05d19709,EoEAFY8XSDw,completed,0,,2025-07-04T04:49:50.874Z,2025-07-04T12:27:49.900Z
8c3ec68a-eb0b-4e6e-891f-105f1f5049b3,uYYVs-xf4z0,completed,0,,2025-07-04T04:50:03.575Z,2025-07-04T12:25:49.469Z
9a2725fe-d665-4f2a-bc9c-bf76ba9d4b61,0wx-X8VFY3Q,completed,0,,2025-07-04T04:50:34.623Z,2025-07-04T12:26:14.133Z
2f525270-5526-4903-b161-cd9ca1321eac,Ifjjtu7f39c,completed,0,,2025-07-04T04:50:40.493Z,2025-07-04T12:17:45.292Z
bfdcbdd1-217c-4c22-9654-054bc7bac874,VP6DmlovoFI,completed,0,,2025-07-04T04:51:21.023Z,2025-07-04T12:27:11.910Z
7191f8a4-cb9f-4f70-bc1d-6f1ffe8d96cd,NWvjEUheGgo,completed,0,,2025-07-04T04:51:26.202Z,2025-07-04T12:24:12.844Z
95ea06bf-ce25-4a9f-878d-b1a7543fecb0,jw6N-5K6fE0,completed,0,,2025-07-04T04:51:51.279Z,2025-07-04T12:25:08.296Z
0eaf1fcf-8f74-4e3b-92a0-fb399da0898d,zqbVmw8FEFg,completed,3,,2025-07-04T04:52:17.190Z,2025-07-04T12:02:04.349Z
c75892da-25a0-40de-b52a-2e4d3d5ce6e5,UlZYU5t4__0,completed,0,,2025-07-04T04:52:37.876Z,2025-07-04T12:24:36.822Z
f0b7d6f2-e707-4d9f-9f5b-5a00d9f6d57b,cQQ-WvfIzUM,completed,0,,2025-07-04T04:52:41.670Z,2025-07-04T12:25:34.368Z
efe3f1ae-f7c6-4f38-afac-dcd8bde24815,02tbyldfPW0,completed,0,,2025-07-04T05:45:53.639Z,2025-07-04T12:27:34.562Z
22e04128-559c-4feb-a1e1-8d8b819d90b3,EuJ5KYt3D_M,completed,0,,2025-07-04T05:46:04.682Z,2025-07-04T12:17:27.506Z
f742d2f4-e58f-4ca8-8d80-5591f93d7faa,qe8d2WohZLI,completed,0,,2025-07-04T05:46:25.886Z,2025-07-04T05:51:11.099Z
45f72a89-5963-4a52-a38b-1650def2c77f,LwN3IXGtvBA,completed,0,,2025-07-04T05:46:44.454Z,2025-07-04T11:37:47.121Z
9fa5caae-4132-4aeb-8864-d4b1e8718104,A4Sj15nTi0Y,completed,1,,2025-07-04T06:14:51.009Z,2025-07-04T12:26:30.138Z
8e5abe7c-90b1-4cc8-8742-8b1e45f3eaf8,G8cNm6sc3iU,completed,0,,2025-07-04T06:18:17.443Z,2025-07-04T12:24:51.351Z
920d694c-e293-444a-885c-67b1dc2a5cfe,gUsuc9aJv7M,completed,0,,2025-07-04T06:20:55.846Z,2025-07-04T12:26:42.879Z
8a920d53-afe5-4ec5-823c-110c689d337d,ERra4_kOVhI,completed,0,,2025-07-04T13:47:16.980Z,2025-07-04T13:47:28.619Z
62edfe9d-bb94-43e0-ade5-fe3c37726110,HAkHqYlqops,completed,0,,2025-07-04T13:47:31.186Z,2025-07-04T13:47:44.039Z
0a734ce9-7ea5-4eb6-b90d-115db6642f93,tr4O3dJcWm0,completed,0,,2025-07-04T13:47:45.704Z,2025-07-04T13:48:07.156Z
d8a3ef1f-6448-4200-aafe-b2e39a68cf2b,4adZ7AguVcw,completed,0,,2025-07-04T13:48:43.617Z,2025-07-04T13:48:54.751Z
0add1750-0386-40a9-a638-99459527a5a0,yhS9LnDoo_w,completed,0,,2025-07-04T13:48:56.267Z,2025-07-04T13:49:13.162Z
37d83591-7ac0-4a8e-b33a-49dc5c145c02,EsC5jFe6S9A,completed,0,,2025-07-04T13:49:14.650Z,2025-07-04T13:49:32.450Z
20ab9516-292e-4282-80ea-c810167cd34d,TsxAVFQkXQ8,completed,0,,2025-07-04T14:56:27.996Z,2025-07-04T14:56:38.844Z
9e0a4822-e841-4cc1-b3d0-413bce637025,L9l8zCOwEII,completed,0,,2025-07-04T14:56:41.401Z,2025-07-04T14:56:51.487Z
44c94c19-d983-4a12-84a3-c71f8fa32f84,mSyTJoTWLpE,completed,0,,2025-07-04T17:37:07.793Z,2025-07-04T17:37:17.595Z
d25d8402-9658-476f-b661-f19cf842c0fa,GllEDACUbNo,completed,0,,2025-07-05T02:59:13.748Z,2025-07-05T02:59:23.767Z
220bed1c-713d-4c71-a846-f9e3808a62d1,T3rXdeOvhNE,completed,0,,2025-07-05T02:59:46.890Z,2025-07-05T02:59:57.659Z
f0bc244b-ac63-483f-8cdd-8b632f6ce58b,nGt_JGHYEO4,completed,0,,2025-07-05T03:00:00.324Z,2025-07-05T03:00:11.488Z
359f24e1-5ad5-4c8f-8ea5-affda2d7e894,NCtzkaL2t_Y,completed,0,,2025-07-05T18:57:27.294Z,2025-07-05T18:57:37.161Z
5c362cf0-a155-4ede-831c-1deb25022ead,TOHrVWYplKU,completed,0,,2025-07-05T20:15:29.971Z,2025-07-05T20:26:43.381Z
63105ebb-cd5b-47aa-8878-8ec4e678b04a,5v1h3Xvxenk,completed,0,,2025-07-05T20:16:04.524Z,2025-07-05T20:26:21.479Z
427863e0-342e-47f4-977a-627ad27083a2,fCWvZisydrE,completed,0,,2025-07-05T20:16:26.992Z,2025-07-05T20:26:32.145Z
d7cbc6ed-1fa2-4f5c-a1fb-fd81282ec95f,PCmUe9nXDog,completed,0,,2025-07-06T23:35:30.961Z,2025-07-06T23:35:51.457Z
b66760ca-e1c3-4782-9f33-b2975c19a4b4,sdlE-Vvxv7s,completed,0,,2025-07-06T23:35:54.400Z,2025-07-06T23:36:09.689Z
e5def4b5-17d5-4663-a5fe-5cbc455dcdfb,3u4lIxQOapI,completed,0,,2025-07-06T23:36:11.424Z,2025-07-06T23:36:31.743Z
25ff7831-a1a2-463e-bde5-857e0d68d5b9,5cpWnhg9_yk,completed,0,,2025-07-07T07:38:37.432Z,2025-07-07T07:38:46.415Z
57de4deb-0c59-4800-8c86-38dbe4668b97,9nBnRu6o4sM,completed,0,,2025-07-07T07:38:58.835Z,2025-07-07T07:39:07.981Z
8c0cd4f4-6401-4868-8052-8afdbdc694b1,XutNlB2DbtQ,completed,0,,2025-07-07T08:05:41.211Z,2025-07-07T16:19:38.922Z
c1501dc9-fd80-48b2-b305-dc7e267b3e87,u5bUldQ6Izw,completed,0,,2025-07-07T08:07:09.494Z,2025-07-07T16:27:34.293Z
e509fea3-9f7a-411d-8205-8a625dd910c4,BVdngsy95mY,completed,0,,2025-07-07T08:14:51.292Z,2025-07-07T08:14:59.891Z
8b35fcec-781e-4267-a8bb-02e1dde2432a,-LESbtPT8uw,completed,0,,2025-07-07T08:15:06.708Z,2025-07-07T08:15:16.155Z
41a09abe-969b-4cef-b28c-0b9c2f933c10,pSQk-4fddDI,completed,0,,2025-07-07T08:19:38.090Z,2025-07-07T08:19:47.102Z
ef00cac8-5d7f-4c7e-a11c-f46bf80a3d82,iW2FUY3N-n0,completed,0,,2025-07-07T08:19:58.790Z,2025-07-07T08:20:09.409Z
d18174c5-c987-49f3-bb09-747b877cdb64,6gYIbMwswKM,completed,0,,2025-07-07T08:37:47.130Z,2025-07-07T08:37:56.613Z
c83fca38-a659-4099-bb81-0fff0f7f97d4,cn73Wtem0No,completed,0,,2025-07-07T08:41:48.756Z,2025-07-07T08:41:57.240Z
35e96a31-e863-4a81-a3cb-b9d578903ebb,n9TNcI7eUXY,completed,0,,2025-07-07T08:42:04.776Z,2025-07-07T08:42:12.804Z
6be239a8-7f6f-4a74-837d-cce09dea92c6,ejorQVy3m8E,completed,0,,2025-07-07T08:42:44.471Z,2025-07-07T08:42:53.913Z
ef971b3f-a542-46f7-bf5d-9f6e2a2eef6b,btPJPFnesV4,completed,0,,2025-07-07T08:44:40.745Z,2025-07-07T08:44:49.711Z
abb1c69f-c67f-4738-b098-29989daadd85,hgYhws0AHcg,completed,0,,2025-07-07T08:45:36.441Z,2025-07-07T08:45:45.249Z
4fb55c4e-d97c-4e03-a026-60ddcc9122c9,fGsIRIy6Jvs,completed,0,,2025-07-07T08:49:07.227Z,2025-07-07T08:49:16.608Z
b61407e5-575e-4a81-8cb0-9f3f5541c322,hvsZfRfrJNo,completed,0,,2025-07-07T08:49:28.334Z,2025-07-07T08:49:37.050Z
d7e2c959-14d6-401f-ab32-8a4721dbcb68,z5eSot0pcz0,completed,0,,2025-07-07T08:49:38.735Z,2025-07-07T08:49:47.216Z
b96c1919-2e0c-494a-91c9-4f1bf6ce0694,RGUjbQ1C9m4,completed,0,,2025-07-07T08:49:53.897Z,2025-07-07T08:50:02.856Z
8186000b-bd43-4c34-9272-7bef4a95336e,I4DjHHVHWAE,completed,0,,2025-07-07T08:50:19.843Z,2025-07-07T08:50:28.427Z
8979eef6-0fa6-468e-83d7-fbb597e9464c,FPFlY0hi3ak,completed,0,,2025-07-07T08:52:05.167Z,2025-07-07T08:52:13.800Z
3b9b929b-9673-4f62-9a3f-5db86403530b,TPtdnhMExQk,completed,0,,2025-07-07T09:07:21.361Z,2025-07-07T16:27:24.246Z
e6d1f465-77b8-477e-bda9-d60d0dabe032,SqWvkCTyCe0,completed,0,,2025-07-07T09:20:43.907Z,2025-07-07T09:20:52.665Z
453214c9-5430-4c1a-b1e3-9f9a520b40f9,KIPYLvaAS9o,completed,0,,2025-07-07T09:21:54.372Z,2025-07-07T09:22:02.248Z
4843e97d-617e-43dc-bdfb-d5ecacd9bf4c,bLRnFgWsfgE,completed,0,,2025-07-07T09:26:29.240Z,2025-07-07T09:26:39.110Z
294faeea-b61f-461d-9acb-b5bfaa83f73c,bFLow5StvvU,completed,0,,2025-07-07T09:28:45.960Z,2025-07-07T09:28:54.974Z
26927b2d-f8fd-4d75-8846-7c648dc06d3d,8Dl3Kzfp120,completed,0,,2025-07-07T09:32:16.827Z,2025-07-07T09:32:30.036Z
5bedaaeb-0555-4d3d-9914-266f3567b7dc,0TPtsf8nSpQ,completed,0,,2025-07-07T09:32:51.742Z,2025-07-07T09:32:59.458Z
6430b56d-3d50-4e09-96b5-0cd071ce127b,Lasb0pS6VBQ,completed,0,,2025-07-07T09:33:51.142Z,2025-07-07T09:33:59.679Z
ba346787-b4c0-4ace-a681-9d71a2255321,XO8wew38VM8,completed,0,,2025-07-07T09:38:06.560Z,2025-07-07T09:38:15.283Z
e4af38f4-b2cd-4149-bb29-d5ea63ef1654,UmFFTkjs-O0,completed,0,,2025-07-07T12:32:27.474Z,2025-07-07T12:32:38.501Z
afd28e7f-2330-44ae-a428-053af63d5ad7,d_epOspqurM,completed,0,,2025-07-07T14:18:42.912Z,2025-07-07T14:18:51.636Z
c683574c-7d10-452e-b3da-f335227aa588,3wDiqlTNlfQ,completed,0,,2025-07-07T14:18:54.292Z,2025-07-07T14:19:04.350Z
deb32e1a-63dd-4eb0-936e-6a409b45edfe,TnOy6HEf7HU,completed,0,,2025-07-07T14:24:31.204Z,2025-07-07T14:24:40.785Z
aef1b4cf-26c7-4164-86c4-7b8fa5339701,IMjIbWd1JT8,completed,0,,2025-07-07T14:29:43.285Z,2025-07-07T14:29:52.396Z
3e878303-63b5-4940-9045-a01cd5eee6cd,bixHIdoLwk4,completed,0,,2025-07-07T14:31:38.958Z,2025-07-07T14:31:48.963Z
0ec46ae0-278c-41b9-9898-4e45442b19e2,JoXVYSV4Xcs,completed,0,,2025-07-07T14:32:20.428Z,2025-07-07T14:32:29.546Z
b847e44f-d115-4251-a6d3-d123afd0b492,RD6MMzEL-lw,completed,0,,2025-07-07T14:33:36.090Z,2025-07-07T14:33:44.088Z
1c384736-7423-46bd-af94-fe51f6e29d08,GLSr0BAlndM,processing,2,Video unavailable,2025-07-07T14:56:11.658Z,2025-07-07T16:19:07.184Z
d6478582-ad6d-4138-8610-61b05a8410d2,AgFG6_TGdTY,completed,0,,2025-07-07T15:00:08.058Z,2025-07-07T15:00:16.989Z
6fb2059b-88cd-47b5-8e7b-1a65056733b7,VjvzYjU1mY0,completed,0,,2025-07-07T15:06:03.627Z,2025-07-07T15:06:13.104Z
c7a0d36e-ced8-4f91-a29a-1ce9878e19e7,negtrQu5mTA,completed,0,,2025-07-07T15:06:35.606Z,2025-07-07T15:06:44.556Z
9304f466-5a2e-40b1-999f-ecbd2a0a92bd,9cZ7Nl3Ynxo,completed,0,,2025-07-07T15:09:01.151Z,2025-07-07T15:09:09.387Z
8cc3862e-fd4b-46a4-885a-7b1a5e4b13f7,AWAsI3U2EaE,completed,0,,2025-07-07T15:25:31.655Z,2025-07-07T15:25:40.103Z
e85f65cf-2365-4689-b07d-723badfe0988,zy8Y3R4dXyc,completed,0,,2025-07-07T15:25:42.443Z,2025-07-07T15:25:50.875Z
f9d2f64a-a26e-406c-abb9-4315e8041f20,7KIHvuMl4Kk,completed,0,,2025-07-07T15:25:52.273Z,2025-07-07T15:25:59.954Z
964135fc-1fba-4627-a04b-57fd092acea7,sS2E-s-0g1I,completed,0,,2025-07-07T15:26:01.404Z,2025-07-07T15:26:10.030Z
b23fa10e-02e1-4fd8-8f7a-813eff2f3220,YlFF8GyeIzg,completed,1,,2025-07-07T15:26:11.509Z,2025-07-07T15:26:25.108Z
9edc7588-5c31-4e1b-bf64-890aadf1ad23,YFoDEQXJLcQ,failed,3,Video unavailable,2025-07-07T15:26:26.745Z,2025-07-08T15:20:46.261Z
7b807360-03c7-40b0-bd20-5ed41d4773d6,GmxkNB-QihI,completed,0,,2025-07-07T15:26:34.241Z,2025-07-07T15:26:43.521Z
3d6fa9e3-5c4d-46b6-894b-2e7e7829b50a,kcsGhOmULxQ,completed,0,,2025-07-07T15:26:44.904Z,2025-07-07T15:26:53.361Z
dfd6d7b1-d046-4b5b-95e8-9965706457b2,2Qs1J612nZs,completed,0,,2025-07-07T15:26:54.842Z,2025-07-07T15:27:03.757Z
b6244a1d-f387-4678-b056-c4b547abb143,Qca9ByvLhBA,completed,0,,2025-07-07T15:27:05.196Z,2025-07-07T15:27:14.360Z
462fda01-8a50-4b34-978d-40e0b9eb2ef0,eYCFrcCqh7Q,completed,0,,2025-07-07T15:27:55.816Z,2025-07-07T15:28:06.389Z
fe0b8502-9706-45bb-a609-e40ebe2101e2,HcNILY4gtNI,completed,0,,2025-07-07T15:34:23.198Z,2025-07-07T15:34:32.724Z
98beb4dd-e79a-489a-a151-e0e2bc75f6eb,wouKI_myXxk,completed,0,,2025-07-07T15:36:24.345Z,2025-07-07T15:36:33.425Z
cb011d71-2da6-48ef-b83a-f56b46ba5019,u0OPKekQ0bM,completed,0,,2025-07-07T15:36:34.953Z,2025-07-07T15:36:43.950Z
04630266-c788-4393-a9f1-1f269a1f68e0,2I9nzr6ltFM,completed,0,,2025-07-07T15:36:45.449Z,2025-07-07T15:36:53.734Z
f5322fcd-e878-43a0-b8b9-018fc16570d4,R6Yfk-RL_9A,completed,0,,2025-07-07T15:36:55.133Z,2025-07-07T15:37:04.290Z
bd094dff-3228-4e8e-98c1-419b1de4df6f,rfTgO9rpqck,completed,2,,2025-07-07T15:38:10.767Z,2025-07-07T15:38:32.659Z
e1d6e1f6-b683-4739-933a-7c86b2898f80,Dh-ULbQmmF8,completed,0,,2025-07-07T15:38:44.193Z,2025-07-07T15:38:53.389Z
46431235-a059-4e96-81dc-3804c2576764,6SFNW5F8K9Y,completed,0,,2025-07-07T15:41:30.026Z,2025-07-07T15:41:40.218Z
b23d0b16-202a-4aad-a455-c5945d50e22b,vt0i6nuqNEo,completed,0,,2025-07-07T15:41:56.615Z,2025-07-07T15:42:06.133Z
dc852d01-3311-4012-9500-2916a182e12b,5NzfqW_Yt6Y,completed,0,,2025-07-07T15:49:48.075Z,2025-07-07T15:49:56.981Z
74221b2b-906e-4af4-b5ae-d3dabc1204ff,v6HBZC9pZHQ,completed,0,,2025-07-07T15:58:03.964Z,2025-07-07T15:58:13.524Z
58428647-c5e5-4a29-9769-10315c454d76,Qh8QwVYOSVU,completed,2,,2025-07-07T16:00:10.109Z,2025-07-09T01:26:33.779Z
5c4db5fb-6d6f-4cc7-bc8b-5ba6706fbf0c,BDBaWpKER5Q,completed,0,,2025-07-07T16:02:49.081Z,2025-07-07T16:27:14.445Z
23a9b43a-0d30-4138-9c3d-19e87a5de672,BZbgYFVZV0k,completed,0,,2025-07-07T16:05:11.860Z,2025-07-09T01:31:14.257Z
efbe4a62-76e4-470f-900c-41496bdd3c01,DHlyFG225W0,completed,0,,2025-07-07T16:05:53.846Z,2025-07-07T16:12:46.181Z
667c7958-99a8-46d1-a70f-ff9288843154,V9PVRfjEBTI,completed,1,,2025-07-07T16:07:27.223Z,2025-07-07T16:12:01.113Z
cfa06d80-1303-46b9-8b22-f011c41bb526,Ch6xdV_ZjdU,completed,0,,2025-07-07T16:08:45.563Z,2025-07-07T16:19:29.471Z
a5e8a502-6a8a-431b-a9c4-242b8fbaa10e,51zjlMhdSTE,completed,0,,2025-07-07T16:10:54.503Z,2025-07-07T16:12:28.402Z
8d9de25f-dd59-4256-bc94-aaff6030d548,2up_Eq6r6Ko,completed,0,,2025-07-07T16:18:49.287Z,2025-07-07T16:27:44.737Z
8e461ee0-3828-479c-aba5-74f9046988da,S965gRITOIc,completed,0,,2025-07-07T16:21:10.432Z,2025-07-07T16:21:25.026Z
c1036ab8-b750-4d53-80c1-a112f4a5e4e3,KPcY55fRJYs,completed,0,,2025-07-07T16:21:26.480Z,2025-07-07T16:21:35.552Z
69f7850b-d43d-43e8-8a3b-47ed7c8a2578,OWasrUYMHgo,completed,0,,2025-07-07T16:24:02.183Z,2025-07-07T16:24:13.006Z
f7e6db59-b64e-4b51-8981-b71d6db2b97b,sFBcEz3_Zho,completed,0,,2025-07-07T16:25:04.523Z,2025-07-07T16:25:13.907Z
f5f9223a-711e-4fc2-886f-0a8cca5054b5,AQEpRTy_1bY,completed,0,,2025-07-07T16:26:50.447Z,2025-07-07T16:27:00.079Z
261d3617-1e15-45cc-96fe-67494d883830,PftK0hA1q4g,completed,0,,2025-07-07T16:27:46.189Z,2025-07-07T16:27:56.914Z
331f76a9-f6bb-48b6-8aa8-539890523073,36aMLhbTws4,completed,0,,2025-07-07T16:27:58.392Z,2025-07-07T16:28:07.866Z
c6ef00de-cb2b-4c99-98be-7185d355703d,JgDNFQ2RaLQ,completed,0,,2025-07-07T16:28:09.306Z,2025-07-07T16:28:18.449Z
b745c568-7bf1-4a6a-a292-7a75edfed361,lvHZjvIyqsk,completed,0,,2025-07-07T16:28:30.452Z,2025-07-07T16:28:40.343Z
4b4a71c0-e2fa-4bcc-be16-1c9e21e9bd29,SQkXZeyQACM,completed,1,,2025-07-07T16:38:17.620Z,2025-07-07T16:38:32.581Z
3013506a-1c2f-4e1d-8e6e-b824bbc49dc8,v5w4z-CmtiE,completed,0,,2025-07-07T16:38:34.139Z,2025-07-07T16:38:42.876Z
56f621d3-4884-4804-a374-7679fa6358bd,04bp4bG6Zhk,completed,0,,2025-07-07T16:38:44.331Z,2025-07-07T16:38:54.003Z
982254a9-7445-4571-a9ea-941449ce76f1,9q4MMjZF4VE,completed,0,,2025-07-07T16:38:55.465Z,2025-07-07T16:39:03.086Z
0df4ad3b-1c63-418b-88f9-655f52e77b32,dpvQqmX6SUI,completed,0,,2025-07-07T16:45:34.986Z,2025-07-07T16:45:44.612Z
e742ec20-3740-4ec1-a25b-99faf9e33b80,jMbTou4P2QM,completed,0,,2025-07-07T17:00:26.966Z,2025-07-07T17:00:35.944Z
5e16c4b9-853b-4423-999c-d828c10e97ee,va_4sd-KATc,completed,0,,2025-07-07T17:01:02.431Z,2025-07-07T17:01:10.770Z
c5324660-64a5-42ab-9cc0-1ed55ff20587,YlHvxv43moQ,completed,0,,2025-07-07T17:01:12.242Z,2025-07-07T17:01:21.216Z
0d803a7e-da7c-4148-8fea-48ad050366f0,TScOHSAR7Ec,completed,0,,2025-07-07T17:04:42.889Z,2025-07-07T17:04:51.514Z
9a3702de-6984-4b29-b20f-8b43525b0214,Y7JG63IuaWs,completed,0,,2025-07-07T17:06:13.150Z,2025-07-07T17:06:23.742Z
1f7f63da-4a76-4299-abe3-0c7723421f74,qMXESlny4-I,completed,0,,2025-07-07T17:07:35.268Z,2025-07-07T17:07:44.178Z
453441fe-0095-4ecc-bbe6-bd7ae4638b56,LZmUfUBqE-s,completed,0,,2025-07-07T17:08:20.685Z,2025-07-07T17:08:29.903Z
01b7d7c9-f3c2-4a8c-8252-dc002ef2defc,Rk_sAHh9s08,completed,0,,2025-07-07T17:08:31.384Z,2025-07-07T17:08:40.676Z
3c4d6fca-feb1-4b85-b3f5-55e39a1c81d7,uB1D9wWxd2w,completed,0,,2025-07-07T17:08:42.191Z,2025-07-07T17:08:51.591Z
8b1e16cf-b549-4f3d-93b1-ae59d8a3d2c3,0Gg9kU8Mjpo,completed,0,,2025-07-07T17:09:33.109Z,2025-07-07T17:09:41.890Z
b708ebed-140f-4b84-ae65-6c9fa2a8a5d4,ekr2nIex040,completed,0,,2025-07-07T17:17:24.808Z,2025-07-07T17:17:34.737Z
a917bb08-f61d-487c-b4d6-00fcd236b606,U9xzlLa82w0,completed,0,,2025-07-07T17:19:16.389Z,2025-07-07T17:19:25.383Z
7f76f034-f15d-4653-8c31-1e54ddbad4b2,gw5uSSsHm6c,completed,0,,2025-07-07T17:21:16.976Z,2025-07-07T17:21:25.879Z
bd8a4b42-7381-41c7-acba-156680a4febc,L8HhOMNrulE,completed,3,,2025-07-07T17:21:52.373Z,2025-07-07T17:22:17.901Z
63f883c6-31fe-427a-8c17-df15ce8e453d,hX0lhueeib8,completed,1,,2025-07-07T17:38:30.307Z,2025-07-07T17:38:45.729Z
b67224b3-dfbc-465c-b9e2-568f8ace6707,tI-5uv4wryI,completed,0,,2025-07-07T17:39:07.883Z,2025-07-07T17:39:18.464Z
4dcee5f0-895a-4d87-b9bf-e76232afe0f4,nC9dQOnUyao,completed,0,,2025-07-07T17:40:00.295Z,2025-07-07T17:40:08.545Z
fc4546b1-fac3-4b38-9ecc-9ccf37e349a9,1lyu1KKwC74,completed,0,,2025-07-07T17:40:09.996Z,2025-07-07T17:40:19.107Z
c14af58b-4248-4f9d-bfb2-4275466988b9,vc48ITjETAk,completed,0,,2025-07-07T17:40:20.530Z,2025-07-07T17:40:29.142Z
8e93811a-be43-4b81-829f-b07d77b21b65,TPS4LOkss1Y,completed,0,,2025-07-07T17:48:31.047Z,2025-07-07T17:48:40.334Z
517c30b8-2cdf-4d08-9459-8f1ded24d065,33bc3ReYKh0,completed,0,,2025-07-07T18:06:15.943Z,2025-07-07T18:06:24.919Z
57cd442e-aea9-4da1-9b7d-f2015c3e30c8,2QUpfDq7qI0,completed,0,,2025-07-07T18:21:52.609Z,2025-07-07T18:22:00.905Z
4076e12e-cab4-4078-8816-136c75a561b2,fOT0BUpITw8,completed,0,,2025-07-07T18:41:38.911Z,2025-07-07T18:41:47.751Z
e262f0a8-8f30-43aa-813f-b9c169233138,kDhptBT_-VI,completed,0,,2025-07-07T18:41:50.594Z,2025-07-07T18:41:58.766Z
bf2b99c1-ba8d-4e50-98b6-b6740c9bdfda,hFCjGiawJi4,completed,0,,2025-07-07T18:42:00.510Z,2025-07-07T18:42:09.409Z
81a7ba3b-792b-4753-9d5a-b1ebf75946bb,JqJBIPE5Trk,completed,0,,2025-07-07T18:44:21.225Z,2025-07-07T18:44:30.559Z
e29155cc-cbd5-4339-8f2e-86790826aeeb,4QIZE708gJ4,completed,0,,2025-07-07T18:46:12.328Z,2025-07-07T18:46:21.726Z
f951c816-dda6-44bd-9a38-e8a63648f0f2,wXhTHyIgQ_U,completed,0,,2025-07-07T18:46:23.438Z,2025-07-07T18:46:33.068Z
f64e3b7e-6448-491a-a54d-5e60d068fc7a,LDP6cRSyStg,completed,0,,2025-07-07T18:46:34.735Z,2025-07-07T18:46:43.673Z
83df85f3-82d2-47e8-ad1f-d5485a950324,SC4xMk98Pdc,completed,0,,2025-07-07T18:46:45.331Z,2025-07-07T18:46:54.318Z
6d147517-f2fb-47ee-8af8-af9e2d2af1e5,uKiF-UMnB9A,completed,0,,2025-07-07T18:46:55.988Z,2025-07-07T18:47:05.212Z
67d1ae03-ed70-4793-9e43-a9a48a6ee02a,f9Q80Zr0sPg,completed,0,,2025-07-07T18:47:06.809Z,2025-07-07T18:47:15.200Z
ff649868-e285-47ac-a6cb-3af03bf5bc45,Q07mFwhKR0s,completed,0,,2025-07-07T19:12:58.429Z,2025-07-07T19:13:06.587Z
ea1bb26e-d842-4bd3-8ac0-43cfc55bda02,W20gcM6_UtQ,completed,0,,2025-07-07T19:14:48.435Z,2025-07-07T19:14:57.389Z
fe668754-dbba-4a57-8e1e-775ef7c2eecd,AheqpcOwNP4,completed,0,,2025-07-07T19:37:25.555Z,2025-07-07T19:37:34.748Z
3dd27b87-1333-4d1c-acee-cb8ab07d27b1,6YTRgp-t9Tk,completed,0,,2025-07-07T19:37:51.475Z,2025-07-07T19:38:01.176Z
f43f2da4-5594-4dae-9119-395d146a67e7,eK5gPcFjQps,completed,0,,2025-07-07T19:41:48.090Z,2025-07-07T19:41:57.276Z
6025166f-1d0c-4ece-aea0-19c2fe76ff0c,lUPltG1hb3k,completed,0,,2025-07-07T19:50:50.063Z,2025-07-07T19:50:59.285Z
d32fe813-a565-468c-b3b3-60742a0ddb38,Foh01tG09Nk,completed,0,,2025-07-07T19:51:16.044Z,2025-07-07T19:51:25.499Z
6ee791b4-863b-4d4d-a01f-741fecb995ac,L53gjP-TtGE,completed,0,,2025-07-07T20:04:17.916Z,2025-07-07T20:04:25.962Z
2c609e59-6585-4e5c-95a0-8b2497456159,6vx5qrhShlM,completed,0,,2025-07-07T20:11:29.758Z,2025-07-07T20:11:38.649Z
07421516-c439-4aae-b74c-7c3bd52f29e4,WIbxDToBgVM,completed,0,,2025-07-07T20:11:55.414Z,2025-07-07T20:12:04.496Z
b1e16892-ebcf-4cfd-8b9a-32e11cc5c433,kO2pN1ECIR4,completed,0,,2025-07-07T20:12:16.261Z,2025-07-07T20:12:25.645Z
8b4c3341-2c93-496b-8d8d-d15cf43d7687,A5Unc2-wFi4,completed,0,,2025-07-07T20:12:27.309Z,2025-07-07T20:12:35.090Z
6c853fe1-958d-4ab0-abf7-8618c17eaab5,ncslLiMZNEk,completed,0,,2025-07-07T20:19:02.114Z,2025-07-07T20:19:10.407Z
bc90947b-1427-444b-8c6d-6adf6327d55e,tAGnKpE4NCI,completed,0,,2025-07-07T20:20:37.253Z,2025-07-07T20:20:47.563Z
f1126371-e0f2-405a-9a5b-c47e2eff6486,oOiVVRdpR-M,completed,0,,2025-07-07T20:27:54.687Z,2025-07-07T20:28:03.409Z
a8a1d902-4b91-46fa-81c6-285aa936fc15,r9iYyqr6ibs,completed,0,,2025-07-07T20:28:15.222Z,2025-07-07T20:28:24.737Z
e33c7dc3-4bf0-43f0-a63e-0cde9b4e157d,-NuX79Ud8zI,completed,0,,2025-07-07T20:41:32.326Z,2025-07-07T20:41:42.283Z
b9172d17-26a4-40c5-931f-630f5bcd7c58,c77oOkvCFjo,completed,0,,2025-07-07T20:49:59.529Z,2025-07-07T20:50:08.118Z
abb67f6c-1a2e-486c-8cf2-74fba3da1236,K16fG1sDagU,completed,0,,2025-07-07T20:50:10.430Z,2025-07-07T20:50:19.095Z
c8210019-deb3-4993-af8e-60724fdfb123,wfz2fUd-8Tw,completed,0,,2025-07-07T20:50:20.784Z,2025-07-07T20:50:28.678Z
58e44b8c-5bc2-4dfe-b203-fc294f81477c,lVB8ZdL2gVU,completed,0,,2025-07-07T20:50:31.731Z,2025-07-07T20:50:40.007Z
80822123-3d90-464a-beb7-04fb9df6f83b,bbVZo4Yw7pI,completed,0,,2025-07-07T21:02:27.366Z,2025-07-07T21:02:37.257Z
77125e82-9386-4167-8b0e-c63fd9b8b9bf,l_-v1fNdSHs,completed,0,,2025-07-07T21:02:39.086Z,2025-07-07T21:02:48.243Z
86a524ba-866b-4390-baf3-6d4f5778a735,Ly6ZhQVnVow,completed,0,,2025-07-07T21:16:00.731Z,2025-07-07T21:16:14.630Z
7b85811d-909a-4b4c-a22c-7be507a56ee2,PD-MdiUm1_Y,completed,0,,2025-07-07T21:16:16.301Z,2025-07-07T21:16:26.386Z
564f0313-0f4c-46fb-a653-a8a6a99bd7f0,Xn599R0ZBwg,completed,0,,2025-07-07T21:18:18.192Z,2025-07-07T21:18:27.704Z
c8ddcc28-4d43-40d9-84e3-a6d11186c745,VAdGW7QDJiU,completed,0,,2025-07-07T21:48:21.361Z,2025-07-07T21:48:30.342Z
0f55cc72-4c6f-4603-91b6-d740e1e7dd70,ZVVvJjwzl6c,completed,0,,2025-07-07T21:57:52.762Z,2025-07-07T21:58:02.101Z
b40f09b8-41e0-476a-bb9d-3fd0eaca82ba,Kq0M4miVjyw,completed,0,,2025-07-07T22:01:40.471Z,2025-07-07T22:01:49.635Z
29ff16bb-4810-4ad4-97b0-8cd5189345d6,8YzPH0idqMI,completed,0,,2025-07-07T22:02:06.345Z,2025-07-07T22:02:15.197Z
24003356-7031-4b12-a444-03781331cf44,gCYcHz2k5x0,completed,0,,2025-07-07T22:17:22.772Z,2025-07-07T22:17:31.343Z
0932c05f-07cb-450f-b372-afd8889b0a81,W0JpAU3yEdU,completed,0,,2025-07-07T22:26:33.571Z,2025-07-07T22:26:42.485Z
2e92a4a9-2a85-4b62-888c-d2c5c0eb4cb7,RKGbjJarMeA,completed,0,,2025-07-07T22:27:39.226Z,2025-07-07T22:27:48.454Z
647ba46e-9db3-4b92-8cb6-c0e9dbe94396,rLMr9CsJHME,completed,0,,2025-07-07T22:28:35.164Z,2025-07-07T22:28:44.835Z
174ef4e7-3bb8-4d50-b82f-375f7d8ad7f3,Gf7y0lSWecg,completed,0,,2025-07-07T22:31:01.711Z,2025-07-07T22:31:10.359Z
29ea7d14-fd88-4dad-888f-8252223d2734,X_npqHSEzts,completed,0,,2025-07-07T22:31:12.056Z,2025-07-07T22:31:20.562Z
5ea6780c-90cf-4c50-9f85-ebc1eb7113f2,Pz8Nd9FGjmU,completed,0,,2025-07-07T22:31:22.183Z,2025-07-07T22:31:31.265Z
fa77b450-f552-460b-bb12-5757c05ccd67,9aK7Av6iAf4,completed,0,,2025-07-07T22:31:32.940Z,2025-07-07T22:31:40.978Z
2d9b97b5-308f-46fd-a68a-d94b14ee06f4,Erk5ckEDPq8,completed,0,,2025-07-07T22:32:27.715Z,2025-07-07T22:32:36.619Z
815fd9ed-3233-444c-ba1b-1a316c69c853,ptzBYkzrL1o,completed,0,,2025-07-07T22:32:38.276Z,2025-07-07T22:32:45.005Z
e4737d8f-8a1d-417d-a0f4-e98b304354c4,M83_kZXwd5E,completed,0,,2025-07-07T22:32:46.659Z,2025-07-07T22:33:01.847Z
90cca7eb-1048-48cd-b997-3efe24c74be0,DM_AxC1R89o,completed,0,,2025-07-07T22:33:33.613Z,2025-07-07T22:33:43.089Z
c9a968a3-9a14-45ed-8caa-a4c41dd1d43c,Kyol8eFy9mw,completed,0,,2025-07-07T22:33:59.796Z,2025-07-07T22:34:08.253Z
231a8f57-230c-4407-a32d-f6d0b963d6ed,1woPGA9TvfQ,completed,0,,2025-07-07T22:40:50.336Z,2025-07-07T22:40:59.242Z
b98d2e0a-b672-4a72-9094-23b7c9dd76a0,9W3Kfv7EVVI,completed,0,,2025-07-07T23:01:47.280Z,2025-07-07T23:02:20.441Z
93be1191-cb49-4791-9d32-cb4ede91860d,SHW-4TWpKGU,processing,1,Client network socket disconnected before secure TLS connection was established,2025-07-07T23:03:53.154Z,2025-07-09T04:17:00.264Z
f57fd9d9-0701-41d9-a81e-69ee64225bbf,JAg9rshK0TE,completed,0,,2025-07-08T12:57:18.866Z,2025-07-08T12:57:27.794Z
5632e90c-cebf-4047-a68a-12f37cdd0f97,oG-DYGiCU_s,completed,0,,2025-07-08T12:57:30.373Z,2025-07-08T12:57:38.108Z
3294c409-5485-4e99-a722-026b68437721,uQZMaG1eO74,completed,0,,2025-07-08T12:57:39.824Z,2025-07-08T12:57:48.956Z
9220afc0-b813-44b7-b1a9-5e1745179853,-2RAq5o5pwc,completed,0,,2025-07-08T12:57:50.265Z,2025-07-08T12:57:58.313Z
6e21b3b9-d083-4749-b8cf-0d5f0e36c3a9,-8z20QJdYoQ,completed,0,,2025-07-08T12:57:59.604Z,2025-07-08T12:58:07.800Z
e2cc205b-0617-404c-baf0-efccbdf24401,yQOBUrRaPU0,completed,0,,2025-07-08T12:58:09.131Z,2025-07-08T12:58:17.252Z
1eb13185-e266-4ae3-831b-2a2e1a5c1dba,sUf2PtEZris,completed,0,,2025-07-08T12:58:11.302Z,2025-07-08T12:58:20.014Z
46bdde39-94a7-4b3b-985f-d4376fa902bf,vcaPiiFZu2o,completed,0,,2025-07-08T12:58:18.581Z,2025-07-08T12:58:27.339Z
391fd13d-7781-4cc0-a11b-86f966f4eb80,vLEek3I3wac,completed,0,,2025-07-08T12:58:21.325Z,2025-07-08T12:58:38.314Z
57a85795-f0fa-40f7-ba22-9caab8d3800f,Z9EbR0ckb40,completed,0,,2025-07-08T12:58:28.625Z,2025-07-08T12:58:36.780Z
a20d0a3b-fc0e-4b0c-af4d-2c8fcc668ee2,8wSZyRLjUnc,completed,0,,2025-07-08T12:58:38.148Z,2025-07-08T12:58:46.704Z
401624c4-b81f-4f65-930d-8c1a29f3ba4e,GAHtUidWuDA,completed,0,,2025-07-08T12:58:39.624Z,2025-07-08T12:58:46.792Z
8ef18724-1ce2-4075-9ea9-6df564cb6cd1,EXWOJvlDwbU,completed,0,,2025-07-08T12:58:48.069Z,2025-07-08T12:58:56.514Z
5a07dd7d-2f82-47e0-8e23-164053efc628,UrIiLvg58SY,completed,0,,2025-07-08T12:58:48.095Z,2025-07-08T12:58:57.679Z
49d11a4a-92d8-49a0-aff8-e661286ad078,62F4rAa-CK0,completed,0,,2025-07-08T12:58:57.830Z,2025-07-08T12:59:05.770Z
42d89b65-b61f-4dbb-8530-313e3c6c0512,Oe7AU05BuZ8,completed,0,,2025-07-08T12:58:58.969Z,2025-07-08T12:59:06.936Z
0d579459-8cc4-4b76-9775-759a59e55092,vbvyNnw8Qjg,completed,0,,2025-07-08T12:59:07.041Z,2025-07-08T12:59:14.807Z
9dcd8168-3f39-4227-82c6-be842970b448,FvAGXhZhXBs,completed,0,,2025-07-08T12:59:08.248Z,2025-07-08T12:59:17.757Z
8bbee6dc-a7ba-4ab0-ba57-c8e7dc831a4a,62EorspwLok,completed,0,,2025-07-08T12:59:16.136Z,2025-07-08T12:59:23.574Z
b6f008c6-a18e-46c6-9af9-d3686118816f,Qf0yWQzz0gM,completed,0,,2025-07-08T12:59:19.089Z,2025-07-08T12:59:27.583Z
dc6f4677-bc1c-4ed1-b45f-7bed641817ec,aSugSGCC12I,completed,0,,2025-07-08T12:59:24.908Z,2025-07-08T12:59:33.524Z
bd269042-8cb6-47d7-9bf0-49be003218a3,hXs1fWCgOW4,completed,0,,2025-07-08T12:59:28.868Z,2025-07-08T12:59:38.073Z
480028ce-b881-42d7-b4f5-ae509b4c94a3,yszisrGQsmY,completed,0,,2025-07-08T12:59:34.852Z,2025-07-08T12:59:47.020Z
c8d8b105-1e56-4562-9e87-9389a8e6600b,Eipq_IC7NYA,completed,0,,2025-07-08T12:59:39.383Z,2025-07-08T12:59:47.778Z
10c02186-a6dc-4c42-9e0d-9136d4419634,XbGs_qK2PQA,completed,0,,2025-07-08T12:59:48.356Z,2025-07-08T12:59:58.129Z
aa57d942-aec7-4034-8cd9-3401ea5d64b4,4NRXx6U8ABQ,completed,0,,2025-07-08T12:59:49.092Z,2025-07-08T12:59:57.400Z
4b012d69-1af8-45f4-9d88-30390efc0cdd,9KCtZ9r4OAw,completed,0,,2025-07-08T12:59:58.751Z,2025-07-08T13:00:06.762Z
156883f4-6892-4faa-b557-0d2856efcbb7,SxoTAvwCr4A,completed,0,,2025-07-08T12:59:59.431Z,2025-07-08T13:00:09.645Z
9bf32d3c-f474-44a7-97d7-6b800b07e6c9,oAVhUAaVCVQ,completed,0,,2025-07-08T13:00:08.070Z,2025-07-08T13:00:16.205Z
babdcfe8-4f5c-42e4-8f69-0a1e08244798,QGipx4ZRHwc,completed,0,,2025-07-08T13:00:10.985Z,2025-07-08T13:00:19.147Z
cbfa152b-b2ae-47fe-a06b-24651785d272,hjpF8ukSrvk,completed,0,,2025-07-08T13:00:17.561Z,2025-07-08T13:00:27.380Z
12bab26c-d727-4d23-a022-5f0be1a51ec4,58ozarMLIHM,completed,0,,2025-07-08T13:00:20.464Z,2025-07-08T13:00:28.852Z
93a7b3e1-9b81-4c54-85cf-ee34b1e019e3,0CGVgAYJyjk,completed,0,,2025-07-08T13:00:28.754Z,2025-07-08T13:00:37.783Z
0841dc2a-9156-4142-bda1-52de130f9117,kRm3FD_6Z8U,completed,0,,2025-07-08T13:00:30.409Z,2025-07-08T13:00:37.963Z
d17f2657-e869-48ad-8d2d-0da8792fb68b,eJO5HU_7_1w,completed,0,,2025-07-08T13:00:39.076Z,2025-07-08T13:00:46.636Z
5be160d3-9ca9-4cb6-81fd-51af9c4659ea,Fp5A8CXyS_E,completed,0,,2025-07-08T13:00:39.293Z,2025-07-08T13:00:47.536Z
7064731e-0d79-4b73-a361-b57a7bfdf836,k5KD7M5Ga-I,completed,0,,2025-07-08T13:00:48.001Z,2025-07-08T13:00:54.338Z
35f684a0-f44b-4eb8-bbc2-a09962faccb8,4_xdg9B8Id0,completed,0,,2025-07-08T13:00:48.950Z,2025-07-08T13:00:56.852Z
1ed8f0e6-1a92-41c5-bff3-8e185e0d4e06,W10Vof1acps,completed,0,,2025-07-08T13:00:56.670Z,2025-07-08T13:01:06.252Z
426cadc7-74f5-4519-933a-7ffac65c2e64,zV0LWDD3k5c,completed,1,,2025-07-08T13:00:58.186Z,2025-07-08T13:01:13.195Z
1c99d388-0262-425a-bba7-f15a6fa810fa,eDuRoPIOBjE,completed,0,,2025-07-08T13:01:07.592Z,2025-07-08T13:01:17.769Z
f0ca0aa0-72c2-4e78-8211-55935dd47f6b,SpRpfev01n0,completed,0,,2025-07-08T13:01:14.617Z,2025-07-08T13:01:23.987Z
57c36b6a-5a4d-4505-8148-290be197c311,hTWKbfoikeg,completed,0,,2025-07-08T13:01:19.096Z,2025-07-08T13:01:28.182Z
8a21559b-5c08-484c-91de-59eca01588f5,8aRor905cCw,completed,0,,2025-07-08T13:01:25.345Z,2025-07-08T13:01:33.626Z
20fa1a17-22cb-4140-80a6-ffb7407729a5,cxSzri346W0,completed,0,,2025-07-08T13:01:29.511Z,2025-07-08T13:01:38.958Z
7cc8c2c4-ea09-40ee-915c-b8493a3004d5,S7cQ3b0iqLo,completed,0,,2025-07-08T13:01:35.045Z,2025-07-08T13:01:44.425Z
321549b9-1a82-4406-ac71-299668578f8a,WTJSt4wP2ME,completed,0,,2025-07-08T13:01:40.322Z,2025-07-08T13:01:49.198Z
c9ccc852-bbf1-403e-9bab-acd157241c6c,8PFN5XGQXW0,completed,0,,2025-07-08T13:01:45.759Z,2025-07-08T13:01:54.108Z
2d9e0ce2-4479-4cc2-84af-a08c25459a90,DOExG4HIZu4,completed,0,,2025-07-08T13:01:50.603Z,2025-07-08T13:02:00.095Z
bd3fdbd2-9858-4f9f-acf6-c08f2c07ef16,s5yRZOQ3EWI,completed,0,,2025-07-08T13:01:55.472Z,2025-07-08T13:02:03.963Z
d7e795a0-e023-4271-bb41-da4d224f1476,WbjyfvaH7Ko,completed,0,,2025-07-08T13:02:01.436Z,2025-07-08T13:02:09.113Z
9456a31f-92be-48b7-bf4e-ec3d5165c245,A8UWMFV7ONE,completed,0,,2025-07-08T13:02:05.335Z,2025-07-08T13:02:13.187Z
3f72ebb1-e78f-472e-8497-50e8692d0c01,Nq_AOktdhts,completed,0,,2025-07-08T13:02:10.645Z,2025-07-08T13:02:18.800Z
df6e8537-dac5-48a5-aba1-71a07584ea73,e2QKlmMT8II,completed,0,,2025-07-08T13:02:14.511Z,2025-07-08T13:02:23.449Z
afabb8dc-3049-4b4d-9c91-ff93e0c5cfb5,tU3p6mz-uxU,completed,0,,2025-07-08T13:02:20.120Z,2025-07-08T13:02:28.509Z
d5adf49c-2540-49f9-90cc-7fe79e9e6e82,zVjVqKoS9QU,completed,0,,2025-07-08T13:02:24.756Z,2025-07-08T13:02:33.201Z
a16dd527-f425-4d6a-a975-34bf8fb26e9f,xaOtiz1K9-w,completed,0,,2025-07-08T13:02:29.842Z,2025-07-08T13:02:38.998Z
23863d85-14c7-4994-a4a0-08f1aa4e8b2c,CL13X-8o4h0,completed,0,,2025-07-08T13:02:34.507Z,2025-07-08T13:02:43.060Z
817fd45c-a3cb-461e-b180-e7558d120b59,3jlrjb9XY_Y,completed,0,,2025-07-08T13:02:40.309Z,2025-07-08T13:02:48.662Z
b6ea2861-13d4-4c86-ba90-b40cbade7f8e,22tVWwmTie8,completed,0,,2025-07-08T13:02:44.355Z,2025-07-08T13:02:52.471Z
45468b06-ab4e-49e7-b7a8-ff563dd80da8,ZAf-oiqQhmc,completed,0,,2025-07-08T13:02:50.016Z,2025-07-08T13:02:57.905Z
77af343f-d32b-431b-b48e-31af121b90a1,IXdNnw99-Ic,completed,0,,2025-07-08T13:02:53.805Z,2025-07-08T13:03:01.416Z
71f06aa9-3c61-48dd-bf1d-4d3b7ea3df66,we9jeU76Y9E,completed,0,,2025-07-08T13:02:59.247Z,2025-07-08T13:03:07.445Z
152dd2ff-e4d1-4abc-9284-660a9b465467,UelDrZ1aFeY,completed,0,,2025-07-08T13:03:02.866Z,2025-07-08T13:03:11.946Z
82f3e8c9-8f5d-4389-9f2a-889be7b3267c,u5Qx5vJDNp8,completed,0,,2025-07-08T13:03:08.834Z,2025-07-08T13:03:16.386Z
ad5bee63-2eb5-417d-89fd-84a7b37cf4a9,jxvzopwA9_g,completed,0,,2025-07-08T13:03:13.270Z,2025-07-08T13:03:21.650Z
1f9ba92f-b27d-4cd8-8bb7-a8b43c580036,8yvGCAvOAfM,completed,0,,2025-07-08T13:03:17.748Z,2025-07-08T13:03:26.483Z
d20c1b56-6638-42b0-97bf-3059579de5d9,mk48xRzuNvA,completed,0,,2025-07-08T13:03:23.004Z,2025-07-08T13:03:32.072Z
1574207f-8142-4236-b60f-578b96b87048,5dWeeUIZFgA,completed,0,,2025-07-08T13:03:27.816Z,2025-07-08T13:03:35.794Z
2b5730fc-69c1-42d3-ba11-43de9ad1364a,j5-yKhDd64s,completed,0,,2025-07-08T13:03:33.447Z,2025-07-08T13:03:41.621Z
7f9f2fe6-da45-4850-a3a8-501addebf3ff,ZU1K8vgl4sw,completed,0,,2025-07-08T13:03:37.090Z,2025-07-08T13:03:44.265Z
22035a97-e813-4c36-9f64-b90d0698f4ab,g866s6O88QM,completed,0,,2025-07-08T13:03:42.910Z,2025-07-08T13:03:51.329Z
beb164c1-2e1e-4eae-b7cb-aa4d99b90e90,L1xwUKxpdJg,completed,0,,2025-07-08T13:03:45.567Z,2025-07-08T13:05:08.537Z
4eccb5ca-6f0b-4c3f-9e94-61ac95e6fdf5,gxEPV4kolz0,completed,0,,2025-07-08T13:03:52.660Z,2025-07-08T13:04:01.879Z
f498aa7e-4e5c-445b-9bba-2ddfdb621080,NttlPwNKd_M,completed,0,,2025-07-08T13:04:03.309Z,2025-07-08T13:04:12.021Z
6197ea12-ac5b-4116-ac86-170160c5d99b,_T_SIDKGRjs,completed,1,,2025-07-08T13:04:13.400Z,2025-07-08T13:04:28.815Z
04f3bb9f-2075-4cf5-bdae-b20164874961,tGiswx0TfEw,completed,0,,2025-07-08T13:04:30.235Z,2025-07-08T13:04:37.812Z
165845ff-9151-45d6-ae4b-2ce41131bd71,6jz5-4Fv510,completed,0,,2025-07-08T13:04:39.136Z,2025-07-08T13:04:48.440Z
8eab6a01-77e3-4e78-bd6c-775a87669c1f,BwM5DOG__OQ,completed,0,,2025-07-08T13:04:49.790Z,2025-07-08T13:04:57.938Z
dad77b27-1d83-4d56-be01-49e9f4e73612,XsOPuQ9Z7Eo,completed,0,,2025-07-08T13:04:59.374Z,2025-07-08T13:05:08.188Z
5c41d1ac-d1b2-4034-bc41-ca305256a213,uJmLJAdP00c,completed,0,,2025-07-08T13:05:09.541Z,2025-07-08T13:05:18.022Z
a6d15a63-52fc-41e0-afc1-15b67999c249,xaVXrDnQRKM,completed,0,,2025-07-08T13:05:09.946Z,2025-07-08T13:05:18.642Z
35990ea7-0741-4f61-88c4-97dc1a349965,S3wRnESaK_w,completed,0,,2025-07-08T13:05:19.477Z,2025-07-08T13:05:27.986Z
d180112b-0265-4cf7-862e-5f302ecb57e7,a4pi2zKbf8Q,completed,0,,2025-07-08T13:05:20.167Z,2025-07-08T13:05:29.790Z
3aa8b421-e245-499e-aec7-21e7bcb83ddb,Hpkt2hZOMFs,completed,0,,2025-07-08T13:05:29.437Z,2025-07-08T13:05:37.793Z
9ff579d3-d530-4a42-aaf5-95713f76ae30,WPiEbYSF9kE,completed,0,,2025-07-08T13:05:31.257Z,2025-07-08T13:05:40.379Z
6991ada3-af99-44ef-bf60-3bf419e8322d,HyHNuVaZJ-k,completed,0,,2025-07-08T13:05:39.249Z,2025-07-08T13:05:47.529Z
8e63f8d1-db60-411c-8a47-7c2a4020255c,qMKP-hy6TNU,completed,0,,2025-07-08T13:05:41.830Z,2025-07-08T13:05:49.919Z
69d2c09e-db5d-4efc-90d6-21d625c0426b,yrRkVNVboFs,completed,0,,2025-07-08T13:05:48.946Z,2025-07-08T13:05:56.298Z
17c72348-12af-42fe-b49d-79bee72fc00e,eBG7P-K-r1Y,completed,0,,2025-07-08T13:05:51.379Z,2025-07-08T13:06:00.950Z
a4c31ec4-5611-4646-86e3-a3baec616ed4,xbsZXZy3hpo,completed,0,,2025-07-08T13:05:57.725Z,2025-07-08T13:06:06.717Z
e9725851-fa67-4b3d-a23b-0d1488ffa22b,xFYQQPAOz7Y,completed,0,,2025-07-08T13:06:02.416Z,2025-07-08T13:06:12.527Z
7b6c1c1e-e682-4b2d-81c9-abdf64e94eba,yGJfpTRL_Sw,completed,0,,2025-07-08T13:06:08.236Z,2025-07-08T13:06:16.536Z
8a705110-ebe9-49d0-a613-0ae11ddafa10,v5QH1wxP_lo,completed,0,,2025-07-08T13:06:13.991Z,2025-07-08T13:06:22.783Z
471df404-6dc3-4c2f-9955-3c948bdab1b0,LHQqqM5sr7g,completed,0,,2025-07-08T13:06:17.981Z,2025-07-08T13:06:27.055Z
7d0bd2cb-4600-4780-9890-bee0ffacd9d8,zVIPD_PUBbo,completed,0,,2025-07-08T13:06:24.237Z,2025-07-08T13:06:32.418Z
f99d3912-5859-49e9-a32f-9c138af16f7a,zTNKGEh8Has,completed,0,,2025-07-08T13:06:28.591Z,2025-07-08T13:06:37.149Z
dd3373d5-e65c-46ad-a487-bfc7a3353619,hII0JXUJNDo,completed,0,,2025-07-08T13:06:33.912Z,2025-07-08T13:06:42.035Z
1574a695-51db-4d54-bc4c-d406c866446a,XhOjIbWwjz0,processing,0,,2025-07-08T13:06:38.609Z,2025-07-08T13:06:38.609Z
3c130874-3989-4db8-85ee-d9d1d6159090,vsWxs1tuwDk,completed,0,,2025-07-08T13:06:43.452Z,2025-07-08T13:06:52.314Z
d3d7a22a-e6be-4087-98fa-cb790e7a9ed4,XjhTHQhJLxs,completed,0,,2025-07-08T13:06:53.791Z,2025-07-08T13:07:02.478Z
ca4889d9-5bec-4f4a-a1e9-72f32e1477ae,6M6samPEMpM,completed,0,,2025-07-08T13:07:03.927Z,2025-07-08T13:07:14.151Z
208f85df-c612-4143-b15b-84b9d5421586,Fs2nhFBVrd4,completed,0,,2025-07-08T13:07:15.633Z,2025-07-08T13:07:23.705Z
93a14273-4054-47e0-97cb-c0a61ee9b4c2,bnVUHWCynig,completed,0,,2025-07-08T13:07:25.200Z,2025-07-08T13:07:33.984Z
671b3897-4e58-482e-b81a-4d8ff0c2272a,LK7-_dgAVQE,completed,0,,2025-07-08T13:07:35.413Z,2025-07-08T13:07:44.134Z
e2e3c205-c08f-4023-a56b-8fd928d43216,CN5hQOI__10,completed,0,,2025-07-08T13:07:45.581Z,2025-07-08T13:07:54.098Z
7b7a3f12-4ba4-4ab1-bb2d-371f2a9f0bda,sUJkCXE4sAA,completed,0,,2025-07-08T13:07:55.571Z,2025-07-08T13:08:03.906Z
7353f881-1b4a-4a8e-8ca5-ef8e5dcf31cc,SsmVgoXDq2w,completed,0,,2025-07-08T13:08:05.402Z,2025-07-08T13:08:14.280Z
430765d3-f9b5-4eb6-a9e8-501f121de6d6,VysskIC04u0,completed,0,,2025-07-08T13:08:15.747Z,2025-07-08T13:08:24.802Z
40ef2f99-c821-4523-b321-80e3b175e3c4,TfKOFRpqSME,completed,0,,2025-07-08T13:08:26.251Z,2025-07-08T13:08:36.313Z
a17e3eff-099a-4718-8a12-95620040d089,6Ejga4kJUts,completed,0,,2025-07-08T13:08:37.783Z,2025-07-08T13:08:47.401Z
19d65ba1-8070-42a5-98ab-2ffc55e9a452,IrEFKJnl1H8,completed,0,,2025-07-08T13:08:48.850Z,2025-07-08T13:08:57.372Z
dcd5a150-7fc5-43a0-8687-7b58259c3160,Ch8peGAzCUU,completed,0,,2025-07-08T13:08:58.838Z,2025-07-08T13:09:08.483Z
ec86f7eb-9382-489c-aa38-cd480abee289,IZCJc2TNLB0,completed,0,,2025-07-08T13:09:09.861Z,2025-07-08T13:09:18.014Z
0b8f5596-fe9f-44fe-963c-9c5e00bee421,ZthNYozVwNM,completed,0,,2025-07-08T13:09:19.523Z,2025-07-08T13:09:28.467Z
88206322-5952-43af-ba76-06309e9bd296,G8gZWm6sW04,completed,0,,2025-07-08T13:09:29.907Z,2025-07-08T13:09:37.805Z
d58b58fa-0fc9-4a36-b762-f9243803e7a1,k0Ka-deab1s,completed,0,,2025-07-08T13:09:39.252Z,2025-07-08T13:09:48.959Z
9632f25d-badc-4cc5-905d-244763c7cbaa,Z8IRRphKFZA,completed,1,,2025-07-08T13:09:50.377Z,2025-07-08T13:10:04.782Z
6587bff1-8a5e-46a4-b5b7-7ec97ad94a1a,xKpzH5bxYsk,completed,0,,2025-07-08T13:10:06.273Z,2025-07-08T13:10:15.221Z
24bc8527-525c-458b-81d3-f0721e1735c8,nmcdLOjGVzw,completed,0,,2025-07-08T13:10:16.762Z,2025-07-08T13:10:25.452Z
43103547-f1c5-4200-b5ad-4149b35ca815,oNIIa6mpi10,failed,3,Video unavailable,2025-07-08T13:10:26.996Z,2025-07-08T15:20:59.703Z
056ed2ee-6293-4d08-91a6-96e3e1e4dcb4,UEZm0U6KrfY,completed,0,,2025-07-08T13:10:33.860Z,2025-07-08T13:10:42.743Z
6fe3f418-26b2-4cc1-9292-b5cdcc5f3f52,tYQ1Okyi3g4,completed,0,,2025-07-08T13:10:39.294Z,2025-07-08T13:10:48.435Z
d4856274-b782-4e7c-bfff-f8b63cae1664,tzVJPgCn-Z8,completed,0,,2025-07-08T13:19:00.365Z,2025-07-08T13:19:11.084Z
127bcb29-1f68-448b-a7c6-6225486f3795,RvV3nn_de2k,completed,0,,2025-07-08T13:22:09.679Z,2025-07-08T13:22:18.990Z
4eaf26b1-e16d-41c2-a93e-10d47f2744da,eVli-tstM5E,completed,0,,2025-07-08T13:33:55.424Z,2025-07-08T13:34:05.511Z
9bf1381f-01f1-4d81-807a-e82336c2d776,Djrl6fu8myo,completed,0,,2025-07-08T13:36:51.701Z,2025-07-08T13:37:01.981Z
8eea21ea-34b5-48a1-a8f5-ec71844b909c,VuNIsY6JdUw,completed,0,,2025-07-08T13:37:53.599Z,2025-07-08T13:38:03.582Z
8dd8df8f-41f9-4b7e-8aaf-b9e0b39b7f4b,3gCvRrF5SA4,completed,0,,2025-07-08T13:56:26.496Z,2025-07-08T13:56:35.400Z
e364030d-3d7b-4624-8e2c-8c049128eb9d,79DijItQXMM,completed,0,,2025-07-08T14:25:48.707Z,2025-07-08T14:25:57.400Z
b7fabaa1-1d6c-4c94-a374-b614962dffaa,k1-TrAvp_xs,completed,0,,2025-07-08T14:27:18.806Z,2025-07-08T15:20:52.527Z
2fea21eb-3a1f-4024-93f6-487f91bb6895,cWc7vYjgnTs,completed,1,,2025-07-08T14:27:36.655Z,2025-07-08T15:21:09.477Z
2b414571-72e9-4bc2-9a27-e3f40d3f0414,s-TwMfgaDC8,completed,0,,2025-07-08T14:27:50.387Z,2025-07-08T15:20:42.436Z
7f7291e0-06cb-4603-a6f4-21c5ee653aca,elhj2BUveiE,completed,0,,2025-07-08T14:28:01.990Z,2025-07-08T15:20:39.130Z
28eea781-55ea-469c-b3f8-e7b43da7f9d2,oH1BAWsLUAo,completed,0,,2025-07-08T14:53:40.016Z,2025-07-08T15:20:42.152Z
c640461f-db36-414e-836c-b0b93ffb6dee,WE_W3RJW0I8,completed,0,,2025-07-08T14:54:55.779Z,2025-07-08T15:20:52.514Z
b4554c61-97ba-412e-8ab7-f0253d3482b5,vBy7FaapGRo,completed,0,,2025-07-08T15:00:37.750Z,2025-07-08T15:00:47.215Z
7d751567-7242-4255-acae-ed8b84cdf340,Fvxk28R75Fg,completed,0,,2025-07-08T15:23:21.317Z,2025-07-08T15:23:31.430Z
19838df5-a2f1-48eb-b1f5-364f3f8cbff0,7RN5p482X50,completed,0,,2025-07-08T15:23:25.922Z,2025-07-08T15:23:35.441Z
fcdf0469-2364-4ad9-9c07-da48e2574a70,rxgsIzsOFGE,completed,0,,2025-07-08T15:23:26.061Z,2025-07-08T15:23:34.978Z
3273b8a2-853a-4eab-a555-79142c338df7,YdGad64abWM,completed,0,,2025-07-08T15:23:51.439Z,2025-07-08T15:24:01.183Z
6b197c0d-ca5d-45d1-80b8-a95effc2ab2e,tn9D7O_-j7o,completed,0,,2025-07-08T15:24:01.938Z,2025-07-08T15:24:10.476Z
bc4d9068-9d0a-4bf1-9916-e66d2bba9084,B9VIH89musE,completed,0,,2025-07-08T15:24:46.984Z,2025-07-08T15:24:57.513Z
316357d0-fa87-4b5c-95e0-a41736e1c6db,LXludHqbWg4,completed,0,,2025-07-08T15:24:52.695Z,2025-07-08T15:25:01.953Z
e7afd6c3-5ecd-44eb-860e-8e37ba25978b,oEauWw9ZGrA,completed,0,,2025-07-08T15:26:43.061Z,2025-07-08T15:26:52.577Z
40509bab-b0d0-4387-9e4c-40ee078aedbe,yd8jh9QYfEs,completed,0,,2025-07-08T15:26:58.619Z,2025-07-08T16:18:55.121Z
33f44a15-c015-48bf-80a5-d990850c4178,C-6Ti7Q_bnI,completed,0,,2025-07-08T15:31:04.763Z,2025-07-08T15:31:14.471Z
bbcb9e50-9857-4b14-a7a3-76a9543d51f1,_wnQ3Ow02yQ,completed,0,,2025-07-08T15:31:04.773Z,2025-07-08T15:31:14.693Z
a239f4af-3919-4dcb-ba8e-fc40d2862811,fFuzXwNScJU,completed,0,,2025-07-08T15:31:19.802Z,2025-07-08T15:31:28.754Z
0a074d20-e93c-4aaf-8fda-e32ddcfc7a21,b5pCa2OcqIA,completed,1,,2025-07-08T15:31:21.048Z,2025-07-08T15:31:38.202Z
71d9937b-f550-4d12-b03e-b8f22119f909,9cm8duEzi3A,completed,0,,2025-07-08T15:32:11.230Z,2025-07-08T15:32:20.813Z
d2364c0f-cfa5-4de4-9504-f9cebc9aca31,EvOABOa3IrU,completed,0,,2025-07-08T15:32:14.746Z,2025-07-08T15:32:24.652Z
56eab7aa-51e1-48ca-b8b3-63b2a068926b,_lK4cX5xGiQ,completed,0,,2025-07-08T15:32:57.386Z,2025-07-08T15:33:07.868Z
53277208-9447-4417-a834-6bfab3f46b6c,cBtjSHm3ZH0,completed,0,,2025-07-08T15:33:39.371Z,2025-07-08T15:33:48.607Z
91456b81-0973-45ca-adf9-e5ba045bedf6,WRQU02k4LYI,completed,0,,2025-07-08T15:33:50.054Z,2025-07-08T15:33:59.819Z
787d65bb-7d46-48a8-9ca2-1f7a52678c32,lLAAFWQqKSs,completed,0,,2025-07-08T15:34:06.203Z,2025-07-08T15:34:15.422Z
b66074ea-3b09-4aa8-a732-aa2752d12520,agQ23NdBROY,completed,0,,2025-07-08T15:34:26.875Z,2025-07-08T15:34:36.487Z
253b2391-9681-4bbf-a2c6-830d97415809,04Kx4TigRyQ,completed,0,,2025-07-08T15:34:45.517Z,2025-07-08T15:34:54.795Z
59e85138-6f5b-4c23-a436-e98f2adb8bf0,n3z7oBkRb8E,completed,0,,2025-07-08T15:35:01.267Z,2025-07-08T15:35:10.370Z
4aab03ad-62a7-4926-8e27-b007e432e8d6,HFuu0vZBb7g,completed,0,,2025-07-08T15:35:21.853Z,2025-07-08T15:35:31.652Z
404f671f-5cce-4aa9-bf5b-93b1f44cab7c,JAYb8ZyjzD0,completed,0,,2025-07-08T15:35:36.456Z,2025-07-08T15:35:45.277Z
8327e2e1-f8c0-4899-914a-8ab4f74f01b3,0fAQhSRLQnM,completed,0,,2025-07-08T15:36:06.742Z,2025-07-08T15:36:17.099Z
62d50945-f441-4087-bab2-15d7cc03944b,9JE6rUwfckI,completed,0,,2025-07-08T15:36:18.139Z,2025-07-08T15:36:26.704Z
bce92255-75f9-4af9-bb96-454dfc851b8e,ZpdsUU5tihM,completed,0,,2025-07-08T15:36:28.042Z,2025-07-08T15:36:37.321Z
cdf458e4-802e-4944-a373-0318bfc45547,upODO6OuOOk,completed,0,,2025-07-08T15:36:48.210Z,2025-07-08T15:36:57.879Z
855821da-9f4e-4dfe-a5d5-2981248b2916,6AOpeXyk764,completed,0,,2025-07-08T15:37:08.582Z,2025-07-08T16:19:31.629Z
84d340be-59e7-4aa3-b3a9-d22959204f5c,OPVN-Uu0okc,failed,3,Video unavailable,2025-07-08T15:37:17.483Z,2025-07-08T15:37:29.552Z
2f499f75-054a-47d3-9aec-af42ba5f8dd7,43S_qfT6vpo,completed,1,,2025-07-08T15:37:24.366Z,2025-07-08T15:37:38.125Z
bc47b062-94a5-45c4-845d-755dee1d5b28,1D3tSv9LQlE,completed,0,,2025-07-08T15:37:36.034Z,2025-07-08T15:37:45.282Z
4d8a5374-9396-4847-96eb-a48ecab53438,yCauL76IjJE,completed,0,,2025-07-08T15:37:44.573Z,2025-07-08T15:37:53.401Z
d79c8d6c-9e5b-46b3-a670-429d212df719,97Mj6pXYMd8,completed,0,,2025-07-08T15:37:51.736Z,2025-07-08T15:38:00.827Z
63c62680-3236-4234-ae9c-d918014a8e7c,mHONNcZbwDY,completed,3,,2025-07-08T15:38:17.010Z,2025-07-08T15:38:39.406Z
a260d095-1964-418f-8df4-e07da6539ed7,LyA1GL1touw,completed,1,,2025-07-08T15:38:24.897Z,2025-07-08T15:38:38.474Z
4cfd0004-61c9-4f49-bf79-8021db78fbed,FTQbiNvZqaY,completed,0,,2025-07-08T15:38:52.392Z,2025-07-08T15:39:02.263Z
a485b085-2b02-4765-b90d-0f5bd144f470,LKZ3fGR2SDY,completed,0,,2025-07-08T15:39:09.981Z,2025-07-08T15:39:21.595Z
b9fe9767-d982-4cc9-8e26-cead5ef3bde0,NF-kLy44Hls,completed,0,,2025-07-08T15:39:18.728Z,2025-07-08T15:39:29.015Z
d096b255-96cc-4c81-9be4-19f732884f52,3xOYu05CKuI,completed,0,,2025-07-08T15:39:48.090Z,2025-07-08T15:39:57.603Z
88c353bf-a6ee-4886-908b-e8beb4e3eefe,3TtEay45sE8,completed,0,,2025-07-08T15:40:25.519Z,2025-07-08T15:40:34.852Z
de9ebe27-cb78-4189-b0e6-9dc09f54e4a0,JRfuAukYTKg,completed,0,,2025-07-08T15:41:05.991Z,2025-07-08T15:41:15.802Z
c1d1f4d8-4f36-4952-9cfb-9355f36a3f5d,rLRq309ffcU,completed,0,,2025-07-08T15:41:29.132Z,2025-07-08T15:41:38.797Z
433ec023-aeb5-43ba-a78e-44b84c53b0d3,byxFUKxhT3s,completed,0,,2025-07-08T15:41:37.259Z,2025-07-08T15:41:47.341Z
1ccaf02b-99f7-47cc-9422-bafbb2a2b6d1,VI4ssGtfdxw,completed,0,,2025-07-08T15:41:48.844Z,2025-07-08T15:41:57.216Z
2871457f-0282-4c78-a6f4-40554dea2e14,MKyj6lYHfT8,completed,0,,2025-07-08T15:41:55.331Z,2025-07-08T15:42:04.569Z
46565252-ee5f-4ee3-81fa-93e310c14f71,cE6wxDqdOV0,completed,0,,2025-07-08T15:42:01.399Z,2025-07-08T15:42:11.989Z
5a3ebe02-615e-43c8-a13d-cb0a95b9d7f9,FSOz83aPO28,completed,0,,2025-07-08T15:42:11.004Z,2025-07-08T15:42:22.879Z
ecb271d6-8dcb-4977-a828-2792fd537448,7F5MKaJMxDc,completed,0,,2025-07-08T15:42:18.425Z,2025-07-08T15:42:28.068Z
e95f96f5-f9c7-40a9-8adf-a8f454d62bb6,IOTrFaElipE,completed,0,,2025-07-08T15:42:18.767Z,2025-07-08T15:42:27.622Z
34e0b948-6532-483d-af31-b5564dddc686,1jGWfVXtwd4,completed,0,,2025-07-08T15:42:24.334Z,2025-07-08T15:42:32.902Z
7ae40c90-79e7-46d5-b732-6ba8cc172a71,STugQ0X1NoI,completed,0,,2025-07-08T15:42:29.082Z,2025-07-08T15:42:38.230Z
9bf104d9-d24b-4b0f-9706-e90fdf8d8f4e,oPiEzDELhLI,completed,0,,2025-07-08T15:42:29.461Z,2025-07-08T15:42:38.629Z
61e05057-3266-48f5-b7dd-b4b69b3e209e,13rDiWwD3qM,completed,0,,2025-07-08T15:42:54.400Z,2025-07-08T15:43:04.443Z
5162dbd6-b539-4071-94ad-331643b15153,I0SVd_Q5wIg,completed,0,,2025-07-08T15:43:04.662Z,2025-07-08T15:43:15.020Z
75196779-9dff-4936-9699-7b535fe3c1f8,gIlbZAP8ASQ,completed,0,,2025-07-08T15:43:35.080Z,2025-07-08T15:43:44.774Z
dd5fefb6-3aad-4ada-bdab-2c8b37e3a77f,fnWypQz6X2U,completed,0,,2025-07-08T15:44:41.522Z,2025-07-08T15:44:51.076Z
8ab77bc2-a752-486b-b112-de12042a75a5,w8KQmps-Sog,completed,0,,2025-07-08T15:44:51.004Z,2025-07-08T15:45:00.715Z
64614dac-89ff-4f9a-98bb-48ee50f60fc1,JmcA9LIIXWw,completed,0,,2025-07-08T15:45:06.311Z,2025-07-08T15:45:15.857Z
640bf417-f8fa-4330-9c43-75a540f15e25,2ZBtPf7FOoM,completed,0,,2025-07-08T15:45:27.287Z,2025-07-08T15:45:36.667Z
a11a9c58-0406-451b-91f5-c6f02e3a5c42,nwNQexRDAf0,completed,0,,2025-07-08T15:46:47.608Z,2025-07-08T15:46:56.892Z
fad5c871-31e6-407e-b072-21f39e582aa6,0MxulhivCvI,completed,0,,2025-07-08T15:46:48.042Z,2025-07-08T15:46:57.868Z
945db5c6-d8fe-4b40-8c66-d663911bc141,P8yb2LQNXKY,completed,0,,2025-07-08T15:47:13.238Z,2025-07-08T15:47:22.835Z
2d781c5e-7976-487d-8567-36c35bfafbaa,NHb_BNA3fn8,completed,0,,2025-07-08T15:47:13.347Z,2025-07-08T15:47:22.579Z
ef7868c2-4cae-402f-a7ff-bda15d4ece4e,T-c82omcEn8,completed,0,,2025-07-08T15:47:19.343Z,2025-07-08T15:47:28.079Z
ccc8fe02-1291-456b-b096-87c82635c4b6,hBlB8RAJEEc,completed,0,,2025-07-08T15:47:39.002Z,2025-07-08T15:47:47.940Z
6984c740-2ab0-4909-9b1e-20b2ee01307f,tfWZaujLKrU,completed,0,,2025-07-08T15:48:04.348Z,2025-07-08T15:48:27.406Z
75c96aca-fa46-44b4-8cdb-fb44643ae1e7,lHEuivkC6Xo,completed,0,,2025-07-08T15:48:19.428Z,2025-07-08T15:48:28.825Z
5e6da95c-9e64-432d-a554-94761bf9b9dc,9Ht5RZpzPqw,completed,0,,2025-07-08T15:48:28.894Z,2025-07-08T15:48:38.462Z
6478294d-2e09-4cf9-a46d-392866fc724b,EDnIEWyVIlE,completed,0,,2025-07-08T15:48:44.588Z,2025-07-08T15:48:53.877Z
b49609db-79f6-4d29-882f-3b61010d786b,wLgbsEZn62c,completed,0,,2025-07-08T15:51:50.033Z,2025-07-08T15:51:58.576Z
9ac9ffc7-c08a-4119-b10f-d7cd13d99899,psuRGfAaju4,completed,0,,2025-07-08T15:52:05.021Z,2025-07-08T15:52:15.001Z
e4769e4a-312f-4e55-9920-68c9c4a768bd,h6ZNGddbzzw,completed,0,,2025-07-08T15:52:05.494Z,2025-07-08T15:52:15.281Z
4ebf7214-bfad-4be4-8466-6ac73a2ba4ca,_XgDoDwXMWs,completed,0,,2025-07-08T15:52:46.476Z,2025-07-08T15:52:55.308Z
be713e5f-fbba-455c-84a2-c1b83bb60a86,ZbZSe6N_BXs,completed,0,,2025-07-08T15:53:10.579Z,2025-07-08T15:53:19.943Z
3366f3b5-9911-43d7-9573-a6799968e11e,9PhtxqKLvVc,completed,0,,2025-07-08T15:53:21.464Z,2025-07-08T15:53:29.832Z
ee9e5eb2-5771-4e5c-b6c5-9418a4ebfb5a,roPiy2JydwA,completed,0,,2025-07-08T15:53:31.266Z,2025-07-08T15:53:40.453Z
52cbda99-c990-4b8c-b1fc-ce35596f0890,ja_ivz2w7XY,completed,0,,2025-07-08T15:53:31.788Z,2025-07-08T15:53:40.739Z
c48f9ef4-1d59-4643-aaff-d56392d322ac,z_EFWz-zlZs,completed,0,,2025-07-08T15:53:36.824Z,2025-07-08T15:53:46.748Z
e45e67d7-a701-4569-8871-22237b260361,Ty9Pcg3qrmU,completed,0,,2025-07-08T15:53:41.893Z,2025-07-08T15:53:51.065Z
7da85571-b432-4343-8490-2843a373a316,ABXtWqmArUU,completed,0,,2025-07-08T15:54:52.287Z,2025-07-08T15:55:01.663Z
deac6628-6077-43cd-9f7e-5595ab587e64,PFWtYcKb7C8,completed,0,,2025-07-08T15:55:42.617Z,2025-07-08T15:55:51.261Z
14707dea-d9c0-403e-a728-8ef2caa2b879,QAgAH-vAPIA,completed,0,,2025-07-08T15:56:07.703Z,2025-07-08T15:56:15.226Z
057c7292-5c8f-4231-a0f0-cf180f3d286e,-0WNbm1jz6A,completed,0,,2025-07-08T15:56:13.358Z,2025-07-08T15:56:22.421Z
fbbd39e3-83af-4506-a0c4-68f4557a0f2e,uRomxnUILDc,completed,0,,2025-07-08T15:57:18.714Z,2025-07-08T15:57:26.937Z
eb3aeadc-f687-4b67-9984-29d37299d171,C2cMG33mWVY,completed,0,,2025-07-08T15:58:44.010Z,2025-07-08T15:58:54.222Z
c15624f0-a18a-433d-8886-cba59ccfff2b,tDl3bdE3YQA,completed,0,,2025-07-08T15:59:20.729Z,2025-07-08T15:59:30.385Z
91ab9385-a5d5-4841-8df6-bef9d88d481f,RsbJ5Qz_4pE,completed,0,,2025-07-08T15:59:23.544Z,2025-07-08T15:59:33.111Z
864795ea-06e1-4d67-a77a-475dcaa45d0d,PLplkTGpep8,completed,0,,2025-07-08T15:59:39.632Z,2025-07-08T15:59:47.457Z
45446ed2-b474-4989-8411-851a308dcdfc,CRXHXslEmNQ,completed,0,,2025-07-08T15:59:48.924Z,2025-07-08T15:59:58.090Z
7c194cd8-3661-4fa8-bd8d-9769c6de03fe,AJMWwtsgfv0,completed,0,,2025-07-08T16:00:01.863Z,2025-07-08T16:00:10.696Z
7074325c-6d83-4db6-a433-5942b9bab9f9,lWA2pjMjpBs,completed,2,,2025-07-08T16:00:09.532Z,2025-07-08T16:00:30.071Z
586fcaea-8f5f-4f12-99d8-ed582c28738b,fyaI4-5849w,completed,0,,2025-07-08T16:00:27.124Z,2025-07-08T16:00:36.557Z
846a9ea1-290f-4b20-afad-4758b987a1c5,Evc3b-HH5I0,completed,0,,2025-07-08T16:01:02.002Z,2025-07-08T16:01:14.547Z
badcbb3e-773a-4133-9081-bd17380732c7,vIUke0CCvDs,completed,0,,2025-07-08T16:01:58.082Z,2025-07-08T16:02:09.881Z
a20ead3a-4016-4228-820d-50378eae3c8a,_20BvG3H6DY,completed,0,,2025-07-08T16:03:06.130Z,2025-07-08T16:03:17.193Z
a3fe9ed5-774d-4833-a106-d76c78ed832d,wFgAE5SgFnw,completed,0,,2025-07-08T16:03:16.428Z,2025-07-08T16:03:25.735Z
fc1376cc-63b8-4f8e-ba40-da2aebb4680a,l0w2QVdflF0,completed,0,,2025-07-08T16:07:06.934Z,2025-07-08T16:07:15.941Z
1c6b0eba-c1a9-457d-9abb-cf42bbac7e24,WD5N0rTsulQ,completed,2,,2025-07-08T16:07:08.949Z,2025-07-08T16:07:32.714Z
bd1afe3d-a5e1-4196-9de7-002874ec7013,DhhCx7myQYE,completed,1,,2025-07-08T16:07:12.450Z,2025-07-08T16:07:30.236Z
313804a2-2e2a-433b-9623-d8f29b010a3c,yYV6vgVvjog,completed,1,,2025-07-08T16:07:17.338Z,2025-07-08T16:07:30.296Z
4f9ddaf9-2137-45fb-b66a-89a59e64740d,0sjBg8R2mxE,completed,0,,2025-07-08T16:07:31.694Z,2025-07-08T16:07:41.898Z
958f9eff-9dc2-4cd7-8fd5-1749b83ec7ba,LS3jrvhI6gc,completed,0,,2025-07-08T16:07:31.844Z,2025-07-08T16:07:40.752Z
d4bc8575-1b62-4277-9db2-fbafe3e65adc,Mn0WnPGM_eI,completed,0,,2025-07-08T16:07:39.192Z,2025-07-08T16:07:49.275Z
07b620fb-95ec-4a38-a6ea-ef87cb503036,gUUdQfnshJ4,completed,0,,2025-07-08T16:07:43.463Z,2025-07-08T16:07:53.736Z
88fb665f-466b-4e3b-a6b0-9e730a643ff6,DDt3u2Ev1cI,completed,0,,2025-07-08T16:08:07.193Z,2025-07-08T16:08:16.763Z
12f571c5-7fba-49c6-b028-20603b0124ee,2wMYpKRHUns,completed,0,,2025-07-08T16:08:15.233Z,2025-07-08T16:08:25.674Z
166237e5-48f7-43eb-a86f-2f4ab8c24fe1,pEvFdHB7Ttc,completed,0,,2025-07-08T16:08:20.787Z,2025-07-08T16:08:30.051Z
d8db0230-54c9-4a33-b346-be18608b2cf0,QmEsHVBPY6w,completed,0,,2025-07-08T16:08:41.503Z,2025-07-08T16:08:50.520Z
9854e484-350e-4ab9-9fb5-475af019f8ac,pkcJEvMcnEg,completed,0,,2025-07-08T16:09:13.311Z,2025-07-08T16:09:22.586Z
7ea3f9a6-a93e-43bc-ac11-c58a397b2ec2,qM0zINtulhM,completed,0,,2025-07-08T16:10:17.089Z,2025-07-08T16:10:27.522Z
50962909-3584-42bc-910c-197907c3ef4c,qc98u-eGzlc,completed,0,,2025-07-08T16:11:27.344Z,2025-07-08T16:19:34.368Z
4318f6f2-c07a-4920-9d8a-3f02c988e213,dbckIuT_YDc,completed,0,,2025-07-08T16:12:04.093Z,2025-07-08T16:19:20.653Z
64c07b64-628a-499a-a8cb-faf64ee912b7,wv6Zj830lKk,completed,0,,2025-07-08T16:12:09.639Z,2025-07-09T02:07:35.938Z
818c7704-c29e-4a02-b1b6-cc270af15e3c,Nco_kh8xJDs,completed,0,,2025-07-08T16:12:19.334Z,2025-07-08T16:18:36.142Z
9cbbfe3a-fd49-4e8c-acd0-573c6277a673,M97vR2V4vTs,completed,0,,2025-07-08T16:12:30.946Z,2025-07-08T16:19:42.689Z
d604f7ff-964d-40e5-86a7-0addd7ee7f1c,LiXYi-_MVa4,completed,2,,2025-07-08T16:14:45.353Z,2025-07-09T01:26:32.736Z
e4c5d158-dc74-478d-9781-c0f5e22698c4,aGCdLKXNF3w,completed,0,,2025-07-08T16:18:15.854Z,2025-07-08T16:18:26.670Z
998992ef-e292-49b5-9ea4-f22178c32d85,kWmArVBYQXk,completed,0,,2025-07-08T16:18:16.127Z,2025-07-08T16:18:25.955Z
4d056f55-bc40-4c2f-951f-75d29a8569ff,u1ZvPSpLxCg,completed,0,,2025-07-08T16:18:17.310Z,2025-07-08T16:18:27.189Z
3e4dbc39-7223-44a6-946c-434d58679b5c,VSXT4a2kRHA,completed,0,,2025-07-08T16:18:28.097Z,2025-07-08T16:18:37.332Z
f53e0bc4-f874-4d71-95b8-1fee0d9b9e58,p-CnWC5N_SM,completed,0,,2025-07-08T16:18:28.660Z,2025-07-08T16:18:37.405Z
b8404cfa-6b09-4597-998a-59e409c77d49,O5-c79LQ3aM,failed,3,Video unavailable,2025-07-08T16:18:38.802Z,2025-07-08T16:18:44.963Z
ecc5393c-572d-4bcc-be0e-202efc7c08e3,qU8UfYdKHvs,completed,0,,2025-07-08T16:18:38.852Z,2025-07-08T16:18:47.562Z
a8fe39cc-5d7b-4ee6-928a-54b99121442b,b00RCluE5RM,completed,0,,2025-07-08T16:18:46.385Z,2025-07-08T16:18:58.275Z
4c9a170e-f161-4e79-bd6c-1832e4ba254c,iIyrLRixMs8,completed,0,,2025-07-08T16:18:48.996Z,2025-07-08T16:18:58.722Z
60ea8276-4c41-4df6-8e15-67c0c02ca081,ntG50eXbBtc,completed,0,,2025-07-08T16:18:56.573Z,2025-07-08T16:19:05.345Z
620df8a5-189a-4b88-96a7-8fc1e7b7133c,NkAe30aEG5c,completed,0,,2025-07-08T16:18:59.717Z,2025-07-08T16:19:08.890Z
a50b6a91-9a38-406e-8591-62754ed4e177,Ye7FKc1JQe4,completed,0,,2025-07-08T16:19:00.211Z,2025-07-08T16:19:10.395Z
1ef51661-26f0-4584-86a2-81909ebed291,U4GXNzom6ik,completed,1,,2025-07-08T16:19:06.752Z,2025-07-08T16:19:24.329Z
1d62d904-7b92-48ae-b08e-8e9bd66f1511,yn7HXmzxqV8,completed,0,,2025-07-08T16:19:11.803Z,2025-07-08T16:19:21.418Z
f852899d-1c15-465d-aef5-5b53f57896a1,aGSKrC7dGcY,completed,0,,2025-07-08T16:19:22.092Z,2025-07-08T16:19:31.638Z
363b6d64-b27b-45ae-a609-f44ea87c1193,Bf_90qync1Q,completed,0,,2025-07-08T16:19:33.086Z,2025-07-08T16:19:41.965Z
4b9aed72-729b-4d85-97aa-d20ffc317c86,MzGnX-MbYE4,completed,0,,2025-07-08T16:19:35.788Z,2025-07-08T16:19:45.134Z
8c99a4da-4ff5-4401-b515-727720d7bf92,hlLCC_gF8QY,completed,0,,2025-07-08T16:19:43.406Z,2025-07-08T16:19:58.657Z
f7f86c7b-85a7-49fb-b69a-0a18071aca1f,AR8D2yqgQ1U,completed,0,,2025-07-08T16:19:44.095Z,2025-07-08T16:19:59.480Z
39d6621b-7ba6-42c6-88e2-febb5710ab3e,kPa7bsKwL-c,completed,0,,2025-07-08T16:19:46.568Z,2025-07-08T16:19:56.536Z
5475a1f4-c24c-4002-ba2b-8f3fd05558db,QEtSb2QpOGU,completed,0,,2025-07-08T16:20:00.091Z,2025-07-08T16:20:09.463Z
15bd75aa-9fa8-43e9-9d1b-7eb78c6bb3ea,uJiQrpzHeM8,completed,0,,2025-07-08T16:20:02.941Z,2025-07-08T16:20:11.944Z
21aa8718-4a00-43b8-af06-85e39eb91855,SR6iYWJxHqs,completed,0,,2025-07-08T16:20:05.922Z,2025-07-08T16:20:16.011Z
ad12b1a9-ca6d-4574-a1b1-bd5bf878e70a,LjhCEhWiKXk,completed,2,,2025-07-08T16:20:10.967Z,2025-07-08T16:20:56.402Z
61611900-450b-4353-9a62-f9d8b7deb559,RB-RcX5DS5A,completed,1,,2025-07-08T16:20:13.402Z,2025-07-08T16:20:58.214Z
78d3c67c-f7d3-47b0-af58-16e89878ce1f,2U1Cn4ukKiI,completed,3,,2025-07-08T16:20:20.930Z,2025-07-08T16:20:46.256Z
1995bcb2-c4d6-4abd-87d2-e7c346f311c1,YsMB0i5YTOc,completed,3,,2025-07-08T16:20:22.516Z,2025-07-08T16:20:46.913Z
b7082f75-8e2e-4234-ac7e-21890a5ea564,Sn2RBKPMpU0,completed,3,,2025-07-08T16:20:24.615Z,2025-07-08T16:20:47.020Z
940b2ebe-010b-4281-9a8e-41d5532cf138,wwtFnCZI2E4,completed,0,,2025-07-08T16:20:48.509Z,2025-07-08T16:21:00.653Z
3769e8fe-3b74-4c40-b366-f12258c944f0,Jne9t8sHpUc,completed,0,,2025-07-08T16:20:59.668Z,2025-07-08T16:21:11.017Z
d2cc9578-18b2-4d22-a80d-69b30f2bc6e8,CUjIY_XxF1g,completed,0,,2025-07-08T16:21:07.105Z,2025-07-08T16:21:16.003Z
95b53dbd-3531-4fea-bd87-6dae4862d15e,OOgpT5rEKIU,completed,0,,2025-07-08T16:21:07.840Z,2025-07-08T16:21:17.204Z
e453f751-b834-46e6-bedc-7fb51367a1ec,ziCW-clqrqo,completed,0,,2025-07-08T16:21:12.483Z,2025-07-08T16:21:28.247Z
0a7885ec-4a37-43d5-a2b3-91366f39a106,T_lC2O1oIew,completed,0,,2025-07-08T16:21:17.477Z,2025-07-08T16:21:26.790Z
1929dbb3-30f2-48f0-a1ca-68819a430fcb,NjpcYzsD2s0,completed,0,,2025-07-08T16:21:18.672Z,2025-07-08T16:21:26.552Z
aaa087c7-1d7b-4a55-99e7-a10e012f0013,GFW-WfuX2Dk,completed,0,,2025-07-08T16:21:27.994Z,2025-07-08T16:21:40.526Z
7894f7c7-ca7c-42c2-9ced-4256e3f39b3e,KEG7b851Ric,completed,0,,2025-07-08T16:21:51.991Z,2025-07-08T16:22:05.838Z
59d4673c-a940-4b5c-ae9e-ecbff497954d,sxNhVXmPemw,completed,0,,2025-07-08T16:22:27.410Z,2025-07-08T16:22:39.205Z
368a8473-f591-4349-a8de-035b318fbf03,WpN59Gwpdy8,completed,0,,2025-07-08T16:22:50.682Z,2025-07-08T16:23:05.935Z
48f9c17a-af51-4e47-9548-451e8a3a26d5,jtk_ymrGfnc,completed,0,,2025-07-08T16:22:58.280Z,2025-07-08T16:23:07.025Z
6c62cd62-6103-4239-bc13-a8642134ea03,7G1eLTV89dM,completed,0,,2025-07-08T16:23:12.429Z,2025-07-08T16:23:21.693Z
322bc073-346e-429e-934b-b2d1185fc03d,6tTgqxkocf8,completed,0,,2025-07-08T16:23:13.538Z,2025-07-08T16:23:22.821Z
6aa4bdf3-fa16-40a2-b0dc-9e45abba4f20,VKmixRYUFBE,completed,0,,2025-07-08T16:23:14.787Z,2025-07-08T16:23:29.508Z
c88ad0a2-f59b-49e5-bfa4-9692f49f60bc,yEOap4k5sd8,completed,0,,2025-07-08T16:23:23.164Z,2025-07-08T16:23:32.301Z
72d112ba-8d54-488d-a746-5b3ae7ec4c48,RhG6crUCY6E,completed,0,,2025-07-08T16:23:24.263Z,2025-07-08T16:23:32.852Z
33ab2a3c-05ea-476b-9d56-fc9630b9b3a1,-KEGqVgtwn0,completed,1,,2025-07-08T16:23:30.962Z,2025-07-08T16:23:56.429Z
fe463b30-38ef-492c-add6-c748224200c7,S-d8iuot9pw,completed,0,,2025-07-08T16:24:07.938Z,2025-07-08T16:24:16.700Z
912d6cc4-6b54-4c49-8be6-cdfed9da6dc2,O3dWBLoU--E,completed,0,,2025-07-08T16:25:03.811Z,2025-07-08T16:25:13.068Z
6bac56c6-9fb5-48e0-b9a3-3c4f3d87eb6b,ic8j13piAhQ,completed,0,,2025-07-08T16:25:18.222Z,2025-07-08T16:25:28.368Z
1cb577f6-1ee2-4500-a1a8-44b3cce866b7,FqIACCH20JU,completed,0,,2025-07-08T16:25:24.433Z,2025-07-08T16:25:39.483Z
03728a2e-61e2-45fb-a5d9-277038d72b8b,Epj84QVw2rc,completed,0,,2025-07-08T16:25:29.833Z,2025-07-08T16:25:43.297Z
6c6bb8ff-5f30-4a47-a97c-a60292896466,6Uxc9eFcZyM,completed,0,,2025-07-08T16:25:40.991Z,2025-07-08T16:25:51.539Z
00be9546-941b-4210-8db2-b842f11745b4,Fp4CR2HcHLQ,completed,0,,2025-07-08T16:25:43.844Z,2025-07-08T16:25:58.944Z
7f15e1a7-9350-4c87-96c2-b36a8f78b0d6,oJL-lCzEXgI,completed,0,,2025-07-08T16:25:44.732Z,2025-07-08T16:25:53.940Z
82c8245b-2ed9-43a3-a421-2cdfb6bb739c,nTizYn3-QN0,completed,0,,2025-07-08T16:25:52.965Z,2025-07-08T16:26:02.751Z
e4006abf-c195-47bb-ab5a-4d17244c77e2,m-1sZFc4-5M,completed,0,,2025-07-08T16:29:55.115Z,2025-07-08T16:30:07.687Z
42b20344-07c2-4d24-a25e-aa77e62a0e54,gd1f2a9cPVA,completed,0,,2025-07-08T16:29:56.205Z,2025-07-08T16:30:07.642Z
59a359d6-fd15-4482-84d9-88c9e9a7b9a6,u7K72X4eo_s,completed,0,,2025-07-08T16:30:25.161Z,2025-07-08T16:30:34.971Z
6bc5f572-2cd6-4ef5-9a81-05b6f7a1e933,G7KNmW9a75Y,completed,0,,2025-07-08T16:30:34.158Z,2025-07-08T16:32:22.463Z
0ae87285-1f95-4f7a-b82a-c8d95c6fd741,vq5fcwuoLeU,completed,0,,2025-07-08T16:30:34.257Z,2025-07-08T16:32:21.813Z
1f40175b-0b84-47c7-8738-3c47e045b69c,CXBFU97X61I,completed,3,,2025-07-08T16:30:36.416Z,2025-07-08T16:31:08.269Z
cf000606-72c5-4125-9d14-da009d0bd261,mL2JHeICXiI,completed,0,,2025-07-08T16:31:51.781Z,2025-07-08T16:32:00.574Z
79045b0b-e063-4fb4-96d2-d446be0e260e,5D3crqpClPY,completed,0,,2025-07-08T16:32:53.296Z,2025-07-08T16:33:02.786Z
a5036dba-cb72-4070-99e1-992de388bc0f,ERimiTA_tW4,completed,0,,2025-07-08T16:33:23.399Z,2025-07-08T16:33:33.619Z
3c2c01e2-33d4-4780-b1f6-0e2675daf978,qAlLQaDXc4I,completed,0,,2025-07-08T16:33:29.057Z,2025-07-08T16:33:39.969Z
36cc6e7a-2383-4774-857e-4e77a6766430,9yRme0C2pmI,completed,0,,2025-07-08T16:33:50.122Z,2025-07-08T16:34:00.250Z
69e908e8-6b56-4717-8915-8c87351cd63b,zFbsI8VqPfw,failed,3,Video unavailable,2025-07-08T16:35:29.378Z,2025-07-08T16:35:34.013Z
52674874-d715-4211-811d-1f8d1a5cb305,S6Mt4227VkY,completed,0,,2025-07-08T16:36:20.492Z,2025-07-08T16:36:29.957Z
5b25238d-3536-4e16-9d52-cec409292ec8,dhZUsNJ-LQU,completed,0,,2025-07-08T16:37:31.468Z,2025-07-08T16:37:41.353Z
011acbe3-d338-44cd-ac87-bc9a5b1edb18,xIl4ZGd8MPc,failed,3,Video unavailable,2025-07-08T16:38:56.828Z,2025-07-08T16:39:05.450Z
b23f133b-fb3e-441c-9b1b-c7bfada53f86,WrMGGouem3c,completed,0,,2025-07-08T16:39:26.893Z,2025-07-08T16:39:35.712Z
506e55bf-b562-4592-9372-858872ba1024,G0CN5X66CMg,completed,0,,2025-07-08T16:41:52.290Z,2025-07-08T16:42:11.411Z
9b727f26-4e29-4572-89c5-dcc9647d7fc1,9EcjWd-O4jI,completed,0,,2025-07-08T16:41:58.155Z,2025-07-08T16:42:07.756Z
65684b5f-4ee3-443c-90ae-051393810d06,bWXazVhlyxQ,completed,0,,2025-07-08T16:42:22.343Z,2025-07-08T16:42:31.858Z
d2b96538-3292-43f8-832a-f42166cb92d4,qQzdAsjWGPg,completed,0,,2025-07-08T16:42:33.339Z,2025-07-08T16:42:43.430Z
c07fea6f-7cb7-4e94-a90d-27e5b625fffb,gudKCKEWOUc,completed,0,,2025-07-08T16:42:42.887Z,2025-07-08T16:42:52.670Z
adc59519-a5bb-4bea-b93e-254a5de99ae4,ePk91Q3GgMs,completed,0,,2025-07-08T16:42:59.151Z,2025-07-08T16:43:13.080Z
368cd19e-9a56-4c0b-80fb-22940aaf47fd,RWdPY7eBttI,completed,0,,2025-07-08T16:43:09.287Z,2025-07-08T16:43:20.087Z
8e88e0f4-af25-410b-86c1-37025ff8e39d,wyx6JDQCslE,completed,0,,2025-07-08T16:43:44.559Z,2025-07-08T16:43:53.868Z
1c19cb4b-d4c1-40a1-80d4-d2eb918babc3,kMp_-ePwEC4,completed,1,,2025-07-08T16:43:46.583Z,2025-07-08T16:44:01.752Z
8ceb8746-9417-45e7-8c01-d2c19593e1cf,fXbfBUNJ9mY,completed,0,,2025-07-08T16:44:03.224Z,2025-07-08T16:44:24.326Z
52da5311-2955-4af3-865f-654d93ff8af8,xGiBiHocSZM,completed,0,,2025-07-08T16:44:14.992Z,2025-07-08T16:44:26.620Z
cbf954f5-7bd9-4a53-a0c6-db480c0d8ffc,HgzGwKwLmgM,completed,0,,2025-07-08T16:44:25.369Z,2025-07-08T16:44:34.527Z
057cd488-c75f-4c1b-b1d6-784b94d649de,hBp4dgE7Bho,failed,3,Video unavailable,2025-07-08T16:44:28.063Z,2025-07-08T16:44:33.927Z
d6326116-b602-48eb-b298-860ffe3ee7c4,qrO4YZeyl0I,completed,0,,2025-07-08T16:44:40.378Z,2025-07-08T16:44:50.512Z
105e6c1e-37c3-42df-bcac-88477424ea1c,cl0a3i2wFcc,completed,0,,2025-07-08T16:45:50.814Z,2025-07-08T16:46:00.800Z
6c9953f0-c77b-4c59-8184-b1dceebc51e5,iOs9Osz3UFQ,completed,0,,2025-07-08T16:45:51.022Z,2025-07-08T16:46:01.086Z
b94f2e45-743d-47eb-801e-8ba6d48b5356,rtOvBOTyX00,completed,0,,2025-07-08T16:46:22.095Z,2025-07-08T16:46:32.227Z
5d2707ee-1698-473f-8cd4-8e421e7c9173,AuBXeF5acqE,completed,0,,2025-07-08T16:46:37.292Z,2025-07-08T16:46:46.932Z
374298d5-5036-499b-968e-b1fdb30fac4c,bOQWIet35TU,completed,0,,2025-07-08T16:46:52.601Z,2025-07-08T16:47:02.420Z
9513fd4b-3f33-4165-a565-6cc877810879,A3DUsxOIZi4,completed,0,,2025-07-08T16:47:08.430Z,2025-07-08T16:47:20.293Z
09cc7c20-278d-4e1a-bef0-987a20336e87,6THHrPyZQuQ,completed,0,,2025-07-08T16:47:28.890Z,2025-07-08T16:47:40.702Z
69b233f4-f356-41ca-917a-edab1ed6fdb7,W5yUmmgYCa0,completed,0,,2025-07-08T16:49:03.821Z,2025-07-08T16:49:12.532Z
ff3f56d4-ce2f-4dbb-85d7-27860d6bc8dc,JF8BRvqGCNs,completed,0,,2025-07-08T16:49:38.954Z,2025-07-08T16:49:54.296Z
76dccf64-52cc-46e3-bf34-88d831407511,y9k07HgeeNI,completed,0,,2025-07-08T16:50:05.737Z,2025-07-08T16:50:14.749Z
067a0071-7681-4f49-8ee3-6ee2a07de294,ueT3qH1GC5E,completed,0,,2025-07-08T16:50:16.907Z,2025-07-08T16:50:30.860Z
38c65427-a60d-4dce-9210-f8ea3f80c2c1,JP_jaogKAdM,completed,0,,2025-07-08T16:50:26.202Z,2025-07-08T16:50:35.421Z
6ca85763-4822-47dc-abde-08a27646acbd,xrZT_3V1ogA,completed,3,,2025-07-08T16:50:46.892Z,2025-07-08T16:51:10.971Z
891f0f2c-2141-49b3-88a2-aaa5ee55e592,NKkuONJ11S4,completed,1,,2025-07-08T16:50:52.317Z,2025-07-08T16:51:20.462Z
d8577a1c-765f-4d40-8757-4edbe0c4a421,wh0_dq15lWA,completed,1,,2025-07-08T16:50:56.005Z,2025-07-08T16:51:11.375Z
82951213-10f0-4364-9bbb-a741644a274d,LIntCyqkH8o,completed,1,,2025-07-08T16:50:57.361Z,2025-07-08T16:51:21.176Z
bb169902-5430-427b-80b6-12975fe99ff1,1_JKhYboLUk,completed,0,,2025-07-08T16:51:01.052Z,2025-07-08T16:51:11.473Z
22dd0e6d-5a90-4e2c-86fe-8e54de10b538,FwJlaBq8RBo,completed,0,,2025-07-08T16:51:21.989Z,2025-07-08T16:51:36.031Z
4d77bc2a-b862-47d5-aeaf-530e3ac1e282,FN2X5JwMdEE,completed,0,,2025-07-08T16:52:02.509Z,2025-07-08T16:52:11.536Z
e04cb8b2-fe3d-41cc-a65a-11c1213dd202,J3eqAxYPkmA,completed,0,,2025-07-08T16:52:27.677Z,2025-07-08T16:52:37.463Z
fc8fd94d-627d-4d46-a9ae-56132a235423,LPYw3jXjd74,completed,0,,2025-07-08T16:53:18.071Z,2025-07-08T16:53:31.057Z
56411e74-4fb2-402f-8468-2a7b1c7d4177,BM62rf_6EHo,completed,0,,2025-07-08T16:53:28.100Z,2025-07-08T16:53:42.838Z
624d6e28-43af-4c0b-a54d-b5972d8f37bf,F0Yfuy7K3PU,completed,0,,2025-07-08T16:54:17.544Z,2025-07-08T16:54:31.296Z
5b1cbc5a-5ce2-41fe-be04-59135ae1348e,myo9wXrNUP4,completed,0,,2025-07-08T16:54:32.777Z,2025-07-08T16:54:41.420Z
fe72cda1-5da4-4075-a46f-67d214470736,lpZgKI97K1M,completed,0,,2025-07-08T16:55:17.895Z,2025-07-08T16:55:27.996Z
c976f86f-5327-43e2-8c0a-d1e605721162,4ar4bwuJwLo,completed,0,,2025-07-08T16:55:34.069Z,2025-07-08T16:55:44.015Z
5159aa37-b76e-409f-9076-80044bcf5b7d,jn62nQpawvc,completed,0,,2025-07-08T16:55:34.352Z,2025-07-08T16:55:53.455Z
4bf9ee71-f4a6-4dfd-aa5b-dc51aee8f690,32si5cfrCNc,completed,0,,2025-07-08T16:55:34.449Z,2025-07-08T16:55:43.784Z
6615defb-aac8-4dd8-9e8e-76a01e2f902a,M8Wj6-gPY0g,completed,0,,2025-07-08T16:56:09.860Z,2025-07-08T16:56:19.716Z
5654a4f8-a24e-48a9-952f-cecf255924c8,OsPHpx0k7n8,completed,0,,2025-07-08T16:57:20.406Z,2025-07-08T16:57:30.552Z
7b81f049-56bc-451e-9661-2ba6e288b461,7Y8VPQcPHhY,completed,0,,2025-07-08T16:57:20.552Z,2025-07-08T16:57:31.709Z
0ec7175e-0a28-4fc8-a51f-9eade9c5c5cb,wmXQFwlD7vk,completed,0,,2025-07-08T16:57:26.224Z,2025-07-08T16:57:35.961Z
d74e0bf0-7821-48ec-8cb5-b91f44813073,Q2FzZSBD5LE,completed,0,,2025-07-08T16:59:33.278Z,2025-07-08T16:59:51.264Z
be62e913-1dc2-4f9c-8ebe-5bde32477c04,Y3ywicffOj4,completed,0,,2025-07-08T16:59:42.151Z,2025-07-08T16:59:52.104Z
cc3e2c7c-6757-4202-9b8a-ea13f5696834,mmo3HFa2vjg,completed,0,,2025-07-08T17:00:02.567Z,2025-07-08T17:00:13.891Z
661dec3f-c667-4162-88a7-9d6f38989837,pCx5Std7mCo,completed,0,,2025-07-08T17:00:03.604Z,2025-07-08T17:00:12.370Z
8d3147e6-9687-4e87-b4bd-ab064c3c92e1,-fN5RX15Zhw,completed,0,,2025-07-08T17:00:07.733Z,2025-07-08T17:00:17.091Z
41a357da-ec65-4f9f-856c-3c07a3401940,KYsmMLvmAQo,completed,0,,2025-07-08T17:00:13.906Z,2025-07-08T17:00:25.151Z
cd8df104-9f49-4cfb-80ef-5f3f5d2f8c82,jM8dCGIm6yc,completed,0,,2025-07-08T17:00:15.315Z,2025-07-08T17:00:28.912Z
07cd9ec9-7726-448a-9348-c21605e6e74b,v4xZUr0BEfE,completed,0,,2025-07-08T17:00:18.581Z,2025-07-08T17:00:28.807Z
d12b395d-8b3d-4c30-8700-0c3ebe074d05,2WrvFUZgHro,completed,0,,2025-07-08T17:00:26.625Z,2025-07-08T17:00:34.978Z
4fecb6af-4575-47e9-a936-4761850e5737,QpxA_ZxGX_M,completed,0,,2025-07-08T17:00:30.233Z,2025-07-08T17:00:40.012Z
5f204457-62c0-441b-8c40-7c3528596070,WLkyN9bQ-xY,failed,3,Video unavailable,2025-07-08T17:00:30.331Z,2025-07-08T17:01:05.698Z
3e8e29e9-1a92-4a02-b032-20414132718d,BN1WwnEDWAM,completed,0,,2025-07-08T17:00:31.660Z,2025-07-08T17:00:40.444Z
7fc6d66b-f315-41fa-b94d-1ac82d8d3e04,LYTBok8Ol7k,completed,0,,2025-07-08T17:00:36.396Z,2025-07-08T17:00:44.661Z
b54da650-b6c2-4b9b-8249-a76a2867b7d1,aUzBgeI5dpc,completed,0,,2025-07-08T17:00:41.498Z,2025-07-08T17:06:31.337Z
fcc152a1-4240-40d0-96f8-108ec28ff570,AL8chWFuM-s,completed,0,,2025-07-08T17:00:41.902Z,2025-07-08T17:06:41.816Z
256831bc-fc55-4dbf-9bb1-70b4d9738f55,a3XqMtam1I0,completed,1,,2025-07-08T17:00:46.090Z,2025-07-08T17:06:37.791Z
004ebe3d-4068-4a4f-9dc3-625203fb6711,9zctVgA2ZkY,completed,1,,2025-07-08T17:00:56.814Z,2025-07-08T17:01:13.501Z
a7150afd-7a4d-4d96-8724-a819af1df99c,HQmmM_qwG4k,completed,0,,2025-07-08T17:01:02.802Z,2025-07-08T17:01:13.526Z
25b267bf-5f03-47e5-8494-c114e2aa0369,vabnZ9-ex7o,completed,0,,2025-07-08T17:01:07.187Z,2025-07-08T17:01:16.511Z
50349a1a-9a41-4224-88fe-2d8eec9c2b33,Qy01R9CEFFs,failed,3,Video unavailable,2025-07-08T17:01:14.973Z,2025-07-08T17:01:20.923Z
b4b99c0f-678b-4e9a-98b5-bfed95e4b2f7,LBQ2305fLeA,completed,0,,2025-07-08T17:01:15.092Z,2025-07-08T17:01:24.902Z
a3f8ff47-60e4-4d6e-b005-69be3443cb79,y8OtzJtp-EM,completed,0,,2025-07-08T17:01:17.969Z,2025-07-08T17:01:27.096Z
38b803ba-1c47-4118-b4b6-d9ee817f8645,Ck9c8PXBf2M,completed,0,,2025-07-08T17:01:22.379Z,2025-07-08T17:01:37.179Z
270c1ccc-3c00-41b6-b6e9-af2ef4288c0a,GFhmpVSfnZo,completed,0,,2025-07-08T17:01:26.363Z,2025-07-08T17:01:35.678Z
a3d6cbe6-28f9-4b56-984e-dc2dc40e8289,Wy-v-FgiUD8,completed,0,,2025-07-08T17:01:28.613Z,2025-07-08T17:01:38.368Z
02450573-c5f5-447f-a6c8-545f2b5a471d,4Y2gK4n35hw,completed,3,,2025-07-08T17:01:37.375Z,2025-07-08T17:02:17.469Z
58638c76-0c43-4c41-94c0-161fd81375b7,sS1Z4vKsDAA,completed,0,,2025-07-08T17:01:38.675Z,2025-07-08T17:06:52.090Z
03760aa7-4385-43f7-9e07-f699740ef30f,bLaSXpqp__E,completed,0,,2025-07-08T17:01:39.820Z,2025-07-08T17:07:02.621Z
58682fa4-1108-4bb1-bd5d-42e9958df199,Lf566pMNCOw,completed,2,,2025-07-08T17:01:47.876Z,2025-07-08T17:02:12.744Z
d9045620-06b3-42c0-84a8-485dca153319,F2vT9VyXOks,completed,0,,2025-07-08T17:01:50.512Z,2025-07-08T17:06:49.340Z
30ba6e24-90d3-43fe-ba69-bf247e20f4fe,DvxxdZpMFHg,completed,0,,2025-07-08T17:01:59.812Z,2025-07-08T17:02:20.135Z
5265ad11-c3d1-4daf-a039-b2e9185b40da,aYDfwUJzYQg,completed,0,,2025-07-08T17:02:21.691Z,2025-07-08T17:07:04.778Z
a43ce1bf-86cf-493d-a5d4-f3dd573d0024,sv29DzgiXZA,completed,0,,2025-07-08T17:02:24.304Z,2025-07-08T17:07:13.019Z
0e64d702-c0fc-40ef-ab3d-52cbd5eb40a9,HQsVDPsHL2w,completed,0,,2025-07-08T17:02:24.638Z,2025-07-08T17:07:14.682Z
9e6a5a7b-5843-4094-8061-94077052061e,M11SvDtPBhA,completed,0,,2025-07-08T17:02:29.712Z,2025-07-08T17:07:19.621Z
fc338781-0a02-4176-8331-bd6974bc1226,9GGQ2zId8JA,completed,0,,2025-07-08T17:02:33.360Z,2025-07-08T17:07:23.222Z
972869bf-1889-4358-8a60-d584faa1d102,H-8d1oDUdSU,completed,0,,2025-07-08T17:02:40.711Z,2025-07-08T17:06:31.177Z
96308c9c-0da2-4cf2-adbe-ae17ea73bfb3,4HmBGLRK69g,completed,0,,2025-07-08T17:03:17.484Z,2025-07-08T17:07:30.001Z
aa74ea6d-8699-43af-9aae-d53abeca6ad5,Zf3Ys6KSdSY,completed,0,,2025-07-08T17:04:13.191Z,2025-07-08T17:06:42.890Z
a07869d0-ce0e-42d2-9aea-91ba6658f9ac,_UEF7tFr99o,completed,0,,2025-07-08T17:04:19.622Z,2025-07-08T17:07:09.041Z
593dd850-685d-4cd9-852e-0bd8dc01ec08,XZuM4zFg-60,completed,0,,2025-07-08T17:04:24.494Z,2025-07-08T17:06:53.995Z
96c8c771-f939-4189-9bee-7127a838d886,prnhdjZsdHU,completed,0,,2025-07-08T17:05:23.662Z,2025-07-08T17:06:59.282Z
fde7581c-3985-4007-b9c0-40783ac60d7e,nqtobIpZt68,completed,0,,2025-07-08T17:07:16.108Z,2025-07-08T17:07:25.141Z
f114716b-06d5-4e81-8b89-3d78f4afd0eb,JDglMK9sgIQ,completed,0,,2025-07-08T17:07:29.726Z,2025-07-08T17:07:39.304Z
b6a81219-a5e1-4831-81e1-5526d0e03f67,UtF6Jej8yb4,completed,0,,2025-07-08T17:07:45.729Z,2025-07-08T17:07:54.878Z
2ef76377-bf02-4fcd-b6ec-1c03463413c5,OAcu5g8AMEs,completed,0,,2025-07-08T17:07:46.437Z,2025-07-08T17:07:55.076Z
b6c88259-a6d3-4819-9707-8f1a6bb8825f,k4yXQkG2s1E,completed,0,,2025-07-08T17:07:56.315Z,2025-07-08T17:08:04.823Z
1f53a8c0-5307-4834-b0e2-1ec779eb66a7,JR49dyo-y0E,completed,0,,2025-07-08T17:09:06.622Z,2025-07-08T17:09:16.755Z
847f820c-013f-4919-82d2-2e265076e5b1,LPAK3KU-FSw,completed,0,,2025-07-08T17:09:11.343Z,2025-07-08T17:09:21.492Z
3791ca6c-65d9-4799-9143-4ef0a4ce44f2,JnAkKFbTPL8,completed,0,,2025-07-08T17:09:18.223Z,2025-07-08T17:09:27.323Z
dd70706c-d2a9-4fd6-a271-f102a0d05836,yN8ojpkwYps,completed,0,,2025-07-08T17:09:21.735Z,2025-07-08T17:09:30.933Z
46815eb4-f375-4ddc-9ced-d68da955f985,wobdecfM7FA,completed,0,,2025-07-08T17:09:32.359Z,2025-07-08T17:09:40.797Z
294f8316-5d3a-48f8-ae21-97244e125af4,UvYP7Mx_GP8,completed,0,,2025-07-08T17:09:32.949Z,2025-07-08T17:09:44.010Z
2f1386ba-342d-4b2d-9a0d-b41c6d00157c,nlRiohslcAM,completed,0,,2025-07-08T17:09:38.762Z,2025-07-08T17:09:47.013Z
64d9c84b-d5a8-4609-9d8c-8bd764b3b06f,M3wnH04Eus0,completed,0,,2025-07-08T17:09:42.300Z,2025-07-08T17:09:51.175Z
09e1c1b6-5fd6-4341-9e5e-f4a8dd784d09,wvh-iW803bY,completed,0,,2025-07-08T17:09:45.510Z,2025-07-08T17:09:54.961Z
8b6b5363-60b0-4b10-9151-14a8ea5cdbc8,QGD25KekY_c,completed,0,,2025-07-08T17:09:52.642Z,2025-07-08T17:10:00.669Z
a74bb0fa-4991-400a-bc9a-5e7acc1588f6,VAW5ND4W7VM,completed,0,,2025-07-08T17:09:58.483Z,2025-07-08T17:10:07.531Z
071718e0-5fd9-426c-9796-5605f015095c,bFRCY7RKJrw,completed,0,,2025-07-08T17:10:13.974Z,2025-07-08T17:10:23.817Z
f7574652-e3a3-44b4-8151-80a464d60699,L1gKFA2zNaU,failed,3,Video unavailable,2025-07-08T17:10:21.412Z,2025-07-08T17:10:27.140Z
306af5d6-dbcb-43b6-a890-1360ac9c26a5,Nv644ipg2Ss,completed,0,,2025-07-08T17:12:20.414Z,2025-07-08T17:12:28.907Z
806358f9-9fb2-4f6f-8545-c3bdbce496b3,IfxMSfGktF8,completed,0,,2025-07-08T17:13:28.231Z,2025-07-08T17:13:37.137Z
4bb779c3-ae1f-482a-b2e2-24b28901dbf5,QUQsqBqxoR4,completed,0,,2025-07-08T17:13:38.641Z,2025-07-08T17:13:47.376Z
1f9d94e8-32f1-489e-b94d-49f577a75715,7mrI2xtkEMA,completed,2,,2025-07-08T17:14:20.465Z,2025-07-08T17:14:42.295Z
2b39cbaf-fd4e-4384-9d35-e46e847591e3,FVIaiADsyYo,completed,1,,2025-07-08T17:14:27.240Z,2025-07-08T17:14:43.749Z
be6b852e-3332-4270-a10e-cd668ac58ad4,9bZkp7q19f0,completed,0,,2025-07-08T17:15:58.835Z,2025-07-08T17:16:08.224Z
ede293b9-aa4c-4fdb-935e-2842fc71071d,3mtkJEcsaf0,completed,0,,2025-07-08T17:17:35.418Z,2025-07-08T17:17:43.182Z
bd3a3aac-71bd-4425-af20-74a3224fd9c6,bg8vTSyHFkQ,completed,0,,2025-07-08T17:17:39.108Z,2025-07-08T17:17:50.354Z
b0ca0421-9ea1-49e1-acef-7d763e41c70f,JnsCEp_o6ok,completed,0,,2025-07-08T17:22:02.084Z,2025-07-08T17:22:10.565Z
0a8adfa4-8340-41c9-a067-c2e1d97f7081,LxnFaq5SaqI,completed,0,,2025-07-08T17:23:39.991Z,2025-07-08T17:23:49.449Z
5a961246-8495-4ce9-931e-ca452c69eaaf,URlPXepBZdo,completed,0,,2025-07-08T17:25:00.297Z,2025-07-08T17:25:09.935Z
c9790f9a-59a7-4243-94b2-2570eba23613,Dst9gZkq1a8,completed,0,,2025-07-08T17:25:35.987Z,2025-07-08T17:25:45.938Z
c1f59135-68ff-47ff-871d-2f02359c9e9e,Yv97b2oPk3w,completed,0,,2025-07-08T17:25:36.419Z,2025-07-08T17:25:46.681Z
ade10dae-4c9c-49f8-ac0f-6f66ca0b6810,xrZX47RbeJs,completed,0,,2025-07-08T17:25:42.208Z,2025-07-08T17:25:53.735Z
5816bec2-b1f6-45c8-80fa-8a0c3b6cf61c,fINC9xVmkmc,completed,0,,2025-07-08T17:26:02.395Z,2025-07-08T17:26:11.793Z
51950a86-8e78-431b-9f31-9540c513b4bf,CsHiG-43Fzg,completed,0,,2025-07-08T17:26:08.166Z,2025-07-08T17:26:17.512Z
eae74f09-9c39-41b3-b7b6-2f3e12fc9bb9,pxwZl7_xIm4,completed,0,,2025-07-08T17:26:33.222Z,2025-07-08T17:26:43.276Z
7a8fe84f-5704-45a0-bcb5-984fff6b08e0,IFtE37Fdplo,completed,0,,2025-07-08T17:26:38.942Z,2025-07-08T17:26:48.868Z
c2262e64-5935-41da-9d0c-1376714ec189,3eZH9nibdvk,completed,0,,2025-07-08T17:26:54.761Z,2025-07-08T17:27:04.458Z
8f17e956-00dd-4a87-afa9-f37c06ebc9c5,Zd9jeJk2UHQ,completed,0,,2025-07-08T17:27:00.261Z,2025-07-08T17:27:10.235Z
0e3cea05-8196-46d8-ac63-e12d5dcc06e4,dOI_QTmK8Ks,completed,0,,2025-07-08T17:27:11.650Z,2025-07-08T17:27:20.910Z
40377891-0b46-4630-aa05-5911b66baa3b,RW4ms8fZDfU,completed,0,,2025-07-08T17:27:22.328Z,2025-07-08T17:27:30.380Z
4c1a54af-74ff-4205-892d-2e926f41c294,vJ7k0XZqdaU,completed,0,,2025-07-08T17:27:25.548Z,2025-07-08T17:27:34.369Z
f83997c1-2567-4750-acb9-b884e7ac8862,KGn-erOG-Bs,completed,0,,2025-07-08T17:28:11.832Z,2025-07-08T17:28:21.724Z
06a9b5c3-4bc3-45ab-b781-d375297e4a2e,qWXoudi3Vi8,completed,0,,2025-07-08T17:28:20.862Z,2025-07-08T17:28:30.097Z
c744f3d4-be7c-43b9-92dd-eef962d84a99,Lj08HNPuHFo,completed,0,,2025-07-08T17:28:20.928Z,2025-07-08T17:28:29.650Z
c31e8226-3e37-4a7e-97ca-4988fc7d40cb,nzeoCqy6SXA,completed,0,,2025-07-08T17:28:34.079Z,2025-07-08T17:28:42.656Z
dd74f070-ad24-492c-8cb0-b1d1f3f4ee3a,XIATjH1AxVc,completed,0,,2025-07-08T17:30:16.173Z,2025-07-08T17:30:25.508Z
6274a052-3a13-46da-a52b-455f4387b0db,lTRiuFIWV54,completed,0,,2025-07-08T17:31:34.289Z,2025-07-08T17:31:51.627Z
cbdfef9d-78b6-4183-9755-efa2cd0e8b00,rZ7MVNP6cfA,completed,0,,2025-07-08T17:32:11.864Z,2025-07-08T17:32:21.619Z
345e69d8-2597-496e-b387-874cfee41c12,vNRTL0nJFCA,completed,0,,2025-07-08T17:32:48.124Z,2025-07-08T17:32:57.266Z
79eb68f8-8aa7-431a-837d-4d3d94e31eef,Lh3j_HerE5o,completed,0,,2025-07-08T17:33:18.168Z,2025-07-08T17:33:26.886Z
659597ae-7d19-4145-9582-c5fc18b31e23,zHIsGqJaXXw,completed,0,,2025-07-08T17:33:27.171Z,2025-07-08T17:33:37.641Z
b3645e6b-da62-4a10-abf7-cd8c6698efdd,Ac7vjI1AT9Y,completed,0,,2025-07-08T17:33:48.372Z,2025-07-08T17:33:57.433Z
9351fd51-d9e4-44ce-bdab-3e2288b00fc6,Xm0qjrceeYE,completed,0,,2025-07-08T17:35:03.919Z,2025-07-08T17:35:13.393Z
29119769-726d-4873-87d2-0c855b7020fb,_sTwNN8uAGc,completed,0,,2025-07-08T17:36:24.099Z,2025-07-08T17:36:32.854Z
16b6e597-4a21-41bf-aa93-d0e86a8d1d4a,KAu_clKmedc,completed,0,,2025-07-08T17:36:34.274Z,2025-07-08T17:36:43.394Z
b9648e84-cac3-408f-978f-9b3b85024b20,mYRn7ACI_To,completed,0,,2025-07-08T17:36:59.337Z,2025-07-08T17:37:08.460Z
ef4c5096-bf43-4d03-85a5-4a1354fc951d,9gWIIIr2Asw,completed,0,,2025-07-08T17:37:24.890Z,2025-07-08T17:37:34.745Z
3066373b-43f4-448f-a1ca-d5e6e8f2a750,lSzICmwmRsA,completed,0,,2025-07-08T17:37:54.951Z,2025-07-08T17:38:04.962Z
24c60155-ff01-4523-9c58-4078cd8d11f4,GpxFUo7oxWM,completed,0,,2025-07-08T17:38:30.064Z,2025-07-08T17:38:39.504Z
6c2875b6-860a-44c6-a0de-605955af6c9c,-TGPRg89eCw,completed,0,,2025-07-08T17:39:06.409Z,2025-07-08T17:39:15.137Z
03b75ead-6e8e-4eaa-9861-3f5c80cbafa2,qaS6-meMDdE,completed,0,,2025-07-08T17:39:20.980Z,2025-07-08T17:39:29.705Z
8da9594a-b4f2-4a31-8350-a1d356e53ead,SND2LY0s8FE,completed,0,,2025-07-08T17:39:31.142Z,2025-07-08T17:39:39.867Z
b939392a-2d45-4bd6-81ba-ef3a707e7d70,46n1WSuaxOs,completed,0,,2025-07-08T17:39:31.541Z,2025-07-08T17:39:40.669Z
276b3488-246b-47b2-b901-2b2c25081719,1VVbn4yglUk,completed,0,,2025-07-08T17:40:06.319Z,2025-07-08T17:40:14.399Z
b307af26-55e1-4d25-bed5-1341d2ec6183,kXYiU_JCYtU,completed,0,,2025-07-08T17:40:11.646Z,2025-07-08T17:40:20.980Z
b54686d2-be68-44db-91c4-eab5e56df627,4fndeDfaWCg,completed,0,,2025-07-08T17:40:12.123Z,2025-07-08T17:40:21.608Z
b65962e9-1fd3-4c56-8614-532984995a6c,eVTXPUF4Oz4,completed,0,,2025-07-08T17:40:15.890Z,2025-07-08T17:40:25.222Z
b2892c7d-bf32-483c-8bad-1badcd355562,T4xU7YjhlpA,completed,0,,2025-07-08T17:40:31.693Z,2025-07-08T17:40:41.092Z
bd27a037-06f1-4ae4-8673-7d3339e4e205,IqT3WzY8wwo,completed,0,,2025-07-08T17:40:32.407Z,2025-07-08T17:40:41.123Z
19623dc5-d7e1-487c-aeef-34ef46050dde,lLRY2WRBDYw,completed,0,,2025-07-08T17:40:57.536Z,2025-07-08T17:41:08.408Z
96a828cc-de56-4507-886b-56b5ac69c991,8Nt9YPnYyjs,completed,0,,2025-07-08T17:41:07.619Z,2025-07-08T17:41:16.773Z
a9aaef79-ac64-4f5a-a7a5-ee36134ceee1,DDHvKo5NnII,completed,0,,2025-07-08T17:41:14.866Z,2025-07-08T17:41:24.292Z
64cf126b-2401-41b6-b800-b8da9d95c566,gyDHmQp6Hek,completed,0,,2025-07-08T17:41:23.106Z,2025-07-08T17:41:33.167Z
05a12b05-7f3c-42ca-9858-d43affb1e5aa,xwtdhWltSIg,completed,0,,2025-07-08T17:41:23.214Z,2025-07-08T17:41:32.951Z
4da18e2b-b65c-40aa-bdf0-93b2559e2d6c,my_El6mLr1I,completed,0,,2025-07-08T17:41:44.402Z,2025-07-08T17:41:54.361Z
6f914adb-39c7-49d2-9387-c091974b41b6,gh4JYijpFU8,completed,0,,2025-07-08T17:41:54.642Z,2025-07-08T17:42:04.612Z
9f8f66c0-6824-4ce6-aff0-e11bfa4dac20,129kuDCQtHs,completed,0,,2025-07-08T17:42:00.784Z,2025-07-08T17:42:10.463Z
2b12a117-bd3d-464f-9045-c87100b10094,5O6KDuKJoB0,completed,0,,2025-07-08T17:42:25.858Z,2025-07-08T17:42:35.063Z
111ebbdc-45b7-41a1-b4aa-4250773602df,EQ5aF7kbwCE,completed,0,,2025-07-08T17:42:36.115Z,2025-07-08T17:42:45.874Z
b0dd3c71-0ecd-4e3e-9621-10f4031026a2,OZGRW-T2Vgk,completed,0,,2025-07-08T17:42:41.583Z,2025-07-08T17:42:51.053Z
0f4917e3-ebd7-4fe5-b822-357b5ead5dfd,y5kLxQGbRYg,completed,0,,2025-07-08T17:43:32.001Z,2025-07-08T17:43:40.703Z
296af57a-f44a-4dd1-b4fc-316a556dcd9f,JkK8g6FMEXE,completed,0,,2025-07-08T17:43:32.358Z,2025-07-08T17:43:41.791Z
09269714-0a9d-4c8f-9f3d-e9a51ae3baa7,sBW8Vnp8BzU,completed,0,,2025-07-08T17:44:07.231Z,2025-07-08T17:44:17.680Z
e2645fe7-5d7f-4679-8380-29c3386f69e2,XOuFO8KPnjw,completed,0,,2025-07-08T17:44:19.161Z,2025-07-08T17:44:27.862Z
e0a486f4-223b-42c2-9212-c449d39acbb9,mPn4vAOv0Xo,completed,0,,2025-07-08T17:44:22.590Z,2025-07-08T17:44:30.999Z
39f193ac-6ec1-47f5-a2eb-9008b9bcfad0,O6yeLNNVa4A,completed,0,,2025-07-08T17:44:37.426Z,2025-07-08T17:44:46.973Z
655984d2-b41c-4706-a00c-f6471734eb7d,HQ1nvhLf1EU,completed,0,,2025-07-08T17:44:59.399Z,2025-07-08T17:45:09.233Z
9c99fcf5-eff0-4197-a9a8-087cd2812d91,CbpX1RgSOl8,completed,0,,2025-07-08T17:45:30.729Z,2025-07-08T17:45:40.488Z
226a3e2d-4764-4b5b-8306-b575a9470559,UGJV6cJkFcc,completed,0,,2025-07-08T17:45:38.333Z,2025-07-08T17:45:47.733Z
1a6a401b-7411-4542-8370-3e447084d636,h9r0dm6skVc,completed,0,,2025-07-08T17:46:19.167Z,2025-07-08T17:46:28.794Z
cca9901f-9275-4cc4-88fb-7d1131882da1,cdkBs0VCSX0,completed,0,,2025-07-08T17:46:22.025Z,2025-07-08T17:46:30.029Z
7ce8b4fc-18f2-4b99-96ed-942fdbbf7bd5,LatorN4P9aA,completed,0,,2025-07-08T17:46:45.309Z,2025-07-08T17:46:54.811Z
667866ca-75b6-42c7-bb3a-b1056d795d6d,AHML9WRcsWs,completed,0,,2025-07-08T17:46:51.491Z,2025-07-08T17:47:00.369Z
8f91c42a-8ede-487e-a44d-77177b70b4ec,NlgmH5q9uNk,completed,0,,2025-07-08T17:47:11.260Z,2025-07-08T17:47:20.529Z
fea22aa8-52a6-4fee-b64e-9c330d6bf3d0,pGCzlQ5sQuc,completed,1,,2025-07-08T17:50:57.042Z,2025-07-08T17:51:12.415Z
2ce6101a-aa4c-4e49-b126-ee55ac77f806,-2ihs2PPf8s,completed,0,,2025-07-08T17:51:37.341Z,2025-07-08T17:51:45.882Z
9b70519b-fb8a-4f9a-bfba-ffcb035b9d6d,Lx4gPURH35g,completed,0,,2025-07-08T17:52:43.918Z,2025-07-08T17:52:53.519Z
4ce213b7-1bd7-44b3-ac4d-5cb55ffa7b38,xnAgydALjcI,completed,0,,2025-07-08T17:53:20.030Z,2025-07-08T17:53:29.448Z
dc7e291d-c096-4b7e-b4a4-0369c880545f,etfD65h_jE0,completed,0,,2025-07-08T17:55:40.477Z,2025-07-08T17:55:50.883Z
98037230-2505-4e13-abd1-9026f8d3edd0,Ckom3gf57Yw,completed,0,,2025-07-08T17:55:42.748Z,2025-07-08T17:55:52.820Z
5a21e9ec-a585-422e-bc01-356c2c776ab7,bUVOSWttZs0,completed,0,,2025-07-08T17:56:59.401Z,2025-07-08T17:57:09.206Z
0627be6e-28bc-4c6a-b357-fd670f05edd2,qzO023mvDQo,completed,0,,2025-07-08T17:57:01.149Z,2025-07-08T17:57:10.666Z
fd34a6de-11f0-4dcb-821a-ec1c1acfcd96,0As2spHxQYk,completed,0,,2025-07-08T17:57:07.520Z,2025-07-08T17:57:15.865Z
236ab43e-728b-4f8c-a001-8424a5678398,TUVcZfQe-Kw,completed,0,,2025-07-08T17:57:10.644Z,2025-07-08T17:57:19.376Z
cd7af184-0440-46c6-bb97-a03b43c62999,9HDEHj2yzew,completed,0,,2025-07-08T17:57:25.980Z,2025-07-08T17:57:36.188Z
c045b0aa-9e5c-425a-a52d-f95781eb7ac6,PmoYSs2v_ic,completed,0,,2025-07-08T17:57:32.232Z,2025-07-08T17:57:46.445Z
d16482d6-d785-4030-beda-ad2758eb8e5e,FhBnW7bZHEE,completed,0,,2025-07-08T17:57:42.421Z,2025-07-08T17:57:52.354Z
c512659e-d8b9-4560-a288-c79aa85f1432,v2H4l9RpkwM,completed,0,,2025-07-08T17:58:42.651Z,2025-07-08T17:58:52.199Z
d06d6980-0015-4581-9f58-fef74cf9ac50,eiirQFJN22M,completed,0,,2025-07-08T17:58:43.019Z,2025-07-08T17:58:51.859Z
04e84e5a-7b46-48d9-8bf5-86c743880231,eFTLKWw542g,completed,0,,2025-07-08T18:00:28.470Z,2025-07-08T18:00:38.280Z
2759b207-56e1-48df-bb5b-61a4b28d53f1,X2zcG3bcuMI,completed,0,,2025-07-08T18:00:53.750Z,2025-07-08T18:01:03.358Z
0663af15-cd07-4fe2-b777-70758d564982,i_6iKKoKyBM,completed,0,,2025-07-08T18:00:59.014Z,2025-07-08T18:01:07.713Z
407c4533-7a5c-4487-b3b2-7608617d146c,BciS5krYL80,completed,0,,2025-07-08T18:02:34.455Z,2025-07-08T18:02:46.106Z
e17cdd49-1282-4a9f-92f2-813668c88104,2Vv-BfVoq4g,completed,0,,2025-07-08T18:03:07.869Z,2025-07-08T18:03:17.741Z
5b52e69c-6d9e-4c00-813e-0833cdcab8de,1V_xRb0x9aw,completed,0,,2025-07-08T18:03:29.543Z,2025-07-08T18:03:39.088Z
108d4c77-96c3-4544-980a-574ef6f660ac,XFkzRNyygfk,completed,0,,2025-07-08T18:06:10.381Z,2025-07-08T18:06:20.458Z
5521e5da-8334-439e-9796-72ab94e0a5a7,qxIRRnX1JEk,completed,0,,2025-07-08T18:06:15.964Z,2025-07-08T18:06:24.647Z
fac1fec7-8290-4706-93b1-6b81c338635f,9yT4F8hzykY,completed,0,,2025-07-08T18:06:31.388Z,2025-07-08T18:06:41.674Z
fc3c06bb-c82c-4707-b006-fbd9b0ce65d4,ZAWROGCMEqA,completed,0,,2025-07-08T18:07:45.551Z,2025-07-08T18:07:54.134Z
c061728c-fffd-4019-b5ce-379c6bdda6cd,SSbBvKaM6sk,completed,0,,2025-07-08T18:07:52.279Z,2025-07-08T18:11:47.796Z
2ec6a5db-7b31-4933-a66b-3a1d70ccabf5,vs61OHs2g-w,completed,0,,2025-07-08T18:07:55.010Z,2025-07-08T18:11:19.676Z
268db88b-8ebb-49c7-9bb9-3267fea55ba9,KIC4fVmzUwI,completed,0,,2025-07-08T18:07:55.834Z,2025-07-08T18:11:13.260Z
bb1139e3-adec-44f6-845a-10ef9445783a,EWMQE-rwpSA,completed,0,,2025-07-08T18:08:01.548Z,2025-07-08T18:11:35.740Z
a2115c30-2aa8-4668-a5e7-e5b278772b00,2n_Ae9DGC0U,completed,0,,2025-07-08T18:08:08.367Z,2025-07-08T18:11:25.909Z
58143e7a-3e5f-493b-a6d6-aaf72301d616,fbxxc1x0OoQ,completed,0,,2025-07-08T18:08:10.471Z,2025-07-08T18:11:48.103Z
f40ce09b-be9d-493e-8638-a32c1847f937,05kBIR26cm8,completed,0,,2025-07-08T18:08:13.977Z,2025-07-08T18:11:14.940Z
3e0e8998-4a9a-45a3-8e02-1a2a2cf09431,ubnIR93S_9Y,completed,0,,2025-07-08T18:08:17.991Z,2025-07-08T18:12:06.082Z
8553f692-887a-4245-9d2d-5f52af9bde16,Ktq4FlNx3Z0,completed,0,,2025-07-08T18:08:19.231Z,2025-07-08T18:11:54.847Z
1c2d3604-1ea7-44f8-87f8-2bc4d0903baf,rkjNL4dX-U4,completed,0,,2025-07-08T18:08:21.578Z,2025-07-08T18:11:36.804Z
5ceec074-c646-49c5-8f2e-3cf9b6cfbc07,xJL6vnONeas,completed,0,,2025-07-08T18:08:27.095Z,2025-07-08T18:11:23.844Z
dc0d701d-6d7a-43db-80c3-caf783240f91,PF4BzQQUyik,completed,0,,2025-07-08T18:09:00.994Z,2025-07-08T18:09:10.357Z
b96623aa-6087-4152-b511-a21348345812,piTvLuHWLyg,completed,0,,2025-07-08T18:09:08.584Z,2025-07-08T18:09:17.901Z
9cb00140-b074-438d-bf75-3a56bc404afb,hCTGnYIQMbM,completed,0,,2025-07-08T18:09:19.578Z,2025-07-08T18:09:29.352Z
de02619a-4f72-4c92-85c2-ad6f22798f45,bWcASV2sey0,completed,0,,2025-07-08T18:10:52.748Z,2025-07-08T18:11:02.848Z
f639bfcb-ca7b-42d3-8b84-7350a648a8a5,MsTXcJGeYEg,completed,0,,2025-07-08T18:10:57.956Z,2025-07-08T18:11:07.858Z
38969c7d-bd1e-40b6-8297-29eb89638e32,8u5NgC4lZ8s,completed,0,,2025-07-08T18:11:21.308Z,2025-07-08T18:11:29.642Z
b9641691-147b-417d-b9ad-5730a44552b5,udCaa-Ju3dk,completed,0,,2025-07-08T18:13:24.882Z,2025-07-08T18:13:34.443Z
cca1cc78-254c-414f-9ff4-8398839c64fd,IaqScs7vR-4,completed,0,,2025-07-08T18:13:26.618Z,2025-07-08T18:13:37.292Z
702b0fb2-871e-46c8-bc82-b2ed2db0335e,DO1cW97Z3sU,completed,0,,2025-07-08T18:13:32.855Z,2025-07-08T18:13:42.581Z
6b41acbd-f3d9-4089-a649-64d1c0cdb0d8,BzCDM-L32Y8,completed,0,,2025-07-08T18:13:46.165Z,2025-07-08T18:13:55.369Z
4dd690c7-7752-4b57-8ff2-f194d153b236,s4f_yBCnbrg,completed,0,,2025-07-08T18:14:33.987Z,2025-07-08T18:14:44.668Z
fb3618d0-9c81-410b-a3de-3557289af6ae,hd7kBw8gr48,completed,0,,2025-07-08T18:15:16.383Z,2025-07-08T18:15:25.865Z
c787a8be-81e6-479b-9195-15e34dace59f,1w7OgIMMRc4,completed,0,,2025-07-08T18:16:29.421Z,2025-07-08T18:16:38.920Z
ca32ab5a-872e-4915-b727-6cef4e838329,QSmYxKIs3PI,completed,0,,2025-07-08T18:16:37.220Z,2025-07-08T18:16:45.607Z
b62a525a-4de1-40bd-8413-3949bf0ba1b5,LYgnIyRMn7c,completed,0,,2025-07-08T18:16:50.578Z,2025-07-08T18:17:02.409Z
74f6aacc-fe7e-4e08-be8b-a6591625d3ff,Eo-KmOd3i7s,completed,0,,2025-07-08T18:17:37.338Z,2025-07-08T18:17:47.439Z
57d6f8cb-ea53-462b-a55b-ec81db49ec02,bESGLojNYSo,completed,0,,2025-07-08T18:17:47.707Z,2025-07-08T18:17:57.816Z
3e0084fd-7e7e-4f24-b848-488d845d77c6,-19mRE-QLMc,completed,0,,2025-07-08T18:18:14.135Z,2025-07-08T18:18:24.237Z
e34b61a4-a7b3-4149-98a6-8cd46399bb92,u4FF6MpcsRw,completed,0,,2025-07-08T18:18:19.198Z,2025-07-08T18:18:29.459Z
1f1ebd89-3bcf-4f57-8eb6-c65f3c847395,AyLQGDIrGcI,completed,0,,2025-07-08T18:18:19.502Z,2025-07-08T18:18:30.613Z
7653cc67-d882-474f-a56a-003f106617ee,c6dnmVoGTIM,completed,0,,2025-07-08T18:18:30.880Z,2025-07-08T18:18:41.070Z
cfb9b769-3ac9-4e57-97ba-dfab90306b61,f5v-eYJA8xs,completed,0,,2025-07-08T18:19:06.148Z,2025-07-08T18:19:15.325Z
19668a88-0a1e-4fa3-b168-4d48171e30de,Qtv5worqJcQ,completed,0,,2025-07-08T18:19:51.991Z,2025-07-08T18:20:00.652Z
177df4d1-ebe6-417c-97a5-6688d22ca7be,_ClS_6nGvRY,completed,0,,2025-07-08T18:20:07.445Z,2025-07-08T18:20:17.235Z
2ffb1b4f-8b71-4eed-adee-8827cae0a84a,SJ01P7naI0o,completed,0,,2025-07-08T18:20:07.708Z,2025-07-08T18:20:16.359Z
1b639555-2cda-4397-905c-d78b8da3e02f,7iNbnineUCI,completed,0,,2025-07-08T18:20:22.873Z,2025-07-08T18:20:32.031Z
49762c3c-19ed-401e-bf67-f3c975919175,GaNxqkWlOCU,completed,0,,2025-07-08T18:20:28.031Z,2025-07-08T18:20:36.590Z
3013b9ee-9b48-4cb3-b3a3-abec2ba61014,EvArYx_wHPI,completed,0,,2025-07-08T18:20:43.248Z,2025-07-08T18:20:52.676Z
d1962f23-15cf-4983-9b53-5b60f26f5a70,FvcyZOVCORM,completed,0,,2025-07-08T18:20:53.723Z,2025-07-08T18:21:03.321Z
14504f79-72f3-47c6-a454-e5b716b96560,zE0vK31wQQQ,completed,0,,2025-07-08T18:20:53.917Z,2025-07-08T18:21:03.562Z
8dc49121-7f18-410e-b3c5-2606bd0112f2,oA23z_HCJwA,completed,0,,2025-07-08T18:21:04.352Z,2025-07-08T18:21:14.020Z
733cb9bc-4b4f-4d04-89d4-b9b79419b335,FvtzsaeqFT4,completed,0,,2025-07-08T18:21:04.961Z,2025-07-08T18:21:13.214Z
e389f7d9-5452-4145-93d7-a2c63a64e361,sdp7UOhHim0,completed,0,,2025-07-08T18:21:10.268Z,2025-07-08T18:21:19.430Z
765b2b26-beb0-45cb-acd5-f1d9cd999164,iPUmE-tne5U,completed,0,,2025-07-08T18:23:10.011Z,2025-07-08T18:23:19.628Z
972c9dfd-67a1-4a38-a2b6-f7a43cae7380,ymNFyxvIdaM,completed,0,,2025-07-08T18:23:30.842Z,2025-07-08T18:23:40.527Z
730002a0-5419-4c17-ab18-1678b0bba41e,4U3eYkvY9pE,completed,0,,2025-07-08T18:23:31.221Z,2025-07-08T18:23:56.775Z
3f4c3065-b141-434c-b371-f9fe2406503a,NFeUko-lQHg,completed,0,,2025-07-08T18:23:31.283Z,2025-07-08T18:23:41.101Z
e86747a9-ea59-466f-ba4f-356a3bcbb6b6,AgHaGrZkkv4,completed,1,,2025-07-08T18:23:42.181Z,2025-07-08T18:24:07.861Z
d970ff57-bc7b-449f-bbbe-d0f0dfacbeb8,BTDUDRIEifQ,completed,0,,2025-07-08T18:23:42.727Z,2025-07-08T18:23:52.026Z
e3cbee2e-8e58-4d02-9674-ba298fdf7456,rmdiaQM43bk,completed,0,,2025-07-08T18:23:49.010Z,2025-07-08T18:23:58.515Z
345abb06-efc8-4031-9191-3b37a16efdba,U6bRukfcUf0,failed,3,Video unavailable,2025-07-08T18:23:53.727Z,2025-07-08T18:23:59.589Z
4d8b6b89-47bd-45e8-a1aa-efa3d749a2ee,k9ynZnEBtvw,completed,0,,2025-07-08T18:27:39.760Z,2025-07-08T18:27:54.495Z
0db83a49-f8f5-47c7-917e-ef3b5e7c033d,FO13gsJAzTw,completed,0,,2025-07-08T18:27:51.503Z,2025-07-08T18:28:23.627Z
e7c1c8b4-304a-4f91-8657-1c6cdd6548b7,54W8kktFE_o,completed,0,,2025-07-08T18:28:00.421Z,2025-07-08T18:28:11.817Z
01dbce2b-8bad-4e49-ad87-9d6a3cc33e1e,sXWDfIyqcNA,completed,0,,2025-07-08T18:28:35.347Z,2025-07-08T18:28:46.427Z
56e3a0db-9edb-47fc-b3e9-6fa643443adc,Cg69OglydeE,completed,0,,2025-07-08T18:29:24.333Z,2025-07-08T18:29:34.121Z
7e85f0ee-4aa2-47af-9d38-24ed603d8f20,acXnctWR23Q,completed,0,,2025-07-08T18:29:45.819Z,2025-07-08T18:29:55.371Z
49efc313-1d51-4104-87bc-3f086f217405,ToNfGuXbJoc,completed,0,,2025-07-08T18:30:06.332Z,2025-07-08T18:30:17.091Z
00b6c83c-6145-4d8f-bd7d-21c6fd267582,rJe3yyvLprk,completed,0,,2025-07-08T18:30:07.016Z,2025-07-08T18:30:16.585Z
036200d5-bc81-4192-b179-95859e146e11,QhW3P7_jvWY,completed,0,,2025-07-08T18:30:23.315Z,2025-07-08T18:30:34.334Z
873ffc01-939f-4785-871a-e4c447c4e503,9YI4U1N3RAc,completed,0,,2025-07-08T18:30:41.022Z,2025-07-08T18:30:50.410Z
48e09251-13e6-4cf4-815c-d9eeebfefc06,UQWjcooDhhk,completed,0,,2025-07-08T18:41:22.842Z,2025-07-08T18:41:32.597Z
cc6f5d8b-6936-4582-bbe7-c5620c3dce8e,vrrQ5QjW_sI,completed,0,,2025-07-08T18:42:19.315Z,2025-07-08T18:42:30.319Z
9bf993f1-6a42-4985-b2ee-528925ebcf31,QFdkM40KOhE,completed,0,,2025-07-08T18:42:19.513Z,2025-07-08T18:42:28.126Z
a0141d4a-21d1-4af8-8b27-7bd376427a65,tyxswccv-VU,completed,1,,2025-07-08T18:43:02.075Z,2025-07-08T18:43:18.596Z
c0230391-6061-4183-85e4-09f32f5fd84a,gcwv76jeX1Q,completed,0,,2025-07-08T18:43:14.688Z,2025-07-08T18:43:24.062Z
d29e019c-87ce-4cdb-8914-79ac227646fd,C-Lfd6HHvfI,completed,0,,2025-07-08T18:43:19.877Z,2025-07-08T18:44:58.139Z
5da651d6-1461-4356-91e5-2d980fcd6c27,EC-jau-fpJY,completed,0,,2025-07-08T18:43:30.318Z,2025-07-08T18:43:38.790Z
ab1fd7ff-6372-43f3-a82e-445bcf32a6b9,nIDnN34ZZaE,completed,0,,2025-07-08T18:43:30.762Z,2025-07-08T18:43:40.003Z
d355fb99-c217-4ebd-87bf-1cb5321c626a,RUrZfJurob4,completed,0,,2025-07-08T18:43:40.498Z,2025-07-08T18:43:49.906Z
419e3ebb-59d0-4008-a41b-6ae10d1ea3a2,k2fIYn5aKnI,completed,0,,2025-07-08T18:43:51.570Z,2025-07-08T18:44:00.234Z
1cc3e839-f5fa-4235-8e98-3367298deb06,5EU6Iqs4W0M,completed,0,,2025-07-08T18:43:56.717Z,2025-07-08T18:44:04.975Z
e2711445-c83e-4230-90fa-024166d30bea,a7murUjugtA,completed,0,,2025-07-08T18:45:04.828Z,2025-07-08T18:45:12.818Z
e56c89d3-3af5-4f7c-9bc1-be32f5cbfa61,26aMuahxz8c,completed,0,,2025-07-08T18:45:29.560Z,2025-07-08T18:45:38.957Z
8fb9845b-1cd7-41ad-8df1-01562498cac7,zmRmVc4u18w,completed,0,,2025-07-08T18:45:36.775Z,2025-07-08T18:45:46.767Z
f0492efe-9820-455b-a7d6-f1f166dd9728,PIFq8QmZPu8,completed,0,,2025-07-08T18:45:45.682Z,2025-07-08T18:45:55.585Z
8a96aabd-1f6e-4f5f-bfa6-08fdbc9cc3ce,Uds7g3M-4lQ,completed,0,,2025-07-08T18:45:48.422Z,2025-07-08T18:45:57.709Z
cdd5f24e-42f5-4fe5-8b75-af6aa23bccd0,B-pNp0LUV2Y,completed,0,,2025-07-08T18:45:52.005Z,2025-07-08T18:46:02.110Z
628fd594-89e8-4fbc-ac39-0cbaa2aeb89d,QFGMQZyvnmY,completed,1,,2025-07-08T18:46:59.391Z,2025-07-08T18:47:14.113Z
ff449419-9130-4774-9bbe-bc6e16f7b48b,Iiqf2R462lo,completed,0,,2025-07-08T18:47:07.324Z,2025-07-08T18:47:16.999Z
5ba2bf1b-c9ee-45d8-9aea-3c6989f6f30b,hmABv_iwVL8,completed,0,,2025-07-08T18:47:23.703Z,2025-07-08T18:47:32.856Z
6d557646-cb7e-4b08-a538-227ebbd2f297,-GzEFVgz4NE,completed,0,,2025-07-08T18:47:35.743Z,2025-07-08T18:47:45.284Z
7d29f70b-af7e-4b9d-b1a6-cbe2802c26a1,P8FoJjlxlmY,completed,0,,2025-07-08T18:48:22.005Z,2025-07-08T18:48:31.478Z
0917cde4-5597-4662-9295-0a8c766e4b16,hXUVQfleU0o,completed,0,,2025-07-08T18:48:23.875Z,2025-07-08T18:48:33.014Z
ace02f91-3ec2-4c67-b33a-63d129fa1ea0,P5ZJui3aPoQ,completed,0,,2025-07-08T18:51:29.846Z,2025-07-08T18:51:40.630Z
d921d551-43b0-4ef2-953b-a9683774cffd,1p-7pH89Y24,completed,1,,2025-07-08T18:52:04.479Z,2025-07-08T18:52:20.558Z
9aed3ab3-9a1a-466b-b40c-71d49c2652bb,kyO5KzEv21I,completed,0,,2025-07-08T18:52:44.951Z,2025-07-08T18:52:53.987Z
6c9a7bd6-cdb5-4b82-b1b8-ff415da1c379,UPrPoAH5xAQ,completed,0,,2025-07-08T18:53:20.717Z,2025-07-08T18:53:29.855Z
1edfc216-1411-4e0c-882e-d077478f5d71,TjG0jpbSY3w,completed,0,,2025-07-08T18:53:27.428Z,2025-07-08T18:53:37.211Z
0ac9f6d9-d733-491a-8b0a-8aaa9043d9a6,ZCbMzDclnEM,completed,0,,2025-07-08T18:53:51.544Z,2025-07-08T18:54:30.400Z
58b8ec7b-1f8a-4fc3-a58f-f297accc797a,_-0LwgCKVNs,completed,0,,2025-07-08T18:54:37.073Z,2025-07-08T18:54:46.866Z
0434b787-0206-44f3-90cf-e2795577ead1,yFnLVfkfXA4,completed,0,,2025-07-08T18:54:48.490Z,2025-07-08T18:54:56.337Z
e97c8584-e737-4808-a0f8-8428679d962d,qUPwRQ0eGxI,completed,0,,2025-07-08T18:54:48.932Z,2025-07-08T18:54:58.056Z
fdf172fa-6558-4aaf-98bb-cf35e148cfc2,qvlEKGSB7AA,completed,0,,2025-07-08T18:55:07.577Z,2025-07-08T18:55:18.052Z
24865686-699f-4a00-aa5d-45ab14bf7e80,Wo-DX6X9wog,completed,0,,2025-07-08T18:56:48.060Z,2025-07-08T18:57:00.063Z
f55c4d4d-6727-484b-9167-d77387613005,hccXTr_AJSc,completed,0,,2025-07-08T18:57:29.875Z,2025-07-08T18:57:40.838Z
80ef8cda-8a5d-45aa-9e01-50fc5cad2a7e,qVJVOmMBNug,completed,0,,2025-07-08T18:57:34.944Z,2025-07-08T18:57:43.280Z
39db300c-8478-482f-9e79-8089a4e13bf6,2t1NMRse6aI,completed,0,,2025-07-08T18:58:35.014Z,2025-07-08T18:58:44.300Z
1be46825-a8a1-443e-90af-fc5cebfca2c2,z03MpRZ5U1c,completed,0,,2025-07-08T19:00:31.967Z,2025-07-08T19:00:41.820Z
8d52b8b8-cb35-4a3c-bc10-da56704d170b,qEtIDMWAas0,completed,0,,2025-07-08T19:01:12.800Z,2025-07-08T19:01:22.824Z
1436acd0-5b89-4c8d-b905-0aec33979e38,CSvFpBOe8eY,completed,0,,2025-07-08T19:01:26.132Z,2025-07-08T19:01:35.939Z
97645551-e90a-4953-8c3e-c24c527d1420,mUYf2yu78Ts,completed,0,,2025-07-08T19:01:43.564Z,2025-07-08T19:01:54.153Z
6739c5c9-c4a3-4722-aefa-6773a6707d77,K6BRna4_bmg,completed,0,,2025-07-08T19:01:52.602Z,2025-07-08T19:02:01.915Z
9017d0d7-7e31-43c9-ae8c-7dab84347ed1,eNk4JC_3S7s,completed,0,,2025-07-08T19:02:33.636Z,2025-07-08T19:02:43.530Z
d34c41e1-b3bc-44ec-85c2-2e13529bdd9f,ru5afNNSPeU,completed,0,,2025-07-08T19:03:49.699Z,2025-07-08T19:15:52.086Z
ff270766-ed86-4e89-b4a5-5b117b6f4feb,hqthspSKZV8,completed,0,,2025-07-08T19:05:07.565Z,2025-07-08T19:16:22.100Z
37ae7f2f-8807-482c-af1b-8d94b5af3f52,CAyWN9ba9J8,completed,0,,2025-07-08T19:05:10.304Z,2025-07-08T19:15:01.480Z
f6ca2ba7-e4b1-4e41-9194-72b160d6ada1,C-u5WLJ9Yk4,completed,0,,2025-07-08T19:06:55.472Z,2025-07-08T19:16:58.501Z
b30b59ff-03aa-4bb0-831c-64a7c19f9ca4,-T9vmaTI2LE,completed,0,,2025-07-08T19:07:10.915Z,2025-07-09T01:33:05.265Z
a625962e-f05d-4f56-ab66-5b4f9565ebcd,yFE6qQ3ySXE,processing,0,,2025-07-08T19:07:11.319Z,2025-07-08T19:07:11.319Z
2f1f39a0-dc48-4c33-8607-0fa100063c11,QcjAXI4jANw,completed,0,,2025-07-08T19:07:47.080Z,2025-07-08T19:15:20.940Z
9852c872-2794-4b54-9239-f8725b46a153,b4uUj0Qye7g,completed,0,,2025-07-08T19:08:05.172Z,2025-07-08T19:16:32.168Z
069cc611-eb43-407d-a421-04702afe7a63,Si5CSpUCDGY,completed,0,,2025-07-08T19:08:38.938Z,2025-07-08T19:15:19.370Z
af3f1e80-b333-48e7-adfa-5276833914ee,yb6amH7hEhA,completed,0,,2025-07-08T19:08:44.463Z,2025-07-09T01:26:49.001Z
aa9c7b8a-ea9e-4b2c-9da4-958950543543,o5FPPoLqkCk,completed,0,,2025-07-08T19:08:48.782Z,2025-07-08T19:15:10.931Z
03b934e9-6ed3-4ccf-9743-1a84540cb213,X9fLbfzCqWw,completed,0,,2025-07-08T19:08:53.724Z,2025-07-08T19:16:46.843Z
fef09bc2-fe7c-4099-9e25-f8e7b5b2cde5,Ag-OIlEN00M,completed,0,,2025-07-08T19:09:30.690Z,2025-07-08T19:16:09.311Z
be3a67cb-11c7-46b5-a7e5-338ba356494b,MVC6BVgjVPM,completed,0,,2025-07-08T19:09:40.721Z,2025-07-08T19:16:45.904Z
d6aa5ff4-b069-4a7e-bb5a-981cddb615a7,_pKkOOQR7_o,completed,0,,2025-07-08T19:09:42.070Z,2025-07-08T19:15:21.484Z
857a9559-4231-4046-9016-8bd98c102255,KBYuERNxCys,completed,0,,2025-07-08T19:10:02.887Z,2025-07-08T19:16:11.555Z
48f5c0e7-8136-4f14-a46e-69a532253175,gq0xTULec44,completed,0,,2025-07-08T19:10:05.863Z,2025-07-08T19:16:56.366Z
52512661-dd02-413e-89f0-c7770cb158fa,E31-QJx1Jng,completed,0,,2025-07-08T19:10:24.418Z,2025-07-08T19:16:21.077Z
8ea5f997-c6e9-403f-97f8-421053eac58d,mIXnTIzRcIA,completed,0,,2025-07-08T19:10:26.986Z,2025-07-08T19:16:32.063Z
6053031d-b269-47d4-8ac3-e2f4cc879e16,QnOAFF7Jq1M,completed,0,,2025-07-08T19:10:30.761Z,2025-07-08T19:16:56.256Z
953cd8ca-01c3-448a-84cd-f20255e81de6,1aYUMDKwO_E,completed,0,,2025-07-08T19:10:36.926Z,2025-07-08T19:16:32.667Z
7e110bd5-46f1-42bb-8e55-238ed0ebea53,2sbT95O2WWs,completed,0,,2025-07-08T19:10:39.248Z,2025-07-08T19:15:35.965Z
7c7f534f-37e7-4e5b-9f07-84a602365122,vTBASVzbvW4,completed,0,,2025-07-08T19:10:47.592Z,2025-07-08T19:17:07.738Z
d599804a-0ef7-425d-8531-532cc812cbe9,AjmJioQvqMM,completed,0,,2025-07-08T19:11:03.193Z,2025-07-08T19:15:35.216Z
420947a2-7788-44de-8306-4be5736e17f1,80iiCD8_qMs,completed,0,,2025-07-08T19:11:23.399Z,2025-07-08T19:15:12.142Z
dfe92dd6-3c4f-4835-b539-b64915dd3e6d,IdguZnuA4jQ,completed,0,,2025-07-08T19:11:39.172Z,2025-07-08T19:15:36.116Z
09457bc8-4324-4e4b-83e0-948b267a5773,347vCib_lMs,completed,0,,2025-07-08T19:12:05.482Z,2025-07-08T19:16:06.992Z
416f939a-59dd-4af0-82d4-3bc2f9c0bdef,aDlU4WD3qZA,completed,0,,2025-07-08T19:12:20.066Z,2025-07-08T19:14:58.551Z
ba7e4523-3892-4597-8f95-4e9a84d850fe,Cy-ezam-RcE,completed,0,,2025-07-08T19:12:42.670Z,2025-07-08T19:15:56.713Z
ce8a10cc-f05d-40fd-be32-bcfa843e5830,gAjR4_CbPpQ,completed,0,,2025-07-08T19:12:47.108Z,2025-07-08T19:16:22.890Z
58e9cc5c-c839-45b6-a67a-a47b40384425,0P5jV4lHHR0,completed,0,,2025-07-08T19:13:05.957Z,2025-07-08T19:14:51.360Z
7fd96c1c-bc8c-4b1c-9225-5a70d320de9f,vGpwgHqlfWo,completed,0,,2025-07-08T19:13:13.646Z,2025-07-08T19:14:59.889Z
063af884-7ef3-46d0-9313-0d35010f2752,rLtZKkCIVmI,completed,0,,2025-07-08T19:13:16.090Z,2025-07-08T19:15:08.715Z
bd60cc64-b493-42aa-ba81-a4022e8160da,A3ZZj5y6Qt4,completed,0,,2025-07-08T19:14:06.297Z,2025-07-08T19:14:15.639Z
5de0699c-0947-4396-8408-d12383168062,ng8mh6JUIqY,completed,0,,2025-07-08T19:14:06.367Z,2025-07-08T19:14:14.412Z
26ef8884-f6af-4fbc-be9b-9178e5b5a256,q9nO9Ro_kd4,completed,0,,2025-07-08T19:15:36.876Z,2025-07-08T19:15:55.144Z
3c651004-95ac-4ac2-8e5e-2552fd7a33c8,oPAe_uHERy4,completed,0,,2025-07-08T19:15:53.741Z,2025-07-08T19:16:01.529Z
d3ad049e-c2a0-4701-98e3-ade9a75c9839,yLvd4JyKd14,completed,0,,2025-07-08T19:16:34.340Z,2025-07-08T19:16:46.423Z
479fa7c7-8e16-4a9a-a608-ed58a06eb3df,0GVExpdmoDs,completed,0,,2025-07-08T19:16:57.881Z,2025-07-08T19:17:06.421Z
bbfe3214-3adf-47cc-a0c9-c6792c4fc33a,dI9q6P0mYAI,completed,0,,2025-07-08T19:16:57.990Z,2025-07-08T19:17:07.295Z
09c13082-ad50-4550-a3ac-9d022296cbd5,3gx_IrS_f8I,failed,3,Video unavailable,2025-07-08T19:17:08.094Z,2025-07-08T19:17:12.100Z
640ef291-1c33-4f5b-b105-cfea34c62a54,aUultIb2pPc,completed,1,,2025-07-08T19:18:08.802Z,2025-07-08T19:18:35.761Z
7864ec87-18cd-4966-b370-cb3fdaf55203,dcaCsbwF9uc,completed,0,,2025-07-08T19:21:52.626Z,2025-07-08T19:22:06.729Z
c19bb343-873f-432a-8033-eb125ee33e47,Gh6VjAJyl4o,completed,0,,2025-07-08T19:22:43.474Z,2025-07-08T19:29:35.296Z
b58ab5fa-a251-4c1a-b3e3-62217491caff,jUcHKQ4G1vo,completed,2,,2025-07-08T19:22:56.527Z,2025-07-08T19:23:23.598Z
3ff73e48-7438-4e66-88cf-7dc7e317bbf9,CGWYzAj9sSI,completed,0,,2025-07-08T19:23:39.818Z,2025-07-08T19:23:54.367Z
2508526d-2056-421a-84b3-c9b3c340e89b,8UVNT4wvIGY,completed,0,,2025-07-08T19:23:50.279Z,2025-07-08T19:23:59.666Z
280110c4-7789-487d-89d8-c3f90cdbe5bd,6Ux6SlOE9Qk,completed,0,,2025-07-08T19:23:54.907Z,2025-07-08T19:24:14.217Z
388880c1-eead-4659-97c0-f6ba3d43fc48,ojvldIzbaMo,completed,0,,2025-07-08T19:23:56.064Z,2025-07-08T19:24:13.285Z
a64deef0-9d91-4ff8-9501-8fa1854ffffd,snILjFUkk_A,completed,0,,2025-07-08T19:24:01.351Z,2025-07-08T19:24:25.355Z
174182a2-399b-476f-840a-16bd7f1740f6,1t-gK-9EIq4,completed,0,,2025-07-08T19:24:15.003Z,2025-07-08T19:24:29.018Z
40cf8078-3e48-4f48-97b0-9081860b28d1,u1xrNaTO1bI,completed,0,,2025-07-08T19:24:25.906Z,2025-07-08T19:24:35.976Z
8bed6d7f-031d-400c-b2b7-bc5cc6cf6009,dht82-gWqPo,completed,0,,2025-07-08T19:24:32.008Z,2025-07-08T19:24:49.395Z
fa5f524b-676f-4a69-babf-39873bbd345b,xORPrLjiIyQ,completed,0,,2025-07-08T19:24:57.651Z,2025-07-08T19:25:10.204Z
7a90a921-e043-4fed-82f1-a3b3e1cfd964,vrj_Q2FKfW8,completed,0,,2025-07-08T19:25:10.742Z,2025-07-08T19:25:21.526Z
29947472-0a98-49d3-a1ac-351475a3dcc4,ZcJjMnHoIBI,completed,0,,2025-07-08T19:25:11.073Z,2025-07-08T19:25:19.896Z
85e93bde-e3d4-41af-8372-0b34171cce37,iTKJ_itifQg,completed,0,,2025-07-08T19:25:23.219Z,2025-07-08T19:25:48.290Z
e69c97f9-f828-4727-8d4c-029920bdf870,meR34lB1GOY,completed,0,,2025-07-08T19:25:36.593Z,2025-07-08T19:25:46.913Z
0af422a5-30a4-477e-ba7d-7e78ae2e5056,8yn3ViE6mhY,completed,0,,2025-07-08T19:25:46.903Z,2025-07-08T19:25:56.818Z
ed243a06-ace8-4693-8384-d1beb5290d4c,R_BunCQSlL0,completed,0,,2025-07-08T19:26:24.965Z,2025-07-08T19:26:35.010Z
a13bf1c1-4f55-4186-84b0-e2e39865c642,UiMCm0kMeUs,completed,0,,2025-07-08T19:26:46.751Z,2025-07-08T19:26:55.708Z
aa12a188-6307-467d-80e0-93d96a25341f,V9-ltPsbw9g,completed,0,,2025-07-08T19:27:12.381Z,2025-07-08T19:29:34.350Z
cad4fdfb-70ac-47b1-88c1-c05fd159fd17,tLT8T4EJmgA,completed,0,,2025-07-08T19:27:13.560Z,2025-07-08T19:27:22.418Z
48544812-9358-40a5-ac24-0ef8e9b9b4ec,48yR03AX75o,completed,0,,2025-07-08T19:27:33.701Z,2025-07-08T19:29:33.123Z
82493fe2-375c-48b0-8d54-ffd95dcaa3b2,gf6v59c5yuY,completed,0,,2025-07-08T19:27:52.120Z,2025-07-08T19:28:01.599Z
d0411dec-f95d-483f-8a1d-d061262b3518,br6ljHrmPe0,completed,0,,2025-07-08T19:28:46.591Z,2025-07-08T19:29:03.783Z
2e718544-ce06-4852-9ddb-f05de186f8aa,HTBdD1xvZDo,completed,0,,2025-07-08T19:28:51.611Z,2025-07-08T19:29:01.349Z
ca15c2bd-aa9e-419c-baf8-bce762eae541,uEbRjy7RNKU,completed,0,,2025-07-08T19:28:57.681Z,2025-07-08T19:29:07.827Z
13fea56c-84b8-433a-b4e5-8814fd56f905,ji2fQfwSf4E,completed,0,,2025-07-08T19:29:03.648Z,2025-07-08T19:29:12.641Z
e9b75033-1905-426f-87fa-aac258d3c7aa,UG3VcCAlUgE,completed,0,,2025-07-08T19:30:14.785Z,2025-07-08T19:30:23.575Z
bc98bd45-87b7-4c60-b072-f16a9276de96,H9tEvfIsDyo,completed,0,,2025-07-08T19:30:16.058Z,2025-07-08T19:30:26.696Z
593d3cb8-0937-458f-8f2e-5223e7ca6978,3M_Gg1xAHE4,completed,0,,2025-07-08T19:30:42.068Z,2025-07-08T19:30:51.217Z
31cb043f-0e52-40cc-a10f-7497c5957fb5,E7FU_mqhFGk,completed,2,,2025-07-08T19:31:15.287Z,2025-07-08T19:31:33.845Z
f259c7dc-32b7-4f66-ab95-0f20fb72b125,Ik-gBAlEbQY,completed,1,,2025-07-08T19:31:18.424Z,2025-07-08T19:31:33.881Z
d44149ca-d6ae-4e0b-937c-80f3f7b1d842,BIan1LDa3hU,completed,0,,2025-07-08T19:31:33.968Z,2025-07-08T19:31:42.280Z
ef9478f3-cf0f-4b15-a5d0-073846d3880a,dvQhasV7F34,completed,0,,2025-07-08T19:32:23.988Z,2025-07-08T19:32:33.403Z
fd7ef502-4e5c-4cf9-be8a-dca84ef56559,4Ua1g8hU81A,completed,0,,2025-07-08T19:35:15.338Z,2025-07-08T19:35:25.789Z
5422c0b7-725d-4c69-b9f0-985106444593,YmN9oHa3ZIQ,completed,0,,2025-07-08T19:36:07.492Z,2025-07-08T19:36:16.504Z
9b53e9fc-8b3f-43b4-91ef-907ce65b6f4a,-RQFHqnIfTc,completed,0,,2025-07-08T19:37:20.909Z,2025-07-08T19:37:30.131Z
ac20b84e-67f8-42df-af69-5cd587e56dc1,KRBS5WZMdik,completed,0,,2025-07-08T19:38:06.088Z,2025-07-08T19:38:15.788Z
7949d4db-af6a-4635-90ff-19a58dda0856,VDvX1hzGZN4,completed,0,,2025-07-08T19:38:41.879Z,2025-07-08T19:38:51.474Z
6bd237ee-81e8-443a-b2a7-db033afcc6b3,4NN9FwVq1XA,completed,0,,2025-07-08T19:38:47.460Z,2025-07-08T19:38:56.709Z
26b9af7d-03bb-431c-8473-26aece2b9189,2fngvQS_PmQ,completed,0,,2025-07-08T19:39:08.192Z,2025-07-08T19:39:17.647Z
c676b57b-8ddc-4ecc-aa7b-2dedeab80af9,unDIL9TuB6M,completed,0,,2025-07-08T19:39:28.416Z,2025-07-08T19:39:38.881Z
09f8a471-d539-4ed5-819b-9d2f2d737856,Qy7z_oiN6nQ,completed,0,,2025-07-08T19:40:00.560Z,2025-07-08T19:40:09.620Z
9b06ccff-b544-490b-ae86-3f5b31b62fcf,Kb6HahH2rp8,failed,3,Video unavailable,2025-07-08T19:40:04.356Z,2025-07-08T19:40:10.438Z
9f1d9059-c4ff-46a0-8e95-ff6b67694683,unvg1ZdAtns,completed,3,,2025-07-08T19:40:13.552Z,2025-07-08T19:40:33.603Z
6bb616bb-6b2f-4eff-9305-4e569a598e26,1VdtwDPRZPw,completed,2,,2025-07-08T19:40:16.348Z,2025-07-08T19:40:31.661Z
4f83d4fe-2460-41e8-a8d0-c5a34107c9e3,VmtU-bLyReU,completed,0,,2025-07-08T19:41:25.418Z,2025-07-08T19:41:34.459Z
a20dbf16-e1c6-4695-9c05-56e8002bd6d4,cWGE9Gi0bB0,completed,0,,2025-07-08T19:42:26.171Z,2025-07-08T19:42:36.945Z
eda7092b-e81d-4744-aa05-3bab6fd331a1,78_loMbmKJ8,completed,0,,2025-07-08T19:42:28.427Z,2025-07-08T19:42:36.966Z
cd23c845-04f5-4595-b0ec-00a693bc38a4,NlwIDxCjL-8,completed,0,,2025-07-08T19:43:03.595Z,2025-07-08T19:43:13.458Z
ddceb37f-459f-404f-93a1-36800086ad67,xxDv_RTdLQo,completed,0,,2025-07-08T19:43:32.300Z,2025-07-08T19:43:42.714Z
783606e1-e6fb-4057-acab-8a397164b3b7,nqAvFx3NxUM,completed,0,,2025-07-08T19:44:13.804Z,2025-07-08T19:44:23.203Z
84f6bc06-6361-417f-94a8-1eaeef4dd108,h45X87nx5LE,completed,0,,2025-07-08T19:44:19.433Z,2025-07-08T19:44:28.472Z
294a64ca-d9d5-4cc8-a3ce-2d543e63d32b,x8VYWazR5mE,failed,3,Sign in to confirm your age,2025-07-08T19:44:29.907Z,2025-07-08T21:00:23.632Z
c451a6a1-7065-4127-8e7a-38cbe8b390bd,gG_dA32oH44,completed,0,,2025-07-08T19:45:22.991Z,2025-07-08T19:45:31.693Z
816449c9-a48b-4ac9-a357-0199fff2453f,p2Rch6WvPJE,completed,0,,2025-07-08T19:46:00.227Z,2025-07-08T19:46:10.205Z
5af3f7ea-7fc3-49cf-b998-3050a04066d4,iSJguwcV5as,completed,0,,2025-07-08T19:46:50.406Z,2025-07-08T19:46:59.483Z
0639fdaf-cebf-469a-8c5d-ba2705bb6cf2,IcrbM1l_BoI,completed,0,,2025-07-08T19:47:03.464Z,2025-07-08T19:47:13.156Z
401bd478-efa8-4db4-942c-c06a3b81393c,ikZgBhSMSUM,completed,0,,2025-07-08T19:47:19.829Z,2025-07-08T19:47:29.436Z
f5cde895-b57d-4cef-ab19-7e98c3947666,CIDy7tMnQvs,completed,0,,2025-07-08T19:47:36.091Z,2025-07-08T19:47:45.003Z
0996527c-349e-46a1-bdb7-cfbb1c09424a,hc5YxagnfdE,completed,0,,2025-07-08T19:47:51.222Z,2025-07-08T19:47:59.902Z
7a0f0e33-db54-4f7e-9090-f8b7204fa4cb,h66dI0q_9As,completed,0,,2025-07-08T19:47:51.717Z,2025-07-08T19:48:01.322Z
2624fff3-ec3f-435b-9d30-c16099adf3b8,Ljg6g7BAdQo,completed,0,,2025-07-08T19:48:01.595Z,2025-07-08T19:48:10.271Z
4c93c757-7892-4399-8186-8090d6e2f9f3,eRFy1u39cik,completed,0,,2025-07-08T19:48:22.983Z,2025-07-08T19:48:31.951Z
ccde703b-16e0-4824-a2cb-8df5357dad3a,ofoPpS-ppr0,completed,0,,2025-07-08T19:48:26.999Z,2025-07-08T19:48:37.367Z
783c0798-2f60-4e54-8a2e-47ae7bc5afd6,tYTM7pZQ8IU,completed,0,,2025-07-08T19:48:32.039Z,2025-07-08T19:48:41.158Z
121fdbf4-4f53-4a15-85bf-e0a8de0a2516,Hcqe-cc8qsA,completed,0,,2025-07-08T19:48:53.615Z,2025-07-08T19:49:02.558Z
a5239c40-1dd9-44f8-a770-e8cd6fb6c2ad,IpUKO-WKaqo,completed,0,,2025-07-08T19:49:12.854Z,2025-07-08T19:49:24.204Z
7cc6453b-da2d-4fab-98e1-57e69e3f94ad,xzfZCp0mGsQ,completed,0,,2025-07-08T19:49:24.072Z,2025-07-08T19:49:33.759Z
733aefc3-e744-4acc-aa25-3d99667c9e0d,7QU1nvuxaMA,completed,0,,2025-07-08T19:49:54.265Z,2025-07-08T19:50:03.296Z
144c807c-c9e3-4bb1-b227-9732318e9b61,ynzDDi9Y044,completed,2,,2025-07-08T19:52:15.285Z,2025-07-08T19:52:34.187Z
5364d83a-ee62-4874-9e4c-e07fceb9bca2,-DuAAmHpGbw,completed,0,,2025-07-08T19:52:55.671Z,2025-07-08T19:53:05.932Z
da70032e-be76-4b5f-8ed4-f75d7dd0026e,O3c4dPxN1qM,completed,0,,2025-07-08T19:53:52.761Z,2025-07-08T19:54:02.951Z
4deca379-7683-41a0-8d44-5f0cdc48df18,FMrIy9zm7QY,completed,1,,2025-07-08T19:54:09.764Z,2025-07-08T19:54:29.071Z
092024f1-c1d3-4cb0-9d59-4030132a6a25,KCYUDBYpv0g,completed,0,,2025-07-08T19:54:55.766Z,2025-07-08T19:55:04.832Z
ead4c897-b294-4625-b55c-6dbb5b4974d4,WNNkbE6EU3w,completed,0,,2025-07-08T19:55:31.073Z,2025-07-08T19:55:39.135Z
400f0afb-1334-442e-b740-294001e134d2,QrR_gm6RqCo,completed,0,,2025-07-08T19:55:50.825Z,2025-07-08T19:56:01.807Z
a31e168b-eb94-4b74-ba54-c76214299090,SsKT0s5J8ko,completed,0,,2025-07-08T19:55:56.389Z,2025-07-08T19:56:06.886Z
d05acd8c-11b5-42ed-89d1-bbd464247508,mb6Jc4juSF8,completed,0,,2025-07-08T19:56:06.821Z,2025-07-08T19:56:15.906Z
bb933c18-b98a-450d-8f0d-09ea3b413ca0,NJLfCBBcZAo,completed,0,,2025-07-08T19:56:13.485Z,2025-07-08T19:56:23.108Z
6ac5b947-ceb8-45db-9846-bc64ee17d8b0,oTri3zbX-R8,completed,0,,2025-07-08T19:56:17.572Z,2025-07-08T19:56:26.493Z
be35ea40-9c3e-4b0d-9343-ecfc05c96ab2,N0I2u6DKnwI,completed,0,,2025-07-08T19:56:34.797Z,2025-07-08T19:56:43.595Z
556ca2d2-2737-4e1e-bebc-9e10af251b7a,JsBpYmySZ-s,completed,0,,2025-07-08T19:56:38.134Z,2025-07-08T19:56:47.705Z
9b6d25e5-942c-4e97-bb73-297b0be5d969,9atpx-u1juI,completed,0,,2025-07-08T19:57:33.653Z,2025-07-08T19:57:43.280Z
38542c69-20c7-4b2e-90f7-48d8f634b7c4,35luFxHO5E0,completed,0,,2025-07-08T19:57:34.369Z,2025-07-08T19:57:43.637Z
11f838d8-0d31-4d76-91a3-5a5dcab0d9dd,eBShN8qT4lk,completed,0,,2025-07-08T19:58:19.995Z,2025-07-08T19:58:29.516Z
dfc5be56-9885-4a4a-94a4-1861d4375ce8,evA-R9OS-Vo,completed,0,,2025-07-08T19:58:40.404Z,2025-07-08T19:58:51.009Z
2db25a77-f737-489c-a8f1-424ca1997883,uT3SBzmDxGk,completed,0,,2025-07-08T19:59:06.252Z,2025-07-08T19:59:16.323Z
f15c5af4-e6ff-402c-b89c-fc5f63cc53c0,Z_63ZZRLylE,completed,0,,2025-07-08T19:59:12.687Z,2025-07-08T19:59:21.918Z
1ecf0762-7e1d-4c8c-871e-3337e36b884a,nVPcvTZAmSA,completed,0,,2025-07-08T20:00:13.297Z,2025-07-08T20:00:22.952Z
f5d158aa-fdb9-4c9b-8b35-e519dc66d8f8,_PVjcIO4MT4,completed,0,,2025-07-08T20:01:48.730Z,2025-07-08T20:01:58.391Z
ab974fec-c953-45a6-a996-85728e902bd0,FLVc6-I0dME,completed,0,,2025-07-08T20:02:59.751Z,2025-07-08T20:03:10.947Z
f277a262-67de-497c-b633-fad2614c7347,5X_D7i4NxMc,completed,0,,2025-07-08T20:03:20.150Z,2025-07-08T20:03:28.929Z
acc2d102-e53d-4f5f-add2-318d994b3c9b,NdSyFxTDQUM,completed,0,,2025-07-08T20:03:22.663Z,2025-07-08T20:03:31.518Z
48139c49-818b-48f7-9857-3a6c7cebd290,vmqKxaYb3Mg,completed,0,,2025-07-08T20:03:48.162Z,2025-07-08T20:03:56.314Z
fe4757ac-53a1-4112-b36d-72bf54ccfd5b,AQNXPqUNH3s,completed,0,,2025-07-08T20:05:20.760Z,2025-07-08T20:05:28.990Z
6aec8569-75f2-4c59-b463-e4f1727edd26,EY4lOJ822NI,completed,0,,2025-07-08T20:06:05.739Z,2025-07-08T20:06:15.303Z
b4fda1a3-1839-4c37-b09c-1d7fb98c9a81,0uNR_4UdfxA,completed,0,,2025-07-08T20:06:26.001Z,2025-07-08T20:06:35.778Z
d48b0b05-5ce2-4dc8-93a9-61e56801d181,OZRYzH0Q0pU,completed,0,,2025-07-08T20:06:36.985Z,2025-07-08T20:06:46.057Z
27fcf981-76f5-4aed-9c08-2f9603f7c67d,RNQj-qvRVWs,completed,0,,2025-07-08T20:06:47.447Z,2025-07-08T20:06:57.700Z
c774e2c1-8403-4f0d-8039-364bd8902bac,TNRCvG9YtYI,completed,0,,2025-07-08T20:07:07.738Z,2025-07-08T20:07:17.571Z
cd24e004-0738-4002-bf7c-25195f16e3ab,V_Ydoe4Q-Gg,completed,0,,2025-07-08T20:07:08.184Z,2025-07-08T20:07:18.267Z
ed033bdd-cb38-4afe-83c2-b0cc41cada83,f65VcQkJnTw,completed,0,,2025-07-08T20:07:34.257Z,2025-07-08T20:07:42.843Z
091f6e28-a5f0-4dbe-b6f3-6ba678da7d00,ZXgHcdLM7lM,completed,0,,2025-07-08T20:07:39.384Z,2025-07-08T20:07:47.968Z
8657276d-62a0-4aca-9cc2-385e5038fc38,lXeR1_aQsgw,completed,0,,2025-07-08T20:08:34.624Z,2025-07-08T20:08:44.591Z
adebf646-678f-4da5-96ce-5e5936215cab,qeqj5GnoFUY,completed,0,,2025-07-08T20:08:39.704Z,2025-07-08T20:08:50.626Z
807e7096-2643-4df3-97f3-29e891023b42,MslDnwerQRA,completed,0,,2025-07-08T20:08:50.082Z,2025-07-08T20:08:59.094Z
1b4635e3-3de0-4d80-9c39-0e54982b2e5f,BOTIIw76qiE,completed,0,,2025-07-08T20:09:22.327Z,2025-07-08T20:09:30.874Z
d202f1ad-c965-4077-bac0-dc57a06a8c0a,wsx8YIy3D5U,completed,0,,2025-07-08T20:09:31.311Z,2025-07-08T20:09:41.147Z
34826ebb-983e-4f2c-834c-27846a9beac4,ey0EbKZvBNY,completed,0,,2025-07-08T20:10:00.842Z,2025-07-08T20:10:09.616Z
a603940b-27e8-42ee-96db-58e2e0ab83bc,fWNaR-rxAic,completed,0,,2025-07-08T20:10:17.620Z,2025-07-08T20:10:27.000Z
33bef6ef-2110-4f20-afa8-4de454d21285,gK0fbhGdX4A,completed,0,,2025-07-08T20:10:31.328Z,2025-07-08T20:10:42.759Z
47d1edd0-ef3c-41ac-a11f-839cc566ef11,JQbiR2gtyw0,completed,0,,2025-07-08T20:10:54.433Z,2025-07-08T20:11:04.065Z
06a6cfbb-7070-44cd-8c8f-66be5e748df2,QMwXaoyjdbM,completed,0,,2025-07-08T20:10:57.946Z,2025-07-08T20:11:07.219Z
ff09651d-8e81-4544-8488-022604883f5c,PvpEGjbr3ZM,completed,0,,2025-07-08T20:10:58.680Z,2025-07-08T20:11:07.148Z
99bb9be5-eecf-485e-a0ce-19012c55734c,EnJExnW9GXM,completed,0,,2025-07-08T20:11:13.770Z,2025-07-08T20:11:23.700Z
5a2c2769-2073-4be3-95f4-7c84777a330e,CD-E-LDc384,completed,0,,2025-07-08T20:11:33.916Z,2025-07-08T20:11:42.897Z
3e5508ab-08a4-49d8-af9f-3eda61940451,L5aXJ83Qeoc,completed,0,,2025-07-08T20:11:35.362Z,2025-07-08T20:11:45.021Z
66bfb19b-cf16-436a-abed-4a9b53d60daf,4M1bEYHJJA8,completed,0,,2025-07-08T20:11:55.867Z,2025-07-08T20:12:04.818Z
2e5a8e3f-0a29-4270-96e4-815b1b45ba62,9tjdswqGGVg,completed,0,,2025-07-08T20:14:46.731Z,2025-07-08T20:14:56.538Z
81a1798d-b405-4875-8687-ae19f6b4e656,0b_1GADtPnQ,completed,0,,2025-07-08T20:15:08.221Z,2025-07-08T20:15:40.019Z
4e79711a-4f03-42fe-9c69-da68ac7e2ab5,0ApwZaao0Q8,completed,0,,2025-07-08T20:15:29.888Z,2025-07-08T20:15:41.126Z
f22f07b9-8c0b-4acc-893f-86938fadc504,CU9n63ANaEc,completed,0,,2025-07-08T20:15:41.704Z,2025-07-08T20:15:50.712Z
70a791fc-56f7-4ea8-9545-ff6065c5f6d1,A9fuK2XBIC0,completed,0,,2025-07-08T20:15:51.986Z,2025-07-08T20:16:05.671Z
68b85d08-a5e1-45ce-b573-28e68a2e772c,9jK-NcRmVcw,completed,0,,2025-07-08T20:16:47.404Z,2025-07-08T20:16:56.705Z
98f42214-494f-49ed-a5d5-5b7668ac0fd1,htgr3pvBr-I,completed,0,,2025-07-08T20:17:02.893Z,2025-07-08T20:17:12.948Z
08046063-1ac3-4bd8-a17b-f7d06f47af2a,iYtBMgLfqKQ,completed,0,,2025-07-08T20:17:12.533Z,2025-07-08T20:17:22.802Z
5bef172e-f381-45d8-93be-cf6aaa28343c,Rpx_PcZjByY,completed,0,,2025-07-08T20:17:43.415Z,2025-07-08T20:17:54.909Z
08f2b3fb-38f2-4405-a56c-7936bffaef6c,jaomrsho__Y,completed,0,,2025-07-08T20:17:49.456Z,2025-07-08T20:18:03.399Z
c1917128-7e0e-4ff4-b1ed-e6369f6c412b,sBJT1BpOcvg,completed,0,,2025-07-08T20:17:54.697Z,2025-07-08T20:18:13.982Z
b87ffb82-3405-4f01-88b2-f0cb86c68829,s-KMLPph4vA,completed,0,,2025-07-08T20:18:01.594Z,2025-07-08T20:18:20.364Z
13f1ad08-1644-4808-ad76-02cb6e8ad2f3,9NCB8xNJPz4,completed,0,,2025-07-08T20:18:05.086Z,2025-07-08T20:18:13.582Z
2d789238-89b1-4afb-a55a-21c1eb59a963,zBwTWJnJMk8,completed,0,,2025-07-08T20:18:15.273Z,2025-07-08T20:18:35.023Z
b04f06a9-f49d-425d-9ad8-e7831314580f,r_8Xm3XowCM,completed,0,,2025-07-08T20:18:15.618Z,2025-07-08T20:18:36.804Z
06980851-bbd9-4f97-8eda-59159e6f20a4,YvXdqT7EavY,completed,0,,2025-07-08T20:18:23.724Z,2025-07-08T20:18:34.806Z
f9689351-6743-48b1-8668-1400cc998b17,9hFu79HXJGA,completed,0,,2025-07-08T20:18:36.475Z,2025-07-08T20:19:04.227Z
8f0bf3de-2f89-4c7f-8280-98bf036c9745,u65FYwIWP88,completed,0,,2025-07-08T20:18:36.670Z,2025-07-08T20:18:47.321Z
b6cb2030-4e96-4bee-b190-9e09993d9147,HxCzMAFrTJ8,completed,0,,2025-07-08T20:18:38.436Z,2025-07-08T20:18:47.387Z
d01a5d6b-2185-44db-bce4-8571447e367c,6JOPR1QSGuE,completed,0,,2025-07-08T20:18:49.006Z,2025-07-08T20:18:57.707Z
e54133fc-b4d7-4128-a037-ac2f46c34870,VRL2fFlKXVg,completed,0,,2025-07-08T20:18:49.082Z,2025-07-08T20:19:00.773Z
03693239-d276-467c-8962-58928a9216f5,mGgMZpGYiy8,completed,0,,2025-07-08T20:18:59.364Z,2025-07-08T20:19:11.951Z
8fc477da-4a46-450d-818c-e6831a36e036,sTmgaP2gYsk,completed,0,,2025-07-08T20:19:02.417Z,2025-07-08T20:19:26.874Z
ece87dbf-9635-4bed-8b25-99ca9dc416e8,fRf5ZYj8SbQ,completed,0,,2025-07-08T20:19:05.894Z,2025-07-08T20:19:19.790Z
bcb6c449-91d4-4425-b3c5-9a04334b7d30,Va7gnpMnaQ8,completed,0,,2025-07-08T20:19:13.644Z,2025-07-08T20:19:33.039Z
5137d754-5a87-4251-ad51-1172a03d0369,72tCWK3HlaA,completed,0,,2025-07-08T20:19:21.459Z,2025-07-08T20:19:29.735Z
7c1a3aeb-92ea-438b-b00d-034962cb500b,L3wKzyIN1yk,completed,0,,2025-07-08T20:19:46.394Z,2025-07-08T20:19:54.616Z
54169db0-4a09-48e1-84e4-31c39b349551,a3Ue-LN5B9U,completed,0,,2025-07-08T20:19:48.550Z,2025-07-08T20:19:58.191Z
62da3e67-79f2-42f2-9e7f-37bdc000aba3,PqVvrF7pwDQ,completed,0,,2025-07-08T20:19:49.704Z,2025-07-08T20:19:59.191Z
764518eb-09cf-460f-8568-89307620c446,qOD9M95_fS0,completed,0,,2025-07-08T20:20:04.873Z,2025-07-08T20:20:14.345Z
74081582-d7c6-4914-ab79-597ac6b74a18,VU23OPQ1Pmc,completed,0,,2025-07-08T20:20:05.825Z,2025-07-08T20:20:15.721Z
9b41a23c-8932-4083-b0d6-e80e4a165ea2,lXY2TgDdcQ8,completed,0,,2025-07-08T20:20:22.440Z,2025-07-08T20:20:32.685Z
335beacc-b042-4e6d-a982-c9854a95b893,EfWmWlW2PvM,completed,0,,2025-07-08T20:20:41.333Z,2025-07-08T20:20:50.653Z
21b367cf-9323-4534-bd42-04ea488e89d4,CFF0mV24WCY,completed,0,,2025-07-08T20:21:01.074Z,2025-07-08T20:21:10.477Z
bd8bfbeb-f419-4250-94bd-272c791a6ac6,jdPkcgaH8zg,completed,0,,2025-07-08T20:21:39.438Z,2025-07-08T20:21:48.979Z
295a998f-9be6-4fc2-96eb-9f4dcc1bab0d,wFl_ttYwixk,completed,0,,2025-07-08T20:21:47.212Z,2025-07-08T20:22:05.302Z
da43fe1c-9cae-4520-b582-705370ba0ebc,KO7cYLLFbLw,completed,0,,2025-07-08T20:21:50.664Z,2025-07-08T20:22:05.135Z
b7ff7f47-be07-4113-b394-3e9758e316b1,8R_4O3q92Lo,completed,0,,2025-07-08T20:21:52.375Z,2025-07-08T20:22:07.612Z
6fa53e83-3b7e-4b4b-aa60-5abe4a5d94fb,9FcaUhySrbA,completed,0,,2025-07-08T20:22:06.834Z,2025-07-08T20:22:23.796Z
3e405d3a-70a4-42b3-991a-f0996b88b544,e94gack-DJk,completed,0,,2025-07-08T20:22:07.016Z,2025-07-08T20:22:19.842Z
4d3741f3-baf1-4ff3-97ff-53baa88a9016,keAW7CDF3_0,completed,0,,2025-07-08T20:22:09.283Z,2025-07-08T20:22:24.737Z
e57a1e87-7d81-4f23-ae9a-3cb552429aa7,Ulay2FvUEd8,completed,0,,2025-07-08T20:23:15.527Z,2025-07-08T20:23:24.709Z
a9d7bf2a-ed24-47d6-bac6-1956b9ae6ab3,s37x2VSZrLw,completed,0,,2025-07-08T20:24:01.430Z,2025-07-08T20:24:10.987Z
5268fa65-5db7-4bde-80b7-06a5ac25d3f2,XpZHUVjQydI,completed,0,,2025-07-08T20:24:06.517Z,2025-07-08T20:24:16.982Z
df577bb5-9d03-4515-928b-ead64099a0e1,TMstTM01m28,completed,0,,2025-07-08T20:24:26.742Z,2025-07-08T20:24:36.010Z
1abc3cdc-ac91-4ef1-ab7a-86458138602f,5YgevxRGXIU,completed,0,,2025-07-08T20:25:22.749Z,2025-07-08T20:25:32.108Z
d6e21ba4-7056-40f9-ac56-ec0c545d236f,p8VINGeZi5w,completed,0,,2025-07-08T20:26:32.899Z,2025-07-08T20:26:44.781Z
056b74ea-43b0-428e-a698-42cb8ff09525,ViweO33oo2Y,completed,0,,2025-07-08T20:26:33.856Z,2025-07-08T20:26:46.257Z
82ec24e8-6bdc-4ecc-8819-bda93d8f03b2,rzB4q6KmX2E,completed,0,,2025-07-08T20:26:38.914Z,2025-07-08T20:26:47.740Z
09aad42b-6bc2-45aa-a464-bfa68dea6e6e,5X_VckeNIFk,completed,0,,2025-07-08T20:26:49.416Z,2025-07-08T20:26:57.549Z
257c5f05-9c60-4907-8e55-13d17fbba523,FkDvkR5l1eg,completed,0,,2025-07-08T20:27:02.922Z,2025-07-08T20:27:12.942Z
a1479d89-4577-468b-9793-cc298373aea9,BiMHewopOAY,completed,0,,2025-07-08T20:27:39.233Z,2025-07-08T20:27:51.607Z
09bff99e-284f-4bac-88a0-2f7e72e07658,rHcmnowjfrQ,completed,0,,2025-07-08T20:28:13.304Z,2025-07-08T20:28:23.989Z
afdca128-376c-4dc4-b192-fd949a639a44,ogBQ3VymYbk,completed,0,,2025-07-08T20:28:19.736Z,2025-07-08T20:28:29.369Z
e2b1b3f1-60d4-42c0-ae56-28d4fe8e91dc,KoKPyVVc4FE,completed,0,,2025-07-08T20:28:36.022Z,2025-07-08T20:28:46.564Z
d6569e26-7571-4b58-a446-4c238f236f2b,TpMzD8Q1fQg,completed,0,,2025-07-08T20:28:40.667Z,2025-07-08T20:28:54.690Z
01af7bc1-b176-4bd3-b396-9178ce9e5400,OdFYaK_nUCs,completed,1,,2025-07-08T20:29:51.440Z,2025-07-08T20:30:08.700Z
7629d7d9-3409-4ad1-8a06-f6c5a08e71d9,VDDQsIu9FFE,completed,0,,2025-07-08T20:30:08.296Z,2025-07-08T20:30:18.220Z
fd029907-5dc8-4c4f-9b75-f2906ff26650,srEe6K34DVo,completed,0,,2025-07-08T20:30:35.260Z,2025-07-08T20:30:44.481Z
041aa7d3-3ce6-4573-9834-2fa005764087,7qM8lUIcS9M,completed,0,,2025-07-08T20:31:16.212Z,2025-07-08T20:31:26.099Z
e197f941-589c-435e-8d31-44b855e631ef,ilNt2bikxDI,completed,0,,2025-07-08T20:31:26.799Z,2025-07-08T20:31:36.295Z
20d24ae6-88b0-4e37-bb15-9c7ab29dc610,he6D4l_qJGw,completed,0,,2025-07-08T20:31:27.783Z,2025-07-08T20:31:37.969Z
1f4ba537-79dd-4b37-b952-6ac5a6e02fec,GqagMyq2hGQ,completed,0,,2025-07-08T20:31:54.662Z,2025-07-08T20:32:04.303Z
3b1575ce-2f2c-4872-ae9a-d9a3d96f1a32,U2SVCCENLjE,completed,0,,2025-07-08T20:32:12.300Z,2025-07-08T20:32:21.772Z
8a7b1ca9-86d5-45c9-9cc2-f416c681fcf5,SJ2xAtGwtaA,completed,0,,2025-07-08T20:32:17.974Z,2025-07-08T20:32:26.100Z
a34ab63c-87ea-45ac-b0e8-58725acdc81b,iHZDFXhYXSs,completed,0,,2025-07-08T20:32:23.516Z,2025-07-08T20:32:32.184Z
d57a68a0-5837-470a-bdf5-050fa88bf800,PpIpFx4ubHE,completed,0,,2025-07-08T20:32:25.990Z,2025-07-08T20:32:35.220Z
1119b9b2-fa36-400f-8b31-40497299b911,yKNxeF4KMsY,completed,0,,2025-07-08T20:32:48.900Z,2025-07-08T20:32:58.453Z
74b74735-4dc8-4436-9c94-8bcb91daf276,U5nzmT59sCM,completed,0,,2025-07-08T20:33:07.814Z,2025-07-08T20:33:17.108Z
65538200-c121-49e1-b3bc-6683d3a7daf2,SmM0653YvXU,completed,0,,2025-07-08T20:33:15.156Z,2025-07-08T20:33:25.389Z
c2c7dea2-7432-46c9-9507-45cfdf2b709c,3taEuL4EHAg,completed,0,,2025-07-08T20:33:42.012Z,2025-07-08T20:33:51.420Z
571cec2e-3a12-46ab-aa1c-7dd8ccdda077,IIEVqFB4WUo,completed,0,,2025-07-08T20:33:52.093Z,2025-07-08T20:34:00.463Z
5616b1d9-9642-423b-9761-0dfa4b9bf89f,2T6I10SloZY,completed,0,,2025-07-08T20:34:38.141Z,2025-07-08T20:34:47.574Z
c4fbcc93-c6d3-497f-841d-9484f7b85334,_IZsxfo8ITw,completed,0,,2025-07-08T20:34:42.140Z,2025-07-08T20:34:51.146Z
513739bb-c6be-484c-8929-ba8e689026a6,GJ4AZXOM9b0,completed,0,,2025-07-08T20:34:52.843Z,2025-07-08T20:35:03.135Z
14dff970-62ec-44a8-9cfc-f9c817eacb27,uEssK8o3jKg,completed,0,,2025-07-08T20:35:03.948Z,2025-07-08T20:35:13.059Z
64d1ab19-decd-4999-979e-2e570493ff10,r7uOKEr7Qv8,completed,0,,2025-07-08T20:35:09.272Z,2025-07-08T20:35:19.568Z
6b92dfef-99be-45f2-9fa4-c8ea5bcc1ba0,7R2HxUupXOs,completed,0,,2025-07-08T20:35:09.828Z,2025-07-08T20:35:19.400Z
3759d8b5-75ed-4e65-9f2d-d91194609ddc,RYKYMUFestk,completed,0,,2025-07-08T20:35:49.761Z,2025-07-08T20:35:59.456Z
19cd8ebb-ea9d-4ce4-b6d6-866c39ae1c33,WyZSCSCvn6Q,completed,0,,2025-07-08T20:35:56.158Z,2025-07-08T20:36:05.578Z
d314a9d2-2164-4d74-a8a4-2796c38c0a3d,ByBGgiacuCc,completed,0,,2025-07-08T20:36:17.254Z,2025-07-08T20:36:26.677Z
498a2d12-3b31-42cd-a5d2-3a1b0147e5b8,Xhsl6j6xOEM,completed,0,,2025-07-08T20:36:31.148Z,2025-07-08T20:36:41.386Z
df12deba-c3eb-4dda-8eef-a10226eeba38,VMUt8KdDtTY,completed,0,,2025-07-08T20:36:56.399Z,2025-07-08T20:37:05.193Z
9e5c33cb-deed-4081-8289-73959faf62b2,h3r7Oo0Fs-8,completed,0,,2025-07-08T20:37:06.857Z,2025-07-08T20:37:15.326Z
1560f212-a9f6-485c-93b0-896b2340a899,67WJLkCsVDw,completed,0,,2025-07-08T20:37:47.022Z,2025-07-08T20:37:57.715Z
0844cdc7-e43a-4b27-bbed-dcd06f46067c,ToQ0n3itoII,completed,0,,2025-07-08T20:37:48.155Z,2025-07-08T20:37:58.012Z
091972f0-9fae-46c7-9ab6-adfc2f207cb3,z4A6o-yf-ao,completed,0,,2025-07-08T20:37:53.483Z,2025-07-08T20:38:02.520Z
dc2a99fe-d4ea-48ee-8998-755e42996e68,TC9Rs54Dxlw,completed,0,,2025-07-08T20:38:14.216Z,2025-07-08T20:38:23.891Z
ef62e332-cd16-46dd-bcf6-288755c8d2d6,ceA5hkBXLxc,completed,0,,2025-07-08T20:38:39.431Z,2025-07-08T20:38:47.867Z
e4e27249-be43-492b-b0b1-3b5e40d29754,WvQ7vVRPr1s,failed,3,Video unavailable,2025-07-08T20:38:39.718Z,2025-07-08T20:38:45.977Z
daae6d81-cf65-4266-b049-046f53785383,q3Xl9ViGISI,completed,0,,2025-07-08T20:38:47.653Z,2025-07-08T20:38:56.450Z
5cba4a65-10c2-4b05-8e9d-eaf3e3373a42,r0V1ePtxMSo,completed,0,,2025-07-08T20:39:03.119Z,2025-07-08T20:39:11.625Z
e72829ea-88a7-46bf-b97b-3da54cca7aff,S3wytd6ZbXc,completed,0,,2025-07-08T20:39:05.593Z,2025-07-08T20:39:15.385Z
560a0a00-75b1-42bf-ac93-bf138cb2e7bf,V4c4yQXk6Ug,completed,0,,2025-07-08T20:39:09.492Z,2025-07-08T20:39:18.514Z
5eb74065-185f-464e-a146-8841c41cc949,FlV6AYhzFbU,completed,0,,2025-07-08T20:39:13.250Z,2025-07-08T20:39:20.582Z
5ec83c96-6e13-47fc-8b51-6bd679715592,5XPJdf8wwuY,completed,0,,2025-07-08T20:39:37.048Z,2025-07-08T20:39:46.694Z
fada7b34-29ac-4452-a241-90eb21c00ac7,O5mcLhuUfG0,completed,0,,2025-07-08T20:39:42.269Z,2025-07-08T20:39:52.086Z
b97c8923-dd9e-4bdc-bdef-4d9caab8830c,Pecj5GGjQi8,completed,0,,2025-07-08T20:39:58.394Z,2025-07-08T20:40:07.479Z
e691c41f-2cf0-4963-8727-374edc439a00,D1TXnTjbf4A,completed,0,,2025-07-08T20:40:18.747Z,2025-07-08T20:40:27.389Z
d8504c04-f9e4-4007-b3ec-63e4f4c63b8c,7saJwtX4P-w,completed,0,,2025-07-08T20:40:59.120Z,2025-07-08T20:41:08.149Z
f4368989-3824-480d-88a0-afe9304f7a4a,Vbn2S6nfjPI,completed,0,,2025-07-08T20:41:59.256Z,2025-07-08T20:42:08.513Z
f320915a-0d13-4879-a68b-f6954d4965a9,Qi4Toe_F0-Q,completed,0,,2025-07-08T20:42:35.269Z,2025-07-08T20:42:47.457Z
883f78e7-1fc3-4327-81c7-707781ac6c0b,n61ULEU7CO0,completed,0,,2025-07-08T20:45:54.364Z,2025-07-08T20:46:38.223Z
88daf154-bfb2-445a-944f-b1eb5b48a50f,Uhmg30gpTiQ,completed,3,,2025-07-08T20:47:09.983Z,2025-07-08T20:47:34.179Z
db763fc2-e5cc-4059-b8da-9d0823fcebb6,k--DKyEPL48,completed,0,,2025-07-08T20:47:22.120Z,2025-07-08T20:47:32.286Z
74c79fae-34ab-42b4-b711-dbbb2f51d1a5,B0iTMwhtXMM,completed,0,,2025-07-08T20:47:48.969Z,2025-07-08T20:47:58.263Z
89236890-147b-46e4-aecb-02d79599f63c,s1TmQOivQ3w,completed,0,,2025-07-08T20:48:04.979Z,2025-07-08T20:48:14.405Z
5cc9d9ca-be06-4bf2-b311-91ee90237e42,lwYxnpoB3gc,completed,0,,2025-07-08T20:48:25.870Z,2025-07-08T20:48:35.239Z
5e1742ae-c92c-4742-bbfd-ae52d090ff32,ftE4D4xRqso,completed,0,,2025-07-08T20:48:40.924Z,2025-07-08T20:48:49.965Z
5aa82593-bea7-47e9-9e79-511c1be82e4d,siwpn14IE7E,completed,0,,2025-07-08T20:50:16.264Z,2025-07-08T20:50:26.495Z
455afe75-e08c-4a2b-b18b-ac6085c4faea,mer6X7nOY_o,completed,0,,2025-07-08T20:50:48.208Z,2025-07-08T20:50:57.726Z
4696f134-d495-402f-9d2c-fd42a1c17685,rQysrhYnWHg,completed,0,,2025-07-08T20:51:21.774Z,2025-07-08T20:51:30.962Z
4d92c3f7-bf76-4515-afb6-a8031d186302,9UaJAnnipkY,completed,0,,2025-07-08T20:52:27.734Z,2025-07-08T20:52:37.877Z
633fba1c-7db0-4568-b96b-a3df414d17fb,P3CxhBIrBho,completed,0,,2025-07-08T20:52:32.201Z,2025-07-08T20:52:41.924Z
69614cba-fe63-4cfa-86f9-8d194cde4fda,STP4cCpyScE,completed,0,,2025-07-08T20:53:24.541Z,2025-07-08T20:53:33.580Z
5cb39e7c-b60b-43d0-b2f3-d3134a65b323,oP8W0b1_U_c,completed,0,,2025-07-08T20:53:48.637Z,2025-07-08T20:53:57.575Z
ac0fe01c-891e-4d42-b3e3-a04d0e965886,A2zKARkpDW4,completed,0,,2025-07-08T20:53:54.613Z,2025-07-08T20:54:04.357Z
05d7c48a-1276-459c-80fd-22c9b388bef3,4nNMIy7rWw0,completed,0,,2025-07-08T20:56:24.380Z,2025-07-08T21:03:53.432Z
baabd663-b3f6-499d-ad1e-cb4d62fcf3f3,e_0TUC0A6ns,completed,0,,2025-07-08T20:58:51.848Z,2025-07-08T21:03:44.316Z
3bb1adcd-48fe-4ad2-bf74-2187dd596d19,XCRsJKnLppU,completed,0,,2025-07-08T20:59:31.490Z,2025-07-08T21:03:52.569Z
56de5ebd-0c2c-49ca-93fd-353dcd5fff94,WESXaHoLzxY,completed,0,,2025-07-08T20:59:53.297Z,2025-07-08T21:03:42.774Z
a30ed0c2-ba59-4745-bec9-db30d56a2365,ALTlKgwjB3w,completed,0,,2025-07-08T20:59:59.591Z,2025-07-09T01:26:48.997Z
7a6e0d33-7785-4178-ae13-ea8c3f06f1b9,11mhAg6H01E,completed,0,,2025-07-08T21:01:12.643Z,2025-07-08T21:04:08.010Z
224bf0b3-53fa-44eb-b979-0442dde72839,k9uyf9zausE,processing,0,,2025-07-08T21:01:33.293Z,2025-07-08T21:01:33.293Z
96bc162d-4dd7-4a64-a445-ee7cae289b07,flyqRjoWr3s,completed,0,,2025-07-08T21:01:45.198Z,2025-07-08T21:03:41.910Z
931a1131-d7d8-43a3-8389-b33bdcffa9f2,OORoOGY8D2M,completed,0,,2025-07-08T21:01:51.085Z,2025-07-08T21:04:01.393Z
8a0758d7-9dfa-4a7b-8884-873eed65b647,c0-hvjV2A5Y,completed,0,,2025-07-08T21:02:50.800Z,2025-07-08T21:04:17.877Z
51dbe56e-40b1-43bb-a73e-dab7f206002c,xaPNR-_Cfn0,completed,0,,2025-07-08T21:03:08.620Z,2025-07-08T21:03:19.297Z
2f7bda48-1720-4985-9113-f9b1f0ee70c1,jS-jSTVt670,completed,0,,2025-07-08T21:04:58.138Z,2025-07-08T21:05:06.922Z
f0530b9b-a3b0-4eda-9215-b0ed625cef3c,YaEG2aWJnZ8,completed,0,,2025-07-08T21:06:08.676Z,2025-07-08T21:06:17.466Z
6a696b41-50d7-42c5-825b-e889c2fbe9ee,2vjPBrBU-TM,completed,0,,2025-07-08T21:06:09.742Z,2025-07-08T21:06:21.946Z
afcbe4ee-1db0-494b-83f3-d096482c9796,KWZGAExj-es,completed,0,,2025-07-08T21:06:14.855Z,2025-07-08T21:06:29.011Z
8b7a0540-4e92-496e-b243-d63e0ad2aa72,itKsZDpIxx4,completed,0,,2025-07-08T21:06:23.563Z,2025-07-08T21:06:35.682Z
618f7e50-f2ac-4405-b872-e842ded30e48,8FqqD38g_H0,completed,0,,2025-07-08T21:06:34.227Z,2025-07-08T21:06:44.272Z
df05594c-4283-4964-984f-aa71e7220f67,TlO4FWrVE2I,failed,3,Video unavailable,2025-07-08T21:07:00.681Z,2025-07-08T21:07:06.702Z
83247cd6-7005-4bf4-8e47-e045699c5c21,nlx4mFOopIU,completed,0,,2025-07-08T21:07:16.000Z,2025-07-08T21:07:25.404Z
88ed5166-df2f-43d0-9c8e-57c2ecd9ceee,eGCD4xb-Tr8,completed,0,,2025-07-08T21:07:22.431Z,2025-07-08T21:07:32.348Z
1bf938e9-1fe9-43ba-9196-0c7e6514ff2c,4H5I6y1Qvz0,completed,0,,2025-07-08T21:07:27.126Z,2025-07-08T21:07:37.065Z
8a09f13e-8378-45bf-9f19-76c2e5d8de14,Gs069dndIYk,completed,0,,2025-07-08T21:07:38.396Z,2025-07-08T21:07:47.993Z
855a9c21-83cd-4df9-b862-4fe8bb9c2821,1RKqOmSkGgM,completed,0,,2025-07-08T21:07:53.691Z,2025-07-08T21:08:13.914Z
107a25f2-7461-4b18-80ab-028f4d3f9a80,GR3Liudev18,completed,0,,2025-07-08T21:07:53.994Z,2025-07-08T21:08:13.934Z
0143eacf-2031-4796-a17c-d57dcbe402cb,y9Wxl9Q9lUQ,completed,0,,2025-07-08T21:08:19.648Z,2025-07-08T21:08:28.861Z
fe236c72-8bf0-4a58-ac4e-5e5e60eaffda,EK_LN3XEcnw,completed,0,,2025-07-08T21:08:20.546Z,2025-07-08T21:08:29.620Z
14960aea-9457-4a71-b23a-aa5c020af707,9Xvn_Ku55cI,completed,0,,2025-07-08T21:08:40.610Z,2025-07-08T21:08:54.629Z
1627e4d1-9aa0-4c62-b333-9775f1620fe8,6md5RSnVUuo,completed,0,,2025-07-08T21:08:50.543Z,2025-07-08T21:08:59.871Z
9cd1fe14-6263-43c6-aa54-6c041a87b030,mhKCRnUKp5U,completed,0,,2025-07-08T21:08:51.402Z,2025-07-08T21:09:00.473Z
1921adc7-c09d-46b9-94b8-ac91d3e31b62,oadhHk2xs6c,completed,0,,2025-07-08T21:08:56.335Z,2025-07-08T21:09:05.855Z
2b503f29-e96e-41fb-b64c-619fd3714796,yDSK91mUNLU,completed,0,,2025-07-08T21:09:01.573Z,2025-07-08T21:09:10.240Z
478070ea-8899-4edf-b1fa-07250fa0982f,p6Cnazi_Fi0,completed,0,,2025-07-08T21:09:21.862Z,2025-07-08T21:09:31.141Z
f2c19125-1a62-420d-bd98-32b12ac344f2,c18441Eh_WE,completed,0,,2025-07-08T21:09:22.150Z,2025-07-08T21:09:31.507Z
5a424d13-3692-4a8a-b2e5-281db7bbe4f4,vzZn31gd_Jc,completed,0,,2025-07-08T21:09:27.510Z,2025-07-08T21:09:36.726Z
8b7cbb42-6d5b-4e49-b031-19b5e30f00e8,MG6tA4pbJGA,completed,0,,2025-07-08T21:09:32.815Z,2025-07-08T21:10:05.974Z
82cb4c3e-eee9-4aa2-be81-bed3931026f4,3_TvpBwSZDM,completed,0,,2025-07-08T21:09:33.163Z,2025-07-08T21:09:53.705Z
f3484805-8a6b-42f0-9d4f-8f9bb8930bdb,UnIhRpIT7nc,completed,0,,2025-07-08T21:10:20.383Z,2025-07-08T21:10:29.131Z
0927da26-6dba-4995-86b1-5915ce8b7a24,oG08ukJPtR8,completed,0,,2025-07-08T21:10:27.705Z,2025-07-08T21:10:37.538Z
15ed4377-f292-4875-8e7e-128c102b8104,A-Tod1_tZdU,completed,0,,2025-07-08T21:10:54.241Z,2025-07-08T21:11:03.443Z
43bfe514-3653-4749-80ba-8187812ccdca,Qc8nkGIRft8,completed,0,,2025-07-08T21:10:55.805Z,2025-07-08T21:11:04.536Z
6abfd3d4-f0c2-43bb-a362-5180e5c85f8d,j9RGt9Z_UeE,completed,0,,2025-07-08T21:11:16.221Z,2025-07-08T21:11:25.442Z
ffa5128e-ab86-4c30-92c3-328d640ab184,8P0vKLHbtMg,completed,0,,2025-07-08T21:11:20.119Z,2025-07-08T21:11:30.416Z
e5741089-7b49-4e22-be02-002cd5eb198a,42IcRpI4IRE,completed,0,,2025-07-08T21:11:38.532Z,2025-07-08T21:11:56.705Z
dfe1e1d1-a284-498b-91a4-751dc3d52639,0q9hTGJir7c,completed,0,,2025-07-08T21:11:42.119Z,2025-07-08T21:11:58.327Z
c2268116-8cb3-4b5c-b5fb-0d901d635f8f,0iVlSNpq8i8,completed,0,,2025-07-08T21:12:00.030Z,2025-07-08T21:12:08.836Z
ea3cae14-70bf-4306-96fb-72be5ba72eb8,fJ9rUzIMcZQ,completed,0,,2025-07-08T21:12:20.546Z,2025-07-08T21:12:33.525Z
af073903-282e-4146-99be-19ddbbd7185b,Dg1TdWb2OEw,completed,0,,2025-07-08T21:12:23.393Z,2025-07-08T21:12:31.881Z
ccfb8a10-18d5-43cb-afea-99b8d66ff3bf,Osqf4oIK0E8,completed,0,,2025-07-08T21:12:27.197Z,2025-07-08T21:12:36.201Z
b8a17a67-2183-4d45-8669-870811206656,hFDcoX7s6rE,completed,0,,2025-07-08T21:12:33.564Z,2025-07-08T21:12:42.703Z
b242fbbd-1935-4520-b12d-0328623c365d,5hTMYk7orHw,completed,0,,2025-07-08T21:12:35.182Z,2025-07-08T21:12:43.901Z
19507012-ddb8-491b-a397-2dd42341e6c6,rY0WxgSXdEE,completed,0,,2025-07-08T21:12:37.860Z,2025-07-08T21:12:46.887Z
f0f95ac1-8a75-47d2-8804-30e25ac0d49c,m2uTFF_3MaA,completed,0,,2025-07-08T21:12:44.362Z,2025-07-08T21:12:52.932Z
dbd7a188-9568-4d44-b707-2c224f083955,Kee9Et2j7DA,completed,0,,2025-07-08T21:12:45.553Z,2025-07-08T21:12:54.222Z
743fd435-b7bf-43a9-a27b-492c25d62e4c,TjyPfN5sfxA,completed,0,,2025-07-08T21:12:48.506Z,2025-07-08T21:12:56.657Z
995c53c2-76f2-45a3-a232-c3139db1be93,VPWKIluf3Yg,completed,0,,2025-07-08T21:13:13.320Z,2025-07-08T21:13:22.206Z
11896afa-19e9-42ed-bea8-0768571a9f37,_JgbyISzmjQ,completed,0,,2025-07-08T21:13:53.923Z,2025-07-08T21:14:03.880Z
7db06deb-15a6-4668-a0d6-2d4acc1156a7,3rYoRaxgOE0,completed,0,,2025-07-08T21:15:14.757Z,2025-07-08T21:15:24.000Z
4c89313b-9a75-4d00-8180-c6d33a19bd7d,n9AcG0glVu4,completed,0,,2025-07-08T21:16:01.122Z,2025-07-08T21:16:15.428Z
27342f14-3d2d-4c09-957c-b23cb3746d0e,bn8gP5N8hqM,completed,0,,2025-07-08T21:16:30.777Z,2025-07-08T21:16:46.579Z
86dbd571-c00d-4a9d-ae49-89b7b264a03f,D0LYs-VqFuw,completed,0,,2025-07-08T21:16:36.531Z,2025-07-08T21:16:46.198Z
084b86f8-7200-4ce1-af57-e30590969f6c,SZzv8DXtI04,completed,0,,2025-07-08T21:16:37.153Z,2025-07-08T21:16:44.142Z
9ad984d0-0f84-49b4-814d-ec208a5fdb65,L3-YrEYF3Ik,completed,0,,2025-07-08T21:16:45.817Z,2025-07-08T21:16:53.854Z
178fa63e-45ce-4609-9fe3-e17d51ba389a,ScR9QXG9WNo,completed,0,,2025-07-08T21:16:47.857Z,2025-07-08T21:16:56.683Z
7d742853-31a2-4fd5-8049-0e580be38423,rFYmvGk_ego,completed,0,,2025-07-08T21:16:48.225Z,2025-07-08T21:16:55.339Z
02c7c209-61cc-4d88-b079-01413b5a9bd8,bbr60I0u2Ng,completed,0,,2025-07-08T21:17:05.555Z,2025-07-08T21:17:14.827Z
a73cad7d-bb02-4d8a-9668-07ebc3f5f7eb,HWl3YA3EEl4,completed,0,,2025-07-08T21:18:53.439Z,2025-07-08T21:19:15.493Z
bbf4b3a6-ce99-414f-b8a1-99a9c3d0f58b,j4ggyO-OFXU,completed,0,,2025-07-08T21:19:06.633Z,2025-07-08T21:19:17.579Z
5f911f44-c843-4955-9cc8-d56fd4fc3351,9vmSKzg7nEg,completed,0,,2025-07-08T21:19:52.224Z,2025-07-08T21:20:01.733Z
068c1152-ec83-43d8-88a5-07d1be0451d4,EGveTSQbH30,completed,0,,2025-07-08T21:20:42.342Z,2025-07-08T21:20:51.328Z
c3656452-e30c-4461-991e-b50630cee7d9,d0GWQ_qWAlI,completed,0,,2025-07-08T21:20:52.988Z,2025-07-08T21:21:01.435Z
65a1ca40-6d39-4a17-adb3-8d14501aa3e2,cE4lpSFNFUE,completed,0,,2025-07-08T21:21:29.441Z,2025-07-08T21:21:37.893Z
a6e712aa-cf09-4917-922c-b395ee73be9e,xcuP3VLFj70,completed,0,,2025-07-08T21:21:38.145Z,2025-07-08T21:21:53.195Z
d5499c9a-86fd-4898-8037-16cc0dd2f3d3,PsPQajo72Lk,completed,0,,2025-07-08T21:21:49.600Z,2025-07-08T21:22:03.306Z
8e07471b-bd57-4d8c-9322-3066ba2da530,WJMGYrFYgKk,completed,0,,2025-07-08T21:23:24.788Z,2025-07-08T21:23:34.013Z
ec722c8a-c68a-45b4-ba75-e5956f13e8cb,Ag1o3koTLWM,completed,0,,2025-07-08T21:23:40.050Z,2025-07-08T21:23:57.587Z
13520e4a-405b-4943-988b-c4cf8224d3a6,hI8A14Qcv68,completed,0,,2025-07-08T21:24:19.294Z,2025-07-08T21:24:31.388Z
9e2e2b61-d3cf-4c4c-8977-85967f081163,x1XIJM6spaE,completed,0,,2025-07-08T21:25:48.197Z,2025-07-08T21:26:19.813Z
1f0d71de-b320-471f-888d-aeb03b976e0d,nqB3gloVHZM,completed,0,,2025-07-08T21:26:20.272Z,2025-07-08T21:26:30.987Z
b276cbf7-7ead-43df-9ad7-2327eadf783c,XsKaw7CIThw,completed,0,,2025-07-08T21:26:20.928Z,2025-07-08T21:26:30.301Z
4d706d36-bd55-4241-85d7-6c3984c39ad7,6tC9LwAtWQc,completed,0,,2025-07-08T21:29:56.762Z,2025-07-08T21:30:09.628Z
b9421647-d10d-4cf3-b8e8-38f2bebdfff7,wfW9Qn-191s,completed,0,,2025-07-08T21:31:01.374Z,2025-07-08T21:31:11.340Z
efdb11fd-3570-4bba-89fa-8cf67a9597db,ozXZnwYTMbs,completed,0,,2025-07-08T21:31:17.401Z,2025-07-08T21:31:28.209Z
355734d4-b07d-43b9-880b-00f3712920d5,vjoKyj51o_I,completed,0,,2025-07-08T21:31:18.069Z,2025-07-08T21:31:29.553Z
633a556a-8620-448a-932a-2d57e70df752,8UjwWWA6WAc,completed,0,,2025-07-08T21:31:39.905Z,2025-07-08T21:31:54.745Z
9557c6ac-3c59-4b7f-84af-7851870ebd8a,ueNY30Cs8Lk,completed,0,,2025-07-08T21:31:58.731Z,2025-07-08T21:32:07.703Z
c91199aa-7d4f-4983-84ad-032747719737,o-bV32R0whE,completed,0,,2025-07-08T21:32:11.250Z,2025-07-08T21:32:19.642Z
ff8d6cac-a1fa-4cf0-b7c4-aa6a007f58c8,cQFHR_9mIDI,completed,0,,2025-07-08T21:32:11.432Z,2025-07-08T21:32:20.813Z
359616c9-77c5-438d-827e-14fbf5a2fda6,cL0A2jjKC2U,completed,0,,2025-07-08T21:32:19.405Z,2025-07-08T21:32:28.546Z
bb8f1849-8b2a-40d7-a95c-90051f1e1dae,X2LTL8KgKv8,completed,0,,2025-07-08T21:32:21.522Z,2025-07-08T21:32:38.890Z
d99006cd-db51-4c92-b59e-19c4508b8f3a,4wD6Tii2b70,completed,0,,2025-07-08T21:32:22.475Z,2025-07-08T21:32:39.278Z
9edc2554-e598-4340-8df6-14c253e955e2,uqCV7wR-pmM,completed,0,,2025-07-08T21:32:35.255Z,2025-07-08T21:32:44.828Z
9131f369-b366-4fd3-aa76-0df27971418f,Uz1Jwyxd4tE,completed,0,,2025-07-08T21:32:40.569Z,2025-07-08T21:32:48.632Z
695eab39-61f1-4246-8078-67c243c3838b,CIw9n6xnUSI,completed,0,,2025-07-08T21:35:35.549Z,2025-07-08T21:36:00.532Z
41dcd856-ed35-4474-8d1e-64455f020168,bpOSxM0rNPM,completed,0,,2025-07-08T21:35:51.182Z,2025-07-08T21:36:00.737Z
f6d54ebb-98e2-4c33-b7a6-48acff5a9f54,15IHNYq6stw,completed,0,,2025-07-08T21:35:56.753Z,2025-07-08T21:36:09.084Z
e01390d9-bfdb-4dfc-83d4-6981ebec5933,BKh5IMj4ias,completed,0,,2025-07-08T21:36:55.794Z,2025-07-08T21:37:05.052Z
573c6b3c-d4d5-42d2-a65a-2fc259b10729,9IOW7OXjHvY,completed,0,,2025-07-08T21:39:21.910Z,2025-07-08T21:39:31.302Z
9f1d8b9a-a15c-4023-9019-ed7ce194b89a,fHXTrwxk1Y0,completed,1,,2025-07-08T21:40:07.800Z,2025-07-08T21:40:24.564Z
d8844c4e-ac84-40ee-aa0f-130faf16d021,tuOOuarA7xA,completed,0,,2025-07-08T21:41:03.064Z,2025-07-08T21:41:13.194Z
8c3ca6ac-2c35-4e6c-9ea3-5fef0b778d89,4iwHb189X84,completed,0,,2025-07-08T21:41:49.912Z,2025-07-08T21:41:58.743Z
3577c3ed-1231-490e-a116-d6abc0a76819,UbQgXeY_zi4,completed,0,,2025-07-08T21:42:25.443Z,2025-07-08T21:42:35.121Z
36ee9974-e3be-4bfe-903e-0db5a0b03171,A7iKhXWroAk,completed,0,,2025-07-08T21:43:26.476Z,2025-07-08T21:43:36.062Z
88859b69-0550-4ce1-a7f1-4819b69147bb,8ESdn0MuJWQ,completed,0,,2025-07-08T21:43:56.981Z,2025-07-08T21:44:06.346Z
5c32c765-381a-472e-b960-04e6aa4b8b1a,nRLJtT50VHo,completed,0,,2025-07-08T21:44:02.806Z,2025-07-08T21:44:12.318Z
d5a9d685-ef47-40b4-8aea-692fbe09b40a,Zdw8khKNa1c,completed,0,,2025-07-08T21:44:32.916Z,2025-07-08T21:44:42.161Z
50b5d925-a7e1-47e1-a388-3452d0cba80a,vZa0Yh6e7dw,completed,0,,2025-07-08T21:44:34.080Z,2025-07-08T21:44:43.164Z
47f11636-f453-445b-8a11-9261c7b1d7e8,7m5XvO0Y2-Y,completed,0,,2025-07-08T21:44:38.029Z,2025-07-08T21:44:47.794Z
d3a53ecf-1499-461b-b009-f37a75bca917,pOMfe6bvM2w,completed,0,,2025-07-08T21:44:48.861Z,2025-07-08T21:44:58.273Z
bfe17c40-136e-4568-8af2-ad39c2a5bbe0,cscuCIzItZQ,completed,0,,2025-07-08T21:45:24.486Z,2025-07-08T21:45:32.852Z
7531cb4a-b325-41f5-b66e-16e12c82254b,HKtryoXkNs4,completed,0,,2025-07-08T21:45:34.534Z,2025-07-08T21:45:56.246Z
c3b22c8f-d1d7-4a24-a0b7-d0c24bc83e54,JTeKpWp8Psw,completed,0,,2025-07-08T21:46:07.913Z,2025-07-08T21:46:16.917Z
981d5619-7aaa-46c3-8ab6-923608aa68b6,1wBvuZVE7FI,completed,0,,2025-07-08T21:46:38.595Z,2025-07-08T21:46:53.923Z
f055e7e7-1023-46be-993e-d638414982f3,ul4z6sLnXYY,completed,0,,2025-07-08T21:46:39.949Z,2025-07-08T21:46:54.057Z
2e05220e-54e2-432c-b556-429e80638a23,oDrPsZxk-WM,completed,0,,2025-07-08T21:46:50.055Z,2025-07-08T21:47:09.155Z
b4ce4a05-4133-49e9-916c-8396844912b5,xv1VTX5iB7Y,completed,0,,2025-07-08T21:46:55.567Z,2025-07-08T21:47:07.947Z
fc87ddbd-b4ef-4098-8114-f2303497011f,HYzPsh83i0s,completed,0,,2025-07-08T21:46:55.741Z,2025-07-08T21:47:12.173Z
d2e26180-5cda-436c-9e55-cfc34014c9ba,m02-RHN_hQE,completed,0,,2025-07-08T21:47:09.583Z,2025-07-08T21:47:18.042Z
57383e1b-9bca-4518-b775-794223ca3049,7bnX-6sJZBw,completed,0,,2025-07-08T21:47:10.828Z,2025-07-08T21:47:19.804Z
d0803511-ac3b-42ca-8af4-903578b97ffb,5z8LvG5tfOE,completed,0,,2025-07-08T21:47:13.804Z,2025-07-08T21:47:25.541Z
573994e5-e2bb-4f5a-82c3-9aca51d98203,DRPX8kI06v8,completed,0,,2025-07-08T21:47:19.713Z,2025-07-08T21:47:28.637Z
250a5524-1b97-4a24-9498-39f18087d1ac,sjo6ajQ6uTs,completed,0,,2025-07-08T21:47:21.440Z,2025-07-08T21:47:33.084Z
c4b87bad-a9e0-4ba8-aaff-9546e8de332f,efHb1DH5Y8M,completed,0,,2025-07-08T21:48:46.671Z,2025-07-08T21:48:55.423Z
549dee34-c5af-4a64-97e3-b5113645f7c5,889TJDoDipo,completed,0,,2025-07-08T21:48:47.265Z,2025-07-08T21:48:55.381Z
262192ef-9e4d-4420-9457-0d131da83e28,noHygl5CGEY,completed,0,,2025-07-08T21:48:49.835Z,2025-07-08T21:48:58.756Z
14188ff4-d143-41f3-aae1-68998c27d036,hkj18vTU9y8,completed,0,,2025-07-08T21:48:57.079Z,2025-07-08T21:49:03.477Z
18aaa1a1-6a73-4e5d-84e4-9df8c0cdcd4b,8wmbSYASPsY,completed,0,,2025-07-08T21:49:25.082Z,2025-07-08T21:49:34.599Z
8396d04a-146d-40c2-9522-2f5cb962b3a9,yRYFKcMa_Ek,completed,0,,2025-07-08T21:49:25.446Z,2025-07-08T21:49:34.832Z
c1adb9a9-00d2-44c9-935b-f139c6b52736,764pd6slGFc,completed,0,,2025-07-08T21:49:36.259Z,2025-07-08T21:49:56.053Z
70e63b5b-11d7-4711-b9f5-2b23428d0015,mykkrac0-Ic,completed,0,,2025-07-08T21:49:41.524Z,2025-07-08T21:50:01.285Z
26aad453-241d-4a40-9198-473877c6abcf,2LFLkFwV8M0,completed,0,,2025-07-08T21:49:42.161Z,2025-07-08T21:50:06.110Z
9b4c917e-f4e4-4c8f-acac-65bf33424d9d,-Wg8ySt9tO0,completed,0,,2025-07-08T21:50:57.771Z,2025-07-08T21:51:07.145Z
62037a02-b14b-430b-9541-f767002fb6cb,Qp3b-RXtz4w,completed,0,,2025-07-08T21:51:22.868Z,2025-07-08T21:51:37.098Z
f4c4725f-774a-4660-b85f-bedf7f1ffa07,SbxR25brgoE,completed,0,,2025-07-08T21:51:38.746Z,2025-07-08T21:51:55.005Z
684630b2-5b5b-4c83-8374-d250833fc292,1FliVTcX8bQ,completed,0,,2025-07-08T21:51:53.882Z,2025-07-08T21:52:04.150Z
36e16dab-0331-4bb9-8558-138eb988a71d,pgXpM4l_MwI,completed,1,,2025-07-08T21:51:54.290Z,2025-07-08T21:52:10.253Z
5f595f71-b42a-4700-a90d-3ffac44c4654,SdaC5AUqL-E,completed,0,,2025-07-08T21:51:56.701Z,2025-07-08T21:52:06.227Z
aca140f2-255a-4c5c-b8f5-f876ce7475cf,OYf5YGLXUbA,completed,0,,2025-07-08T21:52:05.799Z,2025-07-08T21:52:26.151Z
b3a56b44-c378-43b0-9397-ebaf2c582c58,VgxUy3IB7eE,completed,0,,2025-07-08T21:52:07.931Z,2025-07-08T21:52:17.959Z
839226ac-fe30-42ec-9960-1704273f2fbf,Z3bcc4_tbn8,completed,0,,2025-07-08T21:52:11.918Z,2025-07-08T21:52:20.650Z
029016a7-0b7d-4258-a99c-0692c60538ea,H32AlFHZZyI,completed,0,,2025-07-08T21:52:19.640Z,2025-07-08T21:52:27.774Z
3a4a230f-53a3-455e-80dc-8906b5b475b3,9b0XmB-1IwU,completed,0,,2025-07-08T21:52:22.341Z,2025-07-08T21:52:31.577Z
1e498323-e3b2-479b-a6da-5a38d97b9c70,dwDns8x3Jb4,completed,0,,2025-07-08T21:52:44.425Z,2025-07-08T21:52:54.942Z
7d2c1f9b-b1f8-4733-9030-cdf3ff2bcc61,v-Su1YXQYek,completed,0,,2025-07-08T21:52:47.817Z,2025-07-08T21:52:57.030Z
8b288ebc-ba47-4af7-860c-11ae853f0b41,V6rrSXXddV0,completed,0,,2025-07-08T21:53:16.621Z,2025-07-08T21:53:37.022Z
a0243b95-580d-4913-b496-b7c3bac150ed,ZRtdQ81jPUQ,completed,0,,2025-07-08T21:53:18.288Z,2025-07-08T21:53:28.083Z
f9ef62c7-e134-4d32-b806-7a8d6e8882d1,XQldyhmHfes,completed,0,,2025-07-08T21:53:23.711Z,2025-07-08T21:53:35.641Z
c924d561-e7a0-4bfb-89c4-45f8040ca9dd,v2lx7NTxu44,processing,0,,2025-07-08T21:53:29.779Z,2025-07-08T21:53:29.779Z
c1b91f6f-8fe3-4fe3-8d68-24b918af2fa0,CKOVF2tfYLA,completed,0,,2025-07-08T21:53:37.262Z,2025-07-08T21:54:00.298Z
e90d82d3-0f41-428b-87dc-82187631306c,OTGj93r6_Aw,completed,0,,2025-07-08T21:53:38.732Z,2025-07-08T21:53:51.580Z
62f4eed9-1c2c-4783-875e-2dd1f64afc68,j6NqnYYmSVE,completed,0,,2025-07-08T21:53:53.249Z,2025-07-08T21:54:07.216Z
45f4f45a-3361-4b22-9754-48eedf872153,u5CVsCnxyXg,completed,0,,2025-07-08T21:54:11.977Z,2025-07-08T21:54:21.707Z
58031d4a-5963-4ee4-8bc9-a8125f9e9a04,CqaAs_3azSs,completed,0,,2025-07-08T21:54:23.350Z,2025-07-08T21:54:39.127Z
eeef86ad-671f-42bd-8fd6-2bcf9359ed79,NUnXxh5U25Y,completed,0,,2025-07-08T21:54:28.902Z,2025-07-08T21:54:43.440Z
6b218d00-0d67-49e8-9e7a-a4ae428fc98e,TdB9hPMopSI,completed,0,,2025-07-08T21:55:25.183Z,2025-07-08T21:55:33.334Z
0d69ae6f-d054-4bc6-a96b-a40901595bf3,AumYP6Np1eI,completed,0,,2025-07-08T21:55:25.847Z,2025-07-08T21:55:35.579Z
4747ab31-d2b5-4628-86ac-cc1ecc6da49b,Pyue2N1XZ0M,completed,0,,2025-07-08T21:55:34.980Z,2025-07-08T21:55:56.055Z
1bc1e754-f989-4d60-8ea2-abd6778f111d,gbWLTHciLzU,completed,0,,2025-07-08T21:55:37.296Z,2025-07-08T21:55:53.936Z
8df18ab5-44ea-498e-a0f3-065b39d489dc,kDfX9TTxGqk,completed,0,,2025-07-08T21:56:12.766Z,2025-07-08T21:56:22.757Z
a386eadb-681d-40ed-a276-d15bd03ed789,NbxqtbqyoRk,completed,0,,2025-07-08T21:56:20.636Z,2025-07-08T21:56:29.614Z
4dff83e2-7e9d-476d-a0f3-d3e17de013ce,piW4jVeQzsU,completed,0,,2025-07-08T21:57:04.573Z,2025-07-08T21:57:15.436Z
d2a0b72f-ab15-4b14-9aa2-342fa10f7338,Vqbk9cDX0l0,completed,0,,2025-07-08T21:57:41.338Z,2025-07-08T21:58:00.088Z
f4e9e7f3-31c9-4efe-8e27-e41f46178dce,bzODC2eZzAw,completed,0,,2025-07-08T21:58:06.783Z,2025-07-08T21:58:15.779Z
457264e1-3598-4da1-86a3-6e3d1048b94a,SgOo3E11xV4,completed,0,,2025-07-08T21:58:12.180Z,2025-07-08T21:58:20.458Z
e9063c79-5cac-420a-af35-06afde48a484,XZDVTwomRgU,completed,0,,2025-07-08T21:58:17.476Z,2025-07-08T21:58:24.583Z
de0c6993-9781-4efc-9d63-19fa7bca3dde,amUdVhtaE7U,completed,0,,2025-07-08T21:58:22.136Z,2025-07-08T21:58:30.088Z
bc8be43f-8217-49fa-9037-dfbc5700a0c6,CbH2F0kXgTY,completed,0,,2025-07-08T21:58:26.210Z,2025-07-08T21:58:35.219Z
785ce348-584d-4228-91e5-4f098acc3415,Bkm8keeSENw,completed,0,,2025-07-08T21:58:46.747Z,2025-07-08T21:58:54.354Z
438c9cd9-028b-43c1-8736-ae82dca1418c,cne7eXdOU-s,completed,0,,2025-07-08T21:59:06.029Z,2025-07-08T21:59:14.346Z
11cea1b5-da3e-4dc3-9113-78c74fe0527b,7EGTD7azzWk,completed,0,,2025-07-08T21:59:11.932Z,2025-07-08T21:59:23.811Z
62c73fd6-fc2c-4c9f-b810-5bde36b7fce1,GS7DPKkLnVA,completed,0,,2025-07-08T21:59:50.499Z,2025-07-08T22:00:26.576Z
92b6f669-95a3-45a0-a3cd-460c19c4726d,D8K90hX4PrE,completed,0,,2025-07-08T22:02:41.257Z,2025-07-08T22:05:01.423Z
cbd75583-0e41-4441-833b-17ede7e69a5f,tBMbAyqOLY8,completed,0,,2025-07-08T22:03:03.416Z,2025-07-08T22:04:48.211Z
fa8cb190-5a0f-4d13-bae7-1d6e6bd9088c,PB1Zbmwl3rU,completed,0,,2025-07-08T22:03:13.631Z,2025-07-08T22:04:38.317Z
a9041695-0577-407c-b78e-e834681a19b8,OSI6JJaz35I,completed,0,,2025-07-08T22:03:15.015Z,2025-07-08T22:04:52.096Z
01e6c7d1-3d3b-4540-a201-0ed93ec94bf3,hPpwamMwWhw,completed,0,,2025-07-08T22:03:21.464Z,2025-07-08T22:05:02.663Z
66218d50-f001-424a-b1a3-391909243d6d,7LnPujLS_Dg,completed,0,,2025-07-08T22:03:21.798Z,2025-07-08T22:05:10.415Z
4570ec89-3d26-4c56-8b7f-9ffbd4291523,2S24-y0Ij3Y,completed,0,,2025-07-08T22:03:38.238Z,2025-07-08T22:04:59.254Z
90546553-6df4-4950-a6ff-addd989e8317,z-xfGoabprU,completed,0,,2025-07-08T22:03:43.410Z,2025-07-08T22:04:40.368Z
2d77f82c-6614-4b70-9e17-3967cdd52e6d,YcLXuUpZ-bs,completed,2,,2025-07-08T22:03:45.137Z,2025-07-09T01:26:33.036Z
38f83a56-c811-49f8-abb6-c671e35e81a4,zhl-Cs1-sG4,completed,0,,2025-07-08T22:03:56.142Z,2025-07-08T22:04:50.750Z
001cf768-5c06-4232-bbc2-d8d271864a5a,zuuObGsB0No,completed,0,,2025-07-08T22:04:25.463Z,2025-07-08T22:04:36.825Z
8c075ba5-497d-4a1c-9d9e-38be5fd09ac4,Y0pYGmfhaGc,completed,0,,2025-07-08T22:05:52.135Z,2025-07-08T22:06:02.699Z
dab05315-72f8-4bb6-9ff3-8ba5f92f1a34,ZGL9rrXNwBk,completed,0,,2025-07-08T22:06:28.748Z,2025-07-08T22:06:37.691Z
38cd6682-fb78-4a54-b99f-443b4adeba4c,nvK4QjCMSDY,completed,0,,2025-07-08T22:10:29.720Z,2025-07-08T22:10:39.346Z
4816f8ec-4216-4f2f-b94b-b289d839fcb6,ft3b1-Cm-0M,completed,0,,2025-07-08T22:11:04.813Z,2025-07-08T22:11:15.056Z
327a50f4-5eeb-4615-b8ae-bebd5919e848,_f_svXqfVfw,completed,0,,2025-07-08T22:11:04.875Z,2025-07-08T22:11:13.625Z
4c8867ec-281f-4df1-a68a-4e7fc2445e19,Z0kNQwynfqM,completed,0,,2025-07-08T22:11:40.403Z,2025-07-08T22:11:47.158Z
2738052b-bfa2-4f2e-98a9-c3ebcec0e226,g9ajSK1aB3k,completed,0,,2025-07-08T22:11:41.108Z,2025-07-08T22:11:48.566Z
f45fd44c-93db-40f4-842f-4b69a03e7710,E7e1_ygCjls,completed,0,,2025-07-08T22:11:41.746Z,2025-07-08T22:11:50.764Z
c5abc2f2-137a-4a98-94d5-f167190793f4,YM6xP7KyW0I,completed,0,,2025-07-08T22:11:48.807Z,2025-07-08T22:12:00.393Z
2a25c34c-ae04-4e3b-9c3a-9c548de79d0c,_5jbnUkslCw,completed,0,,2025-07-08T22:11:50.224Z,2025-07-08T22:11:58.138Z
841399f2-8307-43bf-8721-6c98e7ad4e26,P1H5bFAGLW4,completed,0,,2025-07-08T22:11:52.444Z,2025-07-08T22:11:58.648Z
c10c9fb7-aa88-4803-89ea-4791a5ffef48,G3FufDgbUyE,completed,0,,2025-07-08T22:11:59.804Z,2025-07-08T22:12:06.582Z
dbc1b4e9-b71a-45ad-a8fe-fa9af5366eda,N9Ohc-v6aMY,completed,0,,2025-07-08T22:12:00.289Z,2025-07-08T22:12:08.962Z
3014d852-ada3-4e66-bf66-a881f6d07e8f,pU_CBQ4dj5o,completed,0,,2025-07-08T22:12:02.102Z,2025-07-08T22:12:10.960Z
2bf883db-3984-451e-977a-a0ce8bef1e69,joWaf8eU_RU,completed,0,,2025-07-08T22:12:08.258Z,2025-07-08T22:12:17.701Z
7711a5cd-d163-4050-99c0-4b9aa6824bf3,VwxXIPEW8aA,failed,3,Video unavailable,2025-07-08T22:12:10.639Z,2025-07-08T22:12:16.010Z
94199dd3-07cc-4e31-91f9-4a2d775ce592,5BRHuiRyVEE,completed,0,,2025-07-08T22:12:12.583Z,2025-07-08T22:12:21.992Z
540a7bef-7d35-4b09-a683-f85192846839,jKIGpHzBWr4,completed,0,,2025-07-08T22:12:17.637Z,2025-07-08T22:12:26.587Z
0ddf82bd-eed7-4bf5-8630-8472b411aba9,7NcDNQtQFn0,completed,0,,2025-07-08T22:12:19.303Z,2025-07-08T22:12:26.038Z
5070faa3-d676-4909-a30e-641e1a4ba5e8,si6Ox8IuZeU,completed,0,,2025-07-08T22:12:27.674Z,2025-07-08T22:12:36.247Z
4e38132d-60cc-4e58-b071-3507ccb1dd7b,Gp-lWgUDcKk,completed,0,,2025-07-08T22:13:12.989Z,2025-07-08T22:13:22.910Z
c932fa0d-6e95-4992-86ff-5426e1480bee,x-64CaD8GXw,completed,0,,2025-07-08T22:13:13.314Z,2025-07-08T22:13:22.367Z
9cd6bd9d-955d-4908-9e98-69011937dcf3,QJngBaCP_Y0,completed,0,,2025-07-08T22:13:29.102Z,2025-07-08T22:13:38.208Z
c6d4e651-e342-4542-9442-7e47acda23b5,KLZFTuRB-SM,completed,0,,2025-07-08T22:13:38.728Z,2025-07-08T22:13:47.739Z
062f0f4a-5e98-4fa2-9d97-aa40e1c60181,XEjLoHdbVeE,completed,0,,2025-07-08T22:13:59.355Z,2025-07-08T22:14:09.057Z
e323b592-67c0-4305-8a55-9fb7bf902ec0,xFrGuyw1V8s,completed,0,,2025-07-08T22:14:04.644Z,2025-07-08T22:14:15.212Z
3b4eedcd-e1ad-463f-9edf-508bf9a4fcc0,ulZQTrV8QlQ,completed,0,,2025-07-08T22:14:09.916Z,2025-07-08T22:14:19.985Z
3d5d4bd8-a1a8-41c9-b3ee-7b29b7cd48e7,8tE0GjSQpes,completed,0,,2025-07-08T22:14:20.705Z,2025-07-08T22:14:30.820Z
97d665ef-707f-4c1b-b7a7-aad4aa236ec0,fNFzfwLM72c,completed,0,,2025-07-08T22:14:36.648Z,2025-07-08T22:14:45.970Z
69e32ed5-9497-4a89-96e0-237cf9955bdd,pXRviuL6vMY,completed,0,,2025-07-08T22:14:51.919Z,2025-07-08T22:15:02.241Z
f44b6a0e-aaf8-46d7-b4ed-974c16c72365,CvBfHwUxHIk,completed,0,,2025-07-08T22:15:38.996Z,2025-07-08T22:15:48.682Z
9049f73e-93f6-4304-a61d-67ce67ba08fd,SHs_5z9ikiw,completed,0,,2025-07-08T22:15:42.519Z,2025-07-08T22:15:51.835Z
14c88216-9d7c-4172-aa22-5e47b05e3675,r8lf7RLYIww,completed,0,,2025-07-08T22:18:05.486Z,2025-07-08T22:18:15.207Z
505a19fe-a2c7-4e32-8494-e18799b4b5fc,tKi9Z-f6qX4,completed,0,,2025-07-08T22:20:01.976Z,2025-07-08T22:20:12.772Z
1068f4a4-95bc-4bb8-92e3-a8850caf1e1f,SigGKpz4bTQ,completed,0,,2025-07-08T22:23:04.676Z,2025-07-08T22:23:15.653Z
bc788f7d-2225-4748-8292-4f7cf56c200a,41DH065Lfeo,completed,0,,2025-07-08T22:23:37.358Z,2025-07-08T22:23:47.019Z
6b59ca64-82f5-4b6b-91d3-eb756ab26fdd,1DcPwWWv3L4,completed,0,,2025-07-08T22:24:28.463Z,2025-07-08T22:24:37.844Z
09ea99e7-3e61-4eec-beb4-481ac1342e52,3H469mvgMKE,completed,0,,2025-07-08T22:24:28.758Z,2025-07-08T22:24:38.523Z
6572acf6-b6e3-4b00-ad96-7b49ba486a90,xWSqXlSf1xU,completed,0,,2025-07-08T22:24:34.209Z,2025-07-08T22:24:43.015Z
f231b973-d22c-4bf4-989e-9fbde86e373c,BRAWVIX7mv0,completed,0,,2025-07-08T22:24:44.514Z,2025-07-08T22:24:54.675Z
633f7ca5-bd88-405f-aee8-40b1c19b3f5a,KnhnwhpmW5Q,completed,3,,2025-07-08T22:25:15.352Z,2025-07-08T22:25:41.853Z
ed546f0e-ad8c-498c-943d-064058db53c5,SPX3Se4dlIs,completed,3,,2025-07-08T22:25:19.730Z,2025-07-08T22:25:40.023Z
6c8efe86-f556-45b1-9a4d-7c2cbc9a2eff,PE1f6VzVTwE,completed,0,,2025-07-08T22:26:01.467Z,2025-07-08T22:26:11.023Z
3bd2a3ff-7150-4d51-97c4-289541765f99,kfVsfOSbJY0,completed,0,,2025-07-08T22:26:08.792Z,2025-07-08T22:26:18.393Z
ef58a66d-81d8-4144-8eb7-94575fac4208,2cxdAK06GGo,completed,0,,2025-07-08T22:26:25.052Z,2025-07-08T22:26:35.942Z
cb500e51-cc98-4fd7-8e36-85ef20030c71,DEhLOH7sitA,completed,0,,2025-07-08T22:27:21.861Z,2025-07-08T22:27:31.767Z
2c0924fe-c404-40a2-850e-369258fbdad4,dhsy6epaJGs,completed,0,,2025-07-08T22:28:48.520Z,2025-07-08T22:28:57.203Z
3b3ea98c-a307-42f3-9ff3-781c1c03fe07,BAyADMSppaw,completed,0,,2025-07-08T22:28:52.772Z,2025-07-08T22:29:02.773Z
05e7bfa2-3a3c-4528-9da3-329ffbc1e644,47EG91_XHic,completed,0,,2025-07-08T22:29:12.970Z,2025-07-08T22:29:22.258Z
a88ce01f-04ef-49d8-a1b1-0f8f9aec2548,arZZw8NyPq8,completed,0,,2025-07-08T22:30:03.927Z,2025-07-08T22:30:13.168Z
3ab75447-e1dc-4461-a242-c6ca87530e7b,yklKIPb38PE,completed,0,,2025-07-08T22:31:54.102Z,2025-07-08T22:32:03.887Z
0d46665c-1125-465d-b4b2-1ff659400bec,qeMFqkcPYcg,completed,0,,2025-07-08T22:33:29.820Z,2025-07-08T22:33:39.680Z
ca496202-ca7f-4904-8815-c3cbdbfeebd9,Zhs0JD6XJyQ,completed,0,,2025-07-08T22:33:30.196Z,2025-07-08T22:33:39.901Z
e7a65626-de4f-4d19-a396-8ce42ce1df6e,HFWKJ2FUiAQ,completed,0,,2025-07-08T22:33:36.317Z,2025-07-08T22:33:46.292Z
93187bbb-5fd0-4d53-b185-b08145825718,i8dh9gDzmz8,completed,0,,2025-07-08T22:34:06.425Z,2025-07-08T22:34:15.126Z
3e85d1d4-3d3a-404b-a122-679988a2d53d,phDuvBk_9ok,completed,0,,2025-07-08T22:34:48.138Z,2025-07-08T22:34:56.710Z
e13a942e-29c3-45f1-a317-c8c19180a238,oSWuV93N030,completed,0,,2025-07-08T22:35:26.816Z,2025-07-08T22:35:36.066Z
57781b10-4d78-46bd-a037-9f075f4b95e8,Zg6SzDCmsC4,completed,0,,2025-07-08T22:35:32.033Z,2025-07-08T22:35:41.291Z
1aaf87b8-4eec-43cf-b2a1-750ff3c87634,QmsAudPaSxY,completed,0,,2025-07-08T22:37:07.983Z,2025-07-08T22:37:16.262Z
ee408e2a-3007-4ca9-8374-b1aff2e0f226,pGcruwhK_es,completed,0,,2025-07-08T22:37:08.037Z,2025-07-08T22:37:17.142Z
db4a011e-dc14-4c9d-89bc-2095f8ee95cf,kzQpiJjdprQ,completed,0,,2025-07-08T22:37:27.917Z,2025-07-08T22:37:36.666Z
5deaa0aa-f2b7-4154-a18b-2c681a20b680,JBmQzURj15Q,completed,0,,2025-07-08T22:37:28.724Z,2025-07-08T22:37:38.312Z
2b0e1716-5188-4066-a414-aae5d5ad72ed,G8LYedUf1k4,completed,0,,2025-07-08T22:37:38.520Z,2025-07-08T22:37:47.591Z
45c5f064-9d44-49e6-acc0-b20359bc3cc6,kffacxfA7G4,completed,0,,2025-07-08T22:39:14.109Z,2025-07-08T22:39:25.037Z
bf936f8f-2537-49c7-9d4a-abf9bc3c08a8,9uJ496oONOA,completed,0,,2025-07-08T22:39:36.719Z,2025-07-08T22:39:47.297Z
4abcb8e6-6dd7-452b-b955-16770c45757c,1qB6XdAkkAo,completed,0,,2025-07-08T22:40:18.969Z,2025-07-08T22:40:28.085Z
c08ecbec-1f92-4064-a48a-ce1c41d62ebf,VG4KnYSaLZw,completed,0,,2025-07-08T22:40:54.679Z,2025-07-08T22:41:05.378Z
eaa8d55d-57d4-444c-84f8-7ede737414e6,KHiclrHm-ig,completed,0,,2025-07-08T22:41:24.814Z,2025-07-08T22:41:35.642Z
4d279d0d-4415-455f-9d19-badff617528e,v6_TGfDKpCM,completed,0,,2025-07-08T22:41:30.441Z,2025-07-08T22:41:39.640Z
6958ca64-a7a0-48f9-b439-95d842cf1bfe,NqRXLNzIxwg,completed,0,,2025-07-08T22:42:11.413Z,2025-07-08T22:42:21.580Z
02209363-cbf3-42f5-a629-94c1854fbc17,Z0MmnzG1QtU,completed,0,,2025-07-08T22:42:43.300Z,2025-07-08T22:42:51.978Z
057d647a-9055-4d3d-967d-0b7dab19ae8c,L2Ep7k4OlWM,completed,0,,2025-07-08T22:43:07.188Z,2025-07-08T22:43:14.516Z
21c7bae2-569f-4ffa-b719-aa275a48e159,bzF5HTFVmTs,completed,0,,2025-07-08T22:46:36.385Z,2025-07-08T22:46:47.154Z
2447067a-095b-44b9-96a5-2ddecfd6c8f1,16eag4LxhY4,completed,0,,2025-07-08T22:47:02.787Z,2025-07-08T22:47:12.196Z
40fd431c-333b-47ed-906e-d6f4d4df5fab,if8tC0KKWYU,completed,0,,2025-07-08T22:47:23.863Z,2025-07-08T22:47:34.377Z
9c8b34a0-dc16-4cef-adf5-9962ce9f27fd,qhHk1aW39ig,completed,0,,2025-07-08T22:47:23.935Z,2025-07-08T22:47:32.586Z
77b9a65b-0da1-4287-960b-88803207c0b0,U5DWYEVdGFw,completed,0,,2025-07-08T22:47:29.029Z,2025-07-08T22:47:38.205Z
935e5350-0c86-44a1-bca3-c360ac62abda,JssocguY1oQ,completed,0,,2025-07-08T22:48:29.452Z,2025-07-08T22:48:39.036Z
5731ecd1-c5e8-49ba-908f-d22c3b5d4f14,ecFPU--vvf0,completed,0,,2025-07-08T22:49:01.180Z,2025-07-08T22:49:11.456Z
2ea41b2f-eb4c-4825-b88b-847d9e8f921c,MSTBwWa0FcQ,completed,0,,2025-07-08T22:51:08.348Z,2025-07-08T22:51:17.537Z
f87880a6-8beb-4b25-b03c-7852a9334a54,GtUAo2tC1ug,completed,0,,2025-07-08T22:51:15.121Z,2025-07-08T22:51:24.825Z
ad3eef31-6921-4b2d-9c93-f12e72955f79,b8Fks57TvjE,completed,0,,2025-07-08T22:51:21.019Z,2025-07-08T22:51:30.860Z
09521606-3d5d-41a3-9660-d399d508e8e7,dEe4i2osF5A,completed,0,,2025-07-08T22:51:34.232Z,2025-07-08T22:51:43.130Z
fbab9ae3-dbfe-4979-b5d7-ae5688996510,ppX_S4X7RtM,completed,0,,2025-07-08T22:54:05.023Z,2025-07-08T22:54:13.213Z
ebc3bf28-0ac3-4505-984e-435404c6e9a3,MjlTKXujfwE,completed,0,,2025-07-08T22:54:07.697Z,2025-07-08T22:54:17.204Z
70b3680d-9de3-41b4-90c7-62c3e2942e0d,eUOfmBrIwz0,failed,3,Video unavailable,2025-07-08T22:54:19.888Z,2025-07-08T22:54:25.169Z
5153836e-9456-48fa-9cfb-2f8ee1338ee1,Qu3R-H5on1s,completed,0,,2025-07-08T22:54:36.767Z,2025-07-08T22:54:45.948Z
42e3afd4-020c-433f-b0a7-533d6462601f,C8ZKvnUKE-M,completed,0,,2025-07-08T22:57:07.115Z,2025-07-08T22:57:16.415Z
b0b80307-ed24-4bbe-99bc-356f3ecafc8a,ecPCQWT0JjA,completed,0,,2025-07-08T23:00:13.146Z,2025-07-08T23:00:23.050Z
cf2f273a-f678-46fb-b4cf-38135439013b,mhvSWqvNoUU,completed,0,,2025-07-08T23:00:28.357Z,2025-07-08T23:00:37.863Z
872f1765-eb8f-40b6-bba0-fc29a23c2391,Br3KkvgMAZY,failed,3,Video unavailable,2025-07-08T23:00:29.733Z,2025-07-08T23:00:34.971Z
2b216f98-81e0-485b-9cd8-6935292ba7d7,g3x3qI5ttXg,completed,0,,2025-07-08T23:02:36.762Z,2025-07-08T23:02:45.807Z
c1455d7e-d6cf-4c1c-9a79-8a54bcf70f26,_EBvXpjudf8,completed,0,,2025-07-08T23:03:12.543Z,2025-07-08T23:03:21.651Z
c170a173-5a98-4ab0-8e8f-b99176a0388e,4DPCHufDWJQ,completed,0,,2025-07-08T23:03:14.615Z,2025-07-08T23:05:20.436Z
26f6e146-ad98-454c-bbe4-2cb38bf74a81,FfJUQOThguQ,completed,2,,2025-07-08T23:03:19.732Z,2025-07-08T23:03:43.143Z
0fd66082-20a4-4ef9-bc45-6487719e15d3,vglxk3JbHnQ,completed,0,,2025-07-08T23:04:03.340Z,2025-07-08T23:04:12.943Z
cb2c6373-81f3-45a7-94a7-c396714ca71b,zFb86yrodxE,completed,0,,2025-07-08T23:04:03.453Z,2025-07-08T23:04:12.954Z
5fb20950-e437-4622-85df-3f001b4d9b1d,Ti5RtONZiXM,completed,0,,2025-07-08T23:05:10.037Z,2025-07-08T23:05:19.829Z
35b2dbe7-7799-4411-a0f4-0e89ccd798c6,F4eccPBFEjE,completed,0,,2025-07-08T23:05:32.230Z,2025-07-08T23:05:41.266Z
39b603fd-fbe8-48cd-bfa6-777bd29cdc40,SKx9TewMaMw,completed,0,,2025-07-08T23:05:46.032Z,2025-07-08T23:05:55.401Z
0fc50dd8-76f3-48bc-87fe-33701f6ffe76,FFvvLuomw0Y,completed,0,,2025-07-08T23:07:51.725Z,2025-07-08T23:08:01.668Z
3118033c-29e7-4e0b-a84c-deee84af7c60,Xg9Wqs4vjZM,completed,0,,2025-07-08T23:08:12.419Z,2025-07-08T23:08:21.823Z
dc53bbea-a452-4464-b9e7-5bb5005379e6,9IZ_d6zadGw,completed,0,,2025-07-08T23:08:43.311Z,2025-07-08T23:08:52.913Z
713b04d7-cc99-4221-9211-aa0512f39b8d,TvzVTRK1nOY,completed,0,,2025-07-08T23:09:03.402Z,2025-07-08T23:09:13.514Z
38c51f03-d7b4-40d6-bcf2-fc967bc74819,JE-dqW4uBEE,completed,0,,2025-07-08T23:09:33.698Z,2025-07-08T23:09:42.510Z
dd325e89-eb7b-4c9c-a60a-ec1b8180ebee,p12l2vlqeb0,completed,0,,2025-07-08T23:09:49.192Z,2025-07-08T23:09:58.291Z
f8848907-31b9-40cd-8e04-1a3719e752fd,KMOoNlD_bNg,completed,0,,2025-07-08T23:09:49.690Z,2025-07-08T23:09:59.168Z
f35e628b-f5dd-4e79-a023-bc052487c4dc,08xrXurmlkY,completed,0,,2025-07-08T23:09:50.247Z,2025-07-08T23:10:01.897Z
1051c143-b198-456d-b698-f82a2f9f187c,bdqc31swvjs,completed,0,,2025-07-08T23:09:59.961Z,2025-07-08T23:10:08.902Z
ecda66e3-142a-4eb4-af49-a20a63e9b679,KiaIqfRGzzw,completed,0,,2025-07-08T23:10:00.874Z,2025-07-08T23:10:10.486Z
e53a4039-2a25-41eb-b46d-591723ada271,9ZpDYHcFFd4,completed,0,,2025-07-08T23:10:04.377Z,2025-07-08T23:10:12.866Z
ac586566-fc62-48aa-a8e0-b8dc86135d0c,s_nc1IVoMxc,completed,0,,2025-07-08T23:10:19.503Z,2025-07-08T23:10:31.177Z
11f8105d-06ff-4b41-a075-74b309aff45b,17J_Z_vtNqs,completed,0,,2025-07-08T23:10:20.539Z,2025-07-08T23:10:30.304Z
ee5a048b-98e0-48e7-b0fd-981ea065b717,EPHPu4PV-Bw,completed,0,,2025-07-08T23:10:42.826Z,2025-07-08T23:10:52.509Z
c67c0f5d-6334-466c-bf93-5581af7d02f8,Um7OF_ltClc,completed,0,,2025-07-08T23:11:48.409Z,2025-07-08T23:11:57.426Z
2c484855-7761-4f63-8516-3056eca66cbe,1__CAdTJ5JU,completed,0,,2025-07-08T23:12:18.468Z,2025-07-08T23:12:30.974Z
8639271e-ab12-4f44-979d-68300804eda6,v0KpfrJE4zw,completed,0,,2025-07-08T23:12:57.686Z,2025-07-08T23:13:06.655Z
f690a78c-66fd-4fd3-b42a-49bcb6cef3ec,FzokchyHC58,completed,0,,2025-07-08T23:13:48.385Z,2025-07-08T23:21:13.648Z
76716af4-47f9-4ab3-ba8b-41f860d504d5,HunKXh1ikes,completed,0,,2025-07-08T23:13:49.255Z,2025-07-08T23:21:24.785Z
ac0683e8-f403-46c4-b1c6-df9d4f0abe34,dx5KnFr9xSk,completed,0,,2025-07-08T23:14:19.719Z,2025-07-08T23:21:46.665Z
2abf2fd5-f747-49f9-968e-4cceaab3a30f,2Ee1eQ6Rbnk,completed,0,,2025-07-08T23:15:46.095Z,2025-07-08T23:21:24.326Z
de9bb797-6e31-48a4-a512-0886d755eed2,4LGeoLvNces,completed,0,,2025-07-08T23:16:31.549Z,2025-07-08T23:21:14.295Z
b52f9370-9eeb-4999-b350-542b09a02386,4eQMA_noRYQ,completed,0,,2025-07-08T23:18:03.892Z,2025-07-08T23:21:46.726Z
bdc7d981-0879-4d08-a83c-df720b454d73,s3gGn6t8Bog,completed,0,,2025-07-08T23:18:11.593Z,2025-07-08T23:21:36.563Z
9b338fc7-1957-4555-8df9-11e248652fad,XDl8ZPm3GrU,completed,0,,2025-07-08T23:18:59.972Z,2025-07-08T23:21:25.449Z
0bed8341-d42f-4f99-82ce-65fc00178aeb,9aK6qwd4P6o,completed,0,,2025-07-08T23:20:13.460Z,2025-07-08T23:21:35.452Z
17f7b535-ba72-4932-b909-eb26a23c3d0a,UZ1VZLMJ8D8,completed,0,,2025-07-08T23:20:31.079Z,2025-07-08T23:21:13.910Z
34a33927-48e5-4aae-9c96-f378bb99d825,A0F9lh8TiSM,processing,0,,2025-07-08T23:20:56.371Z,2025-07-08T23:20:56.371Z
c7acde1c-fda8-4e28-870c-a2ea0a1abb78,trX9gQssm9c,completed,0,,2025-07-08T23:21:27.087Z,2025-07-08T23:21:35.669Z
59e76525-b45c-4b68-935c-ebdaff5f49c3,OdUovuUJ0fk,completed,0,,2025-07-08T23:22:33.258Z,2025-07-08T23:22:42.630Z
f4ed8989-8001-483f-ba42-a5a6eb02b475,m-Ep5x-DETc,completed,0,,2025-07-08T23:22:43.392Z,2025-07-08T23:22:52.161Z
b0b545e4-298e-4664-b457-d74b224209ad,dFd3sgwlulc,completed,0,,2025-07-08T23:24:33.593Z,2025-07-08T23:24:43.181Z
0ab5cf08-0967-4d94-9416-4603ff607a02,Wh-AgS7PKdM,completed,0,,2025-07-08T23:25:09.049Z,2025-07-08T23:25:18.493Z
03bfdc6a-29a5-4d79-a026-a531468b10bb,QFs3PIZb3js,completed,0,,2025-07-08T23:25:44.985Z,2025-07-08T23:25:54.969Z
ffed8e2d-e0fe-4185-8980-4dd81e2d8e46,VafbNsrHnD8,completed,0,,2025-07-08T23:25:49.578Z,2025-07-08T23:25:59.544Z
5e7d0662-49e4-4b2a-8df8-fa1642a8980c,D3VbXNU0DIA,completed,0,,2025-07-08T23:25:55.202Z,2025-07-08T23:26:03.098Z
50706caf-648f-4054-95d1-084a66d4c911,4eCL0l9iD5A,completed,0,,2025-07-08T23:26:16.240Z,2025-07-08T23:26:26.040Z
1870e62a-5964-40e7-9f97-c072ec306d69,Bs7oESFZYNo,completed,0,,2025-07-08T23:26:24.753Z,2025-07-08T23:26:34.640Z
c5237ea7-5164-42d7-8ffe-a4b7a9109824,dNCWe_6HAM8,completed,0,,2025-07-08T23:26:46.251Z,2025-07-08T23:26:56.103Z
13e619fa-4807-4870-9c57-3b678cdb85a0,9T-Zbxg9X_4,completed,0,,2025-07-08T23:26:51.807Z,2025-07-08T23:27:02.942Z
c4a011b5-6c1b-4caf-94c4-cbc01088200a,y3XMq-8Ll1Y,completed,0,,2025-07-08T23:27:37.823Z,2025-07-08T23:27:46.306Z
8b48df9e-e671-4313-97fc-93610f82732e,j-RpvIuazmc,completed,0,,2025-07-08T23:27:42.902Z,2025-07-08T23:27:52.168Z
2cb90575-877e-4696-ac09-a8bfb779efa0,wqTQNs9sO6M,completed,0,,2025-07-08T23:28:13.836Z,2025-07-08T23:28:23.175Z
9133dc6d-b7fe-4913-a656-7ade6df112da,nyzz7aFdGwI,completed,0,,2025-07-08T23:29:08.104Z,2025-07-08T23:29:18.714Z
c9819cc6-9679-4f13-b751-9d818232c2fd,tk_SbVE0Mi4,completed,0,,2025-07-08T23:31:40.068Z,2025-07-08T23:31:47.281Z
3035441d-1fd6-4c63-bda1-7884b5d62853,_nlBL4RYspM,completed,0,,2025-07-08T23:32:09.004Z,2025-07-08T23:32:19.165Z
e8726012-d26d-4820-ab41-868f09095d22,ERqCpZSloh0,completed,0,,2025-07-08T23:32:10.151Z,2025-07-08T23:32:18.843Z
22a7ba87-8d35-4f49-b115-e7fc372b97b8,6xeCCSfgu2I,completed,0,,2025-07-08T23:32:15.623Z,2025-07-08T23:32:24.290Z
99589644-2829-4f45-9787-f90695a7b48a,mwluUzUHquc,completed,0,,2025-07-08T23:32:22.167Z,2025-07-08T23:32:32.237Z
fee1d148-fdd1-4284-bd8c-d46004033bce,iPicSRPwogI,completed,0,,2025-07-08T23:32:25.919Z,2025-07-08T23:32:36.325Z
273a8ff0-a614-465c-83ea-b6f47bba74b1,Oo1BaFX1iSI,completed,0,,2025-07-08T23:33:02.232Z,2025-07-08T23:33:12.082Z
c6ebc972-b8a3-4afe-8102-84c19c09bcc8,YwAQ4An8JCI,completed,0,,2025-07-08T23:33:33.050Z,2025-07-08T23:33:42.045Z
b37f5ab5-dd1a-43e4-86dd-d461d1c5fde5,ZUNNXecb6nA,completed,0,,2025-07-08T23:46:44.927Z,2025-07-08T23:46:54.430Z
a6edf832-b9cb-45cc-b5ac-ad39a7a6b796,x1100QINlo4,failed,3,Video unavailable,2025-07-08T23:46:59.981Z,2025-07-08T23:47:04.879Z
b5a7a853-abc4-4816-b9c4-4c6c3a27379f,pK7egZaT3hs,completed,0,,2025-07-08T23:54:04.997Z,2025-07-08T23:54:14.166Z
daf0f72e-4942-4692-8339-2b83bb850419,NKjzDU7V7es,completed,0,,2025-07-08T23:57:30.323Z,2025-07-08T23:57:46.177Z
813054d4-f47c-4d08-85e7-c11bbabd0761,C_voh9WFbsM,completed,0,,2025-07-08T23:57:31.125Z,2025-07-08T23:57:41.189Z
2acc7a32-c0e3-4310-8883-cc81685147ca,k2bBTWvmN-8,completed,0,,2025-07-08T23:57:47.880Z,2025-07-08T23:57:58.888Z
55e3d0ad-bb59-4e30-936d-94a3f813979f,L9bOGq4IccU,failed,3,Video unavailable,2025-07-09T00:05:13.665Z,2025-07-09T00:05:18.545Z
e4af3ca7-1528-4ed4-bfbf-e11f71ede494,QWyxSTNldRk,failed,3,Video unavailable,2025-07-09T00:05:20.012Z,2025-07-09T00:05:24.359Z
363bada2-3345-491c-a345-fb86154bf229,oHRNrgDIJfo,completed,0,,2025-07-09T00:05:55.867Z,2025-07-09T00:11:22.002Z
9a4d3196-0fb1-4368-b796-80edada45a8f,ua2k52n_Bvw,completed,0,,2025-07-09T00:05:57.146Z,2025-07-09T00:11:38.375Z
ec5508cc-e586-4eb4-84a2-5bef0d638d9c,JS8LWRCS6do,completed,0,,2025-07-09T00:06:00.177Z,2025-07-09T00:11:27.194Z
697fa22c-ed61-401a-a000-db5ebb01da2d,QH3Fx41Jpl4,completed,0,,2025-07-09T00:06:01.314Z,2025-07-09T00:11:37.242Z
611c4768-52d1-4931-82bb-25579eeee258,pI5-LvbE4AE,completed,0,,2025-07-09T00:07:47.496Z,2025-07-09T00:11:23.836Z
d4519f61-95ea-4eab-95ce-36fae61d3178,z80KBGrH3xM,completed,0,,2025-07-09T00:07:52.663Z,2025-07-09T00:11:34.092Z
6c53bccd-1778-4a38-9885-f1ee3fd96b84,0ZATF7fIa6o,completed,0,,2025-07-09T00:12:58.823Z,2025-07-09T00:13:07.865Z
35ded2f4-e133-4ebb-a141-4bfcdface37a,5O14N7PQAsM,completed,0,,2025-07-09T00:14:10.008Z,2025-07-09T00:14:19.779Z
93e0db41-2bce-4ab9-a04c-2a9c2229836d,Eb0L24QXY4s,completed,0,,2025-07-09T00:15:10.843Z,2025-07-09T00:15:21.908Z
9a16b237-e1f9-4f2a-8103-962e0980986e,Lq0U1305UT4,completed,0,,2025-07-09T00:15:33.391Z,2025-07-09T00:15:44.464Z
2772f482-1708-473e-8ba1-dca312bafffc,mau4oY6XwT8,completed,0,,2025-07-09T00:15:45.935Z,2025-07-09T00:15:53.632Z
076075be-4c82-428c-9569-f83bcf1f49fe,f7SS57LFPco,completed,0,,2025-07-09T00:15:54.561Z,2025-07-09T00:27:28.122Z
d77ef4fb-8166-41f3-b659-ab78e379c446,2pQKqQ9sG50,completed,2,,2025-07-09T00:16:10.130Z,2025-07-09T00:16:30.555Z
8c238b2d-9d82-41c0-b154-97ddcd53ea76,63OT3_Lfy50,completed,1,,2025-07-09T00:16:16.365Z,2025-07-09T00:16:32.073Z
561f4f69-26f2-43fa-9c63-8163765cdb83,CoeF7sWpgzM,completed,0,,2025-07-09T00:16:28.271Z,2025-07-09T00:16:39.645Z
7ab20bb5-18ab-4b14-9049-3f6012f4cd4d,EelX_LwPHbA,completed,0,,2025-07-09T00:16:46.119Z,2025-07-09T00:16:56.139Z
070b5c4e-e5a0-4574-bfcb-d2b69a83790e,awvG6RiENXg,completed,0,,2025-07-09T00:19:32.320Z,2025-07-09T00:20:22.248Z
a4993d26-40eb-4217-b079-b78985088aa7,0vkFnBuGNPA,completed,0,,2025-07-09T00:20:33.737Z,2025-07-09T00:22:06.402Z
219d8c2c-aeca-455d-b5b9-d9c8e94f9a14,COCpn1W13Kw,completed,0,,2025-07-09T00:20:48.009Z,2025-07-09T00:23:41.357Z
0d7320a7-2fea-45dc-9232-eff0d671be89,BU0KjU2o0lA,completed,0,,2025-07-09T00:23:02.927Z,2025-07-09T00:27:17.525Z
cb37185c-dcc2-4edd-90fc-725fc9bbbd0b,TFWXqLSr4ZM,completed,0,,2025-07-09T00:26:14.399Z,2025-07-09T00:26:53.109Z
88b175c6-f4c0-4ac3-9747-2ca4d70a88d8,8CAOefQ0lVo,completed,0,,2025-07-09T00:26:54.614Z,2025-07-09T00:28:16.640Z
2b6559e5-6bc4-43a4-bf87-b30a2b610e98,oftolPu9qp4,completed,0,,2025-07-09T00:27:18.999Z,2025-07-09T00:28:26.102Z
c19e7c6c-8a8c-491c-815b-6edf9acda7fe,zQ41hqlV0Kk,completed,0,,2025-07-09T00:28:32.597Z,2025-07-09T00:31:40.473Z
b3e06498-9cb1-483e-a94d-12143107f79b,eycYEnRIwqs,completed,3,,2025-07-09T00:28:48.101Z,2025-07-09T00:30:31.538Z
c09f0ade-802c-47de-a4ec-f37609d84e77,TH3wuIeEyKw,completed,0,,2025-07-09T00:29:09.677Z,2025-07-09T00:30:46.905Z
68d1eade-a533-445d-ad73-a9b3ebb4c68e,b51TQOJawEg,completed,0,,2025-07-09T00:30:58.045Z,2025-07-09T00:32:45.078Z
a46c6ad4-6bd4-4c03-b3df-e67cb3b0d1bf,sIppK6kDCUM,completed,0,,2025-07-09T00:31:18.413Z,2025-07-09T00:34:26.572Z
3fa0ae1c-3d5d-45cd-bc15-642d800468fe,LMy0ctJ1jIM,completed,0,,2025-07-09T00:32:42.007Z,2025-07-09T00:34:14.308Z
2c598a8c-6f75-42fd-a666-19ae3398fb0a,zqNsX-dBZ7w,completed,0,,2025-07-09T00:33:27.404Z,2025-07-09T00:36:07.682Z
9435ae86-3ad1-4dd2-9d42-898eb07d305d,7FpHqTSaN4Q,processing,0,,2025-07-09T00:34:15.759Z,2025-07-09T00:34:15.759Z
3975a146-290c-4f43-b11f-d19fb3d691a8,6BPDktJNBwE,completed,0,,2025-07-09T00:35:23.064Z,2025-07-09T00:40:17.345Z
9cb5f0b8-b8e4-49f4-96ea-d844ca93d0c1,55Cl_ki01ao,completed,0,,2025-07-09T00:36:19.163Z,2025-07-09T00:37:29.436Z
4f24dccf-1807-445d-8d18-4a71397870a4,zhgyU32z0lE,completed,0,,2025-07-09T00:38:10.083Z,2025-07-09T00:40:06.195Z
780fcba6-da7c-4c6d-854f-b9939ee6f248,yhymixj4Tr0,completed,0,,2025-07-09T00:39:06.016Z,2025-07-09T00:40:05.765Z
c5e1c707-0e45-4975-a72e-4f72edabb8b1,rQefQ7MqSJU,completed,0,,2025-07-09T00:40:07.612Z,2025-07-09T00:40:20.127Z
c5a347c6-2b56-4ec8-bfa2-575cf02e0fab,IlkTVMMkCP4,completed,0,,2025-07-09T00:43:16.841Z,2025-07-09T00:47:42.088Z
4d3b1e01-d4b3-4aca-abfc-61364b078024,68ugkg9RePc,completed,0,,2025-07-09T00:44:14.242Z,2025-07-09T00:46:37.315Z
fde08a9c-9cab-4e6d-ad08-abea80d76a0f,0IA3ZvCkRkQ,completed,0,,2025-07-09T00:46:38.774Z,2025-07-09T00:50:09.053Z
84f4458b-a1c6-48c1-9101-e63273e4c3f2,Bz4l9_bzfZM,completed,0,,2025-07-09T00:47:43.587Z,2025-07-09T00:49:30.625Z
92586e66-8785-4aec-a8ec-16b34e6a7f4b,nOubjLM9Cbc,completed,0,,2025-07-09T00:49:32.075Z,2025-07-09T00:52:54.289Z
71449de5-f353-4059-8f05-91c60cf16842,UW1DjnCBcSY,completed,3,,2025-07-09T00:50:10.496Z,2025-07-09T00:52:54.940Z
98e1f802-87d0-4884-be59-620bdf8564f7,mOYZaiDZ7BM,completed,0,,2025-07-09T00:52:55.779Z,2025-07-09T00:55:20.279Z
2e67896a-d0ba-4033-bbbf-442cb91bc57f,X6ks4VROZFU,completed,0,,2025-07-09T00:52:56.384Z,2025-07-09T00:55:11.428Z
06f3fe4a-0171-47aa-96b5-cb5b9da44180,obUOfB0XBBI,completed,0,,2025-07-09T00:55:12.832Z,2025-07-09T00:58:07.011Z
3764b2f3-d6c3-440d-91e9-0152d0cf14ce,BAfvINZMkU8,failed,3,Sign in to confirm your age,2025-07-09T00:55:56.827Z,2025-07-09T00:56:00.593Z
09feca1d-898f-43e3-9eae-eced7dd9c103,B8K6es6JnG4,completed,0,,2025-07-09T00:56:42.081Z,2025-07-09T01:00:23.765Z
9a9c500f-12a3-4800-93cd-8e16e0152a7c,8kVYdLjoyPE,completed,0,,2025-07-09T00:58:08.445Z,2025-07-09T01:02:57.024Z
e9e8e117-93e5-43b6-9a87-b6dde3f2d8ee,MZjAantupsA,completed,0,,2025-07-09T01:00:25.245Z,2025-07-09T01:02:55.902Z
d86a9193-bd9b-4cf7-adab-572ddf0d4a59,XrXqKoCPvE0,completed,0,,2025-07-09T01:02:57.360Z,2025-07-09T01:03:06.942Z
10f4097b-c443-450f-b1a2-4dbaea6e5d80,f7wkRET0hbo,completed,0,,2025-07-09T01:02:58.511Z,2025-07-09T01:03:07.690Z
686a327c-d7fd-41ac-8a3c-dbb072f3a6f3,3xva-cdBi8E,completed,0,,2025-07-09T01:03:08.422Z,2025-07-09T01:03:17.313Z
a608b191-d223-4d92-a318-8f1f92443ca8,4zXD1DRzSeE,completed,0,,2025-07-09T01:09:59.407Z,2025-07-09T01:12:26.455Z
b4f531a3-e493-4217-b62f-e55f3ffea986,L-iepu3EtyE,processing,0,,2025-07-09T01:15:38.213Z,2025-07-09T01:15:38.213Z
4bf4f0d4-b398-4947-be50-56a9d0e3777a,lYoWuaw5nSk,processing,0,,2025-07-09T01:15:55.303Z,2025-07-09T01:15:55.303Z
a5e7cf26-8993-4a49-9ead-87fdddf8ed07,3QxoSkribbU,processing,0,,2025-07-09T01:18:19.642Z,2025-07-09T01:18:19.642Z
0e87d5f7-2f45-43d5-96be-f39c4dc332bf,3mbBbFH9fAg,processing,0,,2025-07-09T01:18:19.656Z,2025-07-09T01:18:19.656Z
f62a14c3-0cef-49d2-b5e9-e1dc838da684,v0pjeUTad2I,completed,3,,2025-07-09T01:20:06.640Z,2025-07-09T01:23:18.841Z
4a7a24a1-e731-4de1-a06c-a4fea8ad4b22,HQM_T-ijA_I,completed,3,,2025-07-09T01:20:11.706Z,2025-07-09T01:22:49.443Z
41ebcd51-dc96-44c9-8476-6edc877b7029,xIOjqTRYZwg,completed,0,,2025-07-09T01:24:06.111Z,2025-07-09T01:25:56.365Z
4a983843-aa2b-4a19-9145-a9443f444537,oF0--5rrEos,completed,0,,2025-07-09T01:24:12.192Z,2025-07-09T01:25:56.774Z
3d9bce27-f6a4-4015-9bd4-0c0ba55286f4,c0776B3qjHM,completed,0,,2025-07-09T01:24:40.475Z,2025-07-09T01:25:57.282Z
438cd6cf-1adc-4d09-82f8-800f28a9274f,dW7cXxKw_m0,completed,0,,2025-07-09T01:26:34.105Z,2025-07-09T01:26:45.934Z
c4fc0ad6-cbfc-448f-aa85-bd8471c5b03e,dZnkrLzZKyU,completed,0,,2025-07-09T01:28:01.426Z,2025-07-09T02:06:05.649Z
d151591c-bb91-4b26-b67c-5df35e4a7d10,6me2DFshDmE,completed,0,,2025-07-09T01:28:28.373Z,2025-07-09T01:34:51.678Z
f4eda0d7-f9bb-4e48-8b87-cc829a1defdc,RQhpsMO6fgA,completed,0,,2025-07-09T01:28:49.291Z,2025-07-09T01:33:04.070Z
2212a475-f52d-4049-8dea-42c1068966e7,3gQozRwTFzI,completed,0,,2025-07-09T01:29:14.969Z,2025-07-09T02:05:34.642Z
61aeddf0-6dd7-40ba-8d7e-00447de58f94,sL0pCS6K9bc,processing,0,,2025-07-09T01:33:06.683Z,2025-07-09T01:33:06.683Z
b097d1e7-b538-4659-9abd-d2ddf201c77c,42Gtm4-Ax2U,processing,0,,2025-07-09T01:34:53.079Z,2025-07-09T01:34:53.079Z
b6d281c4-dbc1-46f8-a26b-ae07edff6dfe,nM0xDI5R50E,completed,0,,2025-07-09T01:35:03.624Z,2025-07-09T02:06:26.498Z
7dae4e3c-7914-42a4-8a4d-de43459fc9e9,E6WMrCdC_rs,completed,0,,2025-07-09T01:35:08.437Z,2025-07-09T02:06:37.329Z
2c8e2726-f411-4394-9846-22973e12d402,z4j9BhlmSSU,completed,0,,2025-07-09T01:35:08.978Z,2025-07-09T02:06:59.706Z
173bb1f8-89ce-4a2c-bd34-e77a85f804ac,lBvbNxiVmZA,completed,0,,2025-07-09T01:35:10.589Z,2025-07-09T02:07:47.193Z
fb90858f-8ddc-4f6c-ad78-3ec294c873f2,koHo5-0DVlI,completed,0,,2025-07-09T01:39:50.006Z,2025-07-09T01:41:28.106Z
4c840d5e-9abb-4cf2-b3f8-64b7f936e3f2,h7WR8-aLRS8,completed,0,,2025-07-09T02:04:50.753Z,2025-07-09T02:04:59.724Z
dd3ef641-828b-440d-97dd-9920eaa2f9ea,H7k3ma7YNmo,completed,0,,2025-07-09T02:04:52.264Z,2025-07-09T02:05:01.993Z
d781b894-65b6-45c9-994f-31583af4315d,fqxNYjDFJUk,failed,3,Video unavailable,2025-07-09T02:04:52.280Z,2025-07-09T02:04:57.903Z
571e0acb-0b44-4a3e-b170-91928ca3d9a5,dy2TsEk-ZfA,completed,0,,2025-07-09T02:04:59.509Z,2025-07-09T02:05:09.882Z
2b0969f6-59f6-43ff-ae99-568bde58ec93,Apj9ISyXr_s,completed,0,,2025-07-09T02:05:01.162Z,2025-07-09T02:05:12.229Z
47c131cd-d582-4ea1-ac1f-a616370fc8c4,YVkUvmDQ3HY,completed,0,,2025-07-09T02:05:03.455Z,2025-07-09T02:05:13.571Z
69187db6-58f0-4fd1-9bd0-7e2d870b8e2b,DeYRsOhrxy0,completed,0,,2025-07-09T02:05:11.289Z,2025-07-09T02:05:25.672Z
25534f91-c6d2-42fa-9f46-76ef2bdca9ae,KvknOXGPzCQ,completed,0,,2025-07-09T02:05:13.714Z,2025-07-09T02:05:27.075Z
a153790d-1e21-4550-a2da-5417c2db629f,JfGZABXYFF4,completed,0,,2025-07-09T02:05:14.968Z,2025-07-09T02:05:23.555Z
a8592f7c-1f98-4c81-a6b6-72e005f31030,amuDJ9IEytQ,completed,0,,2025-07-09T02:05:27.054Z,2025-07-09T02:05:46.563Z
f21f83ad-b49e-445a-b26a-a49641cbc9cf,uLS-WE4K8q0,completed,0,,2025-07-09T02:05:28.506Z,2025-07-09T02:05:37.937Z
62dcf32e-6c93-4167-b39b-cdeecca846ff,dqUdI4AIDF0,completed,0,,2025-07-09T02:05:36.084Z,2025-07-09T02:05:45.060Z
077ff0aa-9ed2-481f-ac92-117bb99baad3,aa_MlHmb4QQ,completed,0,,2025-07-09T02:05:46.470Z,2025-07-09T02:05:57.041Z
f87e3ddc-f768-49dc-bcbf-10d6c0a0affc,cAmiuLeSlEU,completed,0,,2025-07-09T02:05:48.043Z,2025-07-09T02:06:04.247Z
c7a65b57-5635-4163-9a55-f602ffe62de8,kFJITWouJ8o,completed,0,,2025-07-09T02:05:58.463Z,2025-07-09T02:06:07.942Z
a78ccc53-3379-486a-a359-caab123a25e5,sgbceCg2OJs,completed,0,,2025-07-09T02:06:05.675Z,2025-07-09T02:06:15.007Z
32d0c037-d880-4fab-94c4-97f3e9b9fe82,qfBtPySlU-M,completed,0,,2025-07-09T02:06:07.161Z,2025-07-09T02:06:15.972Z
46205d01-afcc-4c6e-8206-9fc1f0f51d0e,U8JUueSakiA,completed,0,,2025-07-09T02:06:09.313Z,2025-07-09T02:06:20.331Z
b53b3b90-d78e-4af9-948a-b1ed0db1643f,GvbQzRAi4wM,completed,0,,2025-07-09T02:06:17.355Z,2025-07-09T02:06:26.685Z
dc989c9f-f3b2-4730-a791-56172ee0e4a4,_A5ecfhR0kU,completed,0,,2025-07-09T02:06:21.779Z,2025-07-09T02:06:34.445Z
e18d6a3d-2a1d-4e9d-9528-5deef586ac1f,-y2K61wqEa8,completed,0,,2025-07-09T02:06:28.136Z,2025-07-09T02:06:36.772Z
e2930c5d-881e-4e65-ae75-b9f9431b813e,BEoGvTlJMyY,processing,0,,2025-07-09T02:06:35.862Z,2025-07-09T02:06:35.862Z
1cf3d561-fa94-46bd-8b59-2043476a4b99,V0RMH1sIrpQ,processing,0,,2025-07-09T02:06:38.227Z,2025-07-09T02:06:38.227Z
d2b82c2d-7df8-4d95-98cf-03e63cc62d56,5ttImpkCWVw,processing,0,,2025-07-09T02:06:38.772Z,2025-07-09T02:06:38.772Z
fbb50aa9-89d7-4311-b787-0dcbd41bb428,fNWghDrW_UU,completed,0,,2025-07-09T02:06:49.205Z,2025-07-09T02:06:59.222Z
c3a684a8-e4bb-454e-adf8-968b0153a2ed,YIRR0scOwS8,completed,0,,2025-07-09T02:06:50.414Z,2025-07-09T02:07:00.265Z
ed99358c-cae8-4723-9526-e53cd1c68412,2ee_fMULbm4,completed,0,,2025-07-09T02:07:00.638Z,2025-07-09T02:07:15.085Z
86313e46-6e1d-4445-bf66-a74a03e371bc,45cYwDMibGo,completed,0,,2025-07-09T02:07:01.150Z,2025-07-09T02:07:22.077Z
7751edb7-9b40-4b66-869e-fd2067ec8a28,GEgxl_kpPpc,completed,0,,2025-07-09T02:07:01.744Z,2025-07-09T02:07:19.883Z
c46bfbd5-7b74-4fbf-96cc-f30ec74da702,BfzsMQGqrt0,completed,0,,2025-07-09T02:07:16.518Z,2025-07-09T02:07:26.262Z
58e2cec1-2258-4631-9f2a-9c8263c13d0e,edWai5oPMoQ,completed,0,,2025-07-09T02:07:21.325Z,2025-07-09T02:07:30.928Z
0a650b36-a1dc-4d57-9193-d771f2c29b7c,TVoB0ByOlxU,completed,0,,2025-07-09T02:07:23.494Z,2025-07-09T02:07:34.497Z
680599b0-7483-4f94-97c7-73d5230552e0,2zkjQVh5KmQ,completed,0,,2025-07-09T02:07:37.362Z,2025-07-09T02:07:52.341Z
a4bf9c31-b997-4f9d-829c-aefed90cbc60,ptG3b0BMTvk,completed,0,,2025-07-09T02:07:53.629Z,2025-07-09T02:08:05.104Z
2a4ab440-ad66-4c4b-910e-1f3297e86b98,WDswowAFsXk,completed,0,,2025-07-09T02:07:58.741Z,2025-07-09T02:08:08.890Z
4c92c252-39cb-46cf-92c0-469995ffc09d,IlPtu5t3xuI,completed,0,,2025-07-09T02:08:06.514Z,2025-07-09T02:08:16.648Z
cc9d189f-12cb-4995-8c0e-13b6ae226cd6,66kgs2enusE,completed,0,,2025-07-09T02:08:10.289Z,2025-07-09T02:08:19.471Z
1dce0ede-be72-48e3-b552-ba531659e65a,Dgd8sUGEFR8,completed,0,,2025-07-09T02:09:11.001Z,2025-07-09T02:09:20.282Z
4e45e23a-0920-47b7-abc6-9993125f5feb,3MMosney1Iw,completed,0,,2025-07-09T02:12:32.023Z,2025-07-09T02:12:41.249Z
d315c360-e0f0-4a84-8f13-12ebc87fe33b,J-3vn6bVuDk,completed,0,,2025-07-09T02:15:27.952Z,2025-07-09T02:15:37.184Z
9394cafc-3089-4bf5-9612-a5761bbd4754,n2j-JuCR4as,completed,0,,2025-07-09T02:16:13.668Z,2025-07-09T03:23:52.054Z
dea748b7-2878-4b44-873c-d509c3608113,IvPdwoppGw4,processing,0,,2025-07-09T02:18:34.157Z,2025-07-09T02:18:34.157Z
2a281099-f2e5-4305-b3ed-9bc4208ce30f,NvR60Wg9R7Q,completed,0,,2025-07-09T02:20:33.144Z,2025-07-09T02:22:26.492Z
17ea407b-cddc-4e60-9e65-3da8d06c6168,7qrRzNidzIc,completed,0,,2025-07-09T02:20:34.204Z,2025-07-09T02:20:46.871Z
6485c9d5-f255-4ec6-9839-cfd621b337cd,B_Jrvniz_VA,completed,0,,2025-07-09T02:22:27.975Z,2025-07-09T02:24:11.007Z
f3753af7-41d5-464c-afd0-5474ecfe11ee,SRXH9AbT280,completed,0,,2025-07-09T02:24:12.453Z,2025-07-09T02:25:27.681Z
6a6484a5-1329-40a1-ace7-fb60a5aeb30a,u9Dg-g7t2l4,completed,0,,2025-07-09T02:25:29.151Z,2025-07-09T02:26:49.981Z
633ad057-0cf4-4628-8707-94d577e3c142,GystYP3nbFg,completed,0,,2025-07-09T02:26:51.449Z,2025-07-09T02:28:19.916Z
ddfffcc1-7e0f-4ddf-9d0c-15cfe720aa10,z2K9W-MRCiM,completed,0,,2025-07-09T02:28:21.336Z,2025-07-09T02:29:20.678Z
cdb71525-5814-4114-b353-14a3593526c1,1zNYZd94ui8,completed,0,,2025-07-09T03:08:21.370Z,2025-07-09T03:08:44.376Z
c4d74911-099c-42c6-aa03-04ac5bdd1656,L3b2gRB7YVc,completed,0,,2025-07-09T03:08:21.696Z,2025-07-09T03:10:37.557Z
bdb285a2-8106-4225-8976-cd6b81e179a1,Lm6DS3BeTdM,processing,0,,2025-07-09T03:08:46.884Z,2025-07-09T03:08:46.884Z
28e13121-bfdb-4d44-8fa6-64cee0108391,rPdg4MuPNNg,processing,0,,2025-07-09T03:10:39.066Z,2025-07-09T03:10:39.066Z
401777b0-332d-4b5e-b90b-d9d8c9e5a8d2,rVJxohBP59c,completed,0,,2025-07-09T03:11:58.158Z,2025-07-09T03:13:07.952Z
20ff9ea1-4f5c-4c6e-99a0-020a36651821,6nPhoAscZdI,completed,0,,2025-07-09T03:13:09.517Z,2025-07-09T03:21:40.231Z
c5938daf-ffbf-4faa-bcca-11c31677006e,W0TQVbiWeEs,completed,0,,2025-07-09T03:13:25.744Z,2025-07-09T03:13:40.103Z
3b75350f-8dc6-4ede-b9d9-90db73b76b54,XHaVmFKnK7w,completed,0,,2025-07-09T03:13:41.544Z,2025-07-09T03:21:14.964Z
9ad1dc23-bf92-4840-84b9-7339bd2b197f,Us5WNDQz__4,completed,0,,2025-07-09T03:14:04.033Z,2025-07-09T03:14:25.192Z
98ee2363-bf20-4d92-b90f-02551b209b1b,D-NvQ6VJYtE,completed,0,,2025-07-09T03:14:26.701Z,2025-07-09T03:16:17.528Z
4e0aebd3-1f7b-4ede-8b76-d7398966b134,BshxCIjNEjY,completed,0,,2025-07-09T03:16:19.068Z,2025-07-09T03:17:33.110Z
fd42ab20-3339-49bf-a3ab-73da18c42baf,YqviZck8TAM,processing,0,,2025-07-09T03:17:34.584Z,2025-07-09T03:17:34.584Z
3fd6e5c4-2ad8-47fe-b67a-21ec28ff36bc,9aHQnDTd1y4,completed,0,,2025-07-09T03:18:52.860Z,2025-07-09T03:20:06.087Z
c5c40389-2989-4fbe-8eaa-9fb798d63ac6,GARcvHqqbRo,completed,0,,2025-07-09T03:18:54.173Z,2025-07-09T03:20:16.968Z
cb07e53d-453f-4747-af71-c236031abf39,fXCY8GW27Vw,completed,0,,2025-07-09T03:18:55.384Z,2025-07-09T03:20:38.545Z
c9052c57-7c42-47f2-8a3a-18e5ac4a5e4f,JRDgihVDEko,completed,0,,2025-07-09T03:20:07.545Z,2025-07-09T03:21:24.331Z
28e601b3-502f-4af2-bd8f-1666001c36b5,MW6E_TNgCsY,completed,3,,2025-07-09T03:21:16.417Z,2025-07-09T03:21:43.892Z
b25d6e91-cd6f-40ff-aea6-764c8f7d6c93,sGuFZ_a7RU0,completed,1,,2025-07-09T03:21:25.754Z,2025-07-09T03:21:45.568Z
c39fc7e0-d2e6-4bdb-acea-7bde0307de3a,r0qBaBb1Y-U,completed,0,,2025-07-09T03:21:41.673Z,2025-07-09T03:22:33.708Z
efd901e9-325c-4e52-bcfd-d423ffe6927d,fVMtKQMAZqw,completed,0,,2025-07-09T03:21:45.363Z,2025-07-09T03:21:59.171Z
3b092f26-8675-453a-b833-e7a3984454d8,gdoKSuV8XyY,completed,0,,2025-07-09T03:21:47.053Z,2025-07-09T03:22:49.477Z
33f9656b-3a99-4400-86c3-c1cbfb85e6f5,gsrTYDi2JI0,completed,0,,2025-07-09T03:22:00.587Z,2025-07-09T03:22:49.525Z
d4016091-9bd4-4688-88b2-b2e7767e69f4,xVKGXgHDMvQ,completed,0,,2025-07-09T03:22:35.105Z,2025-07-09T03:22:49.415Z
acb86311-0f59-48a5-8cde-2f5ebf5c90ee,NTTDd7OLAGw,completed,0,,2025-07-09T03:22:50.912Z,2025-07-09T03:22:59.595Z
1fc5c6db-3ddd-4da8-bdae-70b59ff687a5,BOyO8sZOaOQ,completed,0,,2025-07-09T03:22:50.937Z,2025-07-09T03:23:00.503Z
577ec02b-43d0-41e6-a862-56b7f386057f,g1YdCp9-eRE,completed,0,,2025-07-09T03:22:52.105Z,2025-07-09T03:23:01.055Z
7a0b4d21-4881-4d7f-bbab-41fa767abecb,p-SWkpGKdP8,completed,0,,2025-07-09T03:23:01.039Z,2025-07-09T03:23:17.541Z
aeb576a2-4897-42a4-b591-fa4b45a9d178,rx12bFISqsQ,completed,0,,2025-07-09T03:23:01.931Z,2025-07-09T03:23:14.128Z
df9a7a2b-c360-4841-a125-ff0bc7e8336a,2SUwOgmvzK4,completed,0,,2025-07-09T03:23:02.532Z,2025-07-09T03:23:13.450Z
85ab1df5-1c16-4473-8949-567310a1f2a8,bePCRKGUwAY,failed,3,Video unavailable,2025-07-09T03:23:14.917Z,2025-07-09T03:23:19.799Z
df02e943-a4c2-45b8-9acc-d27898539577,PEM0Vs8jf1w,completed,0,,2025-07-09T03:23:15.541Z,2025-07-09T03:23:39.375Z
af6eb280-536f-4b3b-b6d2-537d867565a7,X4bgXH3sJ2Q,completed,0,,2025-07-09T03:23:18.966Z,2025-07-09T03:23:29.052Z
5f0de777-1b0b-47a3-9dbb-655d2048ac25,BlnVP2_dIb4,completed,0,,2025-07-09T03:23:21.300Z,2025-07-09T03:23:34.855Z
c3c855e2-2fc3-437e-93aa-0a2a18aa1268,sZkOoWKraKw,completed,0,,2025-07-09T03:23:36.254Z,2025-07-09T03:23:48.691Z
b028c2a7-56b3-4806-aea6-63ec5eb2ad4e,m2OR_JaXDaM,completed,0,,2025-07-09T03:23:50.122Z,2025-07-09T03:24:04.625Z
b12bc445-83d7-48b0-b3b2-2db682fbe0b4,oZpYEEcvu5I,completed,0,,2025-07-09T03:25:28.722Z,2025-07-09T03:25:44.475Z
4ceb597f-d6ee-4778-90bc-9612d9ac9749,TLV4_xaYynY,completed,0,,2025-07-09T03:26:30.967Z,2025-07-09T03:27:31.147Z
59ce73d4-254c-4b2e-a984-1186d36578ba,Uquvi61gm2E,processing,0,,2025-07-09T03:26:36.295Z,2025-07-09T03:26:36.295Z
cb84168f-0bee-4851-98c9-df5b8a559821,j2hetdkCiyM,processing,0,,2025-07-09T03:27:32.588Z,2025-07-09T03:27:32.588Z
3bf2d362-45c1-4051-acda-dde8485cfc90,IHVmzPUqims,processing,0,,2025-07-09T03:39:40.953Z,2025-07-09T03:39:40.953Z
434616ab-dea9-48a9-b829-8d4813f37804,v2AC41dglnM,completed,0,,2025-07-09T03:39:40.964Z,2025-07-09T03:40:48.789Z
29a9085b-6d33-49bb-870b-531969aa34c5,DUGXpMyrDOY,completed,0,,2025-07-09T03:39:42.130Z,2025-07-09T03:40:11.941Z
cab82716-f5c0-4226-9bc7-61a95dd61846,uhbtSRbx0K0,completed,0,,2025-07-09T03:40:13.396Z,2025-07-09T03:40:55.668Z
3cf2a9dc-4385-4d30-85be-39eb5144f8ff,Sv5yCzPCkv8,completed,0,,2025-07-09T03:40:50.237Z,2025-07-09T03:41:37.505Z
cb4d641e-439c-46df-ad5a-414a83755710,Nl_Eo2QzqU4,completed,0,,2025-07-09T03:40:57.145Z,2025-07-09T03:41:42.401Z
95ab0c81-9f2c-4723-b21c-7c5ff0066811,_FVvA1lUkQ8,completed,0,,2025-07-09T03:41:39.630Z,2025-07-09T03:42:39.406Z
adcdd836-3b11-48bb-a7e5-f16dd49d9ce2,Hnq_N9OXvYA,processing,0,,2025-07-09T03:41:44.492Z,2025-07-09T03:41:44.492Z
19157c84-4fc6-48f8-b66f-66f207c32d58,M8VvGsmb4dU,completed,0,,2025-07-09T03:42:40.927Z,2025-07-09T03:43:02.228Z
9e043050-4520-4d5c-ad2f-39c981d56a95,layDTzNI9D4,processing,0,,2025-07-09T03:43:03.732Z,2025-07-09T03:43:03.732Z
8d040689-2c6f-4c3a-aa76-11aba7f34b62,2H5uWRjFsGc,completed,0,,2025-07-09T03:45:58.352Z,2025-07-09T03:56:06.476Z
95625483-fa98-4ac4-98e6-13618c99a64a,K0HSD_i2DvA,completed,0,,2025-07-09T03:46:04.950Z,2025-07-09T03:57:47.970Z
c8961ca1-e412-46d1-94e7-5acb29d3151d,wmin5WkOuPw,completed,0,,2025-07-09T03:46:11.611Z,2025-07-09T03:53:38.052Z
75bfb30b-0ca3-46bb-80e0-fa490549f6af,iJAxeafvn8Y,completed,0,,2025-07-09T03:46:18.528Z,2025-07-09T03:59:05.735Z
f30ed01d-cec3-42f9-80a3-3981e9acccb9,lcFpqfv1Mng,completed,0,,2025-07-09T03:46:32.297Z,2025-07-09T03:57:02.102Z
9dad6a21-0368-4f44-9db4-108544996823,Z7Lf358uXs4,completed,0,,2025-07-09T03:46:44.804Z,2025-07-09T03:59:48.692Z
34e9e0fd-1a11-44dd-9a0e-142086de4c09,kTJczUoc26U,completed,0,,2025-07-09T03:46:55.904Z,2025-07-09T04:00:29.478Z
942d73be-8ca1-43a6-9ef5-822340dc1fdc,MF2Be8ra0zU,processing,0,,2025-07-09T03:46:58.593Z,2025-07-09T03:46:58.593Z
42b3ed4f-7b22-40c0-a622-a2cadbd5b0fa,e6LM0sIA_Eg,completed,0,,2025-07-09T03:47:23.954Z,2025-07-09T03:56:45.713Z
0627c4f5-3c11-4a5e-9921-5ab7bc108690,f9rCUQjmkxU,completed,0,,2025-07-09T03:47:41.216Z,2025-07-09T03:56:04.019Z
1cd4156d-0e2d-4cc9-82b3-77ef9198008a,0J2QdDbelmY,completed,0,,2025-07-09T03:48:07.439Z,2025-07-09T03:57:16.077Z
4d1e6a92-c828-4343-aaf6-ac926cd95920,tbNlMtqrYS0,completed,0,,2025-07-09T03:48:34.025Z,2025-07-09T03:58:17.703Z
9b83f28b-a5f3-4487-93d2-ed937dc5c57f,l482T0yNkeo,completed,0,,2025-07-09T03:50:40.203Z,2025-07-09T03:58:38.630Z
ff4c100a-54a5-4710-a5c1-20263ab896e2,qNfpkK5Uzqg,completed,0,,2025-07-09T03:51:47.062Z,2025-07-09T03:54:20.393Z
56d04949-287a-402c-83eb-cc95ea4c3e87,hipB2vhwj_Y,completed,0,,2025-07-09T04:12:07.760Z,2025-07-09T04:12:54.326Z
c59806b0-927f-4791-98d4-ba0480a1b7c6,2K-LGLs1LRU,completed,0,,2025-07-09T04:13:07.465Z,2025-07-09T04:14:22.253Z
c371d997-6e9f-45b3-b3aa-4630ac7f2f63,Xq-eunLqtfU,completed,0,,2025-07-09T04:14:28.703Z,2025-07-09T04:15:02.540Z
04745204-7b61-46a6-b288-13ef99d054fe,Kler5kYbRqM,failed,3,Video unavailable,2025-07-09T04:19:12.818Z,2025-07-09T04:19:18.362Z
2cac951f-e517-460a-aa14-5f2aae5b535b,ZeBKgxqfvN0,completed,0,,2025-07-09T04:31:33.833Z,2025-07-09T04:32:30.978Z
e4e305a7-1676-421c-b2cb-d0e90baa3d9b,kjZnDfqoUGA,completed,0,,2025-07-09T04:33:14.035Z,2025-07-09T04:33:28.285Z
1bb986f0-5183-45f9-b69f-b47eb0ceb76a,397SmCDz8Oc,completed,0,,2025-07-09T04:33:17.561Z,2025-07-09T04:33:31.102Z
f7600cd2-996f-4e16-8df8-2f694cde9642,Yry2X-oObds,completed,0,,2025-07-09T04:40:53.272Z,2025-07-09T04:41:42.748Z
e6dc8158-9637-42d6-9fae-24c367eb04a9,snsTmi9N9Gs,completed,0,,2025-07-09T04:41:34.939Z,2025-07-09T04:42:42.744Z
01ffca20-4ee7-475a-8b95-e31644463b25,35HpqRGOpa4,completed,0,,2025-07-09T04:41:50.649Z,2025-07-09T04:42:26.360Z
4a68bef5-acfe-4271-b207-242d1fc9a2ea,QUvVdTlA23w,completed,0,,2025-07-09T04:46:29.587Z,2025-07-09T04:47:18.742Z
55b0e24a-efe3-42a9-9c35-9bdf701bf530,6Zbi0XmGtMw,completed,0,,2025-07-09T05:15:36.298Z,2025-07-09T13:46:38.376Z
3fc8a280-7cd4-4a3c-abfe-e6b9f5814535,-uFU79MGj00,processing,0,,2025-07-09T05:18:18.284Z,2025-07-09T05:18:18.284Z
b767f493-408a-437f-ab0e-77d2b0fd1f27,lRVJuPI5IXI,completed,0,,2025-07-09T05:32:40.199Z,2025-07-09T05:33:33.309Z
e7e286f9-ae43-4b84-a3d3-6db3a814dfb8,p3l7fgvrEKM,completed,0,,2025-07-09T05:34:09.890Z,2025-07-09T05:34:59.677Z
5bff7ca2-a1ef-407c-b784-ffe4866fcb79,y6120QOlsfU,completed,0,,2025-07-09T05:34:45.521Z,2025-07-09T05:35:30.439Z
ea149677-d59f-4dd8-9cd4-44a476f33632,7O7pIS_QTmM,completed,0,,2025-07-09T05:38:46.459Z,2025-07-09T05:39:10.703Z
91ede505-c2c4-44f3-8e40-a4835990bf2f,-BUDo3mow00,completed,0,,2025-07-09T05:39:17.194Z,2025-07-09T05:39:56.241Z
b0542b9b-486c-4945-9750-dbb45b91874e,5KT2D-L283k,completed,0,,2025-07-09T05:41:02.435Z,2025-07-09T05:42:00.106Z
e36f5540-1d50-48f8-86e2-c1021332a703,h_-AHeGO-bE,completed,0,,2025-07-09T05:48:07.339Z,2025-07-09T05:49:00.141Z
3bbb7442-ce03-4331-bc3a-95c63a49c4c1,ZSwx2MdUKzw,completed,0,,2025-07-09T05:49:06.623Z,2025-07-09T05:49:28.703Z
56a4cf63-0c25-4557-9956-cbb4696804b9,n5B5q1Hwt_U,completed,0,,2025-07-09T05:53:20.571Z,2025-07-09T05:53:43.710Z
3bec364f-16c3-46f4-83b5-a141b6d0e091,xuhD8vZDzI8,completed,0,,2025-07-09T05:54:40.216Z,2025-07-09T05:55:47.972Z
4bf75793-64b5-4d94-81b5-7610239848a7,_AWIqXzvX-U,completed,0,,2025-07-09T05:55:29.392Z,2025-07-09T05:56:12.230Z
6d4c8f55-7487-4edc-8b7b-8f682ffd7675,7ljlAKdL0so,completed,0,,2025-07-09T05:55:49.449Z,2025-07-09T05:56:45.936Z
9132a094-eeee-4897-9ad8-5cf5e64a4efb,KJBTgIaS4dc,completed,0,,2025-07-09T05:56:13.698Z,2025-07-09T05:57:33.337Z
92e10dd6-6506-47a7-816c-7c0064b4ca82,qcmYE407tvg,completed,0,,2025-07-09T05:57:22.420Z,2025-07-09T05:58:56.880Z
30843258-d256-4c67-a0e6-e53dc0eec96b,aDuCRWRmeXA,completed,0,,2025-07-09T05:58:49.870Z,2025-07-09T05:59:33.695Z
b57875f6-487b-4ff7-92c3-0947e3dbb5b2,8BRPWwGbElI,completed,0,,2025-07-09T05:59:08.311Z,2025-07-09T05:59:57.221Z
97779de0-7617-4c48-83a5-8d135e683c9a,0v8BBNgFOfg,completed,0,,2025-07-09T05:59:35.122Z,2025-07-09T06:00:08.165Z
b4d17419-a964-4f88-8bfa-a7cd417d1797,gMPAHL4K-FA,completed,0,,2025-07-09T05:59:58.627Z,2025-07-09T06:01:01.974Z
529f55c0-b371-4c7b-af54-e42998d7d730,EAMMZsr--vE,completed,0,,2025-07-09T06:00:09.632Z,2025-07-09T06:01:14.849Z
869135cc-d229-4562-8b49-0bc3d5b062d0,_8aYF9PtQjA,completed,0,,2025-07-09T06:01:03.414Z,2025-07-09T06:02:54.538Z
e05c7c0d-ecc4-429a-adf0-3da6d8082879,IWTvRAV7DYg,completed,0,,2025-07-09T06:01:16.344Z,2025-07-09T06:02:48.156Z
94f7198d-803b-4439-b785-fa5f55f6e437,L5js-vbuCrM,completed,0,,2025-07-09T06:02:49.582Z,2025-07-09T06:04:41.770Z
6b079f1e-e3de-44ba-b9c5-9e35499f3639,D8Q9R1aTcYU,completed,0,,2025-07-09T06:02:56.033Z,2025-07-09T06:04:54.368Z
4257b6b7-81d0-4c40-8d39-311d58b578bc,fNrpZGl7du4,completed,0,,2025-07-09T06:04:43.245Z,2025-07-09T06:05:04.268Z
464cd261-4d4d-4432-a2cf-9f8a0b6ab4f4,GlMAN5IKtUM,completed,0,,2025-07-09T06:05:00.850Z,2025-07-09T06:05:10.794Z
b5241d76-e14c-4063-b9c5-9b12db58b376,YLITH6ZsDdw,completed,0,,2025-07-09T06:06:00.765Z,2025-07-09T06:06:25.141Z
19dd694f-e8c6-4647-b1ad-e098c2f2326f,jXyf4CSgQ3o,completed,0,,2025-07-09T06:06:26.608Z,2025-07-09T06:06:58.156Z
1f85e422-955c-43c6-9c6e-02f1c15c15d1,K8uwGaREhmY,completed,0,,2025-07-09T06:06:32.349Z,2025-07-09T06:07:58.132Z
9aecf171-ae21-4b78-9025-46435c5a9873,4a-SEPT8DeE,completed,0,,2025-07-09T06:06:59.575Z,2025-07-09T06:08:22.110Z
70af37fe-5630-4b63-8029-aea32bdc63e9,DW7a-Pp1fQE,completed,0,,2025-07-09T06:07:59.652Z,2025-07-09T06:09:06.525Z
6cf9bd1c-3141-4e8d-9f14-e35f353bbac2,9dINT3_Fjn4,completed,0,,2025-07-09T06:08:23.566Z,2025-07-09T06:09:52.262Z
76021d11-713d-44cc-9bd7-573a58bc6dac,P4MiC67seUY,completed,0,,2025-07-09T06:09:08.005Z,2025-07-09T06:10:19.117Z
f182a9c2-ac49-4337-9835-df8c3f787f25,VQva5wKSfzM,completed,1,,2025-07-09T06:09:53.709Z,2025-07-09T06:10:20.802Z
b9c3533f-d9db-4916-9322-7bd27c2853d8,NxnzEwiWhJ4,completed,0,,2025-07-09T06:10:20.691Z,2025-07-09T06:11:24.589Z
73e0251c-3453-451f-a5a2-9b0075c6abe3,uWs1-2foKoo,completed,0,,2025-07-09T06:10:22.293Z,2025-07-09T06:12:47.748Z
88ce416b-efcf-455a-a859-32fbf3b70b21,NdYWuo9OFAw,completed,0,,2025-07-09T06:11:26.111Z,2025-07-09T06:12:54.158Z
ab537036-4380-4143-8965-aba9e878a96a,iMp4mgZbhA8,completed,0,,2025-07-09T06:12:49.218Z,2025-07-09T06:14:00.172Z
baa997d6-fd26-4fe8-8fc3-5b3871b309b2,gzF-fUcpDXw,completed,0,,2025-07-09T06:12:55.607Z,2025-07-09T06:13:30.370Z
fffa1c80-c52d-4fc2-9963-26ca8482f4fe,UOdi7-vpRG4,completed,0,,2025-07-09T06:13:31.834Z,2025-07-09T06:15:00.343Z
855e15c7-f833-43f6-8963-b18d32cedb22,3OqE6wfP8cs,completed,0,,2025-07-09T06:14:01.576Z,2025-07-09T06:14:27.833Z
f1e131c4-3f0a-4506-ac3c-d5f692d59989,cQKXobL_RQk,completed,0,,2025-07-09T06:14:29.285Z,2025-07-09T06:15:08.272Z
5890ecab-89b6-45ea-9a06-9018465e7650,mIczw4m2RzU,completed,0,,2025-07-09T06:15:02.146Z,2025-07-09T06:15:18.639Z
c2d68517-4b3c-42aa-919a-e63541ef2ef0,7A2-ACZhg_g,completed,0,,2025-07-09T06:15:09.712Z,2025-07-09T06:15:58.795Z
98cd59a4-e1c9-4a45-8864-fecce093d81f,y9oUnC8JtXY,completed,0,,2025-07-09T06:15:20.082Z,2025-07-09T06:16:20.663Z
6df13dd6-448b-46b9-92f3-acf9d5b641d9,CUbJQGqFoi0,completed,0,,2025-07-09T06:16:01.160Z,2025-07-09T06:17:06.375Z
d2bccb90-b445-4de0-907f-8615b54d0c5a,zDOILKOOUCo,completed,0,,2025-07-09T06:16:22.108Z,2025-07-09T06:17:47.925Z
71789ffa-7476-49c5-8b3a-7b35bb5ea851,lKYlN6LESDA,completed,0,,2025-07-09T07:01:17.601Z,2025-07-09T07:05:11.927Z
5a3458a5-58e0-4f71-b669-43086ce136e5,kgCYvTwz9aI,completed,0,,2025-07-09T07:01:29.160Z,2025-07-09T07:02:38.081Z
8493d315-566b-47ee-aa37-bc8955e482fb,zIaHqjjgW_Q,completed,0,,2025-07-09T07:02:39.606Z,2025-07-09T07:04:16.898Z
7b3efc26-00a6-4dcb-b9b6-0509ae7437be,tH2FAmZJ2iQ,processing,0,,2025-07-09T07:04:18.395Z,2025-07-09T07:04:18.395Z
15d42a95-09f7-482f-b6df-c999bacd82ac,yXDrpaJNVqw,completed,0,,2025-07-09T07:05:13.339Z,2025-07-09T07:08:02.693Z
06bb7278-d732-42d1-8741-d9a9ae5baa8c,x_kAdfeCzZ4,completed,0,,2025-07-09T07:08:04.098Z,2025-07-09T07:09:29.270Z
9246c380-504f-4990-b384-d52c381ede1e,KUHqFhnen0U,failed,3,Sign in to confirm your age,2025-07-09T07:09:30.744Z,2025-07-09T07:09:37.316Z
53cdc4b4-0027-4675-8996-68055cfc1e5a,t62Rty9yCoY,completed,0,,2025-07-09T07:09:38.760Z,2025-07-09T07:13:18.229Z
d9cf12d5-f75c-4064-88c3-3d50416ab971,NGBpHW4voJA,failed,3,Video unavailable,2025-07-09T07:13:19.696Z,2025-07-09T07:13:23.712Z
9d5fc9dc-4b54-4801-a71a-1e1a2b013aeb,vwSRqaZGsPw,completed,0,,2025-07-09T07:13:25.157Z,2025-07-09T07:13:53.729Z
4fb54ddb-0354-4b33-becd-55be29d2a251,J9INnMMwvnk,completed,3,,2025-07-09T07:13:55.197Z,2025-07-09T07:14:19.488Z
d8e916e3-8c78-48f7-b650-b3c6077bacdc,wPLJ5Udr87g,completed,0,,2025-07-09T07:14:20.951Z,2025-07-09T07:14:30.207Z
faac1e44-c60a-4be4-876d-6b9d05042e07,c4KXBzmNlmI,completed,0,,2025-07-09T07:14:31.604Z,2025-07-09T07:14:46.751Z
e90cd2d3-af55-4287-a18c-fcd794ca3998,jcKcxa-mDU4,failed,3,Sign in to confirm your age,2025-07-09T07:14:48.244Z,2025-07-09T07:15:15.467Z
0a41652f-5058-438c-94d5-af56f58771df,TZOdKdxP8Wk,completed,0,,2025-07-09T07:14:51.000Z,2025-07-09T07:15:05.799Z
b653b4ee-c419-498c-9e0f-e488f8b8ea4c,o_AgiD14fCA,completed,0,,2025-07-09T07:15:16.881Z,2025-07-09T07:15:39.310Z
53526ceb-ab6a-4fb2-a49c-86e00b26c7b8,yuTMWgOduFM,completed,0,,2025-07-09T07:15:40.747Z,2025-07-09T07:16:04.524Z
5f23612c-47dc-413d-9014-a0196ba495a6,EXFToM4UYgo,completed,0,,2025-07-09T07:16:06.573Z,2025-07-09T07:16:15.804Z
7447e6a5-4683-4528-8235-308888e1edad,2r25aH72lgQ,completed,0,,2025-07-09T07:16:17.246Z,2025-07-09T07:16:43.734Z
c22d2127-643f-4a8f-8d73-24c0ff792603,gjTe2nLUzhE,completed,0,,2025-07-09T07:16:45.193Z,2025-07-09T07:17:49.178Z
9d606d12-f629-4354-8fc4-e34580c2bcdf,X51PPQ___wc,completed,0,,2025-07-09T07:17:51.058Z,2025-07-09T07:18:57.012Z
168de54e-caf3-4b40-af9c-4ae44522db5d,SHU-2DHSJmg,completed,3,,2025-07-09T07:18:58.559Z,2025-07-09T07:20:57.659Z
4fc61e25-ef61-4621-a9c7-e3e8faff8dfa,cB7oIZjgW8A,completed,0,,2025-07-09T07:20:59.111Z,2025-07-09T07:22:12.203Z
30280561-c36f-4f4c-ae3e-9e5cda9ffc59,tFFOUkipI4U,completed,0,,2025-07-09T07:22:13.702Z,2025-07-09T07:22:31.947Z
9a2471d3-b66b-4b9a-9fc5-6b2f1ed0eeb7,OfQzegXwsac,completed,0,,2025-07-09T07:22:33.430Z,2025-07-09T07:22:45.612Z
236cfd44-4d81-415e-a0a7-95d094be9728,CjRwMgHvrhQ,completed,0,,2025-07-09T07:22:47.053Z,2025-07-09T07:23:50.579Z
0fbc57ff-20c2-4cd9-96f0-6aba1422e58b,_AG7g0eCtcI,completed,0,,2025-07-09T07:23:52.023Z,2025-07-09T07:25:08.205Z
afc78424-0166-4b68-a341-7aea967a12aa,MlW7T0SUH0E,completed,0,,2025-07-09T07:25:09.657Z,2025-07-09T07:26:11.671Z
a6c3acfd-ea88-4bac-9a9b-f7f35115a6c3,q2MoQJP-PhA,failed,3,Sign in to confirm your age,2025-07-09T07:26:13.133Z,2025-07-09T07:26:17.162Z
0284d109-a2bd-45a0-b74d-dff9952648ef,W3zntqv9C-k,completed,0,,2025-07-09T07:26:18.574Z,2025-07-09T07:26:28.986Z
e551eede-b589-4d8b-a350-fc6a5e26095e,HDKOm-cYd7c,completed,0,,2025-07-09T07:26:30.408Z,2025-07-09T07:27:08.529Z
d9776083-714b-4f4e-8372-c4703f49b360,tOP1twjhYgs,completed,0,,2025-07-09T07:27:09.951Z,2025-07-09T07:28:05.376Z
55330a76-aba8-4fe7-b8b5-a00855241236,LplPi2CxNHI,completed,0,,2025-07-09T07:28:06.823Z,2025-07-09T07:29:03.212Z
4adebe9f-e8c5-4944-b1cf-a1be2448c373,oQhQhbqGST0,completed,0,,2025-07-09T07:33:35.205Z,2025-07-09T07:34:37.428Z
55bb7252-37d8-4c30-bc8e-5dae015a9702,DkQX8hPT2VA,completed,0,,2025-07-09T07:37:04.182Z,2025-07-09T07:37:20.706Z
956703bb-5ac0-4a32-a598-96357acca42b,NUN0TyTmQ4s,completed,0,,2025-07-09T07:37:47.172Z,2025-07-09T07:38:06.741Z
bde90294-c901-42cc-8655-bb271c3ea28d,Dxc65Vxrbns,completed,0,,2025-07-09T07:38:08.188Z,2025-07-09T07:38:56.616Z
621fc8ed-ac9b-436a-ae77-1a1bdfac30ad,c38qI9ph4fI,completed,0,,2025-07-09T07:38:58.027Z,2025-07-09T07:39:46.260Z
b79cebe4-840a-48ff-bbc3-2849cecaf882,Vs0BUKTNjKA,completed,0,,2025-07-09T07:39:47.748Z,2025-07-09T07:40:21.085Z
80bfc811-9e48-49bb-915c-ca801a84cfaa,TuPDjJ_4lWI,completed,0,,2025-07-09T07:40:22.533Z,2025-07-09T07:40:42.477Z
fddc7051-c063-4573-971a-77e9077efc70,CvmRgbgwMbQ,completed,0,,2025-07-09T07:40:43.878Z,2025-07-09T07:41:01.541Z
2144e2cb-308e-41c4-98dc-b13962747ca4,hyAqfD78yUg,completed,0,,2025-07-09T07:41:03.014Z,2025-07-09T07:41:40.102Z
1d7ebfc1-4aa9-42af-9a23-92dcbac096e6,eJeoXBrZk6M,completed,0,,2025-07-09T07:41:41.545Z,2025-07-09T07:42:00.300Z
aca02628-0676-49f4-9d8b-b7add1baaaa7,L_jWHffIx5E,completed,0,,2025-07-09T07:53:38.005Z,2025-07-09T07:54:38.361Z
0776c908-21bb-4cfb-88ae-401c585e64bf,OQJlfx7g4Z4,failed,3,Video unavailable,2025-07-09T07:58:05.236Z,2025-07-09T07:58:11.990Z
cdee07cd-4613-4d2f-9b42-225a3162aa16,ws2-j9meNbw,completed,0,,2025-07-09T07:58:38.602Z,2025-07-09T07:58:49.701Z
d8aca977-1039-44a4-a455-192986a3d099,v-hL3sks2qI,completed,0,,2025-07-09T08:17:28.069Z,2025-07-09T08:20:29.479Z
616c957a-ad98-4e73-b81b-0d8d54b056d2,uxTXp0-iZrY,completed,0,,2025-07-09T08:20:31.544Z,2025-07-09T08:22:31.237Z
298975af-d426-4283-ad26-bb977429cdee,FuXNumBwDOM,completed,0,,2025-07-09T08:24:18.260Z,2025-07-09T08:24:27.477Z
6605e997-ba28-47fd-8fca-405f839eb7a6,WAifgn2Cvo8,completed,3,,2025-07-09T08:36:20.236Z,2025-07-09T08:38:08.853Z
4cc19ed7-7387-4e24-93c7-e038874997d2,vhNujgPvIdw,completed,0,,2025-07-09T08:40:15.563Z,2025-07-09T08:40:25.988Z
a08787d1-2465-43b8-a97d-e53db630cf2e,dx4Teh-nv3A,completed,0,,2025-07-09T08:41:37.655Z,2025-07-09T08:42:18.377Z
17ce3e6d-2e58-49e0-88a7-7a5e29602501,by6lyNC3D9Y,completed,0,,2025-07-09T08:42:39.949Z,2025-07-09T08:44:03.885Z
036eb2af-4c9e-4471-9214-fca897f75e7f,lejk2BmBbvk,failed,3,Video unavailable,2025-07-09T08:44:05.335Z,2025-07-09T08:44:09.698Z
dfb1a518-d114-47bf-bf60-1e5ab59a10fc,i99w2T8nQB4,completed,1,,2025-07-09T09:40:42.206Z,2025-07-09T13:13:01.586Z
f00e2f73-6fe5-45c4-a05a-9c582394ec38,__ebFZ4HxEk,completed,1,,2025-07-09T09:41:24.681Z,2025-07-09T09:42:57.098Z
7137a0bb-f973-4fcd-9fa2-0247fd2368d3,8IMiWgP5618,processing,0,,2025-07-09T09:42:58.763Z,2025-07-09T09:42:58.763Z
a96e112a-764e-4a7d-ae2b-16e74857b91a,xkKrOAjoxHI,processing,0,,2025-07-09T11:50:02.489Z,2025-07-09T11:50:02.489Z
77ea5602-0c8a-4146-bd81-8f63cddf79b2,bwKWT_CiGe4,processing,0,,2025-07-09T11:50:02.502Z,2025-07-09T11:50:02.502Z
49e6f36e-12dc-4403-8418-339097b1b31a,8aRsGVvwk4Y,completed,0,,2025-07-09T11:50:03.609Z,2025-07-09T11:50:56.011Z
ae9e7e44-fd2a-4554-bab3-533cc0c534d5,DPLnJYzUXdM,processing,0,,2025-07-09T11:50:59.429Z,2025-07-09T11:50:59.429Z
6f40e7e6-8222-4c5e-8fb2-5294fcd20f3f,z-PW1_dqkH0,completed,0,,2025-07-09T13:05:55.609Z,2025-07-09T13:06:06.816Z
6acf167e-c2e9-4e27-9908-21ba4436b56c,8bLinctYcno,completed,0,,2025-07-09T13:05:55.620Z,2025-07-09T13:06:13.640Z
f49fe41a-a9b1-4f74-9603-a6447d79d12d,hvYnw9Fse2U,completed,0,,2025-07-09T13:05:56.838Z,2025-07-09T13:06:08.155Z
61ff7f18-a7ca-493f-bbe0-6944b5a4de9a,3nmAERiw0Bc,completed,0,,2025-07-09T13:06:08.624Z,2025-07-09T13:06:22.123Z
d277edd1-3480-4eac-83db-60bed67ea326,pZQ3oXEIUL4,completed,0,,2025-07-09T13:06:09.846Z,2025-07-09T13:06:31.402Z
35a8bac7-4fba-4c0d-92e3-0588132186bf,-bF4AAVSfwA,completed,0,,2025-07-09T13:06:15.367Z,2025-07-09T13:06:25.987Z
2932e7c6-1d2c-4d5b-9cb4-56b69f1290af,BI2Et19vDCM,completed,0,,2025-07-09T13:06:23.872Z,2025-07-09T13:06:32.268Z
8a54110b-d3cf-435c-ab1a-768204da104f,K4axt2FNuSg,completed,0,,2025-07-09T13:06:27.671Z,2025-07-09T13:06:35.430Z
7dd16f5b-0600-4a2a-8e41-6bc9301ceb38,cYWvYm5olLo,completed,0,,2025-07-09T13:06:33.295Z,2025-07-09T13:06:41.734Z
707dc615-3e83-4763-8766-57c39f3dd0c7,0_1IMZmJe-U,completed,0,,2025-07-09T13:06:33.976Z,2025-07-09T13:06:48.671Z
25512734-0592-4b2e-a8c3-7eaa873c87bf,07fhkAoCnig,completed,0,,2025-07-09T13:06:37.113Z,2025-07-09T13:06:56.017Z
f6b571a8-e8af-473a-860d-28d51a3a84c1,mKJSK8KWK9k,completed,0,,2025-07-09T13:06:43.379Z,2025-07-09T13:06:58.354Z
67195795-3f59-44d6-94b3-fa96594cb3a6,AoA-ByjIf2M,completed,0,,2025-07-09T13:06:50.358Z,2025-07-09T13:06:59.398Z
08b9b5fe-30e5-45df-84a5-b98fa479fddc,5tAS_-eGbHY,completed,0,,2025-07-09T13:06:57.910Z,2025-07-09T13:07:08.163Z
de6c6ce8-6dca-4db2-949c-a2368953de78,ChWgrlg0JSE,completed,0,,2025-07-09T13:06:59.971Z,2025-07-09T13:07:09.263Z
12113814-fdee-45ab-87b5-e53e9fc86aa8,yWbYJQZJ_FU,processing,0,,2025-07-09T13:07:01.179Z,2025-07-09T13:07:01.179Z
b7993430-649a-49b1-8cd6-973b66aaec1d,3yHll64Mf1c,completed,0,,2025-07-09T13:07:09.889Z,2025-07-09T13:07:35.867Z
ec9b9c01-6c9f-41c1-865a-13b85204a4c6,7YvAYIJSSZY,completed,0,,2025-07-09T13:07:10.935Z,2025-07-09T13:07:31.697Z
528a68a0-98b3-4184-abeb-1e6952b36151,kOU2cbyCS0U,completed,0,,2025-07-09T13:07:33.406Z,2025-07-09T13:07:49.648Z
4bf0bec9-2069-4cb4-8cbd-c4877788218a,1LC-EhceneU,completed,0,,2025-07-09T13:07:37.565Z,2025-07-09T13:08:02.320Z
c46e02aa-1cad-4260-9483-d4fb75334a65,Vn8phH0k5HI,completed,0,,2025-07-09T13:07:51.353Z,2025-07-09T13:08:01.861Z
fff163b6-0b00-4cb2-bff4-d967c2e6e6ec,Y9KC7uhMY9s,completed,0,,2025-07-09T13:08:03.483Z,2025-07-09T13:08:18.995Z
facae5c0-cb5a-4b70-bd48-c65701007390,VzE0XV4AMiA,completed,0,,2025-07-09T13:08:04.020Z,2025-07-09T13:08:17.942Z
64d85659-e369-4433-a8e1-79c32e95eff5,f-e8-DUqt0I,failed,3,Video unavailable,2025-07-09T13:08:19.577Z,2025-07-09T13:08:27.964Z
84dbc244-e691-4d02-9c19-c2417cf8f1a5,GVQkONMqRjA,completed,3,,2025-07-09T13:08:20.716Z,2025-07-09T13:09:03.069Z
5827efc0-8e6e-4e68-9c17-d26d2b39ec85,8M_P_xX9Cmw,completed,0,,2025-07-09T13:08:29.616Z,2025-07-09T13:46:21.260Z
a558e899-56b4-4db2-93e6-3aa257f14fda,Bcus42ihkTI,completed,0,,2025-07-09T13:08:47.583Z,2025-07-09T13:08:58.241Z
8211981b-9b34-4203-8e16-67a28a2d2bf2,sBhB9gAM1J4,completed,0,,2025-07-09T13:08:59.873Z,2025-07-09T13:09:17.558Z
08659aa1-02e4-40b0-beb2-dcac2b37a36a,KGU_vPssFKM,completed,0,,2025-07-09T13:09:04.742Z,2025-07-09T13:09:22.750Z
1f44a9a5-184d-4454-a884-c185a5029b6b,4AKbUm8GrbM,completed,0,,2025-07-09T13:09:19.250Z,2025-07-09T13:09:28.422Z
2e273136-4286-4ffc-ace0-97aa6d15fe86,TgyNWzyAY6E,completed,0,,2025-07-09T13:09:24.461Z,2025-07-09T13:09:43.608Z
7fd22878-2af7-409d-a171-03955ffdd7d5,7_QydNXI_ok,completed,0,,2025-07-09T13:09:30.074Z,2025-07-09T13:09:46.476Z
fe293971-e0d6-4d75-ba3a-089ce4223a74,FRX1VbNQrEc,completed,0,,2025-07-09T13:09:45.296Z,2025-07-09T13:09:53.671Z
fe27eb3e-8289-4a2f-81a0-71d9cebed601,zoRdJ3ktGQw,completed,0,,2025-07-09T13:09:48.096Z,2025-07-09T13:09:57.744Z
c63ab152-99b1-4e6f-9fbb-4e1c98222c54,jRHQPG1xd9o,completed,0,,2025-07-09T13:09:55.320Z,2025-07-09T13:10:11.044Z
f1b45583-1a6f-44fc-980e-9092ca5bb80f,RtT_SrQ4mIE,completed,0,,2025-07-09T13:09:59.489Z,2025-07-09T13:10:14.833Z
7dcfefcc-d015-46be-bf40-1df768df7a53,SH5OIGXasEY,completed,0,,2025-07-09T13:10:12.760Z,2025-07-09T13:10:22.217Z
79b41d76-c36c-4993-bf81-72447f85b4d4,5Ep7pVBF_9o,completed,0,,2025-07-09T13:10:16.516Z,2025-07-09T13:10:29.029Z
2654b974-16f8-4c8c-af46-57e1e09b8f26,uV2qHMSSzAY,failed,3,Video unavailable,2025-07-09T13:10:23.871Z,2025-07-09T13:10:28.296Z
dddb71e1-8221-47a4-829f-17a6b537dc44,7Nf-cQj_SLE,completed,0,,2025-07-09T13:10:29.924Z,2025-07-09T13:10:44.143Z
17fa1aa6-790c-4c4b-9494-da07a657b005,U33VOkH-iOs,completed,0,,2025-07-09T13:10:30.701Z,2025-07-09T13:10:44.007Z
ed1fb367-2a17-480e-ab53-da40e2f587b3,7CTJcHjkq0E,completed,0,,2025-07-09T13:10:45.694Z,2025-07-09T13:10:55.284Z
b002e8e3-3de6-4013-a1dd-1b5ecb94e5d0,TItKS7GSrS0,completed,0,,2025-07-09T13:10:45.822Z,2025-07-09T13:11:00.000Z
afc8a6aa-8d8c-462c-9a00-92c65abaeb39,BC19kwABFwc,completed,0,,2025-07-09T13:10:56.969Z,2025-07-09T13:11:07.046Z
ab5c244e-e104-494d-9ed2-29f0dcb9b805,0oIIRc0zc_U,completed,0,,2025-07-09T13:11:01.744Z,2025-07-09T13:11:29.453Z
77a288de-c19e-497a-a8d4-0e58323c161a,r4G0nbpLySI,completed,0,,2025-07-09T13:11:08.723Z,2025-07-09T13:11:21.591Z
cfd9a8dd-b67d-456a-8bc6-55f4c78377f8,djZYWUQRDzg,processing,0,,2025-07-09T13:11:23.294Z,2025-07-09T13:11:23.294Z
57574ba7-a5a9-4ecb-810f-f81b0f4d5a24,uEYqTg-ZgMU,completed,0,,2025-07-09T13:11:31.125Z,2025-07-09T13:12:27.888Z
c732776b-4cf9-4652-991f-af1743feb410,42EN1N2IZ7E,completed,0,,2025-07-09T13:12:29.582Z,2025-07-09T13:12:39.967Z
2da95694-062d-4da2-b3ea-efd42099cbfb,qYkbTyHXwbs,completed,0,,2025-07-09T13:13:03.258Z,2025-07-09T13:13:17.343Z
073f19cb-313c-45cd-b031-5c691c62e5f5,hLg9DvK76HU,completed,0,,2025-07-09T13:13:18.984Z,2025-07-09T13:13:48.048Z
5f3173e0-8e61-4a4a-aa3b-97e9ffb082da,YCR-_PVcynY,completed,0,,2025-07-09T13:13:49.703Z,2025-07-09T13:14:04.442Z
08cc2c95-fa79-44ed-b090-745167984245,rtW1S5EbHgU,completed,0,,2025-07-09T13:14:06.074Z,2025-07-09T13:14:17.253Z
38df25d4-04c5-4f4e-adb7-0ee8823665a6,g1BaGm7syr4,completed,0,,2025-07-09T13:14:18.967Z,2025-07-09T13:14:27.626Z
e56b41b4-a789-494f-9a60-698c3844acde,IQBC5URoF0s,completed,0,,2025-07-09T13:14:29.296Z,2025-07-09T13:14:39.644Z
adb48f32-bb51-479a-8e7f-ebc182be4ac0,bPAC6zt_1ZM,completed,0,,2025-07-09T13:14:41.300Z,2025-07-09T13:15:02.419Z
71c30a4d-a277-4925-b189-2a6099355489,yRRqxnjslb0,completed,0,,2025-07-09T13:15:04.559Z,2025-07-09T13:15:15.034Z
62376cb1-a8a2-4a85-bdf8-bb59d040017b,5KP0HmI52ZA,completed,0,,2025-07-09T13:15:16.757Z,2025-07-09T13:15:25.923Z
42902a3c-37dd-48e9-9a8d-a22bccbb5817,em_Iy8YJ82k,completed,0,,2025-07-09T13:15:27.586Z,2025-07-09T13:15:45.694Z
13310fa4-95b9-4d2c-9727-b1d91a344f97,kvAsKzRnjI0,completed,0,,2025-07-09T13:15:47.348Z,2025-07-09T13:16:01.242Z
6a31cc5f-2674-4dfd-92b9-5a4c64a3c92d,n9DmdAwUbxc,completed,0,,2025-07-09T13:16:02.953Z,2025-07-09T13:16:12.474Z
5b7d28d1-0362-4b70-a95d-934c17893b2f,A7ZxRs45tTg,completed,0,,2025-07-09T13:16:14.140Z,2025-07-09T13:16:25.294Z
2971c8df-5d0d-42ec-bdf1-3cc08969185e,-8xhmV3JoG4,completed,0,,2025-07-09T13:30:18.344Z,2025-07-09T13:30:33.948Z
c3cb4db0-dd24-4743-89bc-08b517e5f452,VFZNvj-HfBU,completed,0,,2025-07-09T13:32:00.920Z,2025-07-09T13:46:24.816Z
f350e7c7-cf28-4966-a03f-9304cd3c22f9,-GRwcKlyfp4,completed,0,,2025-07-09T13:36:48.985Z,2025-07-09T13:37:05.889Z
1dd7a748-5d32-4e8f-9870-145741c2728f,QZ6lB7FKxi8,completed,0,,2025-07-09T13:37:47.646Z,2025-07-09T13:38:09.402Z
7b652e37-80c8-4b9d-8b60-fda3823afbc3,TQtEFdyhgdE,completed,0,,2025-07-09T13:38:11.104Z,2025-07-09T13:38:25.973Z
c4a5d331-0d8a-4622-ac2e-a978a8075b13,TLDflhhdPCg,completed,0,,2025-07-09T13:38:42.650Z,2025-07-09T13:38:55.590Z
57e1137e-3558-410c-96a4-aedf5546fcf1,4D8YPDdsxYU,completed,0,,2025-07-09T13:39:22.301Z,2025-07-09T13:39:37.859Z
b4c43a1a-98e4-4115-9b12-ca4e53a48a78,Euhq3t7WRDM,completed,0,,2025-07-09T13:39:49.499Z,2025-07-09T13:40:06.056Z
d31a83f0-e71f-462d-9c26-017c5806d71e,kDA-VwBcjC4,completed,1,,2025-07-09T13:40:22.756Z,2025-07-09T13:40:51.971Z
4bdd1707-3eae-4f96-b073-15cef8d3206c,xrHZbbc50r8,completed,0,,2025-07-09T13:40:53.684Z,2025-07-09T13:41:04.547Z
908dddfe-e5f2-4a40-961f-51d857095fba,RHgNtAwg2B4,completed,0,,2025-07-09T13:41:11.187Z,2025-07-09T13:41:21.095Z
0bdb1882-5ea3-4e80-b405-2b5e14bb8927,yM6hPuui-l8,completed,0,,2025-07-09T13:41:32.771Z,2025-07-09T13:41:43.836Z
a4cdc066-e854-433b-b799-02a0296d66af,hYHxOXQjhTY,failed,3,Video unavailable,2025-07-09T13:41:56.353Z,2025-07-09T13:42:12.030Z
1db29b9d-437f-4d7f-88ff-4a043303a492,bM3bLcNi3vM,completed,0,,2025-07-09T13:42:18.702Z,2025-07-09T13:42:31.517Z
edbffb6e-24b6-4427-92b7-1eb343602555,G_ZVpCUULzg,completed,0,,2025-07-09T13:42:38.214Z,2025-07-09T13:46:14.562Z
5e62fccf-7efc-48ed-a84e-b81681787b22,rn_YodiJO6k,completed,0,,2025-07-09T13:43:14.661Z,2025-07-09T13:46:26.001Z
bbeb8520-efbe-4411-89bf-2bb92ec1a8ad,_Cwl9CZiaNU,completed,0,,2025-07-09T13:44:35.049Z,2025-07-09T13:46:11.542Z
765642fb-3031-4cae-ad0f-9fdeb5f80f6c,-UtAV_azaBc,completed,0,,2025-07-09T13:45:01.328Z,2025-07-09T13:46:33.455Z
b5e6d05f-6325-4c15-8135-215738f28acd,_mUymaxWmMw,completed,0,,2025-07-09T13:45:21.976Z,2025-07-09T13:46:10.169Z
79cd59c5-3dac-4447-b002-b47f9c793928,vk6014HuxcE,completed,0,,2025-07-09T13:51:58.286Z,2025-07-09T13:52:09.737Z
18bd53b8-5b08-4d54-b096-94aa56ea0681,le1QF3uoQNg,completed,0,,2025-07-09T13:52:00.570Z,2025-07-09T13:52:09.948Z
25690fcf-e9e1-4ed7-b49e-c97bae2cb449,UqmUxkRPBS0,completed,0,,2025-07-09T13:54:45.878Z,2025-07-09T13:54:55.245Z
a9c69ec7-1427-4ccf-affd-81372e12bcfb,N2neoYs8niw,completed,0,,2025-07-09T13:54:46.652Z,2025-07-09T13:54:55.562Z
73c30afe-e58a-42e5-882a-0c71295b34f2,gMq-I0dejjE,completed,0,,2025-07-09T13:54:51.872Z,2025-07-09T13:55:01.787Z
2e715ffc-17c0-459f-9d83-570a2aafc2bf,sRxrwjOtIag,completed,0,,2025-07-09T13:59:13.278Z,2025-07-09T13:59:25.509Z
77f49408-142b-461a-b1ff-4ffb60b62736,mhf3kHeKwMw,completed,0,,2025-07-09T13:59:27.188Z,2025-07-09T13:59:35.962Z
bd3798ef-bad6-4934-96ea-87f24b09a500,Yr1RlcoqXTg,completed,0,,2025-07-09T14:01:09.665Z,2025-07-09T14:01:19.089Z
d3766306-c093-435d-9b3c-d7c9cebd31e3,SqUEHRWuOdQ,completed,0,,2025-07-09T14:02:05.860Z,2025-07-09T14:02:14.687Z
5a6879ab-266c-4329-8108-ce3747d0afa5,v-XdUbffO00,completed,0,,2025-07-09T14:07:26.847Z,2025-07-09T14:07:35.367Z
372943a5-465c-4d05-9a82-86e4c098d663,AXQXat_l1J8,failed,3,Sign in to confirm your age,2025-07-09T14:07:29.717Z,2025-07-09T14:07:34.550Z
fee8c376-4ea1-42fe-a768-8bfdb96e1446,sXAGEmBeeDs,completed,0,,2025-07-09T14:12:06.721Z,2025-07-09T14:12:17.086Z
abb9194f-bc95-4af7-90c7-13f79ac4086e,U9RxGijXy4g,completed,0,,2025-07-09T14:21:43.553Z,2025-07-09T14:21:55.037Z
a5d002ce-310d-492f-8420-9225f7499b6f,PDzXTMVKRYw,completed,0,,2025-07-09T14:23:29.875Z,2025-07-09T14:23:40.119Z
42ebf862-2120-4b84-ac25-e893bb58d1e7,HMqgVXSvwGo,completed,0,,2025-07-09T14:29:36.534Z,2025-07-09T14:29:46.628Z
03482db2-376a-4c03-a0aa-4be199666f48,rDuSRbb2vQI,completed,0,,2025-07-09T14:33:47.848Z,2025-07-09T14:33:58.324Z
f3fb53fa-1d90-4dae-863c-73b5796f15a4,eamoKuDWInI,completed,0,,2025-07-09T14:33:47.910Z,2025-07-09T14:33:58.381Z
89cd9a41-3e83-41d7-8b41-e13ed9b5a19e,iEl-a11-i1c,processing,0,,2025-07-09T14:33:54.092Z,2025-07-09T14:33:54.092Z
fdf97e72-e9e3-47c5-9b74-82757f14a8ad,lbTx2GzAKkc,completed,0,,2025-07-09T14:43:51.228Z,2025-07-09T14:44:03.223Z
6c403d4f-f0f8-4522-bb9f-1614c7f162ca,IBy7TCSY2wk,completed,0,,2025-07-09T15:01:43.015Z,2025-07-09T15:01:52.663Z
6e11f74b-879b-43c7-adf1-1c7455aeee7e,dgUHE8wWhiE,completed,0,,2025-07-09T15:02:00.885Z,2025-07-09T15:02:11.648Z
8b7ef62a-ba5f-4299-8d8d-b1063b6034bd,0r4RRhA9NZo,completed,0,,2025-07-09T15:02:11.743Z,2025-07-09T15:02:23.160Z
dbf5f772-5bb9-4b16-90ae-7dbc6e9e2de7,q_CExssrGWY,completed,0,,2025-07-09T15:02:13.707Z,2025-07-09T15:02:22.936Z
96f5009b-38ac-483c-9cd2-c14259b4a0df,BvsMPOfblfg,completed,0,,2025-07-09T15:02:39.633Z,2025-07-09T15:02:50.135Z
2949c7ad-dd2b-49e2-ac79-ce30ebc0e061,p4zGKdCmWac,completed,0,,2025-07-09T15:02:44.892Z,2025-07-09T15:02:55.094Z
96db63dd-e1b4-473b-84b3-e8ae6c1ae063,IALcdK1fThs,completed,0,,2025-07-09T15:03:26.835Z,2025-07-09T15:03:37.468Z
f2e9f818-945d-4107-81bc-065f29c2cad3,zJME0Tp2kCA,completed,0,,2025-07-09T15:10:44.927Z,2025-07-09T15:17:09.611Z
fef2fd30-37b5-44e2-bba4-1e0d14ca4629,LOi_wxypeGc,completed,0,,2025-07-09T15:12:21.231Z,2025-07-09T15:17:30.101Z
a4ab9836-2f92-4246-a1f1-a3317f95a667,PwjL3ipBAhg,completed,0,,2025-07-09T15:12:53.096Z,2025-07-09T15:17:10.066Z
38994c90-34d2-4c71-971f-3d1eef2767db,TaaGH0i8E64,completed,0,,2025-07-09T15:13:17.890Z,2025-07-09T15:17:20.383Z
9b2de175-5361-4bf0-b553-32da2afa6035,otr7nkteGao,completed,0,,2025-07-09T15:13:19.818Z,2025-07-09T15:17:40.318Z
0f7f1d5a-09bd-4890-a3d2-58c981d84ad9,ijUvWmh-bjk,completed,0,,2025-07-09T15:14:21.271Z,2025-07-09T15:17:10.372Z
49257592-0fed-4b66-bf1b-635a7f7ff570,Ptk_1Dc2iPY,completed,0,,2025-07-09T15:14:48.331Z,2025-07-09T15:17:34.276Z
856b3897-4250-4fe1-98ad-62857b21b4ae,jnEr9pK8gEM,completed,0,,2025-07-09T15:15:04.618Z,2025-07-09T15:17:32.524Z
6364ad8d-395f-4bab-b818-66f7c275be5b,Y1D3a5eDJIs,completed,0,,2025-07-09T15:15:35.701Z,2025-07-09T15:17:22.393Z
f424a843-fc39-4b56-ab13-e2c5bd5e5c56,8UXircX3VdM,completed,0,,2025-07-09T15:16:44.392Z,2025-07-09T15:17:22.201Z
04b001db-bf9d-4f1f-8e38-12efe5bd644e,dm0ndgjk9V4,completed,0,,2025-07-09T15:17:51.013Z,2025-07-09T15:18:00.977Z
829dce83-c4d2-4108-99ac-738217fca243,0bYjMkAvB6Q,completed,0,,2025-07-09T15:25:53.551Z,2025-07-09T15:26:02.321Z
569b258d-fced-48e1-8881-973ecfd5cba4,GtUVQei3nX4,completed,0,,2025-07-09T15:26:27.799Z,2025-07-09T15:26:37.131Z
ac8d3575-4e6d-4b08-b0bb-bc191fc3b6b8,_CL6n0FJZpk,completed,0,,2025-07-09T15:26:38.776Z,2025-07-09T15:26:47.922Z
8b10571b-e950-46fd-afc9-785a8f2e1ac1,oIIxlgcuQRU,completed,0,,2025-07-09T15:28:34.268Z,2025-07-09T15:28:43.633Z
02f94da0-38a9-4de1-84da-21d8f8b2183e,2_O00E6Nq1A,completed,0,,2025-07-09T15:33:10.188Z,2025-07-09T15:33:20.817Z
b9c5c867-be25-4196-b093-9663a17a471d,GMj2adox1qU,completed,0,,2025-07-09T15:33:55.802Z,2025-07-09T15:34:18.497Z
c9b0aab8-48d8-45b7-b0f6-598ddb3c079a,0vICh9NuDE0,completed,0,,2025-07-09T15:36:06.044Z,2025-07-09T15:36:15.283Z
de4851c6-e7cd-4d8c-98c6-902ba3290874,gJ0mp6oNdiY,completed,0,,2025-07-09T15:40:30.796Z,2025-07-09T15:40:39.393Z
591b9bf2-a920-468f-9b4f-84758e5c284b,36WZehAAuUI,completed,0,,2025-07-09T15:40:41.072Z,2025-07-09T15:40:49.650Z
c907e8f3-27e0-4efd-8e65-afc6bb0128c4,tKQwOuTiY-A,completed,0,,2025-07-09T15:45:11.672Z,2025-07-09T15:45:21.264Z
32efe9dc-bc73-4ab5-b862-56df681f36a4,_s3Pp1w-ZLc,completed,0,,2025-07-09T15:45:22.747Z,2025-07-09T15:45:32.729Z
b3a50e66-591f-4894-a6fc-068a5a9cd6b5,bgHhkbgEB5M,completed,0,,2025-07-09T15:45:53.053Z,2025-07-09T15:46:02.010Z
0055a02d-b1ba-443e-8a9a-4c1200f3d119,6W4L2O-JQ-w,completed,0,,2025-07-09T15:54:49.468Z,2025-07-09T15:55:01.047Z
98ef687b-aa7a-4310-8c9a-4bb993943b66,Tfa6fRjPlUE,completed,0,,2025-07-09T15:55:43.566Z,2025-07-09T15:55:52.608Z
050c5f41-39eb-49d9-b21d-fd15b454071f,JTvlujbJ5vg,completed,0,,2025-07-09T15:57:14.438Z,2025-07-09T15:57:23.920Z
26f8c708-ba91-4c7a-b773-8ee03026794f,JG0b95qTIWg,completed,0,,2025-07-09T16:03:00.402Z,2025-07-09T16:03:09.353Z
89075e20-8de6-461a-a1c1-f3194d3b95c3,WIKqgE4BwAY,completed,0,,2025-07-09T16:04:46.720Z,2025-07-09T16:04:55.637Z
c385c1e7-e936-4c6f-b889-048e044080f0,H02wdJM3odc,completed,1,,2025-07-09T16:06:22.742Z,2025-07-09T16:06:37.146Z
43f878f3-dd3c-4f06-9980-261284c89dd1,am-ABKqCuKU,completed,0,,2025-07-09T16:09:51.864Z,2025-07-09T16:10:00.881Z
e75376c6-c422-4e3e-96e2-a2c67a671627,uXTFP4wcjdA,completed,0,,2025-07-09T16:11:09.285Z,2025-07-09T16:11:18.617Z
da077c90-4681-4d4f-a63d-e3cd651f4bae,2N4tXf3Ensw,completed,0,,2025-07-09T16:14:08.456Z,2025-07-09T16:14:17.737Z
7fb864e7-e6ce-4d17-adec-a34ef726b1f5,nxFW6ggUqu0,completed,0,,2025-07-09T16:14:12.395Z,2025-07-09T16:14:21.664Z
e1e64e8b-bebe-4420-8f5f-1fa4cce04f7e,Ui_eoW3BXGI,completed,0,,2025-07-09T16:14:19.442Z,2025-07-09T16:14:28.533Z
ad371651-da41-4ae2-a2cc-7b4727a2a958,4waVZXKE0GU,completed,0,,2025-07-09T16:14:28.324Z,2025-07-09T16:14:37.990Z
3f3b1174-b617-4f7e-99be-c08b001eeecd,_DH6npClQ_s,completed,0,,2025-07-09T16:21:20.285Z,2025-07-09T16:21:29.014Z
818b701e-1075-41a5-a6c5-23858299eef4,3tYajkHNK58,completed,0,,2025-07-09T16:35:42.107Z,2025-07-09T16:35:51.477Z
23c80b14-ef23-4b6b-a5cc-ad7ff0911e25,qMkwuz0iXQg,completed,0,,2025-07-09T16:39:53.308Z,2025-07-09T16:40:02.303Z
41234850-52ed-4fd4-9349-01c8fb0cb84f,YGBDAxCDLs4,completed,0,,2025-07-09T16:41:03.767Z,2025-07-09T16:41:12.978Z
fac13519-94c1-46b8-9a6a-46855f0132f5,z0g0Rx6PVBg,completed,0,,2025-07-09T16:41:14.650Z,2025-07-09T16:41:22.698Z
e4921398-286d-43d8-99ae-44131b3f8324,jgBWeoJdbhA,completed,0,,2025-07-09T16:41:39.394Z,2025-07-09T16:41:48.733Z
cc724adb-8a99-4978-b19a-12d764e1a7e2,WERGtxSU-Ww,completed,1,,2025-07-09T16:42:00.202Z,2025-07-09T16:42:15.401Z
96526866-75c7-4b2d-afd5-6e644cce78bf,xlcywgEMuGI,completed,0,,2025-07-09T16:42:27.315Z,2025-07-09T16:42:36.792Z
733c4bc0-1a98-49ae-b2bb-1681fc69b771,C217vygclrk,completed,0,,2025-07-09T17:07:07.956Z,2025-07-09T17:07:17.060Z
9f309c4a-c70c-426f-bf3a-6e025a100699,ynecLJYrZaA,completed,0,,2025-07-09T17:07:10.526Z,2025-07-09T17:07:19.556Z
5dd76bba-0443-4803-866f-b815e1f871af,N5dOy9FGtDg,completed,0,,2025-07-09T17:10:09.050Z,2025-07-09T17:10:19.019Z
d916fda7-91df-4200-9f3f-0341c6d123e9,J9LdtNYuglk,completed,0,,2025-07-09T17:18:26.563Z,2025-07-09T17:18:34.167Z
ef090068-f916-4fc0-8dfc-2426383c068f,EsyUa63NM1E,completed,2,,2025-07-09T17:19:15.968Z,2025-07-09T17:19:37.063Z
c9a72a5d-0f9b-417b-972e-177f6105c6ee,TzFnYcIqj6I,completed,2,,2025-07-09T17:20:12.204Z,2025-07-09T17:20:34.750Z
92365570-f93d-44cb-b178-5119c719dfee,xmQBkXYiRAg,completed,0,,2025-07-09T17:33:57.704Z,2025-07-09T17:34:08.910Z
f92df022-da71-4f41-a9df-40061789b142,ygk__Cr93yM,completed,0,,2025-07-09T17:34:34.058Z,2025-07-09T17:34:55.997Z
bf3ba31a-98ab-458e-878a-c26788a40a81,8ZcQSGya8V0,completed,1,,2025-07-09T17:36:07.765Z,2025-07-09T17:36:32.029Z
b62ff739-dce1-4923-9670-d71a678447a5,SG_Zd6QvRJk,completed,0,,2025-07-09T17:38:43.936Z,2025-07-09T17:38:59.051Z
4c4f7019-5a78-4eef-8195-eaaa834f16db,oAkyBwr_Ims,completed,0,,2025-07-09T17:42:00.985Z,2025-07-09T17:42:21.651Z
0b6b7e83-21dd-4d32-be72-ec93abb51753,_rnGNIWk8Fk,completed,0,,2025-07-09T17:42:38.340Z,2025-07-09T17:42:58.783Z
9d436898-8621-40f2-b76a-a26e539fbba0,4tncD1oA6i4,completed,0,,2025-07-09T17:43:55.593Z,2025-07-09T17:44:09.290Z
d3b91f1d-3c60-43b1-af61-a0a022e0d380,LODkVkpaVQA,completed,0,,2025-07-09T17:48:46.473Z,2025-07-09T17:48:55.852Z
0dff4c88-2744-4601-a86d-76556671b7df,JYIaWeVL1JM,completed,0,,2025-07-09T18:13:09.182Z,2025-07-09T18:13:18.621Z
1d3653d1-02db-4f35-9845-ef69908b25b5,Kk8eJh4i8Lo,completed,0,,2025-07-09T18:24:50.643Z,2025-07-09T18:25:00.557Z
0a707bbe-adb1-428a-863f-d883759f0745,GTVSe5eYOio,completed,0,,2025-07-09T18:27:11.346Z,2025-07-09T18:27:21.306Z
c10ffd90-024a-4ce4-a851-f956ac015a69,w9yvom5vkO0,completed,0,,2025-07-09T18:28:17.475Z,2025-07-09T18:28:25.895Z
cfb373d7-4f6b-4c1b-931a-b782c120dd91,95_dAQHui94,completed,0,,2025-07-09T18:31:07.834Z,2025-07-09T18:31:17.442Z
548ffafb-9bd3-4bb9-8b63-6b06f6e17682,qZfxFndhI-w,completed,0,,2025-07-09T18:34:28.413Z,2025-07-09T18:34:37.049Z
17b9fbaf-e966-4970-b45d-3c0fb9d86707,ewRjZoRtu0Y,completed,0,,2025-07-09T18:34:58.720Z,2025-07-09T18:35:07.982Z
d5681007-42ab-481a-bb8f-3928325a10aa,4mqdab2N2tQ,completed,0,,2025-07-09T18:37:49.751Z,2025-07-09T18:37:58.107Z
a80e9b1f-2cfc-4ed2-b5f1-7208ea113553,k4JD7sUdyYo,completed,0,,2025-07-09T18:38:59.836Z,2025-07-09T18:39:07.653Z
26ae74ab-b725-46c2-b8e1-cc03f48fdb25,XJGf57GFeP8,completed,0,,2025-07-09T18:39:19.306Z,2025-07-09T18:39:27.817Z
2afeb239-11bd-468d-9927-48fe5b7bda6d,z-zo0FggV3c,completed,0,,2025-07-09T18:39:25.023Z,2025-07-09T18:39:33.295Z
8825d8b6-98aa-4949-a34b-6f747ce506cd,GV1DE0e91SM,completed,0,,2025-07-09T18:39:30.100Z,2025-07-09T18:39:37.750Z
ca902d8e-8e74-40cd-a1e9-4148cf211064,6IpSz4XYIJ8,completed,0,,2025-07-09T18:41:19.575Z,2025-07-09T18:41:29.766Z
7bbf8745-76cc-4499-b90e-5369d9aa4dd2,ICuDw9OuNRk,completed,0,,2025-07-09T18:41:56.531Z,2025-07-09T18:42:05.527Z
84b602a6-5c4c-4ecf-a0db-ce5e9a3a39ab,5Tir_bemE8Q,completed,0,,2025-07-09T18:41:59.810Z,2025-07-09T18:42:08.263Z
cf34f084-6189-4fe1-b04e-230803b32d3b,stGnTPtuikI,completed,0,,2025-07-09T18:42:20.262Z,2025-07-09T18:42:30.344Z
9a5a424c-1059-4ac9-a100-212f7e69ec55,XdfVKKQfUHQ,completed,0,,2025-07-09T18:42:29.953Z,2025-07-09T18:42:40.532Z
e50ea8b2-8866-4db2-afc4-2c6477bd4994,0xf-stZ5vOQ,completed,0,,2025-07-09T18:43:07.042Z,2025-07-09T18:43:16.560Z
68edf30a-b2e6-4bdc-a864-fdea266d5caf,dWfDxIuTcvI,completed,0,,2025-07-09T18:43:42.286Z,2025-07-09T18:43:50.535Z
c559b128-1e3f-4af6-a828-86151240e77a,EB-yWIh9Ax8,completed,0,,2025-07-09T18:44:37.318Z,2025-07-09T18:44:46.872Z
b82a3ad8-9df2-407a-bfe7-ba11e1f370e0,pZa9bfFkl2w,completed,0,,2025-07-09T18:45:12.486Z,2025-07-09T18:45:21.245Z
6623b468-c735-41da-8491-f814d624e812,LUeHFSkbLlo,completed,0,,2025-07-09T18:49:53.323Z,2025-07-09T18:50:08.064Z
f9e5ce6d-c386-472c-a0ae-68e29389c4f0,846ml4oPRiU,completed,0,,2025-07-09T18:50:38.906Z,2025-07-09T18:50:47.553Z
685fcd90-c0d9-4ca5-8844-a969e5319e80,lhnN-bi-bT4,completed,0,,2025-07-09T18:52:09.283Z,2025-07-09T18:52:19.713Z
9becd522-8f98-42b7-aa97-da6145407e73,d9xTB97-FLI,completed,0,,2025-07-09T18:54:39.678Z,2025-07-09T18:54:48.587Z
58de4587-ecf0-493d-bd7a-3d29405d384a,VqTXjEKtDYU,completed,0,,2025-07-09T18:55:50.335Z,2025-07-09T18:55:58.439Z
42203c06-0dcf-47a9-8709-a507f2d9fcb2,5yJmBC7cMTM,completed,0,,2025-07-09T18:56:05.215Z,2025-07-09T18:56:15.227Z
9e4ab188-c35e-4039-9948-955f01518944,B1OpduphOgQ,completed,0,,2025-07-09T18:56:10.445Z,2025-07-09T18:56:18.711Z
03b963a2-752f-4c94-9afe-fc36f1ac4217,kua9A1WOW4o,completed,0,,2025-07-09T18:56:30.352Z,2025-07-09T18:56:38.943Z
52f4d873-4698-4f43-9b87-27937c5123ea,Ro-1wVhtX-0,completed,0,,2025-07-09T18:56:45.701Z,2025-07-09T18:56:54.555Z
580bb080-41e0-4478-a553-1c988fa51b0b,m-R1ca2iUhY,completed,0,,2025-07-09T18:57:06.157Z,2025-07-09T18:57:14.857Z
fe317648-7bb5-407f-bc73-39eacbad2173,cSb51gN4R_8,completed,0,,2025-07-09T18:57:31.590Z,2025-07-09T18:57:39.934Z
decc0211-4f91-4255-a937-1d92b36d7103,vV4uGNZmPTI,completed,0,,2025-07-09T18:57:41.563Z,2025-07-09T18:57:58.179Z
c884d4e5-3345-4b80-bc76-a2a519c136a2,ANW-10nWEyI,completed,0,,2025-07-09T19:00:05.114Z,2025-07-09T19:00:14.431Z
57f5f515-3e3a-4dd7-8c35-1f0e72af3efe,QmylKCLhVsU,completed,0,,2025-07-09T19:01:31.224Z,2025-07-09T19:01:42.189Z
64a6468b-7edd-40e4-b919-96ef4030a893,xN-AAIYw3Fs,completed,0,,2025-07-09T19:18:44.073Z,2025-07-09T19:18:53.837Z
380e0269-341e-41b3-96d2-d0230335acf8,quH_vUCdy2o,completed,0,,2025-07-09T19:18:55.536Z,2025-07-09T19:19:04.251Z
cac4f1e2-d735-41a5-829d-73eec44b0278,05SetW_jBCM,completed,0,,2025-07-09T19:25:04.725Z,2025-07-09T19:25:14.144Z
3ffa79c8-4c5f-42ef-b1ea-fc92cdbae045,ewHRPWaipBQ,completed,3,,2025-07-09T19:25:11.268Z,2025-07-09T19:25:47.800Z
79947555-dd3a-4bce-bc8c-c6f06f4ea14d,5eK6SYVyZRk,completed,0,,2025-07-09T19:25:11.536Z,2025-07-09T19:28:36.006Z
aba675b1-4b9d-4ceb-ad59-f2e631c4c0e3,g4h9vngA_eQ,completed,0,,2025-07-09T19:25:46.785Z,2025-07-09T19:25:54.881Z
006b3911-bd46-4520-a5cb-744e2f431aa9,UbYQErtM9Zk,failed,3,Video unavailable,2025-07-09T19:29:36.911Z,2025-07-09T19:29:42.533Z
cffa33a1-06e7-44a0-bb15-8cd66cc03158,WF34N4gJAKE,completed,0,,2025-07-09T19:34:02.773Z,2025-07-09T19:34:11.392Z
e05ab385-78ea-4999-96b9-d5490c69cb32,3YxaaGgTQYM,completed,0,,2025-07-09T19:42:44.168Z,2025-07-09T19:42:53.326Z
b7d4a027-052e-4ba6-b37b-7b3afd882099,D1Y1B0E4wuk,completed,0,,2025-07-09T19:43:24.245Z,2025-07-09T19:43:33.412Z
e5d7ed7f-9f45-4b45-af20-4862078b3582,GltlhLTPLcM,completed,0,,2025-07-09T19:48:35.583Z,2025-07-09T19:48:57.664Z
4a1fe7ab-6e63-468b-9f1d-5f36c342f53e,6iLDln961-k,completed,0,,2025-07-09T19:49:04.366Z,2025-07-09T19:49:27.674Z
04f60574-2770-44e0-a124-d8ae16d14960,6hzrDeceEKc,completed,0,,2025-07-09T20:00:50.385Z,2025-07-09T20:01:01.473Z
2d40577f-2447-42c7-989a-71dd6c6e78fe,LD-QBrhi0qg,completed,0,,2025-07-09T20:12:07.921Z,2025-07-09T20:12:17.525Z
e0acb26f-7990-45be-ab9a-2bf318f80824,xarC5jAiO7w,completed,0,,2025-07-09T20:24:34.558Z,2025-07-09T20:24:43.863Z
ceb580af-327c-4224-82a5-1d0cf2bff293,tKmwR2jo0zw,completed,0,,2025-07-09T20:25:15.532Z,2025-07-09T20:25:30.406Z
745c09c8-967c-43fb-820d-bedec0f8aa40,AzaTyxMduH4,completed,0,,2025-07-09T20:26:27.523Z,2025-07-09T20:26:36.902Z
73f28e57-a629-455e-88ec-5584b066686f,vHzYycdfBNc,completed,0,,2025-07-09T20:28:24.053Z,2025-07-09T20:28:33.081Z
2c365204-7bf4-4b6d-bc48-48f76218361a,U0ZoqmyGJo8,completed,0,,2025-07-09T20:31:25.010Z,2025-07-09T20:31:39.961Z
8e80307c-26ce-4f47-861b-c4a5f17d08d5,gMes0xd8FoU,completed,0,,2025-07-09T20:32:11.300Z,2025-07-09T20:32:19.690Z
f6f27512-0841-4d5b-9905-1b8d3cd3cb5c,j-48Xg2cKyg,completed,0,,2025-07-09T20:32:51.378Z,2025-07-09T20:33:00.294Z
45e2de7a-101b-46e7-ba14-cf0a409164c9,-p8Behv6ji0,completed,0,,2025-07-09T20:38:01.965Z,2025-07-09T20:38:10.513Z
ccb12a6e-11a8-467c-bcea-135030b8e495,_BfcRjZn6y4,completed,0,,2025-07-09T20:38:02.408Z,2025-07-09T20:38:12.109Z
cfb4fe09-e17f-4fe4-8b39-4d1ae30a4748,JEmbyx8NLxA,completed,0,,2025-07-09T20:41:27.606Z,2025-07-09T20:41:37.248Z
bceb0b37-7ed5-4b3d-a468-06b40a826caf,9vBFuIeC5qI,completed,0,,2025-07-09T20:42:53.043Z,2025-07-09T20:43:02.933Z
c95f90a9-f214-497d-aaa4-f165363fc778,angcmZKUGl8,completed,0,,2025-07-09T20:46:49.434Z,2025-07-09T20:46:58.621Z
b8a3d0a5-edf7-4d45-89d4-115962f9425f,SXiSVQZLje8,completed,0,,2025-07-09T21:04:31.480Z,2025-07-09T21:04:41.385Z
2e2e6c3f-93ff-4272-9adf-afb402800c5a,avBhHzQ7sqQ,completed,0,,2025-07-09T21:38:15.367Z,2025-07-09T21:38:24.123Z
620ef155-8a9a-456d-9ad5-1e33752dadf7,Twih2FtZ1ks,completed,0,,2025-07-09T21:44:42.320Z,2025-07-09T21:44:53.155Z
a0f17cdf-87cd-4b40-8d26-d443601f0e2c,k3waKbouDDU,completed,0,,2025-07-09T21:44:51.386Z,2025-07-09T21:45:03.255Z
68553c75-69d3-4b3e-93fc-8cb643524bc1,djV11Xbc914,completed,0,,2025-07-09T22:37:59.094Z,2025-07-09T22:38:08.501Z
9460400a-c1c5-453b-81ba-6d697bc1f5f2,usQ_fVClgtE,completed,0,,2025-07-09T22:41:15.658Z,2025-07-09T22:41:27.000Z
12b92383-5ff3-4ec6-a30e-a4496cb01b18,jQJ3DjQVrdg,completed,0,,2025-07-09T22:42:08.959Z,2025-07-09T22:42:19.433Z
f0272c79-76a2-492c-85b5-836621b8b1b6,r80HF68KM8g,completed,0,,2025-07-09T22:46:31.258Z,2025-07-09T22:46:40.681Z
316c8448-bdf9-4ef4-b9e6-fa500e4a38aa,M0laSFy3dq4,completed,0,,2025-07-09T22:47:01.402Z,2025-07-09T22:47:09.887Z
f79a46da-e815-44bd-8709-7f8bfbd187ab,WvBrm3IqlG4,completed,0,,2025-07-09T23:40:57.237Z,2025-07-09T23:41:06.129Z
a3485bcb-26bf-423e-8a43-8a61de0802ec,67U65RIWlog,completed,0,,2025-07-09T23:42:17.499Z,2025-07-09T23:42:26.641Z
ec413cdd-2669-49a3-b8de-943aa17b63d1,dhZTNgAs4Fc,completed,0,,2025-07-09T23:44:43.228Z,2025-07-09T23:44:52.098Z
0bd583ae-fc31-47c4-82ee-a3281a4fdd73,jR4tTQVjHUI,completed,0,,2025-07-09T23:45:33.855Z,2025-07-09T23:45:43.663Z
41cd57a0-bf44-4175-8bbc-42937ebc7dde,e-IK-MRe3h4,completed,0,,2025-07-09T23:51:30.374Z,2025-07-09T23:51:41.371Z
3bdd6e62-6a96-43e9-9660-018e33d0863b,dN7kM_F553I,completed,0,,2025-07-09T23:52:53.181Z,2025-07-09T23:53:03.264Z
c3ae0077-c386-44ae-b538-a9380b714fdf,-HKQcB4NHxU,completed,0,,2025-07-10T00:58:58.466Z,2025-07-10T01:02:59.578Z
f8d9b537-cc0c-48df-8845-356af48f3a48,uv1XG1A9dUU,processing,0,,2025-07-10T01:00:16.208Z,2025-07-10T01:00:16.208Z
3c78ecea-cc8e-41bc-b73a-278867fc2957,B1zCN0YhW1s,completed,0,,2025-07-10T01:33:20.329Z,2025-07-10T01:36:00.924Z
1ab1a0e7-ea06-4e0f-8a47-19adfe00e4af,zBXWBj7hIzg,completed,0,,2025-07-10T01:49:32.131Z,2025-07-10T01:49:43.231Z
971bbc0e-c2d8-4007-99e7-44bf16ea4813,i79Gly1ZM5w,completed,0,,2025-07-10T02:00:25.281Z,2025-07-10T02:03:50.859Z
1dfc972c-0331-4bc9-878f-a508f792f82b,P8JEm4d6Wu4,completed,2,,2025-07-10T02:14:18.234Z,2025-07-10T02:14:37.052Z
e3a43fcf-b125-4efc-ba63-90a6c1cf7bca,iVqVPkC9C0o,completed,0,,2025-07-10T02:33:25.855Z,2025-07-10T02:37:31.213Z
7340b0aa-859f-4847-ab91-fbb10a0fbe5e,3RGhtDjup38,completed,0,,2025-07-10T02:49:43.148Z,2025-07-10T02:49:51.877Z
a4ba1939-7d89-4801-a9e1-176f19a46cb2,VaDNPI7eGfM,completed,0,,2025-07-10T02:50:53.745Z,2025-07-10T02:51:02.395Z
1f7c99f8-8bac-4c26-a2ff-7128edef9d18,KcutzDBC9aQ,completed,0,,2025-07-10T02:52:14.222Z,2025-07-10T02:52:22.709Z
7298e26a-4cc7-49f6-ba46-c8b049801065,hPNf1RmeCOE,completed,0,,2025-07-10T02:53:14.473Z,2025-07-10T02:53:23.824Z
cf23431e-17ca-4fc1-9fd5-e8f4b642fe8b,QgD-NwCtvrA,completed,0,,2025-07-10T02:53:54.799Z,2025-07-10T02:54:04.805Z
afe90ca4-e6b3-4c5c-ba81-5355c53fd0cf,DCfWmNJt4D4,completed,0,,2025-07-10T02:55:00.961Z,2025-07-10T02:55:09.990Z
f90bae1a-68e2-4e50-af27-154fc0fb173c,roW8mMKAnBo,completed,0,,2025-07-10T02:57:41.848Z,2025-07-10T02:57:51.745Z
3fe8330a-103a-42ec-8537-793e78da7aa7,NCL5JNbJFR0,completed,0,,2025-07-10T02:57:46.954Z,2025-07-10T02:57:55.573Z
d7f3d453-b325-487d-bd1a-515c34221d31,PLAHsB7EJpA,completed,0,,2025-07-10T03:22:19.976Z,2025-07-10T03:22:55.016Z
9f013763-b789-44d2-94d4-a302389948a1,pRpeEdMmmQ0,completed,3,,2025-07-10T03:43:09.092Z,2025-07-10T03:44:54.800Z
305feb97-adc3-4bca-812b-52f0e739182f,aHR8zak8Xsc,completed,0,,2025-07-10T04:01:33.510Z,2025-07-10T04:02:57.075Z
e1885468-867d-4e59-8f93-db6cfa3c4497,kPBzTxZQG5Q,completed,0,,2025-07-10T04:03:04.712Z,2025-07-10T04:03:46.082Z
537409d5-a657-4a87-988f-83fe3f2eb5ba,1DpH-icPpl0,completed,0,,2025-07-10T04:04:43.505Z,2025-07-10T04:05:54.303Z
fbefb28b-a9bf-4230-8a8e-3ddb227ec132,iIWoYaJRryw,completed,0,,2025-07-10T04:05:21.007Z,2025-07-10T04:06:38.138Z
c3291e7c-e54c-44e6-8a19-2759d005d6af,HAfFfqiYLp0,completed,0,,2025-07-10T04:05:55.990Z,2025-07-10T04:07:21.594Z
70a17d80-ce1b-4f2e-be40-4696198a756a,3f2g4RMfhS0,completed,0,,2025-07-10T04:13:13.995Z,2025-07-10T04:18:03.911Z
59177f85-0a21-437f-be30-c1a5f696973e,HQnC1UHBvWA,completed,1,,2025-07-10T04:26:01.530Z,2025-07-10T04:27:43.497Z
1049d57b-cbff-4488-b6d0-bf8e04d19ada,FJwObgRhlJc,completed,0,,2025-07-10T04:26:37.089Z,2025-07-10T04:28:17.225Z
4b7a184d-a7a7-48b9-87ba-eea052bd7c7d,VFkUSaO8cqQ,completed,0,,2025-07-10T04:33:59.519Z,2025-07-10T04:34:09.475Z
ccd5dbdc-4a3b-43b5-9fe0-e5da9c6b3f3e,plnfIj7dkJE,completed,0,,2025-07-10T04:44:27.110Z,2025-07-10T04:45:32.875Z
8f0e2271-65b2-4477-bbd2-9e76ce28c191,wfC1qxJ59dM,completed,0,,2025-07-10T04:44:57.454Z,2025-07-10T04:46:12.702Z
eb422e50-4389-415f-8c08-7b29ea0a77f4,34Na4j8AVgA,completed,0,,2025-07-10T04:45:49.538Z,2025-07-10T04:46:51.680Z
20904cf7-96ad-44ce-bf88-6c61eda32ba3,5soixb2U6xM,completed,0,,2025-07-10T04:46:29.430Z,2025-07-10T04:46:43.979Z
865cd2a5-31ea-4ff4-a327-8394694d106c,JXRN_LkCa_o,completed,0,,2025-07-10T04:46:50.687Z,2025-07-10T04:47:03.931Z
279117d7-4759-4d3b-a05c-93ba1dd1f473,_Z5-P9v3F8w,completed,0,,2025-07-10T04:47:40.623Z,2025-07-10T04:48:20.033Z
73ffb51e-8479-4819-86be-50b29e07aa85,YykjpeuMNEk,completed,0,,2025-07-10T04:52:02.085Z,2025-07-10T04:52:32.798Z
66f2144f-22a8-476d-aed8-c44bb9642911,D4n7jwTTsFI,completed,0,,2025-07-10T04:52:29.028Z,2025-07-10T04:52:41.249Z
e7b4e352-4e6d-4797-8d3f-35df8706f1be,wHhPuy-lCfI,completed,0,,2025-07-10T04:52:39.455Z,2025-07-10T04:53:33.052Z
b69799d9-860d-4f4b-a16e-9340247a939f,tGv7CUutzqU,completed,0,,2025-07-10T04:53:02.898Z,2025-07-10T04:53:57.712Z
eaf56730-ec02-494d-898f-24ca768fafaf,SJOKlqJho8U,completed,0,,2025-07-10T04:53:34.726Z,2025-07-10T04:54:17.025Z
d97b1ec2-f57f-480c-b105-91bdd279e5f0,m-M1AtrxztU,completed,0,,2025-07-10T04:53:59.364Z,2025-07-10T04:54:42.550Z
ae813368-f2f1-4109-a359-7b8e343aa4ad,hwsXo6fsmso,completed,0,,2025-07-10T04:54:18.696Z,2025-07-10T04:55:05.720Z
fe6933bb-6c83-466a-bd52-741da28ccd15,ajSt1RWGKik,completed,0,,2025-07-10T04:54:44.214Z,2025-07-10T04:55:19.442Z
81a7bcf5-828f-4ad4-9ef5-77ff815d8e28,g_YUdAFbuqw,completed,0,,2025-07-10T04:55:07.357Z,2025-07-10T04:55:42.668Z
ddd6918c-4a9a-4138-b511-736b14dd0cb6,DSiKL5iG4EY,completed,0,,2025-07-10T04:55:21.120Z,2025-07-10T04:56:05.999Z
ae817fd3-73a1-4707-a598-d899ab5e2c88,VBfmA07fxAk,completed,0,,2025-07-10T04:55:54.297Z,2025-07-10T04:56:40.972Z
b4fe6e4f-b5af-41bc-bcea-3d15837cbadc,vUOKNcKC0yM,completed,0,,2025-07-10T04:57:07.727Z,2025-07-10T04:57:16.055Z
fbd47041-f341-4122-a6bb-f618f0d47009,S1nzRz6Lsf0,completed,0,,2025-07-10T04:57:12.778Z,2025-07-10T04:57:21.088Z
2d1386e7-e71a-4484-b45a-013540a99cb8,nkll0StZJLA,completed,0,,2025-07-10T05:10:49.324Z,2025-07-10T05:11:04.062Z
11f43d5b-269a-4cc3-bf8a-25b14bd59903,p-N_y1bZtRw,completed,0,,2025-07-10T05:11:37.198Z,2025-07-10T05:12:07.729Z
972ed011-7d21-4bdd-a340-2bfd609e9ef7,I0WzT0OJ-E0,completed,0,,2025-07-10T05:12:34.474Z,2025-07-10T05:13:28.170Z
d484ab43-b70e-45b7-bcad-066906a5791e,YhY9URKFaJw,completed,0,,2025-07-10T05:14:49.848Z,2025-07-10T05:15:02.375Z
8e9f6397-c168-4340-8c25-912f197ca7a0,bnVkf-z28YU,completed,0,,2025-07-10T06:18:56.450Z,2025-07-10T06:19:23.122Z
ed140820-b701-4cd8-b3fc-cc0a8db5fbba,qWNQUvIk954,completed,0,,2025-07-10T06:20:47.604Z,2025-07-10T06:21:24.657Z
caaaa8d9-010b-4624-874c-7e43eeae0fdd,eYuUAGXN0KM,completed,0,,2025-07-10T06:20:51.103Z,2025-07-10T06:21:31.823Z
1b5e4f86-2e7a-4ab0-81f6-332d4dc25223,ixkoVwKQaJg,completed,0,,2025-07-10T06:36:38.030Z,2025-07-10T06:37:40.965Z
066c70ad-1ec7-4e10-b3bd-5f2effa76e91,1XK5-n4rR7Q,completed,0,,2025-07-10T06:39:05.277Z,2025-07-10T06:39:29.961Z
ce9f02ee-83b5-42dc-9f80-d3ce89544066,WNeLUngb-Xg,completed,0,,2025-07-10T06:45:42.144Z,2025-07-10T06:45:58.013Z
eda8bd22-1b7d-4e37-8508-30b93906064e,VHAYLOM0yEA,completed,0,,2025-07-10T06:45:48.405Z,2025-07-10T06:45:59.971Z
46d0a6a3-2d06-49d8-844c-4138f05bade5,d_toKURCt10,completed,0,,2025-07-10T06:45:59.474Z,2025-07-10T06:46:47.609Z
d92aa798-ff5e-4e64-b47e-8e71b3f2b2a5,gB9P0kpc1O4,completed,0,,2025-07-10T06:46:01.395Z,2025-07-10T06:46:19.946Z
6f12b18a-6884-4133-b856-2d845dd70e51,ZWhK8zfquBo,completed,0,,2025-07-10T06:46:21.412Z,2025-07-10T06:46:54.735Z
7004d7f8-3c8f-46c7-a6ce-0eac6d0c383d,nExImHpSFuY,completed,0,,2025-07-10T06:46:49.082Z,2025-07-10T06:47:29.966Z
95e5eca0-ac27-4383-be5d-ae61ba97cf5d,Zb2NO07e_zI,completed,0,,2025-07-10T06:59:32.695Z,2025-07-10T07:00:13.197Z
36a7ea20-484e-479f-ac1b-9c52786cf8f4,1ZYbU82GVz4,processing,0,,2025-07-10T07:18:14.940Z,2025-07-10T07:18:14.940Z
a35e2c27-58ce-48da-9079-804cfa7d5eae,z-qigE1ym40,processing,0,,2025-07-10T07:18:16.876Z,2025-07-10T07:18:16.876Z
f148da48-26df-4dbd-8fd8-8e15d32ac210,c1GNmG7FIGg,completed,0,,2025-07-10T13:45:41.799Z,2025-07-10T13:45:51.861Z
64d32675-8f9c-49f3-b4a8-2bc9a44bac55,R_HOmiiMgm8,completed,0,,2025-07-10T13:45:43.097Z,2025-07-10T13:45:52.433Z
c499f2c9-45ea-4b52-9841-b75abeab8106,1pmDkh7mb7A,completed,0,,2025-07-10T13:45:43.162Z,2025-07-10T13:45:51.733Z
0ef922ff-2cc2-4ba4-a6aa-d42ff9ec29b5,7NuiVUxZQfs,completed,0,,2025-07-10T13:45:53.406Z,2025-07-10T13:46:05.305Z
1218f5ff-96dc-49aa-a18c-7f8d6d9c94c4,kuNixp-wvWM,completed,0,,2025-07-10T13:45:53.565Z,2025-07-10T13:46:01.043Z
b6278f0b-ef5b-4f50-8484-c0ebd07ca88e,VRl75NloyGY,completed,0,,2025-07-10T13:45:54.103Z,2025-07-10T13:46:03.747Z
379034a9-caa2-4256-b1de-b679a213f62c,8xuqPxg82QY,completed,0,,2025-07-10T13:46:02.807Z,2025-07-10T13:46:10.161Z
b75c1c00-1789-4da0-a795-c9c675f8241a,CncrmIqTEyA,completed,0,,2025-07-10T13:46:05.444Z,2025-07-10T13:46:14.826Z
8e735a0b-0045-44a6-b0a6-88fa83f58da1,69xh1JPlwIQ,completed,0,,2025-07-10T13:46:06.964Z,2025-07-10T13:46:14.440Z
16857f6c-aa66-45dc-ada0-4fe7fcd00a28,VRGtq3d5lKM,completed,0,,2025-07-10T13:46:11.900Z,2025-07-10T13:46:19.830Z
a3ea2df7-7917-471d-a928-fd262fa4174f,sgOsIsrWnqk,completed,0,,2025-07-10T13:46:16.095Z,2025-07-10T13:46:23.861Z
eaac58c8-154e-4f45-a1b6-684403ced274,otVH5cv9z1A,completed,0,,2025-07-10T13:46:16.497Z,2025-07-10T13:46:25.166Z
578e2962-8700-4777-a7d5-14373c54184c,JfTganSU_qE,completed,0,,2025-07-10T13:46:21.450Z,2025-07-10T13:46:30.674Z
6992e7db-f1d9-4439-9bde-04e589011935,ra7kBV1M7Vo,completed,0,,2025-07-10T13:46:25.543Z,2025-07-10T13:46:33.062Z
4754472a-a53c-4e10-8ab0-6e6c709c6309,rTe7U92ecX8,completed,0,,2025-07-10T13:46:26.817Z,2025-07-10T13:46:34.628Z
1ca5eb0f-4d22-4a9f-b7d6-29178bdc1588,0hoa9tXnZX8,completed,0,,2025-07-10T13:46:32.363Z,2025-07-10T13:46:40.924Z
3d0681f2-caeb-4970-9fbd-a7ef4fb99e5f,BlCjcoCTO_k,completed,0,,2025-07-10T13:46:34.752Z,2025-07-10T13:46:42.414Z
e7796bf4-e343-42c2-98dc-5ec206abcfb2,jhO4sfgcnUg,completed,0,,2025-07-10T13:46:36.271Z,2025-07-10T13:46:44.587Z
00193609-5b0f-4c64-9b08-eac04c022177,kwJTpJjLJi4,completed,0,,2025-07-10T13:46:42.643Z,2025-07-10T13:46:51.593Z
0d16a6e3-aa7c-44c1-93c9-91399c9fba62,gdNZYsI19L8,completed,0,,2025-07-10T13:46:44.086Z,2025-07-10T13:46:51.819Z
fa919e27-da5b-4fd5-acb6-4797950875bb,-ZrB2c6GhgA,completed,0,,2025-07-10T13:46:46.226Z,2025-07-10T13:46:53.647Z
ba4fb1d3-b49a-4d66-8aa6-f9b70491738d,HLm13UsazNA,completed,0,,2025-07-10T13:46:53.292Z,2025-07-10T13:47:02.857Z
a34475d5-1372-471d-91dd-f77f86fbc799,Sl6en1NPTYM,completed,0,,2025-07-10T13:46:53.462Z,2025-07-10T13:47:02.461Z
6fb9669a-102d-4bcd-a658-a32f0826d63d,AFaJWqVcv8k,completed,0,,2025-07-10T13:46:55.287Z,2025-07-10T13:47:03.879Z
3af452e2-2b0f-490b-b56b-5e73b136ce4b,lFcSrYw-ARY,completed,0,,2025-07-10T13:47:04.107Z,2025-07-10T13:47:32.829Z
6be5ca25-1952-4d0e-856f-4fcd35490f1e,--kIBvOMcZQ,completed,0,,2025-07-10T13:47:04.551Z,2025-07-10T13:47:12.248Z
dd6c670a-7682-4221-825a-bb9769f60435,zHtMSfSZEbY,completed,0,,2025-07-10T13:47:05.502Z,2025-07-10T13:47:13.932Z
7b1b58c1-9063-46de-a723-250a8856ace2,hdC7CJjw4jo,completed,0,,2025-07-10T13:47:15.422Z,2025-07-10T13:47:24.573Z
da046459-2c92-4cee-966c-a5c8b5419a68,j9yzRbzMmDY,completed,0,,2025-07-10T13:47:15.580Z,2025-07-10T13:47:23.755Z
484bfd71-7fc0-4c09-85f0-f56eb4948974,ybxMSP1SeVw,completed,0,,2025-07-10T13:47:25.459Z,2025-07-10T13:47:33.274Z
d0240874-6ea2-477c-afac-7a66d84fe359,hUN_ZrvU9EM,completed,0,,2025-07-10T13:47:26.239Z,2025-07-10T13:47:34.896Z
939819d1-f0f2-470a-a24c-23e8fcddb302,lbwC8Ix7nxU,completed,0,,2025-07-10T13:47:34.483Z,2025-07-10T13:47:41.551Z
c83b0085-dac6-4330-8915-3d5214d47915,EKQMP6WEYHY,completed,0,,2025-07-10T13:47:35.007Z,2025-07-10T13:47:45.863Z
649c4cf5-6b6c-4245-91c6-049b7f3b4b94,PpljlanSNIM,completed,0,,2025-07-10T13:47:36.537Z,2025-07-10T13:47:44.287Z
80dc67c2-84fa-4780-9ee5-b381a1491707,L7ZcLMHcEAg,completed,0,,2025-07-10T13:47:43.164Z,2025-07-10T13:47:51.209Z
66e3aac1-e251-403b-a7c3-811c3ab7be28,EYTu-VfcaUM,completed,0,,2025-07-10T13:47:45.921Z,2025-07-10T13:47:56.596Z
9b84a5c6-2f73-4519-b89e-240e0f81d00c,aDNv22BGlFk,completed,0,,2025-07-10T13:47:47.548Z,2025-07-10T13:47:56.423Z
bf66ca02-7c31-42ff-8bcd-d467fbf15c82,03jekHIJhLc,completed,0,,2025-07-10T13:47:52.873Z,2025-07-10T13:48:02.022Z
491aa26f-0bfc-4db0-8793-ab73bcade479,8Z2bSqCOhN4,completed,0,,2025-07-10T13:47:58.064Z,2025-07-10T13:48:11.212Z
db4d2982-2dca-43f8-a030-2bdfbdb79f48,OPhUWrQx1zY,completed,0,,2025-07-10T13:47:58.266Z,2025-07-10T13:48:06.101Z
09c7efa6-5541-4958-b9eb-71a8fc20670c,NwoIK2FECmc,completed,0,,2025-07-10T13:48:03.694Z,2025-07-10T13:48:12.048Z
3c82c88a-ff6e-4f38-8f1c-93ee765f624c,xYd6dnS58dE,completed,0,,2025-07-10T13:48:07.735Z,2025-07-10T13:48:16.175Z
a6c0ff82-3422-4c72-a793-4cfe554348b4,t4QK8RxCAwo,completed,0,,2025-07-10T13:48:12.940Z,2025-07-10T13:48:21.578Z
bfb291c8-b4f1-4d3c-ad2d-6b46b540246b,6n8AkTw_Beo,completed,0,,2025-07-10T13:48:13.693Z,2025-07-10T13:48:22.467Z
99352c9f-8ed3-406e-ae45-5173de9d0460,Dkk9gvTmCXY,completed,0,,2025-07-10T13:48:17.869Z,2025-07-10T13:48:26.757Z
8f5ec751-4808-40fa-b697-b7b91013f3c2,hpo7XYFAt_A,completed,0,,2025-07-10T13:48:23.241Z,2025-07-10T13:48:32.216Z
dc068939-699a-480c-be8d-6210515aa7d9,Xrpf-N3RJxE,completed,0,,2025-07-10T13:48:24.156Z,2025-07-10T13:48:33.185Z
512daabe-fd67-44f1-b7a4-88d9b6dda344,mIhI23gBBPQ,completed,0,,2025-07-10T13:48:28.434Z,2025-07-10T13:48:37.168Z
bf0404da-4fbd-482f-94a8-2349dcf0dbd2,D-ol03c-KKY,completed,0,,2025-07-10T13:48:33.870Z,2025-07-10T13:48:42.106Z
ebd34deb-68ad-4b2b-85f6-b1a41dc1ffc8,D_8Pma1vHmw,completed,0,,2025-07-10T13:48:34.810Z,2025-07-10T13:48:42.501Z
c9e35268-02f5-4ded-943e-6db679c263f8,Rq9__kaIvpI,completed,0,,2025-07-10T13:48:38.820Z,2025-07-10T13:48:47.232Z
c55b0d17-bcb3-4901-8db9-5fe1675122cf,LaX6EIkk_pQ,completed,0,,2025-07-10T13:48:43.803Z,2025-07-10T13:48:51.499Z
e95942a3-70b1-4541-9af5-20e9e337924f,QXTwoZzYJBU,completed,0,,2025-07-10T13:48:44.193Z,2025-07-10T13:48:55.130Z
aa8ac279-1ed6-4f02-8f5e-fa3e3252a2ae,iCDlwiYq50g,completed,0,,2025-07-10T13:48:48.874Z,2025-07-10T13:48:56.872Z
abf3b1df-1fba-4bed-8c93-1f927b042b7d,KxE7VsXbM3o,completed,0,,2025-07-10T13:48:53.153Z,2025-07-10T13:49:01.892Z
8f5c9980-3334-4e56-b49a-93b7d044757f,cfLIlP-GAmg,completed,0,,2025-07-10T13:48:56.833Z,2025-07-10T13:49:05.181Z
795573c4-eabe-4b84-a5ba-b0d8debeaa54,eq4aExkkuTs,completed,0,,2025-07-10T13:48:58.541Z,2025-07-10T13:49:07.258Z
a3185c78-99ef-49c3-8bea-1b45ced256ae,AD7PQySHAZc,completed,0,,2025-07-10T13:49:03.567Z,2025-07-10T13:49:12.214Z
d3f98080-d290-4cf8-9847-02c33e8628bb,oT4WeLtuFCY,completed,0,,2025-07-10T13:49:06.837Z,2025-07-10T13:49:14.541Z
8be8690f-fda8-47f5-b454-ded513bc2764,EQmT3e4IGy4,completed,0,,2025-07-10T13:49:08.931Z,2025-07-10T13:49:17.179Z
74078f3a-9ea6-4845-9406-b39492bcc267,GSWcCnvzngQ,completed,0,,2025-07-10T13:49:13.853Z,2025-07-10T13:49:22.179Z
d5d736e7-5d8c-46ed-9a01-8fef15fb0814,zLorbPUosQg,completed,0,,2025-07-10T13:49:16.170Z,2025-07-10T13:49:24.553Z
99b4ca4c-d550-4dba-a7a3-1eae1163d9e9,Gt3j_nm25LU,completed,0,,2025-07-10T13:49:18.859Z,2025-07-10T13:49:27.516Z
d2e4d32e-40b5-4c80-ae56-a6f0293049ef,l7XrKzb1hXc,completed,0,,2025-07-10T13:49:23.863Z,2025-07-10T13:49:32.029Z
d500b4e8-a4da-4b45-8b5e-46536f26de90,wKuKFCmqIVE,completed,0,,2025-07-10T13:49:26.279Z,2025-07-10T13:49:34.649Z
bb703c14-b550-4d6e-8e37-c1538d313b88,-9E_eBr6fGk,completed,0,,2025-07-10T13:49:29.137Z,2025-07-10T13:49:37.107Z
ec401317-c267-4a3a-a93e-05aee8abe460,tCKLBeWygZQ,completed,0,,2025-07-10T13:49:33.698Z,2025-07-10T13:49:41.300Z
9eaecd0c-54fa-4dd4-a8cd-2d1ad8d2bb9f,SVB4idWtLo4,completed,0,,2025-07-10T13:49:36.293Z,2025-07-10T13:49:44.907Z
b62a2766-a7f3-4cf5-8443-69f86c838b3c,FgxwKEuy-pM,completed,0,,2025-07-10T13:49:38.766Z,2025-07-10T13:49:47.152Z
10c7590a-b323-4532-ae97-67d8b490f2db,-bBzIgIaPS4,completed,0,,2025-07-10T13:49:42.954Z,2025-07-10T13:50:16.742Z
a1856fd7-2561-4e23-9b62-5189aef29e41,HKM-Oao5cqY,completed,0,,2025-07-10T13:49:46.499Z,2025-07-10T13:49:54.950Z
bc664d13-1f75-441f-af5a-441cbd69e380,LCT8sm6vT44,completed,0,,2025-07-10T13:49:48.788Z,2025-07-10T13:49:57.401Z
a370a69d-3e93-4951-9415-7946c1556dad,Cgcpfbb4WzU,completed,0,,2025-07-10T14:00:30.964Z,2025-07-10T14:00:39.922Z
e80e2898-b5bd-4d0c-8794-06ac3db12ec1,hkkt3z1YbRs,completed,0,,2025-07-10T14:02:16.360Z,2025-07-10T14:02:33.527Z
04b9f6c5-5f41-43c1-a649-58a37817f126,z6E69S6jLfw,completed,0,,2025-07-10T14:04:30.464Z,2025-07-10T14:04:40.462Z
c05743b9-2dae-4c81-8d8a-48a997abd6a6,nAGMnlAkV1I,completed,0,,2025-07-10T14:05:06.654Z,2025-07-10T14:05:14.940Z
b4a3be28-085a-4f87-801b-2514a62987d0,pstVCGyaUBM,completed,0,,2025-07-10T14:14:37.597Z,2025-07-10T14:14:47.089Z
df91d93c-6670-4d1c-9ad5-64168336199f,cLu8jABaza4,completed,0,,2025-07-10T14:20:33.833Z,2025-07-10T14:20:43.239Z
e4d5424c-3990-4a66-abff-d67b4473c625,f43EKMYJF_M,completed,0,,2025-07-10T14:22:34.070Z,2025-07-10T14:22:43.103Z
a5c0839f-c2b5-47d4-9156-a82976a118fb,_NA4oyiqM-Y,completed,0,,2025-07-10T14:23:31.307Z,2025-07-10T14:23:39.837Z
33d6c846-2f4f-453a-8c58-1d2922fb6d48,ep6HweDuxuQ,completed,0,,2025-07-10T14:24:24.843Z,2025-07-10T14:24:33.364Z
475eff86-c7da-4c4d-bec6-dfd0a943c176,fTvJ8kNcrUs,completed,1,,2025-07-10T14:26:10.228Z,2025-07-10T14:26:27.978Z
f3e97ea2-549f-4e0b-9d61-4cc2eb11e957,oXVSYykrxx4,completed,0,,2025-07-10T14:26:46.900Z,2025-07-10T14:26:55.346Z
2180d571-675f-4396-8ede-e8115cde8ed0,NOw5I-IztRI,completed,0,,2025-07-10T14:28:09.876Z,2025-07-10T14:28:18.364Z
9ace6020-1062-4e79-b557-25ce692276d4,4F_RCWVoL4s,completed,2,,2025-07-10T14:45:21.848Z,2025-07-10T14:45:44.042Z
7947af02-4325-41b2-a032-231b91372399,_71w4UA2Oxo,completed,0,,2025-07-10T14:57:18.364Z,2025-07-10T14:57:28.001Z
3fa40e00-f6ec-47df-9088-84ce43711177,ALwIh6nugaU,completed,0,,2025-07-10T15:37:58.182Z,2025-07-10T15:38:06.921Z
c354f989-5652-4ff8-9d63-407b040b21f6,UikwJpFJQA4,completed,0,,2025-07-10T16:50:56.774Z,2025-07-10T16:51:05.926Z
c2a51c80-657c-42df-bf17-b24efcdfadb7,uOnddwyXXMA,completed,0,,2025-07-10T17:16:16.656Z,2025-07-10T17:16:25.264Z
7c55f5cb-14cc-4f93-92e0-5eb6513c9788,nR5l7fOYGfg,completed,0,,2025-07-10T17:17:37.822Z,2025-07-10T17:17:47.028Z
e8ef857b-947c-4e5b-8c5c-21a54d9833b6,t8VsolCJfAE,completed,0,,2025-07-10T17:18:48.793Z,2025-07-10T17:18:57.448Z
768227ec-b857-4b9c-9ba8-ec70391bd30b,SZUWnTTS_EE,completed,0,,2025-07-10T17:21:59.486Z,2025-07-10T17:22:08.147Z
359e9f97-6ecc-420c-8cfa-7586b40a4e1e,eOAEpMOo-pA,completed,1,,2025-07-10T17:27:06.812Z,2025-07-10T17:27:23.054Z
d564b2ca-a1b8-4373-9264-a86bf07596c5,3BFTio5296w,completed,0,,2025-07-10T17:34:20.524Z,2025-07-10T17:34:30.019Z
dfa0c97e-35f5-4248-8eb3-ce022477eba5,VU_2R1rjbD8,completed,0,,2025-07-10T17:34:36.250Z,2025-07-10T17:34:45.062Z
00a40c32-66e1-4869-abe7-2641e25cd611,8CSDHJKznjQ,completed,0,,2025-07-10T17:36:11.920Z,2025-07-10T17:36:20.688Z
cbf72646-39c8-47fb-8a7a-75746a52ddad,aARDJdC40oQ,completed,0,,2025-07-10T17:36:36.995Z,2025-07-10T17:36:45.984Z
628a6705-1782-45f6-b1ba-4e8a79749270,eRLgWy0bREk,completed,0,,2025-07-10T17:38:52.522Z,2025-07-10T17:39:01.118Z
059aa721-0eab-4828-8e9b-fe8523852511,gvZa1j4pYio,completed,0,,2025-07-10T17:39:42.716Z,2025-07-10T17:39:50.992Z
07e612ad-1231-4c70-bc4c-12f63ddb1fc5,PfP7MjLR1H4,completed,0,,2025-07-10T17:40:17.740Z,2025-07-10T17:40:29.834Z
743551f2-b964-4666-9738-42f275db1686,1BNXyZjym7w,completed,0,,2025-07-10T17:40:36.563Z,2025-07-10T17:40:45.088Z
e7e91128-64b1-49bc-a60e-dcf3d04802dd,5v3SL8DTUKc,completed,0,,2025-07-10T18:09:45.899Z,2025-07-12T02:04:25.403Z
c19ddf7d-59ad-4c8a-8ff5-98460e89fd4f,lj2Ioj0Amtw,completed,0,,2025-07-10T18:42:24.595Z,2025-07-10T18:42:32.815Z
1572a2c8-1143-414d-9b69-fe154f4ee33b,67HYCMLJlQo,completed,0,,2025-07-10T18:45:30.045Z,2025-07-10T18:45:37.992Z
5c55f3ae-2478-4efd-af6b-ec910bb678de,_f_TWOccjFw,completed,0,,2025-07-10T18:57:00.734Z,2025-07-10T18:57:09.354Z
8c0c45e6-d29f-4161-9ab8-10d897f83c55,cMP_hUp1Sb8,completed,0,,2025-07-10T19:03:41.560Z,2025-07-10T19:03:51.005Z
9ddca819-400d-4c78-a770-ad4c1e198a9d,unj--Hs0rc8,completed,0,,2025-07-10T19:14:03.550Z,2025-07-10T19:14:13.095Z
ed2117bc-d56a-4a2b-b291-f6ac933f45a8,3tBnuBJgYs4,completed,0,,2025-07-10T19:21:26.337Z,2025-07-10T19:21:34.370Z
d155fec4-b40b-4e81-a3e1-1d712bbadb1e,UXtk9z-eOJg,completed,0,,2025-07-10T20:16:36.883Z,2025-07-10T20:16:45.284Z
fed82a86-aabf-4076-9a83-1b7cc32a426a,9IoShfX75eo,completed,0,,2025-07-10T20:28:14.378Z,2025-07-10T20:28:22.835Z
b530d0ad-6502-471e-9416-921e5ab71dc1,3khH9ih2XJg,completed,0,,2025-07-10T20:34:27.585Z,2025-07-10T20:34:36.380Z
52b45571-5fbd-4240-ab17-0bab24cc2d5c,xVsa7whnDfU,completed,0,,2025-07-10T20:39:05.941Z,2025-07-10T20:39:15.139Z
97a1ea17-708e-4523-a7b7-8ca5cd9fbeba,DxdKr5PmlPw,completed,0,,2025-07-10T20:43:27.051Z,2025-07-10T20:43:35.402Z
fa99bff7-4e21-49f4-a5a7-af2deff53c47,fCkeLBGSINs,completed,0,,2025-07-10T20:45:17.017Z,2025-07-10T20:45:25.550Z
71b98968-6e4c-4a48-af23-9d8ec48204b3,sdxaNeRn1GA,completed,0,,2025-07-10T20:45:52.058Z,2025-07-10T20:46:00.715Z
5bc7d9eb-5384-43f2-8c57-d7a905b8fd96,POehHomirqM,completed,0,,2025-07-10T20:49:04.811Z,2025-07-10T20:49:13.534Z
7e4ff9bc-39bd-4890-a5a1-e94b9b3d4fd1,PyVoZphHnPA,completed,0,,2025-07-10T20:51:52.816Z,2025-07-10T20:52:02.207Z
9baba304-025d-4bd0-a9c7-bdb65e4449c3,BcfBRmaahYI,completed,0,,2025-07-10T20:55:56.213Z,2025-07-10T20:56:05.106Z
ae0863db-7a0e-4f41-b0cb-007d91eb6af7,wDjeBNv6ip0,completed,0,,2025-07-10T20:56:04.097Z,2025-07-10T20:56:13.226Z
f7b7c24e-63f3-4ce2-8ae1-720e3be4d87f,boeuk8N_Gsw,completed,0,,2025-07-10T20:56:31.611Z,2025-07-10T20:56:41.353Z
6b5debb6-a66b-46b1-9816-be57c0363543,nO4OvpPZIJ0,completed,0,,2025-07-10T20:56:52.850Z,2025-07-10T20:57:02.323Z
8398195c-ee21-4789-87a0-f74fdd3fdbb8,PoamkwLigjY,completed,0,,2025-07-10T20:57:23.801Z,2025-07-12T02:00:57.727Z
96e9976f-e908-4e91-bca9-0757ff9031e6,er3C8_FlQi4,completed,0,,2025-07-10T20:58:24.667Z,2025-07-10T20:58:33.374Z
1a5df45a-00d4-4666-a52f-f19dded283dc,NgvgD770CNA,completed,0,,2025-07-10T21:33:38.615Z,2025-07-10T21:33:48.648Z
873381a7-26ea-4875-99b0-2459fc73ca28,Di19q1i6ElI,completed,0,,2025-07-10T21:33:50.173Z,2025-07-10T21:33:58.391Z
388cdc72-2924-4a3a-8415-cb865b3069ff,-5n1ge3eDjg,completed,0,,2025-07-10T21:34:18.728Z,2025-07-10T21:34:29.340Z
54665394-fb93-4949-b1aa-c976cc19f727,jLw9t-XA-Ts,completed,0,,2025-07-10T21:38:16.136Z,2025-07-10T21:38:24.864Z
62dc96d8-d52f-4055-9161-ec5c21d90d1f,PmQ1XTWg74M,completed,0,,2025-07-10T21:39:44.650Z,2025-07-10T21:39:53.006Z
0d74e8ad-afce-42ca-8920-cd62cc5616a4,JSwQ-b3zE1M,completed,0,,2025-07-10T21:45:10.720Z,2025-07-10T21:45:19.632Z
5d1ef9b3-5716-4618-a0f4-b6fcbdb1c8bd,vNi7yznvMTY,completed,0,,2025-07-10T21:45:26.005Z,2025-07-10T21:45:38.040Z
21af6633-28fd-4f6d-b452-03925b5d092c,oE56g61mW44,completed,2,,2025-07-10T23:29:18.315Z,2025-07-10T23:29:35.625Z
4589597c-c9ca-4ed2-aebd-4fdb32aec8b1,bozH0O_cVhY,completed,0,,2025-07-10T23:29:40.856Z,2025-07-10T23:29:49.533Z
73cc039a-a4be-4f3b-8d55-13bfbfdd0877,678STgx-Esw,completed,1,,2025-07-10T23:29:56.439Z,2025-07-10T23:30:21.613Z
fa8286f4-1b0e-4e5b-909a-81734754b3ca,sp6hzycBsTI,completed,0,,2025-07-10T23:30:10.997Z,2025-07-10T23:30:19.549Z
9eabd120-3226-4f27-956c-3dca0a6502c0,5_LbATof27U,completed,0,,2025-07-10T23:30:37.953Z,2025-07-10T23:30:46.770Z
a42220fe-bf01-4f42-9787-35fb8c9c418f,Fjufjv4rH0s,completed,0,,2025-07-10T23:30:56.073Z,2025-07-10T23:31:04.681Z
e5970697-a32d-4198-b0c3-623a6a6afb9a,m3J4TbADygU,completed,0,,2025-07-10T23:31:28.192Z,2025-07-10T23:31:37.530Z
2912c9bb-2cfe-461b-89f1-c1a9399fb7bc,vn_or9gEB6g,completed,0,,2025-07-10T23:38:51.996Z,2025-07-10T23:39:00.514Z
6ceaeaa1-354c-4aa5-8487-a97a20a87c05,-KG2O5PSCSs,completed,0,,2025-07-10T23:54:20.784Z,2025-07-10T23:54:29.422Z
1cf0e5e1-3590-4767-97a1-c4ed0057af44,ftdZ363R9kQ,completed,0,,2025-07-10T23:57:04.041Z,2025-07-10T23:57:12.994Z
d8448134-0fe7-41e8-a920-b0a363628625,wrXxOsXKUSU,completed,0,,2025-07-11T00:06:00.418Z,2025-07-11T00:06:09.331Z
76950c2b-accb-416a-b952-cf6dfdd0818d,S8Ty8wPSsv8,completed,0,,2025-07-11T00:07:07.930Z,2025-07-11T00:07:16.351Z
bf9690f3-4fe7-43ba-a35a-96406d392fcb,PrinugKEa1o,completed,0,,2025-07-11T00:15:18.807Z,2025-07-11T00:15:26.555Z
b3740eb8-461e-4e48-bf2a-6924132ec54e,Dg89vHz1iRU,processing,0,,2025-07-11T00:22:52.708Z,2025-07-11T00:22:52.708Z
1ee25c0e-76a6-402b-8005-16d48ad5b6ea,g1F_jiUPVMo,completed,0,,2025-07-11T00:27:39.370Z,2025-07-11T00:30:10.291Z
1dd1deaa-eb33-4716-b507-8f39fd4d09eb,xayJqNPehn0,completed,0,,2025-07-11T00:28:24.807Z,2025-07-11T00:31:19.550Z
5eb036ec-7a73-44f9-afbe-af54aa418c94,QZHAAMCJquI,completed,0,,2025-07-11T01:12:50.680Z,2025-07-11T01:14:52.065Z
50d46dd3-e565-4293-b3a5-96db37a2e9e9,PyBqsFs1m4o,completed,0,,2025-07-11T01:24:58.657Z,2025-07-11T01:25:46.747Z
74498a46-87f0-41c6-81fe-ff9442c9a28f,MKaeF-bYOLk,completed,0,,2025-07-11T01:25:19.795Z,2025-07-11T01:25:46.734Z
82887ad9-4764-4b1e-802c-f4a3e083c72d,flr8vDQ9Wuc,completed,0,,2025-07-11T01:25:48.179Z,2025-07-11T01:25:57.050Z
2336ad3b-02df-4569-86f1-d0ef081e4ef2,YifuJQEsJlE,completed,0,,2025-07-11T01:34:44.269Z,2025-07-11T01:34:53.145Z
f7f3a68e-7aa2-47c1-8381-38e9480cd51f,8Ov2NL_qEAk,completed,0,,2025-07-11T01:34:44.531Z,2025-07-11T01:34:53.461Z
51595a0f-53ed-4f72-bd5e-8b5917458caa,oZCHFXxkoQc,completed,0,,2025-07-11T01:34:55.006Z,2025-07-11T01:35:03.237Z
ac69ebe5-7470-46d9-97df-eb40577d9527,UuCq8mtK8J4,completed,0,,2025-07-11T02:42:17.345Z,2025-07-11T02:42:27.260Z
4a15cad9-5117-4ef5-a7da-c5c17792eb07,euCqAq6BRa4,completed,0,,2025-07-11T02:42:38.466Z,2025-07-11T02:42:47.502Z
0f7d6106-1cef-4722-8cf8-50eb0b53f908,IvPT2QuCIOA,completed,0,,2025-07-11T02:42:39.705Z,2025-07-11T02:42:48.489Z
0eb8f48f-f191-4d66-840f-69834c524d02,Tff2oE31Mlw,completed,0,,2025-07-11T02:43:34.103Z,2025-07-11T02:43:45.217Z
e6e2d6a6-030b-4759-ba1a-fd5f22773913,mWl3_d3IsXg,completed,0,,2025-07-11T02:44:16.717Z,2025-07-11T02:44:25.453Z
6caa2a64-37a2-47fa-b61e-c6c4f081d8a2,P5W_OuKnvBQ,completed,0,,2025-07-11T02:45:35.236Z,2025-07-11T02:45:45.054Z
e9d0c1f8-533e-4543-9195-657a7d3e7a33,W1NwB4IW8co,completed,0,,2025-07-11T02:46:01.598Z,2025-07-11T02:46:10.051Z
ed4d4f7f-61a5-4038-b580-ef0a18251254,zdworpwmoiw,completed,0,,2025-07-11T02:48:11.688Z,2025-07-11T02:48:20.418Z
ee11d7ca-9749-44ad-b23a-ce54d4e4fbe3,Vois0RMtPHE,completed,0,,2025-07-11T02:49:41.998Z,2025-07-11T02:49:51.641Z
1aafb5bc-009f-4c48-87ae-61a5e33b136b,np30lwvSoPY,completed,0,,2025-07-11T02:51:22.754Z,2025-07-11T02:51:32.110Z
2fad9082-cb8b-4a16-ae84-f4e41723fd1c,isWT4n8Hk1U,completed,0,,2025-07-11T02:52:38.441Z,2025-07-11T02:52:47.408Z
1e7ca03d-24d9-4238-9adf-f7d05f861455,hcie4MOU-wQ,completed,0,,2025-07-11T02:52:48.647Z,2025-07-11T02:52:57.877Z
f2f48445-032e-48ae-8c46-3694be9bbc5c,DC0IVV_morI,completed,0,,2025-07-11T02:59:59.662Z,2025-07-11T03:00:08.154Z
ddd1a78f-633f-4ba9-adea-db2902cee4f5,F2uO_InN86c,completed,0,,2025-07-11T03:00:39.636Z,2025-07-11T03:00:48.299Z
bd2d4e1f-6e6b-435a-b5de-2eb1385cb6c9,RT_vnj4qKew,completed,0,,2025-07-11T03:07:25.499Z,2025-07-11T03:09:46.649Z
e838ec3c-8d73-4965-a14f-46272170d625,1Ut7XsJrY7I,completed,0,,2025-07-11T03:10:58.213Z,2025-07-11T03:12:17.419Z
a294fa97-ae06-4ebd-a4ec-a2aa8a0ca297,cSl4AZNwI94,completed,0,,2025-07-11T04:51:18.752Z,2025-07-11T04:52:23.696Z
2d9f2874-ff91-4c64-89a7-d1b3b32e0f36,aoUGta_QGJw,completed,0,,2025-07-11T04:58:16.774Z,2025-07-11T04:58:25.303Z
9d4b5057-3add-4ef4-b1bf-8da57cf676c6,eQvn7NnxEqY,completed,0,,2025-07-11T04:59:07.131Z,2025-07-11T04:59:16.351Z
962f4ccd-140d-4354-b2f8-a397d2fab647,fKbPu4OCax4,completed,0,,2025-07-11T04:59:33.193Z,2025-07-11T04:59:41.702Z
aac9d72d-3b5e-42d8-8d4b-3bfdeb95602f,Yxthhkub89c,completed,0,,2025-07-11T04:59:52.387Z,2025-07-11T05:00:00.571Z
d67341c6-b896-4a0f-9940-eae24c814772,k-HdGnzYdFQ,completed,0,,2025-07-11T05:00:03.157Z,2025-07-11T05:00:12.089Z
43657098-1a35-453a-93fa-8d1436dcda48,gVWmKG_eBPo,completed,0,,2025-07-11T05:39:38.377Z,2025-07-11T05:39:46.842Z
bafb5c45-76e1-4292-a868-e31572b641db,oSN2I4240QQ,completed,0,,2025-07-11T05:45:09.070Z,2025-07-11T05:45:17.404Z
6f5ae326-edc5-47c5-a760-dd78cb2925a8,yOomFCyvEJU,completed,0,,2025-07-11T05:45:10.382Z,2025-07-11T05:45:18.764Z
c614858d-d56b-446c-8ab7-5f5aadc64d4f,HvldypUz9w8,completed,0,,2025-07-11T06:04:32.683Z,2025-07-11T06:04:41.528Z
928ec160-1d45-45bc-84bc-8cabd372dd42,32OnN08lH5g,completed,0,,2025-07-11T06:10:24.858Z,2025-07-11T06:10:33.066Z
7f66c73e-6aac-4e2c-8788-2e9b85e9b7a1,WoqM0QMYelA,completed,2,,2025-07-11T06:10:31.910Z,2025-07-11T06:10:52.238Z
829d3d4e-b97a-43eb-9109-472512f3c00f,432Gitaz83Y,completed,0,,2025-07-11T06:10:34.637Z,2025-07-11T06:10:42.012Z
3c83ad37-a1e6-46ff-9835-dba128573ed6,HCJmm1ESQPQ,completed,0,,2025-07-11T06:10:43.608Z,2025-07-11T06:10:51.491Z
e3433a74-b739-4b84-81bd-12219f907098,8xxcSODaxo8,completed,0,,2025-07-11T06:11:58.239Z,2025-07-11T06:12:06.856Z
ed26d715-2a79-4dd6-9db2-e7b1b96457ad,_igHRIffJPQ,completed,0,,2025-07-11T06:12:08.289Z,2025-07-11T06:12:16.488Z
1bf99704-06f9-4f4a-8c3b-85ec6381e18f,DfMboG_wzNk,completed,0,,2025-07-11T06:12:33.057Z,2025-07-11T06:12:41.414Z
48724d0c-e45f-475b-89dd-f29254169aed,00H9VkLlEgg,completed,0,,2025-07-11T06:12:38.886Z,2025-07-11T06:12:47.397Z
7131a055-4cac-47f2-b39b-4c6a6e8bcdfd,FlXWgesmkxA,completed,0,,2025-07-11T06:12:42.860Z,2025-07-11T06:12:51.868Z
0c20eb30-3f09-40c6-be86-85402c7d5697,wigIDm2T3l4,completed,0,,2025-07-11T06:13:03.456Z,2025-07-11T06:13:12.105Z
1738859c-6dfd-4e3f-b0a9-8b20d49a3782,YJZtbIZABzQ,completed,0,,2025-07-11T06:13:28.589Z,2025-07-11T06:13:37.537Z
befe1dd2-4be8-45b6-8e93-ad084fba7e9f,K7d-c9BhWUc,completed,0,,2025-07-11T06:53:19.092Z,2025-07-11T06:53:35.712Z
bb2b5b9f-d5a4-45a5-b507-ec24d1ae9f53,N6DW31S_oyI,completed,0,,2025-07-11T06:53:39.182Z,2025-07-11T06:54:14.430Z
76a1b997-57a0-489f-a2b3-07299585f98c,cnVPm1dGQJc,completed,0,,2025-07-11T06:53:42.186Z,2025-07-11T06:53:54.045Z
8e31c715-255c-47aa-88ff-310c3a5e6d31,DPyOhP1GTRQ,completed,0,,2025-07-11T07:26:49.743Z,2025-07-11T07:26:58.824Z
c8951865-051a-4ee7-aad3-96f242d02851,n6P0SitRwy8,completed,0,,2025-07-11T07:33:05.821Z,2025-07-11T07:33:14.534Z
25a1aea6-e260-4827-98d8-b6f188a20031,fregObNcHC8,completed,0,,2025-07-11T07:33:08.520Z,2025-07-11T07:33:17.068Z
657112d3-7cf9-459d-a6e5-216ef0c1ef8e,EiAMmYbr3vA,completed,0,,2025-07-11T08:02:04.644Z,2025-07-11T08:02:13.852Z
0a300e0f-657f-431f-8195-81e20ac56715,C9k0_rNyK-E,completed,0,,2025-07-11T08:02:46.491Z,2025-07-11T08:03:00.986Z
da4d08eb-c8b1-4013-aa28-23db5d030afd,6ACTrTqnSHU,completed,0,,2025-07-11T08:02:52.207Z,2025-07-11T08:03:00.634Z
b409d3fe-ce71-4265-babb-de1104574608,CsGauHXioos,completed,0,,2025-07-11T08:03:02.204Z,2025-07-11T08:03:17.049Z
879efafb-e0a9-4bd9-baca-ed6230c98031,uxnUeZ8QQYg,completed,0,,2025-07-11T08:03:02.585Z,2025-07-11T08:03:15.053Z
b579749e-1d5d-4d9b-99df-35e06e037bd6,ootQs7sVulY,completed,0,,2025-07-11T08:03:16.474Z,2025-07-11T08:03:24.607Z
a12493bb-04a0-4095-9493-51c95e216293,hVW63Z_8deE,completed,0,,2025-07-11T08:03:18.762Z,2025-07-11T08:03:26.973Z
fa6135f8-9aae-4eb5-a988-2bc84e872ca3,_om0W6xzQd8,completed,0,,2025-07-11T08:03:26.220Z,2025-07-11T08:03:34.204Z
e48210d4-1e14-4d19-8ba4-239d38aecdf1,Amsbv8GlEBk,completed,0,,2025-07-11T08:03:35.784Z,2025-07-11T08:03:43.870Z
08ccb2ce-72f3-47f1-bcdb-bd66e5a77e33,q9xbJJuF_tE,completed,0,,2025-07-11T08:33:06.961Z,2025-07-11T08:33:15.230Z
c973d371-b47d-4337-9fe0-e1cbd341124b,GUpGRXT18R8,completed,0,,2025-07-11T08:33:16.828Z,2025-07-11T08:33:24.688Z
39761452-540a-4974-b166-5a2aa50f9d6d,tCXGJQYZ9JA,completed,0,,2025-07-11T09:10:53.628Z,2025-07-11T09:11:02.710Z
8950f1ce-eae5-45a6-8936-3e94ead59025,oS6w3bc1E3Q,completed,0,,2025-07-11T09:14:20.172Z,2025-07-11T09:14:29.079Z
bf14b708-7d75-40af-b37a-dca857c3cac1,qyrr02a4vwY,completed,0,,2025-07-11T09:15:30.856Z,2025-07-11T09:15:39.081Z
9b64cfa8-486e-449f-9cdc-6dcf9bca0ad7,WAKLwFY3i50,completed,0,,2025-07-11T09:17:36.372Z,2025-07-11T09:17:45.270Z
d187d3ea-ab6c-49c1-bee7-b71e4c4ec403,ImH5smnrOSs,completed,0,,2025-07-11T09:17:41.719Z,2025-07-11T09:17:50.232Z
ecdea245-d7a6-45fa-bd1a-cce038caec15,uYY1sCkaNuk,completed,0,,2025-07-11T09:17:46.696Z,2025-07-11T09:17:55.026Z
e1556ddc-df8e-476c-93c7-2a3982a1b473,mRFHAvdwXXs,completed,0,,2025-07-11T09:40:49.401Z,2025-07-11T09:40:58.562Z
82c970bb-312e-46de-8ba6-2c9d2ec6aaa7,Lo4_K4relMg,completed,0,,2025-07-11T10:39:47.387Z,2025-07-11T10:39:55.818Z
40572741-8034-4df2-86c4-9d2f986f414b,Xu3FTEmN-eg,completed,0,,2025-07-11T11:00:24.239Z,2025-07-11T11:00:32.703Z
3ac4586b-c944-475a-922d-e12e8ab2d21b,sbPQAzVLOJo,completed,0,,2025-07-11T11:06:51.999Z,2025-07-11T11:07:01.833Z
682bfb6c-d8a0-43e6-87b1-2f3a1325a4f5,6tfRMkyDeWc,completed,0,,2025-07-11T11:07:16.061Z,2025-07-11T11:07:24.543Z
08dd6676-99c0-42d5-8018-9f3071b56521,vLTdQKnmXf4,completed,0,,2025-07-11T11:09:21.399Z,2025-07-11T11:09:30.754Z
e59df4b8-1ea9-4fcd-b241-7861c1b6e376,fs49xFmmHCo,completed,0,,2025-07-11T11:33:49.972Z,2025-07-11T11:33:58.862Z
a0f7be82-42bb-4880-b4ba-04c84f9e2c53,d9bmS1UkFBs,completed,0,,2025-07-11T11:34:15.580Z,2025-07-11T11:34:24.123Z
325b20f1-5cf5-4009-b609-f9107d780eb9,sDOxeU02NUM,completed,0,,2025-07-11T11:34:40.721Z,2025-07-11T11:34:49.725Z
5f863501-c6be-4004-b5c4-61a8cf3d5670,M8czeVzQzbE,completed,0,,2025-07-11T11:35:56.764Z,2025-07-11T11:36:05.134Z
6873bdbd-1e01-4036-88a3-8eb6148bd7ba,3Q6uCrpzbPY,completed,0,,2025-07-11T11:37:36.507Z,2025-07-11T11:37:45.378Z
b9e81799-8efa-4571-b6d1-09a8a07498bc,iJaJyUivzVg,completed,0,,2025-07-11T11:37:41.951Z,2025-07-11T11:37:50.535Z
3d33d28e-9e97-4650-a470-cf08d657cd35,a4R9Vk5_CbU,completed,0,,2025-07-11T11:37:46.798Z,2025-07-11T11:37:55.782Z
3c850616-56a1-47fa-8e73-b76245413dc6,0ivQwwgW4OY,completed,0,,2025-07-11T11:37:51.978Z,2025-07-11T11:38:00.539Z
f5893e36-526b-484f-ab4d-01b00fb73d6c,aWdK1ITkIKQ,completed,0,,2025-07-11T11:38:17.021Z,2025-07-11T11:38:25.131Z
6922c245-58dc-47ae-849f-63a31ce18a4a,4ErHNWzJPI4,completed,0,,2025-07-11T11:38:22.436Z,2025-07-11T11:38:31.010Z
af8910a3-61a9-4905-9e21-1429c46c2c54,yQERX63Ot08,completed,0,,2025-07-11T11:38:31.698Z,2025-07-11T11:38:40.605Z
f8c0256a-55ff-41f4-9ce0-7e1e2a7ddbf1,JD_KK7Jg8ws,completed,0,,2025-07-11T11:38:32.585Z,2025-07-11T11:38:40.645Z
278e2f1a-fb95-40a0-bda4-7f255d25d580,0VnbQ8C0nRM,completed,0,,2025-07-11T11:38:42.075Z,2025-07-11T11:38:49.962Z
34478068-49c9-4dcd-8210-50c20b3401c0,i1yFd-Y348I,completed,0,,2025-07-11T11:38:47.172Z,2025-07-11T11:38:56.400Z
1b0b327e-65ff-4914-b79e-81fa83caeac6,Eh47m0dUdbc,completed,0,,2025-07-11T11:39:08.008Z,2025-07-11T11:39:17.604Z
e74e8528-a15f-4716-972b-4e0dfac9837b,BY2WKjBm88E,completed,1,,2025-07-11T11:39:24.036Z,2025-07-11T11:39:39.056Z
1e85fa03-b94f-485b-a38e-29982d2b53ff,dJ8VjyPw0qY,completed,0,,2025-07-11T12:36:17.289Z,2025-07-11T12:36:26.851Z
2bcb0b6b-40b6-4bde-a81e-44c7228c283c,JWA5hJl4Dv0,completed,0,,2025-07-11T12:37:28.337Z,2025-07-11T12:37:37.304Z
08d5ddf4-54a3-42ac-bcd2-3ef22a23a95f,6EEW-9NDM5k,completed,0,,2025-07-11T12:37:34.139Z,2025-07-11T12:37:43.488Z
fdabcb13-d91e-441a-aa37-3ef0981936da,4S0_Xj4L4mo,completed,0,,2025-07-11T12:37:40.049Z,2025-07-11T12:37:49.466Z
1b292f50-a48b-4633-a4a7-99a595356211,G-EWrKUHxZ4,completed,0,,2025-07-11T12:38:04.897Z,2025-07-11T12:38:13.484Z
7dabebc3-24c1-4793-9e61-0cdc589b46a6,Yb1D3OQKaUY,completed,0,,2025-07-11T12:38:11.068Z,2025-07-11T12:38:25.235Z
17852eee-3879-435a-ac8d-270831e9759d,FtDZj42WPjg,completed,0,,2025-07-11T12:38:36.729Z,2025-07-11T12:38:50.996Z
8aec9fc7-acff-4309-8381-aa7a757f55eb,bKUMaibnQKU,completed,0,,2025-07-11T12:39:22.675Z,2025-07-11T12:39:31.281Z
dd721f97-8ecb-4fd2-9705-a22df75462f3,fi8zS36pROY,completed,0,,2025-07-11T12:39:25.233Z,2025-07-11T12:39:38.496Z
7d967eaa-d931-4ab7-86c0-b5aa5f1caa72,A0WGlMOZVIM,completed,0,,2025-07-11T12:44:10.640Z,2025-07-11T12:44:18.735Z
0d2f0bfe-0c6a-4a37-bd8c-43f8f8acede8,8A40GT7pHAQ,completed,0,,2025-07-11T12:48:28.832Z,2025-07-11T12:48:36.676Z
dd6a3545-44c3-419b-a218-b1a1782a526e,tp9rwkFVCfE,completed,0,,2025-07-11T12:52:23.691Z,2025-07-11T12:52:32.616Z
8ec3cfdd-e5ed-43eb-ace4-de4fa4d5dd75,9nFIqtf3XN4,completed,0,,2025-07-11T13:01:50.256Z,2025-07-11T13:01:59.186Z
1e683858-0b9f-4821-a1e2-d73372f5ee3e,CIMNXogXnvE,completed,0,,2025-07-11T13:07:31.298Z,2025-07-11T13:07:39.292Z
3721844a-c53d-4226-a4ed-d1abd6026798,uP6uGVg_YZ8,completed,0,,2025-07-11T13:13:08.511Z,2025-07-11T13:13:17.470Z
42ae71ff-0c8f-4aa9-a4fa-79cecee247c5,_hLSAXwCCFY,completed,0,,2025-07-11T13:20:09.810Z,2025-07-11T13:20:20.230Z
a8ac2bc8-6925-462c-a366-210dcfebced8,oJojZVdCLcs,completed,0,,2025-07-11T13:25:32.258Z,2025-07-11T13:25:57.211Z
f5c15c21-4dc8-44ae-888d-797674e1805d,QQE6-Z6YB8c,completed,0,,2025-07-11T13:26:18.122Z,2025-07-11T13:26:32.733Z
0d60a0c0-52b8-44f3-be5c-e9974eb71f35,YPwtJ89jes4,completed,0,,2025-07-11T13:35:40.321Z,2025-07-11T13:35:49.492Z
4df19691-d4a7-486c-bbe8-a9b8b1a07766,-OGd4gplxQM,completed,3,,2025-07-11T13:37:15.620Z,2025-07-11T13:37:36.617Z
1a6aa98b-ebd6-45f9-a5f9-fad1b00ac02a,-cy_tDQPXHk,completed,0,,2025-07-11T13:40:01.849Z,2025-07-11T13:40:11.065Z
175cd7a5-56db-439e-9bb3-44fa1d011018,eUJ_ifjKopM,completed,0,,2025-07-11T13:44:07.906Z,2025-07-11T13:44:17.459Z
a7e5d61b-4dd2-4b9d-b492-ed63158ce666,RZ2oXzrnti4,completed,3,,2025-07-11T13:44:19.102Z,2025-07-11T13:44:39.796Z
8cee985b-bf5a-4a4d-afa8-756dacf631e7,G8NMayki4Uc,completed,0,,2025-07-11T13:49:39.705Z,2025-07-11T13:49:50.041Z
95b54fb1-3c21-4f15-8c32-3281fa1246f3,2SFt7JHwJeg,completed,0,,2025-07-11T13:55:47.138Z,2025-07-11T13:55:56.347Z
b14e2ddc-fe1a-40b2-a9c7-87c0d7468773,UXzx--YefD8,completed,0,,2025-07-11T13:58:08.028Z,2025-07-11T13:58:17.575Z
6c4174f2-e1df-4d97-919b-11c70e22cc2d,8AHCfZTRGiI,completed,0,,2025-07-11T14:12:50.738Z,2025-07-11T14:13:00.052Z
1298b84f-4bce-43c2-bf37-e2304063875d,jQJWsL6Gscc,completed,0,,2025-07-11T14:22:40.881Z,2025-07-11T14:22:49.980Z
3d0ff8e5-4699-4c80-8466-59ee8bafefda,Rpc8pTvNHwA,completed,0,,2025-07-11T16:01:22.808Z,2025-07-11T16:01:31.933Z
4fd59b30-5902-4da9-b411-40ca3d7906c9,liTfD88dbCo,completed,0,,2025-07-11T16:02:28.985Z,2025-07-11T16:02:38.021Z
a49ebcf3-c527-42f9-a307-24095caf6fed,lp-EO5I60KA,completed,0,,2025-07-11T16:09:56.059Z,2025-07-11T16:10:05.591Z
d72bb42a-dc87-4e14-a356-fa23108d9412,cNGjD0VG4R8,completed,0,,2025-07-11T16:10:18.017Z,2025-07-11T16:10:27.757Z
b7ce2f7b-a250-4704-86d7-b17b8faf711e,JGwWNGJdvx8,completed,0,,2025-07-11T16:10:39.230Z,2025-07-11T16:10:48.658Z
7105ea61-2efb-4825-8542-909a5e527161,Iyy3YOpxL2k,failed,3,Sign in to confirm your age,2025-07-11T17:00:25.711Z,2025-07-11T17:00:33.931Z
f90ec3c0-69dd-4281-af31-5a55d02250e5,ENzLb85b1Do,completed,2,,2025-07-11T17:15:18.332Z,2025-07-11T17:15:37.250Z
3a5b3230-2e21-41f8-a888-802c9a9c21f4,L3M-MmOVKDk,completed,0,,2025-07-11T17:17:04.038Z,2025-07-11T17:17:13.316Z
276db16f-2cbb-4668-b1d6-26d81c1449be,QCDUsMA7O80,completed,0,,2025-07-11T17:21:45.533Z,2025-07-11T17:21:55.108Z
2974d31c-b014-4b1b-b89e-90f9ca028edc,Fz430sFvZg4,completed,0,,2025-07-11T17:35:47.245Z,2025-07-11T17:35:58.096Z
aeed87b2-4154-407c-816b-1baa2cf850e2,sJRQpZprQ94,completed,0,,2025-07-11T17:41:00.198Z,2025-07-11T17:41:07.780Z
a007b311-bd0e-4958-a1bd-5b4dec466901,sZ5SI6n1Ljs,completed,1,,2025-07-11T18:06:46.783Z,2025-07-11T18:07:01.738Z
ac486366-1564-4962-8d86-a90ac8aabfd0,NcXsK_u4ixI,completed,0,,2025-07-11T18:06:47.249Z,2025-07-11T18:06:57.284Z
9d554c42-75f2-454b-a0cb-25869cff4ec6,OQSwub4jgxQ,completed,0,,2025-07-11T18:06:59.144Z,2025-07-11T18:07:08.779Z
6945fc99-fc3a-40e1-9c39-780a5e9c66b3,ijMD9SbUzXk,completed,0,,2025-07-11T18:17:29.631Z,2025-07-11T18:17:43.628Z
3a0605e3-40aa-4c4d-8dfd-04226bd260c5,gvZVVd8DH7s,completed,0,,2025-07-11T18:21:26.840Z,2025-07-11T18:21:36.583Z
1b59ad61-c32e-49d4-86ec-ea7c2e43ca9f,pVzu0M0LWTM,completed,0,,2025-07-11T18:35:08.609Z,2025-07-11T18:35:19.423Z
91b0bf29-e842-40ef-a6aa-992c218e29d5,LLNEMQPecso,completed,0,,2025-07-11T18:39:20.443Z,2025-07-11T18:39:29.874Z
41e9f8e4-76b2-4e2f-b391-c5c626142207,WRz2MxhAdJo,completed,0,,2025-07-11T18:39:26.708Z,2025-07-11T18:39:39.276Z
1ffb23fc-b128-4e8a-b4f9-ea42978eb3d9,bek1y2uiQGA,completed,0,,2025-07-11T18:39:36.712Z,2025-07-11T18:39:51.626Z
20f10e6b-af70-4248-b166-75f92631be21,tomsUo5m1CA,completed,0,,2025-07-11T18:39:50.932Z,2025-07-11T18:40:01.869Z
7ddc5612-dd23-4b01-a138-6f87e1c5a7d7,7FrrdkaiwPk,completed,0,,2025-07-11T18:43:19.986Z,2025-07-11T18:43:28.548Z
efaba3f3-e818-4582-9fc3-51c2f933ccd1,lNLCWYt9xFg,completed,0,,2025-07-11T18:45:14.002Z,2025-07-11T18:45:25.239Z
e6ef030e-ef50-4a86-8fde-b463d4a38a00,tCXeYq6KYZc,completed,0,,2025-07-11T18:50:52.567Z,2025-07-11T18:51:03.219Z
229bb2b5-b905-41d8-bb51-8297acf707f7,BcLZULyMjPc,completed,0,,2025-07-11T18:55:10.363Z,2025-07-11T18:55:18.855Z
1d431396-84ca-4e0b-9a4b-bf5b5d14acd5,FHyEZvW52Is,completed,0,,2025-07-11T19:31:29.781Z,2025-07-11T19:31:37.906Z
d9282038-64d8-4121-aab2-dc2fb9c9cd71,Oj9bvmzTR2A,completed,0,,2025-07-11T19:36:46.047Z,2025-07-11T19:36:56.038Z
006557df-5539-4414-af35-a0cb0102079f,bV-hSgL1R74,completed,0,,2025-07-11T19:37:06.279Z,2025-07-11T19:37:16.927Z
2ffa8478-377a-4a92-a7e6-162169cbcafe,OJ62RzJkYUo,completed,0,,2025-07-11T19:37:38.817Z,2025-07-11T19:37:48.242Z
f95386a2-22ce-4819-b285-63a8d015cb0c,PVyS9JwtFoQ,completed,0,,2025-07-11T19:37:38.882Z,2025-07-11T19:37:47.623Z
f56ea58f-cf32-490f-8492-19eedb24e5ec,A2vn18DVSbU,completed,0,,2025-07-11T19:37:54.418Z,2025-07-11T19:38:03.458Z
3b32f29e-03ca-4070-959b-486f58ed1985,LyUIJIdwEuA,completed,0,,2025-07-11T19:38:00.007Z,2025-07-11T19:38:08.625Z
9287578b-1c43-4d3a-9d92-00613bfca8e8,d9ORimXBXLw,completed,0,,2025-07-11T19:38:05.223Z,2025-07-11T19:38:13.803Z
fb846fac-5d50-418a-b5cb-3c1c6733c88f,zVokojoF_lY,completed,0,,2025-07-11T21:13:11.142Z,2025-07-11T21:13:19.780Z
21aa756c-71be-4107-a1de-d0c475bf65a5,tH2w6Oxx0kQ,completed,0,,2025-07-11T21:13:21.361Z,2025-07-11T21:13:30.085Z
976d4447-29f6-406e-b6f1-ec3b687dba7f,zrDEJvq6-ME,completed,0,,2025-07-11T21:14:52.293Z,2025-07-11T21:15:01.603Z
41859826-cc9e-4777-8529-c88e6c738a23,zM1NwHYPxMg,completed,0,,2025-07-11T21:20:34.249Z,2025-07-11T21:20:43.122Z
eb5758f6-d4bd-4d8c-bb81-23957d9e880f,TN6-oHPI968,completed,0,,2025-07-11T21:21:43.449Z,2025-07-11T21:21:52.441Z
07843088-41b6-4b8f-b84d-7ee15f620380,jZIoxw0ca9E,completed,0,,2025-07-11T21:22:24.341Z,2025-07-11T21:22:33.583Z
1ea53db7-46ad-49ec-8c66-2837fdf430b5,RHd7CrVHUx8,completed,0,,2025-07-11T21:29:40.928Z,2025-07-11T21:29:50.173Z
ce1cd59b-c521-49ad-8139-7e33f7002833,y52bQT5J8HA,completed,0,,2025-07-11T21:30:56.281Z,2025-07-11T21:31:05.517Z
7fc1c46a-743d-4b7d-aa5e-cb8222ac7572,iUC9eebtpvI,completed,0,,2025-07-11T21:33:42.400Z,2025-07-11T21:33:50.930Z
3036ac75-aa6f-4a99-a2d4-cd331fb51974,V69vs8JmXYM,completed,0,,2025-07-11T21:34:47.619Z,2025-07-11T21:34:57.042Z
8d24e57b-a406-492e-a256-ad05d954d764,Ek4bQ4HEhJc,completed,0,,2025-07-11T21:46:44.062Z,2025-07-11T21:46:52.683Z
3087b098-9174-4edf-8a12-a51e20a29c82,GHvIP02EExo,completed,0,,2025-07-11T21:48:30.137Z,2025-07-11T21:48:38.265Z
225cf66e-3f3f-4c06-9c82-267a152eea69,UDvPXv7mALM,completed,0,,2025-07-11T21:49:00.507Z,2025-07-11T21:49:10.267Z
56164b15-4d97-4d24-bbd6-5b8596bf0ea2,u2sdlCtDlYE,completed,0,,2025-07-11T21:49:25.131Z,2025-07-11T21:49:33.485Z
fb645ddc-77a2-492f-9e4e-33965ace2293,RUz1pZ_LujU,completed,0,,2025-07-11T21:50:10.200Z,2025-07-11T21:50:19.146Z
1b8aead0-7fd3-4ccb-92d3-d1b691cfe584,Nn1IeHL5DHY,completed,0,,2025-07-11T21:51:01.101Z,2025-07-11T21:51:09.752Z
5f6fb2a0-1257-4221-9552-b18a938919cf,hZsLAhvuBzo,completed,0,,2025-07-11T21:52:41.611Z,2025-07-11T21:52:49.780Z
0bea11ec-dec8-4124-a99e-3f26178ad6e6,hSi7XdpcLHY,completed,0,,2025-07-11T22:01:43.560Z,2025-07-11T22:01:54.288Z
96cfe392-1ba0-4db6-bcc3-2806d9b87bab,s4b-zJAOZOM,completed,0,,2025-07-11T22:02:02.728Z,2025-07-11T22:02:12.469Z
e51ba3fa-853e-405e-a233-483c27d6761f,apsrbm_PJa8,completed,0,,2025-07-11T23:08:46.968Z,2025-07-11T23:09:29.556Z
2d87c732-5134-4c73-b1d2-6d5d74c4c9cd,FHgtl-XyVc4,completed,0,,2025-07-12T00:39:53.778Z,2025-07-12T00:40:02.617Z
56f95900-9fb3-4824-9a75-e5e6b940cbbc,K_yBUfMGvzc,completed,0,,2025-07-12T00:40:39.788Z,2025-07-12T00:40:50.023Z
3ed4f41e-b4fc-41c2-8b6f-d14ba6bb6005,rqjrVjsMcCY,completed,0,,2025-07-12T00:41:07.799Z,2025-07-12T00:43:38.526Z
82f4957f-33ca-4234-9b6b-7c6a30092a7c,wy9r2qeouiQ,completed,0,,2025-07-12T00:42:00.314Z,2025-07-12T00:43:01.994Z
9b7ae114-fcd9-4749-859a-25774f5d64e0,6-i3___ZJ_Q,completed,0,,2025-07-12T00:49:49.659Z,2025-07-12T00:51:15.852Z
69ffaa81-29b5-42c4-a25a-90755ea5e944,uHUWw5y-6Kk,completed,0,,2025-07-12T01:34:58.016Z,2025-07-12T01:38:32.998Z
be2e7dc0-1c63-4b2f-9e86-1fcfc3c2f9cf,HwVnX4ZgliY,completed,0,,2025-07-12T01:35:26.526Z,2025-07-12T01:37:58.693Z
ab93e56d-ad99-4157-97a3-695110e02fb1,N5sKpG6JIug,completed,0,,2025-07-12T01:38:00.650Z,2025-07-12T01:39:51.831Z
24c1b24d-430a-43b9-9107-31176a93adda,uDJNQGy9EmA,completed,0,,2025-07-12T01:38:34.843Z,2025-07-12T02:02:22.259Z
09f91495-5c03-498b-8636-c298605902f8,zWak_N_h-2k,completed,0,,2025-07-12T01:51:09.911Z,2025-07-12T01:53:59.919Z
4f748f17-9ff1-4f2f-ba16-2e5543c35ca0,ithDlC1wKf0,completed,0,,2025-07-12T01:51:55.110Z,2025-07-12T01:54:27.704Z
e856c38a-4938-4346-815b-1169998bba56,5NV6Rdv1a3I,completed,0,,2025-07-12T01:54:01.755Z,2025-07-12T01:57:19.264Z
70f4624b-db6c-4c4a-b55f-39bad0fbbe4c,KZoipAb2fo4,completed,0,,2025-07-12T01:54:29.331Z,2025-07-12T01:55:50.392Z
4a6bd465-781c-4a2e-940a-1fc67fa9bde4,1EF0VOd3WGA,completed,0,,2025-07-12T01:55:52.053Z,2025-07-12T01:59:13.757Z
88fdbc9d-0689-4a2d-ab1a-d2310f53bb4f,PRpiBpDy7MQ,completed,0,,2025-07-12T02:07:47.430Z,2025-07-12T02:12:50.442Z
33e28ae4-d2cb-4c10-97d8-d3d6eac5b0d1,x7ES7ueI7p0,completed,0,,2025-07-12T02:11:05.229Z,2025-07-12T02:12:50.570Z
d288d538-f04f-491a-9e7e-bf618b695019,8SbUC-UaAxE,completed,0,,2025-07-12T02:12:52.397Z,2025-07-12T02:13:03.641Z
f5a21ace-f9d3-447c-9293-641e7d95e953,3DcoC8p9az8,completed,0,,2025-07-12T02:31:47.754Z,2025-07-12T02:35:09.656Z
6d642e04-bcd3-4dcd-bd13-31e5c855d6f1,qod03PVTLqk,completed,0,,2025-07-12T02:31:54.777Z,2025-07-12T02:35:50.913Z
cf45ab02-f136-4b66-8a8b-95966436f0f6,5g2hT4GmAGU,completed,0,,2025-07-12T02:35:11.515Z,2025-07-12T02:37:47.729Z
711e1203-e521-4977-a577-c5ce8b7ced2f,1_zgKRBrT0Y,completed,0,,2025-07-12T02:35:52.842Z,2025-07-12T02:37:52.388Z
d24b0885-e3ae-4c9d-a9a2-24b8914531f1,ApXoWvfEYVU,completed,0,,2025-07-12T02:37:49.577Z,2025-07-12T02:38:02.982Z
5e7ff51d-ea2f-4e84-b87d-c2008d4c5fcf,suAR1PYFNYA,completed,0,,2025-07-12T02:37:53.990Z,2025-07-12T02:38:03.005Z
067359f2-83d8-4028-9bd0-ebda070dd7be,QLz9VaksClg,completed,0,,2025-07-12T02:38:04.585Z,2025-07-12T02:38:13.800Z
d741ccf0-7092-4714-9892-96559d933e40,mXLRy1cNMWs,completed,0,,2025-07-12T02:38:04.616Z,2025-07-12T02:38:14.471Z
d459504c-db03-4d4f-886c-1c9e47198716,wnJ6LuUFpMo,completed,3,,2025-07-12T02:38:15.592Z,2025-07-12T02:38:41.932Z
1d56481d-f536-454b-bddd-a1f82507e0f3,wm9_6yNd2sI,completed,3,,2025-07-12T02:38:16.104Z,2025-07-12T02:38:38.550Z
3f10b86a-feb6-4c94-a23f-b814d49ff674,yYk2BTwuQnM,completed,0,,2025-07-12T02:38:40.237Z,2025-07-12T02:38:48.493Z
2f2596c4-ea00-4149-af7f-5a52f56fc816,p7bfOZek9t4,completed,0,,2025-07-12T02:38:43.723Z,2025-07-12T02:38:52.448Z
83c2a92e-63c0-4727-95ed-213b0bda3c2d,oygrmJFKYZY,completed,0,,2025-07-12T02:38:50.127Z,2025-07-12T02:38:59.157Z
ef313ee5-b514-45e0-af04-fb88b7bb7768,iWOyfLBYtuU,completed,0,,2025-07-12T02:38:54.079Z,2025-07-12T02:39:03.152Z
bddc4add-2d27-4081-afc0-f46ad02db6a0,OPf0YbXqDm0,completed,0,,2025-07-12T02:39:00.783Z,2025-07-12T02:39:10.331Z
ab39563e-671a-4918-bb42-84ab55ec24e8,TaV1r341wYk,completed,0,,2025-07-12T02:39:04.920Z,2025-07-12T02:39:15.814Z
ed9d029c-9dd9-4231-ae01-5c50748235cb,KQ6zr6kCPj8,completed,0,,2025-07-12T02:39:11.988Z,2025-07-12T02:39:22.111Z
c6c437cc-1e10-45aa-93b8-d6edf9a59e04,6Sp1bLrBAuQ,completed,0,,2025-07-12T02:39:32.561Z,2025-07-12T02:39:42.369Z
9308ade3-5807-4b81-bbc1-773db5f3d4bc,detOIeKuQwU,completed,0,,2025-07-12T02:39:53.805Z,2025-07-12T02:40:03.320Z
e91d0552-4c43-48be-8ed2-8e603036c6a3,xGfqHjOn8yM,completed,0,,2025-07-12T02:40:24.217Z,2025-07-12T02:40:32.599Z
32f3e7bb-f394-4b0f-ae08-5fed587e33f8,2ydCvkxuNm4,completed,0,,2025-07-12T02:40:49.404Z,2025-07-12T02:40:58.692Z
4b6d2f01-12ee-4142-abd0-3a60f1dd1613,3gOHvDP_vCs,completed,0,,2025-07-12T03:24:55.630Z,2025-07-12T03:28:18.959Z
cfea81e6-7d3d-43b5-adbf-16fee211de5f,X0l7UHLL8kk,completed,1,,2025-07-12T03:24:55.751Z,2025-07-12T03:37:23.024Z
3b07bacb-f227-4def-9dc1-fb4d55de94a5,5URefVYaJrA,completed,1,,2025-07-12T03:28:21.715Z,2025-07-12T03:37:52.484Z
68bcf07b-9635-4697-8ccd-5199644439e6,77gZWmdkdxE,completed,0,,2025-07-12T04:44:23.086Z,2025-07-12T04:44:31.426Z
919d5bf5-093b-4fdc-a9b0-1eb9f46ab60b,T5FN06LFfHk,completed,0,,2025-07-12T04:45:18.793Z,2025-07-12T04:45:28.809Z
9bbd9275-88d0-484a-b9bf-124079d733fb,y4N7V8kLW4w,completed,0,,2025-07-12T04:50:15.147Z,2025-07-12T04:50:26.009Z
4b83ae76-875f-4382-bb12-ae400c221701,U0q8BQXPo9c,completed,0,,2025-07-12T04:57:09.459Z,2025-07-12T04:57:18.729Z
98ce50a3-130d-46cc-a43c-6c0a30621aa3,3FJpMrOsUWs,completed,0,,2025-07-12T04:59:15.814Z,2025-07-12T04:59:24.463Z
2b2c9e61-35ba-4b9c-9aba-16ee4a7a97d7,TD2hNsY6G7E,completed,0,,2025-07-12T04:59:41.196Z,2025-07-12T04:59:51.908Z
06d63742-e77d-4f86-84f4-d226120264c1,xy_fxxj1mMY,completed,0,,2025-07-12T05:03:54.035Z,2025-07-12T05:04:06.695Z
e3e734d3-a984-4e15-bd49-ffe25150792c,UJ1Iaquxyyg,completed,0,,2025-07-12T05:04:28.012Z,2025-07-12T05:04:44.639Z
0cbfd7b5-431d-4d0b-8107-306e03e042b2,wAOfEP2OrLU,completed,0,,2025-07-12T05:11:27.522Z,2025-07-12T05:11:37.823Z
cfa4e43e-11ba-4588-886b-fa479ddcdbab,2vKSeYCbeEU,completed,0,,2025-07-12T05:11:54.525Z,2025-07-12T05:12:03.527Z
d547c9cb-02d4-4f25-abfa-dbc1ad8b28dd,NRhmmqsZIpw,completed,0,,2025-07-12T05:29:52.010Z,2025-07-12T05:30:00.493Z
c281c4f9-5607-4d24-9e18-52a99d72e300,9KWOTBhWhyU,completed,0,,2025-07-12T05:30:22.613Z,2025-07-12T05:30:31.522Z
aef88d38-ab79-4816-a4b8-7e768cf76d84,ysdjtyV_DuY,completed,0,,2025-07-12T05:30:48.429Z,2025-07-12T05:30:58.096Z
7e6357b7-ede8-44b7-9d79-f6dbcf80feeb,UJWk_KNbDHo,completed,0,,2025-07-12T05:30:54.465Z,2025-07-12T05:31:03.841Z
67ec7c6f-e1bd-420e-b261-c65713587cb0,v4pi1LxuDHc,completed,0,,2025-07-12T05:30:59.960Z,2025-07-12T05:31:08.457Z
79da70fe-1a0f-4e2f-9e65-8fd81cff5526,zvCBSSwgtg4,completed,0,,2025-07-12T05:31:05.557Z,2025-07-12T05:31:13.880Z
bf3cebe8-2fa6-47e6-9069-d51e078074a9,aN5s9N_pTUs,completed,0,,2025-07-12T05:31:10.110Z,2025-07-12T05:31:18.843Z
e6ee1bbd-923f-42a6-837e-8179b6e312ea,pTOC_q0NLTk,completed,0,,2025-07-12T05:31:15.720Z,2025-07-12T05:31:24.126Z
68ae6b9d-0481-4276-af4b-3502cfc8584c,jODrVofka54,completed,0,,2025-07-12T05:33:35.873Z,2025-07-12T05:33:45.002Z
75b32644-f9b7-4325-99db-012c06f55719,q7xpwbdHAKM,completed,0,,2025-07-12T05:33:46.151Z,2025-07-12T05:33:55.007Z
d8948e77-2661-439c-b45a-5a1b7cebbb73,XrsbfrFPATs,completed,0,,2025-07-12T05:33:56.629Z,2025-07-12T05:34:04.689Z
c1a63f54-4201-4946-a858-47ca30f36cc5,HZnNt9nnEhw,completed,0,,2025-07-12T05:34:01.675Z,2025-07-12T05:34:10.650Z
b37d8c8c-4497-4ccb-9b45-e11e00f91b99,fC1uROpxNrQ,completed,0,,2025-07-12T05:34:26.543Z,2025-07-12T05:34:35.573Z
3c506572-7135-4149-b97d-6c52504a4893,D2lSwosw9xY,completed,0,,2025-07-12T05:35:57.547Z,2025-07-12T05:36:06.240Z
ca5d8824-321a-450d-94e0-9110de534b87,pAgnJDJN4VA,completed,0,,2025-07-12T05:36:52.699Z,2025-07-12T05:37:01.332Z
df2478e4-e504-4c2c-867d-739475fa13a5,gEPmA3USJdI,completed,0,,2025-07-12T05:37:03.138Z,2025-07-12T05:37:11.794Z
e45ce50e-125a-4dfc-af45-e331e0548fb6,mzJj5-lubeM,completed,0,,2025-07-12T05:37:33.220Z,2025-07-12T05:37:41.703Z
7de1b1ad-b947-4d95-a1ed-530d2deaac5d,YlUKcNNmywk,completed,0,,2025-07-12T05:37:48.378Z,2025-07-12T05:37:58.296Z
5b672296-0b1c-41fc-bb2b-64cf729b3ad5,bc5Nk1DXyEY,completed,0,,2025-07-12T05:38:08.749Z,2025-07-12T05:38:18.585Z
46d29fdd-60d9-419f-a4ae-e3ba206da8ff,1Bw2dTY3SsQ,completed,0,,2025-07-12T06:31:06.881Z,2025-07-12T06:31:15.407Z
48ca7112-c8f0-4c1e-aa6d-801023e0f99c,yk3prd8GER4,completed,0,,2025-07-12T06:31:37.368Z,2025-07-12T06:31:46.745Z
777cb4bc-4201-4722-b9c8-15d1f53afa4d,1k8craCGpgs,completed,0,,2025-07-12T06:33:13.757Z,2025-07-12T06:33:22.616Z
a2beb860-c510-4cd4-8adc-fe2f92fad5c8,6dOwHzCHfgA,completed,0,,2025-07-12T06:34:04.271Z,2025-07-12T06:34:13.206Z
a79fdc8e-6b1a-4f56-8743-10342000051d,r3Pr1_v7hsw,completed,0,,2025-07-12T06:34:39.437Z,2025-07-12T06:34:48.836Z
66d57e57-be12-42aa-a251-a177bf90c0d7,6GPm5_X3Ykg,completed,0,,2025-07-12T06:45:56.837Z,2025-07-12T06:46:05.163Z
fe6b0563-2b31-464f-9208-91e17411ae62,C6XmTuivuZs,completed,0,,2025-07-12T06:59:48.023Z,2025-07-12T06:59:58.542Z
7f2871a6-835a-4cf0-aa29-1331ff6095da,YgWnrIC8X-k,completed,0,,2025-07-12T07:04:34.185Z,2025-07-12T07:04:47.179Z
6cedafaa-047a-48fa-8800-8be2a9ae27ee,1-ccS5614j0,processing,0,,2025-07-12T08:58:08.336Z,2025-07-12T08:58:08.336Z
84f70097-3676-405f-b077-94a4368c83f1,o_1aF54DO60,completed,0,,2025-07-12T09:50:51.852Z,2025-07-12T09:51:00.797Z
94eb6b72-01f5-4b77-b96d-1b4e88287b34,4FrxFYfNNe0,completed,0,,2025-07-12T09:52:04.617Z,2025-07-12T09:52:13.237Z
2a006696-97e1-4ce4-b50d-99f424d47488,cUfIKX5ReKQ,completed,0,,2025-07-12T10:56:12.872Z,2025-07-12T10:56:20.372Z
93cc7ba0-d427-43c6-8b7d-1f144188e1e2,kmCMgpjjr5s,completed,0,,2025-07-12T11:19:36.176Z,2025-07-12T11:19:44.058Z
5e3841c7-bb22-4a79-88eb-07e3821caaaa,bt-92dlspc4,completed,0,,2025-07-12T11:25:11.293Z,2025-07-12T11:25:20.479Z
f7340ba1-e0ce-4a95-ad5e-9e7c08a9e12e,VFMGnSxF9yg,completed,0,,2025-07-12T12:17:43.638Z,2025-07-12T12:17:55.124Z
8f1b3eb0-fc6f-4e22-b0cc-a3e230987e91,5AfhgY_yj3o,completed,0,,2025-07-12T12:22:43.639Z,2025-07-12T12:22:53.146Z
8e53ce19-1a68-4156-af2d-fb797c3ae54c,EQdfuDWdqgI,completed,0,,2025-07-12T12:45:47.409Z,2025-07-12T12:45:57.794Z
5a9f33ca-b27d-4153-8193-2de26362a191,CgCVZdcKcqY,completed,0,,2025-07-12T13:04:22.014Z,2025-07-12T13:04:31.852Z
bbc234db-0de2-47f4-b72b-aca6d8722923,H6XsM2LK2qE,completed,0,,2025-07-12T13:05:13.658Z,2025-07-12T13:05:23.175Z
bcab3a04-a127-451f-afee-5d36865a4dbb,NuIgjfiGxfE,completed,0,,2025-07-12T13:29:17.831Z,2025-07-12T13:29:28.163Z
90fc8c88-f18b-4d14-9eb7-0eff1d02bf8d,hG2SCu1HXpE,completed,0,,2025-07-12T13:30:19.852Z,2025-07-12T13:30:30.070Z
f5ff7c97-ffda-4232-8ebe-09385cc23bb6,CBx6e9cZlBQ,completed,0,,2025-07-12T13:43:34.297Z,2025-07-12T13:43:44.062Z
03826bcd-ac00-4bff-b6cd-3f8826f41056,lpdRqn6xwiM,completed,0,,2025-07-12T13:49:02.222Z,2025-07-12T13:49:11.566Z
1af07ff8-4163-4583-b796-f9435ae0d3d8,hhdSyBHuI88,completed,0,,2025-07-12T13:49:13.337Z,2025-07-12T13:49:25.072Z
04ebdf9e-fe90-4298-a090-69cf85b14da9,ebXbLfLACGM,completed,0,,2025-07-12T13:58:22.640Z,2025-07-12T13:58:33.199Z
8792a419-0a26-4685-a89c-d66978fd14ce,tfSS1e3kYeo,completed,0,,2025-07-12T14:05:10.513Z,2025-07-12T14:05:20.803Z
8ba59d7f-020b-41f8-abfb-f05d16081aaf,_EyZUTDAH0U,completed,0,,2025-07-12T14:05:32.302Z,2025-07-12T14:05:42.452Z
feb9b376-2719-43ec-9e87-3e03e2d76e8e,OWl9p3oFKgg,completed,0,,2025-07-12T14:05:43.949Z,2025-07-12T14:05:53.480Z
b161066a-6982-4553-9cbf-ed2263388da7,KSbwHzlcgs8,completed,0,,2025-07-12T14:13:31.034Z,2025-07-12T14:13:40.886Z
8aae8f12-727b-4597-a06a-194e17b445b0,qeVr3kLX2lo,completed,0,,2025-07-12T14:14:27.627Z,2025-07-12T14:14:37.480Z
e03f2653-4230-48c7-b0f8-c169c04556cc,O1oSyYK_RLo,completed,2,,2025-07-12T14:24:00.323Z,2025-07-12T14:24:21.305Z
a772d786-c47a-4215-af75-46ad98a25564,NLZRYQMLDW4,completed,0,,2025-07-12T14:43:25.321Z,2025-07-12T14:43:36.423Z
65ad644b-88fb-4d1f-af44-6df7d5cf6808,yrcnkKVRi68,completed,0,,2025-07-12T14:57:15.965Z,2025-07-12T14:57:25.805Z
27c3be77-bae7-4341-9861-47f7441818e9,zvb8hTgVyyI,completed,0,,2025-07-12T14:58:02.437Z,2025-07-12T14:58:11.388Z
aaf02b2b-8e6e-436d-91f9-d6bbb1148771,ok2j-rXlk8s,completed,1,,2025-07-12T14:58:18.018Z,2025-07-12T14:58:31.379Z
01afc35d-d576-46dc-aee8-730ff912525a,wAOkxHmsZho,completed,0,,2025-07-12T14:58:42.872Z,2025-07-12T14:58:52.675Z
5bcb42d7-5518-4e1f-a399-2f25c55a24e5,RsQjC5zVnt8,completed,0,,2025-07-12T14:59:04.297Z,2025-07-12T14:59:14.184Z
58e6fe47-b90f-43d0-87c7-aebfa090c74c,YiRyI4TZn2g,completed,0,,2025-07-12T14:59:30.817Z,2025-07-12T14:59:41.066Z
90b4a5ae-c1be-4bf3-a4cb-acc610f30ec6,QNYT9wVwQ8A,completed,0,,2025-07-12T14:59:47.505Z,2025-07-12T14:59:58.318Z
1adab576-dc9e-45d7-a494-2352a688baac,1FxTZ1U6-mA,completed,0,,2025-07-12T15:00:04.867Z,2025-07-12T15:00:15.014Z
971b739c-3bc7-483c-b08c-7e868846bd38,WzwW9W8gX7w,completed,0,,2025-07-12T15:00:31.539Z,2025-07-12T15:00:41.059Z
bb3ba2a4-a155-4c4d-b01a-90b32a120879,o0-DCn9Vao0,completed,0,,2025-07-12T15:01:02.555Z,2025-07-12T15:01:12.233Z
90c52844-cebf-4f44-8fde-995c3cdc1d32,WXwt16fDTaw,completed,0,,2025-07-12T15:02:13.846Z,2025-07-12T15:02:27.610Z
bf149131-3d2a-44eb-aa8a-a7ada3ccd3a0,5rjB5JT9RC0,completed,0,,2025-07-12T15:02:34.215Z,2025-07-12T15:03:01.018Z
fd47cf08-1270-45e9-96cf-ac77d6ab86ce,KoqPy1hk3BI,completed,0,,2025-07-12T15:14:08.849Z,2025-07-12T15:14:18.407Z
85e67ee3-02dc-49a5-9df9-ac572f577381,bx1Bh8ZvH84,completed,0,,2025-07-12T15:23:00.928Z,2025-07-12T15:23:11.769Z
f129f21a-6a82-42c3-a137-6a29412399fd,Xzx0V1JUI88,completed,0,,2025-07-12T15:36:09.847Z,2025-07-12T15:36:18.683Z
6d2d3d3b-92fe-4055-a0d2-1699839e53e2,mZ0AwFvDk0Q,completed,0,,2025-07-12T15:37:05.415Z,2025-07-12T15:37:15.082Z
154936c2-1f44-4c16-a2e2-d81128496ef5,hZwKy9O6ew4,completed,0,,2025-07-12T15:37:31.575Z,2025-07-12T15:37:40.315Z
d156695c-e884-4f61-84de-b9927c0f80b4,X4HZjYIi4kM,completed,0,,2025-07-12T15:39:52.034Z,2025-07-12T15:40:01.300Z
02bfbeba-f461-4cff-a33c-f38ab8ffaef3,-EM8K6MEA-8,completed,0,,2025-07-12T15:55:25.951Z,2025-07-12T15:55:43.676Z
4337a7da-24ae-471f-9e3f-f6d21b6d4668,Tu-Ma8aq0Yg,completed,0,,2025-07-12T15:56:06.016Z,2025-07-12T15:56:20.288Z
2ab949f0-6e57-4b7c-87e5-d62ba14ef19d,YsiR-j38HaU,completed,0,,2025-07-12T16:00:47.297Z,2025-07-12T16:00:56.056Z
629d15fd-bc5d-400a-9b34-9a6b8a15b071,uqOvODp80t0,completed,0,,2025-07-12T17:17:32.122Z,2025-07-12T17:17:39.981Z
0743a53a-4667-4e14-92f3-207089d5fc6d,VdphvuyaV_I,completed,0,,2025-07-12T17:19:06.727Z,2025-07-12T17:19:22.001Z
f5f36568-ba07-47a2-8268-744d74055160,FNpV3DQWUf8,completed,0,,2025-07-12T18:33:07.840Z,2025-07-12T18:33:19.972Z
a197a455-0b8a-417b-a43f-85aaeefcc902,0bAVd9jJE2Q,completed,0,,2025-07-12T18:33:43.720Z,2025-07-12T18:33:58.956Z
a1f062d6-e9c5-42ec-af23-cc055f8fcf49,9BGFptDZ5Ic,completed,0,,2025-07-12T18:58:43.566Z,2025-07-12T18:58:54.877Z
268957be-6b53-4c33-9c5d-ba72fba2d668,7H43yDAdYOY,completed,0,,2025-07-12T18:59:16.639Z,2025-07-12T18:59:28.235Z
891d98b1-f523-4876-bb27-7fa8fc337f48,m3aIVVCTLB4,completed,0,,2025-07-12T18:59:55.829Z,2025-07-12T19:00:12.837Z
22826c7e-4c40-4769-b1b4-c37bf5bfe77f,UojBaKX5Vz4,completed,0,,2025-07-12T19:05:00.139Z,2025-07-12T19:05:12.696Z
5bae5e9a-be51-4fb5-8d78-b66fa9bde9bd,xCRbcqhh1Jk,completed,0,,2025-07-12T19:13:15.607Z,2025-07-12T19:13:44.391Z
e9b8a76d-1d9c-41b0-9361-b011e0bf5c98,jFxtn_BQauk,completed,0,,2025-07-12T19:13:46.066Z,2025-07-12T19:13:56.180Z
5b65024d-9972-4056-9010-833183e7d909,M8dW4Dnn_7U,completed,0,,2025-07-12T19:13:57.974Z,2025-07-12T19:14:11.288Z
a93d91cf-bd5c-470b-8089-d705134527ce,06JT72o0CF8,completed,0,,2025-07-12T19:16:28.398Z,2025-07-12T19:16:50.096Z
04ba45d8-3672-4a4e-b01f-02e86dc93d50,4DZbURvoDEc,completed,0,,2025-07-12T19:16:51.764Z,2025-07-12T19:17:00.518Z
2b200f2b-4e39-4130-a21d-cf461a6338f8,qZvQiOxddT8,completed,0,,2025-07-12T19:17:57.333Z,2025-07-12T19:18:06.997Z
9fd6cbcc-ae05-4f20-96ba-869461e8fd46,t11gcbVwkKo,completed,0,,2025-07-12T19:19:03.771Z,2025-07-12T19:19:13.271Z
00a8bb57-b570-4df6-be2f-c97d03e4d884,gBQ2cmPxPhs,completed,0,,2025-07-12T19:20:00.192Z,2025-07-12T19:20:10.360Z
e7ddc480-c2a6-4502-a14b-515cf4da5b7e,RjLnB3uHCgk,completed,0,,2025-07-12T19:20:42.106Z,2025-07-12T19:20:51.048Z
6a0422ef-caa0-4d2d-8142-de6ac843c9ac,Qdr_0DYvFEE,completed,0,,2025-07-12T19:39:34.982Z,2025-07-12T19:39:45.598Z
b24866f2-a9eb-45f4-a50f-46a10d9672ac,xlU8pUQ7mn8,completed,0,,2025-07-12T19:47:19.588Z,2025-07-12T19:47:30.156Z
5ae79e4f-f6c1-479c-8508-876775aa0aaa,8x9J2ECTO9Q,completed,0,,2025-07-12T19:47:37.415Z,2025-07-12T19:47:50.622Z
0cbc0411-4ae7-47c0-a1d6-966d6704721f,sF4yuzEnJeM,completed,0,,2025-07-12T19:47:57.273Z,2025-07-12T19:48:09.964Z
d09fe626-95e8-497d-a241-cf99d0adaa96,zkv2ejcrpGs,completed,0,,2025-07-12T19:48:46.873Z,2025-07-12T19:48:59.233Z
78fd5606-c4f6-40b6-824b-046faace1c3b,evloseZCQcc,completed,0,,2025-07-12T19:49:40.996Z,2025-07-12T19:49:52.513Z
45ff38d8-c361-4939-a13b-5695968cc047,oM-JneFEdBk,completed,0,,2025-07-12T19:50:14.402Z,2025-07-12T19:50:24.694Z
15a09f47-5fb1-4bc0-9285-d2877252c49d,iLymsOJtG6c,completed,0,,2025-07-12T19:51:11.633Z,2025-07-12T19:51:20.799Z
deb7d1db-429e-4427-80a3-e40d3022c0c4,XYn-iMfq54A,completed,0,,2025-07-12T19:51:32.618Z,2025-07-12T19:51:42.581Z
8900bd72-17fe-48b3-896c-d369ca1a822f,SrdCXBZs4j8,completed,0,,2025-07-12T19:52:04.435Z,2025-07-12T19:52:13.967Z
af4671b4-3bfb-470c-8dcd-b87dbe1fe1ba,ZE7jhyC-skg,completed,0,,2025-07-12T19:53:20.918Z,2025-07-12T19:53:34.565Z
96570aa3-52e9-4ee7-8c7c-737c67e3f53d,jSPpbOGnFgk,completed,0,,2025-07-12T20:03:52.521Z,2025-07-12T20:04:01.771Z
b817a4a5-62e1-49e3-b6d2-26b1db597240,ppJQKfqhFfE,completed,0,,2025-07-12T20:04:53.574Z,2025-07-12T20:05:05.981Z
e039ec38-fff6-4c47-a7e5-e5a27d8c04c6,8eA4pXV2Jsw,completed,0,,2025-07-12T20:05:47.866Z,2025-07-12T20:05:58.583Z
52d248d2-c795-49c4-9396-f34300ff00c8,ZZjnfWx0cvw,completed,0,,2025-07-12T20:08:55.634Z,2025-07-12T20:09:07.885Z
05e51569-a71b-4dba-b87e-2833bfde2ebb,s2Jolbn671A,completed,0,,2025-07-12T20:09:34.738Z,2025-07-12T20:09:44.209Z
b1981fa2-b5b1-4475-87b3-4475540c2861,AfSjnsYiY_A,completed,0,,2025-07-12T20:15:26.578Z,2025-07-12T20:15:37.651Z
afc8b9bd-33cb-42b6-9fe5-579d9fd06898,m-v-LGOfaKo,completed,0,,2025-07-12T20:16:44.611Z,2025-07-12T20:16:53.603Z
05b3951f-6954-4909-9eb1-b66f468fef2c,XvaGCQAW6fo,completed,0,,2025-07-12T20:18:45.475Z,2025-07-12T20:18:54.133Z
f542decc-fee9-407c-861e-a2f91bf8deee,MBNQgq56egk,completed,0,,2025-07-12T20:20:11.094Z,2025-07-12T20:20:20.049Z
f768fe97-1f77-491b-9d08-6193ff589fb0,tae8F4gkfiw,completed,0,,2025-07-12T20:20:26.737Z,2025-07-12T20:20:36.227Z
57154f0f-e4f5-48a4-a83c-7731cef38d51,D56XxiS_pJ0,completed,0,,2025-07-12T20:20:37.849Z,2025-07-12T20:20:47.259Z
2e709e12-060d-484f-b485-1415ef11035c,nJ0Nk07_5po,completed,0,,2025-07-12T20:20:48.863Z,2025-07-12T20:20:57.028Z
d1ae4432-0ec4-4217-b0a1-e2f6fd6540c3,Bnzhtwxb0Uk,completed,0,,2025-07-12T20:20:58.815Z,2025-07-12T20:21:06.427Z
55efaca9-7c2f-4d3b-b945-35b411b49a20,esPA36SmVV0,completed,0,,2025-07-12T20:23:18.481Z,2025-07-12T20:23:27.044Z
69790d67-8290-4e9b-82fa-a87ef483c748,X61BVv6pLtw,completed,0,,2025-07-12T20:25:39.108Z,2025-07-12T20:25:47.957Z
2597ed59-1e78-4ba9-a26b-282b52dae585,6pXU7JumV_Y,completed,0,,2025-07-12T20:29:45.333Z,2025-07-12T20:29:55.460Z
d1b2c3cf-8ba4-42f1-8db6-dd6f51c11624,5p2k55F-uag,completed,0,,2025-07-12T20:30:22.313Z,2025-07-12T20:30:31.105Z
037d1d8b-e422-4677-ba06-254a99b26926,Z4N8lzKNfy4,completed,0,,2025-07-12T20:30:32.915Z,2025-07-12T20:30:42.139Z
a0138a22-0d86-4fcf-b707-6910a702bf66,GB9jFPUb7HA,completed,0,,2025-07-12T20:30:43.808Z,2025-07-12T20:30:52.539Z
f14330ad-bf36-4121-905a-e743860907c9,YT57RMxA-Eo,completed,0,,2025-07-12T20:31:04.230Z,2025-07-12T20:31:13.004Z
5793065e-6e2c-47a1-9122-838ef90f9b24,_fI22wsi3FY,completed,0,,2025-07-12T20:31:59.897Z,2025-07-12T20:32:09.462Z
5b0c2908-7495-4416-b288-1b7619be121b,J6YlaeACE4E,completed,0,,2025-07-12T20:32:26.260Z,2025-07-12T20:32:36.058Z
515414c8-9235-437b-a95e-ddd16a70a436,bxaSKjlYFmo,completed,0,,2025-07-12T20:32:37.864Z,2025-07-12T20:32:45.190Z
55a8d774-fd32-4593-9765-5b6c2025685d,d8TwMqpBeL4,completed,0,,2025-07-12T20:32:47.052Z,2025-07-12T20:32:54.995Z
e9fba409-eaa8-40e9-8162-687cbeed0142,AIOAlaACuv4,completed,0,,2025-07-12T20:33:16.869Z,2025-07-12T20:33:27.272Z
a6190081-23a8-4cef-9924-07ae5b546afc,zzlqEDDaXdw,completed,0,,2025-07-12T20:34:19.199Z,2025-07-12T20:34:28.073Z
3a73709e-5a34-46cc-8646-dafa08255c8b,s-WD0yjjiJc,completed,0,,2025-07-12T20:34:29.740Z,2025-07-12T20:34:38.375Z
fb9dbbbe-aed5-4ef9-9232-8e5a381e7d85,KAc7Dwy9nXo,completed,0,,2025-07-12T20:34:55.199Z,2025-07-12T20:35:03.752Z
2acfceed-208c-4304-a3fc-b11c9e685ed6,v2E3ATcEGM4,completed,0,,2025-07-12T20:35:40.508Z,2025-07-12T20:35:50.463Z
c903bfbd-081f-4a40-b54f-ce9ee76b5175,4aTzrdpsD8Q,completed,0,,2025-07-12T20:35:57.105Z,2025-07-12T20:36:06.111Z
3196324c-1c4a-4218-a95a-8a9542739631,vK5kC5ej6I0,completed,0,,2025-07-12T21:08:21.639Z,2025-07-12T21:08:31.967Z
d1216b82-333c-4eb3-aa14-8fa70f4bdd84,4ZGHO8wSwpg,completed,0,,2025-07-12T21:08:58.706Z,2025-07-12T21:09:07.328Z
2bf734fa-67c3-4351-8e2f-fd1ddc494847,Hrph2EW9VjY,completed,0,,2025-07-12T21:09:13.996Z,2025-07-12T21:09:24.308Z
0bd64030-9921-41e5-9024-41e8b4f2ee5e,lVG9uZmgRlk,completed,0,,2025-07-12T21:09:30.987Z,2025-07-12T21:09:39.580Z
76c66737-0163-4527-842a-5445a643466d,poz6zstbiOI,completed,0,,2025-07-12T21:09:41.470Z,2025-07-12T21:09:49.102Z
8b818ddc-f116-47ae-8a33-44373f173cb6,hwZNL7QVJjE,completed,0,,2025-07-12T21:11:56.139Z,2025-07-12T21:12:04.743Z
ce48890b-5bb3-4755-a5b1-9cd96fc60399,3tepxOAEBIE,completed,0,,2025-07-12T21:36:29.675Z,2025-07-12T21:36:38.651Z
3ebbaa7f-5442-435a-ac1a-659c04f0d13e,kln_bIndDJg,completed,0,,2025-07-12T21:37:10.639Z,2025-07-12T21:37:21.279Z
29e1303d-be32-4688-945d-33be88fba31d,8Ti1N9ECSXk,completed,0,,2025-07-12T21:41:33.444Z,2025-07-12T21:41:42.544Z
5ddfd7ab-b431-419b-9090-2fd15a58af60,80_39eAx3z8,completed,0,,2025-07-12T21:42:25.328Z,2025-07-12T21:42:33.996Z
2788220a-96df-4839-bb19-b586d1bcb564,tPv9ZPXmFWU,completed,0,,2025-07-12T21:42:35.791Z,2025-07-12T21:42:44.653Z
2e3c49c4-fef7-4181-9b2c-9118f6ab3e7e,BeZvJG4k-Ws,completed,0,,2025-07-12T21:44:47.108Z,2025-07-12T21:44:56.661Z
ad123ada-eda6-4063-b39b-fbdfa3a918d9,pAyKJAtDNCw,completed,0,,2025-07-12T21:44:58.429Z,2025-07-12T21:45:08.087Z
b50ff408-e226-4ac1-b39e-36828baff3aa,PIU07YPHKms,completed,0,,2025-07-12T21:45:35.012Z,2025-07-12T21:45:44.560Z
53d5ef10-810f-4dc8-b98f-dbae3e6460e0,HIu7sxhTcsY,completed,0,,2025-07-12T21:46:46.318Z,2025-07-12T21:46:54.727Z
c527d1ee-6381-4264-a974-0aa02fc7a78f,MCDZ_lgiK3k,completed,0,,2025-07-12T21:47:21.976Z,2025-07-12T21:47:31.786Z
4261800f-790d-4f0f-8055-12ab6d5b2de5,Spw2QmPPl8I,completed,0,,2025-07-12T21:47:48.672Z,2025-07-12T21:47:58.550Z
3c5c5a2e-5718-476b-be62-4145bb391eaf,oRPNXfqALOo,completed,0,,2025-07-12T21:50:00.575Z,2025-07-12T21:50:08.901Z
e5aca400-7f94-4d41-8f51-fa92b9a4caa7,5X-Mrc2l1d0,completed,0,,2025-07-12T21:50:20.915Z,2025-07-12T21:50:29.991Z
80bc4eb7-b05e-4c77-8218-2f641ea72a5f,Gs_AGb1kwrA,completed,0,,2025-07-12T21:50:31.789Z,2025-07-12T21:50:42.019Z
0666d7e9-f73d-45b4-bc68-b619b2f43020,nXcQTMk-CCg,completed,0,,2025-07-12T21:51:13.875Z,2025-07-12T21:51:23.328Z
f2a94626-ac82-49ff-ab79-31989620b5db,L7UMubmfbH0,completed,0,,2025-07-12T21:52:00.180Z,2025-07-12T21:52:09.181Z
82a89ee5-8a59-4f8e-8c57-1d0c73b970ec,jo7f059kJ-A,completed,0,,2025-07-12T21:54:11.112Z,2025-07-12T21:54:20.891Z
6079332c-7964-4b19-ad18-61bb0a6a58f7,YvhArdsVVNc,completed,0,,2025-07-12T21:54:32.541Z,2025-07-12T21:54:40.603Z
65623f09-5a3e-4126-8fa1-7c34d4211126,1VdVnhlC9CA,completed,0,,2025-07-12T21:59:58.012Z,2025-07-12T22:00:06.316Z
fbff929d-1afa-48d1-af53-6e18b4c010c4,slGYJfPtW7c,completed,0,,2025-07-12T22:00:07.988Z,2025-07-12T22:00:15.575Z
e990a08c-ee60-4b8a-8a83-a0dae37bd56d,WsPaJdvBzhE,completed,0,,2025-07-12T22:00:17.361Z,2025-07-12T22:00:26.825Z
d101f68a-5f17-4b16-ace7-17658b1285a9,aVky4kfn4Z8,completed,0,,2025-07-12T22:00:28.661Z,2025-07-12T22:00:35.830Z
1796ac1d-75d6-4382-a830-166bc9720faf,7sjZHvGkQw8,completed,0,,2025-07-12T22:00:37.530Z,2025-07-12T22:00:45.571Z
4b23c376-c864-4500-a748-c7a43b2704ac,74gx0v5ZJzw,completed,0,,2025-07-12T22:00:47.264Z,2025-07-12T22:00:56.145Z
0ada3bad-0370-4cd0-b54b-f8c9c188a7bc,HKGjCPBSG38,completed,0,,2025-07-12T22:00:57.984Z,2025-07-12T22:01:06.689Z
0f1f7bbe-184a-4768-8db9-77f0a3786713,i05gKtHWjGY,completed,0,,2025-07-12T22:01:08.382Z,2025-07-12T22:01:16.463Z
d5cf1a08-44d1-449d-a5fe-889b9969a687,0sLEmLVRB4c,completed,0,,2025-07-12T22:01:18.292Z,2025-07-12T22:01:25.982Z
f6725791-0af4-405d-a308-801b7a94da3f,y3KJ7d2qBoA,completed,0,,2025-07-12T22:03:13.006Z,2025-07-12T22:03:21.779Z
4ed9489c-2ed0-454f-90a2-cd412ac3b5b3,dRPwFAoQwxc,completed,0,,2025-07-12T22:12:49.647Z,2025-07-12T22:12:58.273Z
9e0a7bb3-d9d3-4ed6-8e76-3464a412d998,OADhKjNz8mI,completed,0,,2025-07-12T22:17:15.716Z,2025-07-12T22:17:24.582Z
80c72faa-76a6-40f2-afdb-15775c389fe4,8jWw0Rr47-M,completed,0,,2025-07-12T22:18:06.449Z,2025-07-12T22:18:15.193Z
211af503-3dba-4dc1-be08-30d6d490a9e4,xOxb-nNoLPE,completed,0,,2025-07-12T22:18:31.894Z,2025-07-12T22:18:41.896Z
e45681a3-d9cb-4ffd-b97f-876da71b07dd,pFBgHMbrQK4,completed,0,,2025-07-12T22:18:53.724Z,2025-07-12T22:19:02.619Z
cfc8c19c-19e6-46a0-aaa5-b59409ac1990,tMJzR7lFg4s,completed,0,,2025-07-12T22:19:34.542Z,2025-07-12T22:19:43.680Z
52987d16-9975-48d9-ab83-ab17eb25be94,tJu1N5RdDeU,completed,0,,2025-07-12T22:19:50.528Z,2025-07-12T22:20:00.665Z
4aee7835-7270-46eb-9147-0d23465b16cf,wp43OdtAAkM,completed,0,,2025-07-12T22:23:48.421Z,2025-07-12T22:23:58.048Z
84d6afa2-4748-4ee9-8467-df87d5d7dd6a,MoXmhtYclXA,completed,0,,2025-07-12T22:29:50.430Z,2025-07-12T22:29:58.472Z
965c8e8b-6daa-47c9-93fb-6513d4c762a7,IF9k5lan35w,completed,0,,2025-07-12T22:38:21.347Z,2025-07-12T22:38:30.177Z
5320eb50-d223-46c5-9f1c-5e95150a4525,rx08E0b0Rs0,completed,0,,2025-07-12T22:40:22.092Z,2025-07-12T22:40:31.111Z
2769b3be-473b-4e52-b1f7-50606a66704b,mcVmtfuNwUQ,completed,0,,2025-07-12T22:42:43.133Z,2025-07-12T22:42:50.830Z
38b88799-c713-45f8-82d1-d0313081a858,3VmoZrxXbmg,completed,0,,2025-07-12T22:55:34.899Z,2025-07-12T22:55:45.196Z
14339463-6147-4092-b053-1c48d493619b,o0b48EWd0iI,completed,0,,2025-07-12T22:55:47.216Z,2025-07-12T22:55:55.619Z
f0d21c8a-f74e-443c-b152-1730b525fdc8,s3fcKFQukbY,completed,0,,2025-07-12T22:55:57.430Z,2025-07-12T22:56:06.464Z
b504708a-f90d-40fd-9e50-37413e03130a,1PNFIbD2qGo,completed,0,,2025-07-12T22:56:08.139Z,2025-07-12T22:56:23.415Z
4ec1289d-19fd-43ac-ba33-b94080097802,RUV55lGPGaY,completed,0,,2025-07-12T23:01:55.864Z,2025-07-12T23:02:05.026Z
