id,title,artist,youtube_id,youtube_url,duration,thumbnail_url
d2868457-a2ac-4879-95d4-b77b5b37a02c,J (∆) Breezeblocks,alt,rVeMiVU77wo,https://www.youtube.com/watch?v=rVeMiVU77wo,227,https://i.ytimg.com/vi/rVeMiVU77wo/mqdefault.jpg
e9c0010d-4bed-49e2-afe9-f53bb722c268,J (∆) - Taro,Alt,S3fTw_D3l10,https://www.youtube.com/watch?v=S3fTw_D3l10,307,https://i.ytimg.com/vi/S3fTw_D3l10/mqdefault.jpg
b6daed71-3598-424b-bb13-788dd8c666a8,J - Tessellate,alt,Qg6BwvDcANg,https://www.youtube.com/watch?v=Qg6BwvDcANg,188,https://i.ytimg.com/vi/Qg6BwvDcANg/mqdefault.jpg
a6f1b784-f651-4d23-a074-6126579a7ada,J - Hunger Of The Pine,alt,dCCXq9QB-dQ,https://www.youtube.com/watch?v=dCCXq9QB-dQ,227,https://i.ytimg.com/vi/dCCXq9QB-dQ/mqdefault.jpg
9c2acbe2-611d-4b3d-9183-d545ccc64f63,Breaking The Law,Judas Priest,L397TWLwrUU,https://www.youtube.com/watch?v=L397TWLwrUU,158,https://i.ytimg.com/vi/L397TWLwrUU/mqdefault.jpg
c215a3f0-8cd9-4b20-93f1-ee05cae2e28f,Taro,alt-J - Topic,v4ffyemvIjQ,https://www.youtube.com/watch?v=v4ffyemvIjQ,315,https://i.ytimg.com/vi/v4ffyemvIjQ/mqdefault.jpg
b2ab2cf1-1633-40fe-b609-8b380ec1b0b9,Taro,alt-J - Topic,cfdgluR8EqY,https://www.youtube.com/watch?v=cfdgluR8EqY,315,https://i.ytimg.com/vi/cfdgluR8EqY/mqdefault.jpg
72d250bf-b017-43fc-b206-e299706bf101,J - Taro (Live on KEXP),Alt,0W3YQu00kXY,https://www.youtube.com/watch?v=0W3YQu00kXY,297,https://i.ytimg.com/vi/0W3YQu00kXY/mqdefault.jpg
398b0eac-561e-49f7-bcb4-37211d776799,Paint The Town Red,Doja Cat,m4_9TFeMfJE,https://www.youtube.com/watch?v=m4_9TFeMfJE,296,https://i.ytimg.com/vi/m4_9TFeMfJE/mqdefault.jpg
dc89304a-41c4-413c-9f2c-c974a5c9f3e2,BIMBO (20 июня) 💅🏻,Мэйби Бэйби,RhtjDGYlZQs,https://www.youtube.com/watch?v=RhtjDGYlZQs,15,https://i.ytimg.com/vi/RhtjDGYlZQs/mqdefault.jpg
951119d8-a07f-4707-a2e6-2ccf9e8bf1d2,&quot;BAD BARBIE CASH&quot; 💅💵 | Brat Pop / Bimbo Plugg,[FREE] SLAYYYTER x AYESHA EROTICA Type Beat,QhPL7bbaFSo,https://www.youtube.com/watch?v=QhPL7bbaFSo,125,https://i.ytimg.com/vi/QhPL7bbaFSo/mqdefault.jpg
5df3b872-379b-4a11-b786-9fc4b8c0f4f8,PRIDE.,Kendrick Lamar - Topic,pRGmFiEyr0A,https://www.youtube.com/watch?v=pRGmFiEyr0A,276,https://i.ytimg.com/vi/pRGmFiEyr0A/mqdefault.jpg
ebaf7a14-c64f-4c01-89e3-18ae0e54b0cf,Pride,U2,LHcP4MWABGY,https://www.youtube.com/watch?v=LHcP4MWABGY,247,https://i.ytimg.com/vi/LHcP4MWABGY/mqdefault.jpg
8c92bd5e-c978-447a-b3c1-be8e60538f81,Hello,Adele,YQHsXMglC9A,https://www.youtube.com/watch?v=YQHsXMglC9A,367,https://i.ytimg.com/vi/YQHsXMglC9A/mqdefault.jpg
9a2a9a74-2a94-49f4-945b-8cfa3460b03d,Softcore,The Neighbourhood,ggG9ySCChYw,https://www.youtube.com/watch?v=ggG9ySCChYw,211,https://i.ytimg.com/vi/ggG9ySCChYw/mqdefault.jpg
e70079fb-9c9e-4a74-9400-6153214ec230,Sweater Weather,The Neighbourhood,GCdwKhTtNNw,https://www.youtube.com/watch?v=GCdwKhTtNNw,253,https://i.ytimg.com/vi/GCdwKhTtNNw/mqdefault.jpg
53322744-7426-4300-b7a4-dcccb049fb8f,Satellite,Bebe Rexha &amp; Snoop Dogg,VBHr0faDCoQ,https://www.youtube.com/watch?v=VBHr0faDCoQ,239,https://i.ytimg.com/vi/VBHr0faDCoQ/mqdefault.jpg
e2f78539-0c1c-45de-a568-28bab28b9b0d,Doin&#39; The Cockroach,Modest Mouse - Topic,RIXWhTjnQwQ,https://www.youtube.com/watch?v=RIXWhTjnQwQ,259,https://i.ytimg.com/vi/RIXWhTjnQwQ/mqdefault.jpg
39bd3fae-e9dd-40af-9e8e-5985b2f0e9ca,Sail,AWOLNATION,tgIqecROs5M,https://www.youtube.com/watch?v=tgIqecROs5M,264,https://i.ytimg.com/vi/tgIqecROs5M/mqdefault.jpg
d4590f71-dc86-446f-9e23-05708ff15272,20 Min,Lil Uzi Vert - Topic,rj9sZsKE7-g,https://www.youtube.com/watch?v=rj9sZsKE7-g,221,https://i.ytimg.com/vi/rj9sZsKE7-g/mqdefault.jpg
bca02f00-b33d-40b4-bdc7-9992b18da974,Regular People| New Indie Song 2024,Moon Walker,W-j5FzbJI-U,https://www.youtube.com/watch?v=W-j5FzbJI-U,227,https://i.ytimg.com/vi/W-j5FzbJI-U/mqdefault.jpg
8eea2152-32b7-4dd1-b854-2825e9da75e2,WTF,Eric Reprid,vn18xrU4fAc,https://www.youtube.com/watch?v=vn18xrU4fAc,121,https://i.ytimg.com/vi/vn18xrU4fAc/mqdefault.jpg
9deef660-f65a-4e4e-8d09-804d9cc0d153,SUKI,Eric Reprid,zbpWYvUVAjU,https://www.youtube.com/watch?v=zbpWYvUVAjU,128,https://i.ytimg.com/vi/zbpWYvUVAjU/mqdefault.jpg
1ed4ae18-8452-49c1-963c-71f127757f85,Save Your Tears,The Weeknd,XXYlFuWEuKI,https://www.youtube.com/watch?v=XXYlFuWEuKI,249,https://i.ytimg.com/vi/XXYlFuWEuKI/mqdefault.jpg
4681465e-6f25-4b43-9022-8a87d5c4a8d2,Timeless,"The Weeknd, Playboi Carti",5EpyN_6dqyk,https://www.youtube.com/watch?v=5EpyN_6dqyk,257,https://i.ytimg.com/vi/5EpyN_6dqyk/mqdefault.jpg
eb49c737-3dc1-45b9-a73f-dd0c1c79b77e,Pumped Up Kicks,Foster The People,SDTZ7iX4vTQ,https://www.youtube.com/watch?v=SDTZ7iX4vTQ,256,https://i.ytimg.com/vi/SDTZ7iX4vTQ/mqdefault.jpg
e6169d11-c26b-47fc-847f-03f35103404e,After Dark,Mr.Kitty,sVx1mJDeUjY,https://www.youtube.com/watch?v=sVx1mJDeUjY,258,https://i.ytimg.com/vi/sVx1mJDeUjY/mqdefault.jpg
396be40b-e3b3-4973-96b1-6a99db378013,Summertime Sadness,Lana Del Rey,TdrL3QxjyVw,https://www.youtube.com/watch?v=TdrL3QxjyVw,266,https://i.ytimg.com/vi/TdrL3QxjyVw/mqdefault.jpg
eaacaffb-aa13-46bd-ae6f-c95b2e96f433,Music To Watch Boys To,Lana Del Rey,5kYsxoWfjCg,https://www.youtube.com/watch?v=5kYsxoWfjCg,295,https://i.ytimg.com/vi/5kYsxoWfjCg/mqdefault.jpg
7c1aee21-daaf-42e1-8ee2-9da59b244f29,Ney Sesi,Elif Türküsü,-9wQNBGSdoc,https://www.youtube.com/watch?v=-9wQNBGSdoc,175,https://i.ytimg.com/vi/-9wQNBGSdoc/mqdefault.jpg
ac81236b-e3b2-47af-9708-1e96b263a428,Hells Bells,AC/DC,etAIpkdhU9Q,https://www.youtube.com/watch?v=etAIpkdhU9Q,310,https://i.ytimg.com/vi/etAIpkdhU9Q/mqdefault.jpg
8c032817-5b82-49c2-8005-57439a2b5be0,Never Gonna Give You Up(Remaster),Rick Astley,dQw4w9WgXcQ,https://www.youtube.com/watch?v=dQw4w9WgXcQ,214,https://i.ytimg.com/vi/dQw4w9WgXcQ/mqdefault.jpg
dae58240-40cf-44b6-8ba3-01fee38d9dbb,AS A.W.O.L,Amnesia Scanner,5CEmVTzmzpw,https://www.youtube.com/watch?v=5CEmVTzmzpw,211,https://i.ytimg.com/vi/5CEmVTzmzpw/mqdefault.jpg
76a7ce3f-41c1-443b-8d95-7920cdb498b1,5 Million Ways to Kill a C.E.O.,The Coup,RQthFDpYCys,https://www.youtube.com/watch?v=RQthFDpYCys,277,https://i.ytimg.com/vi/RQthFDpYCys/mqdefault.jpg
a634d281-a426-48c4-b37a-5ff41c534c68,Can You Feel My Heart,Bring Me The Horizon,QJJYpsA5tv8,https://www.youtube.com/watch?v=QJJYpsA5tv8,229,https://i.ytimg.com/vi/QJJYpsA5tv8/mqdefault.jpg
f01b3946-ffd5-42b8-a0e2-4912d1ff2f47,Rock With You,Michael Jackson - Topic,aCjxP58Ydik,https://www.youtube.com/watch?v=aCjxP58Ydik,221,https://i.ytimg.com/vi/aCjxP58Ydik/mqdefault.jpg
550d8f5b-9dc7-47cc-adcd-8540408682bf,My Most Difficult Speedrun in FL Studio #shorts,robtmb,gdLhQAbyLwQ,https://www.youtube.com/watch?v=gdLhQAbyLwQ,53,https://i.ytimg.com/vi/gdLhQAbyLwQ/mqdefault.jpg
b21772b0-e501-4a9b-b9c3-38fb04afa4ca,They Don’t Care About Us,Michael Jackson,QNJL6nfu__Q,https://www.youtube.com/watch?v=QNJL6nfu__Q,282,https://i.ytimg.com/vi/QNJL6nfu__Q/mqdefault.jpg
fc3047ca-5464-4869-9543-183762f1a8bc,Smooth Criminal,Michael Jackson,h_D3VFfhvs4,https://www.youtube.com/watch?v=h_D3VFfhvs4,566,https://i.ytimg.com/vi/h_D3VFfhvs4/mqdefault.jpg
bc383731-d4cd-4dac-90b9-9ea4c059dbe3,Earth Song,Michael Jackson,XAi3VTSdTxU,https://www.youtube.com/watch?v=XAi3VTSdTxU,405,https://i.ytimg.com/vi/XAi3VTSdTxU/mqdefault.jpg
6fbc1a1a-25ad-4d0b-85e8-cc7dbf63a7c5,Will You Be There,Michael Jackson,jQY_QL_wvQU,https://www.youtube.com/watch?v=jQY_QL_wvQU,218,https://i.ytimg.com/vi/jQY_QL_wvQU/mqdefault.jpg
db9eb7e0-b73e-4ae9-bce5-6dc84c9e7e23,Billie Jean,Michael Jackson,Zi_XLOBDo_Y,https://www.youtube.com/watch?v=Zi_XLOBDo_Y,296,https://i.ytimg.com/vi/Zi_XLOBDo_Y/mqdefault.jpg
1950c698-bed6-48a4-82ef-227f0b3cf31f,Beat It,Michael Jackson,oRdxUFDoQe0,https://www.youtube.com/watch?v=oRdxUFDoQe0,299,https://i.ytimg.com/vi/oRdxUFDoQe0/mqdefault.jpg
d9b25285-10cf-4c33-b94c-c367368dad9a,Dirty Diana,Michael Jackson,yUi_S6YWjZw,https://www.youtube.com/watch?v=yUi_S6YWjZw,306,https://i.ytimg.com/vi/yUi_S6YWjZw/mqdefault.jpg
b6ae0c33-b7aa-4cb6-908c-c41dcf3c12e2,Give In To Me,Michael Jackson,LJ7qXHjxj_0,https://www.youtube.com/watch?v=LJ7qXHjxj_0,331,https://i.ytimg.com/vi/LJ7qXHjxj_0/mqdefault.jpg
b27106ae-2c00-4e8a-b9be-ec946e6c7888,Thriller,Michael Jackson,4V90AmXnguw,https://www.youtube.com/watch?v=4V90AmXnguw,202,https://i.ytimg.com/vi/4V90AmXnguw/mqdefault.jpg
7db6e81e-29c7-40be-8bc1-89c9516c7d5f,Man In The Mirror,Michael Jackson,PivWY9wn5ps,https://www.youtube.com/watch?v=PivWY9wn5ps,304,https://i.ytimg.com/vi/PivWY9wn5ps/mqdefault.jpg
6bd462fd-4613-4460-b14c-31a58ad9a3e0,Qalbi Fil Madinah | Official Music Video | قلبي في المدينة,Maher Zain &amp; Harris J,2VLqZtded_0,https://www.youtube.com/watch?v=2VLqZtded_0,248,https://i.ytimg.com/vi/2VLqZtded_0/mqdefault.jpg
11bee21f-7fb5-47e5-b0b8-f691a7650d97,Ya Nabi Salam Alayka (Arabic) | ماهر زين - يا نبي سلام عليك | Official Music Video,Maher Zain,Vqfy4ScRXFQ,https://www.youtube.com/watch?v=Vqfy4ScRXFQ,337,https://i.ytimg.com/vi/Vqfy4ScRXFQ/mqdefault.jpg
f85288bd-5438-413a-8504-ddc4c6c80888,Rahmatun Lil’Alameenماهر زين - رحمةٌ للعالمين,Maher Zain,tBbdSzwxqyY,https://www.youtube.com/watch?v=tBbdSzwxqyY,261,https://i.ytimg.com/vi/tBbdSzwxqyY/mqdefault.jpg
636dfbf9-72aa-442e-b18e-005a1818bdf5,Antassalam - Official Music Video |  ماهر زين - أنت السلام,Maher Zain,wjJ_3DQ7qCU,https://www.youtube.com/watch?v=wjJ_3DQ7qCU,250,https://i.ytimg.com/vi/wjJ_3DQ7qCU/mqdefault.jpg
74500570-3d0d-438a-905e-0abd878717ed,Still In Saigon,Charlie Daniels - Topic,KmslaEudR3M,https://www.youtube.com/watch?v=KmslaEudR3M,232,https://i.ytimg.com/vi/KmslaEudR3M/mqdefault.jpg
1a9abd46-dc8b-4732-a229-52756d4fb1a5,غصن رمان,Maryam Shehab,9AXWuVmr6d4,https://www.youtube.com/watch?v=9AXWuVmr6d4,151,https://i.ytimg.com/vi/9AXWuVmr6d4/mqdefault.jpg
125af67b-777d-4e00-a584-09cf8bbe95e5,lofi hip hop radio 📚 beats to relax/study to,Lofi Girl,jfKfPfyJRdk,https://www.youtube.com/watch?v=jfKfPfyJRdk,0,https://i.ytimg.com/vi/jfKfPfyJRdk/mqdefault_live.jpg
125dfe11-cfb8-4ed2-b653-f7e7b3cf7058,Rushing Back feat. Vera Blue,Flume,Hwg7hJrDiRg,https://www.youtube.com/watch?v=Hwg7hJrDiRg,241,https://i.ytimg.com/vi/Hwg7hJrDiRg/mqdefault.jpg
bcc1f375-e863-41f2-b4e3-71c5b4f7302a,A&amp;W,Lana Del Rey,pYqky795R1s,https://www.youtube.com/watch?v=pYqky795R1s,434,https://i.ytimg.com/vi/pYqky795R1s/mqdefault.jpg
ebe37768-7996-43ad-9c43-582a0fa9cb11,With Or Without You,U2,ujNeHIo7oTE,https://www.youtube.com/watch?v=ujNeHIo7oTE,293,https://i.ytimg.com/vi/ujNeHIo7oTE/mqdefault.jpg
3ee19ff3-c45a-4caf-9f3e-1d4e7aab9fb7,Victory Lap,Fred again.. x Skepta x PlaqueBoyMax,08C987fQEKU,https://www.youtube.com/watch?v=08C987fQEKU,166,https://i.ytimg.com/vi/08C987fQEKU/mqdefault.jpg
eefe574b-572f-4fb8-b742-0eeb227be98b,Slow Jamz,Twista - Topic,raWSH1KrgFI,https://www.youtube.com/watch?v=raWSH1KrgFI,317,https://i.ytimg.com/vi/raWSH1KrgFI/mqdefault.jpg
ca984932-23e1-44c7-9921-a6cb66633375,Na-Na | SONIC,Don Tobol,ETNZ429C6nw,https://www.youtube.com/watch?v=ETNZ429C6nw,199,https://i.ytimg.com/vi/ETNZ429C6nw/mqdefault.jpg
7bff348e-9321-4edc-9d38-562d5a22e79d,Drown,Bring Me the Horizon - Topic,ymo9oX83kJI,https://www.youtube.com/watch?v=ymo9oX83kJI,223,https://i.ytimg.com/vi/ymo9oX83kJI/mqdefault.jpg
adb48494-667c-4c1f-bd47-a4116e0e088a,Top 10 staTues tHat CriEd bloOd,Bring Me The Horizon,LxxlN_FhLac,https://www.youtube.com/watch?v=LxxlN_FhLac,225,https://i.ytimg.com/vi/LxxlN_FhLac/mqdefault.jpg
b932739d-d547-4a62-9c5e-bb940b3f5135,Dancing With A Stranger,"Sam Smith, Normani",av5JD1dfj_c,https://www.youtube.com/watch?v=av5JD1dfj_c,196,https://i.ytimg.com/vi/av5JD1dfj_c/mqdefault.jpg
16e46241-d13e-4137-b0ef-502091e518ee,we never dated,sombr,2ZQka-QMzxk,https://www.youtube.com/watch?v=2ZQka-QMzxk,201,https://i.ytimg.com/vi/2ZQka-QMzxk/mqdefault.jpg
c8c2f8ed-7f69-4df2-bfb9-8c61bb313734,Check Out (feat. Leo Stannard),J. Worra,u5BypoXzGn0,https://www.youtube.com/watch?v=u5BypoXzGn0,175,https://i.ytimg.com/vi/u5BypoXzGn0/mqdefault.jpg
ae1d0df8-5f97-4ab8-b820-d634979e90aa,White Boy Summer,Chet Hanx,owK-2zmVhd8,https://www.youtube.com/watch?v=owK-2zmVhd8,142,https://i.ytimg.com/vi/owK-2zmVhd8/mqdefault.jpg
64a3561a-9b06-44ad-9284-e5d69a3b8818,Shadow Moses,Bring Me The Horizon,-k9qDxyxS3s,https://www.youtube.com/watch?v=-k9qDxyxS3s,255,https://i.ytimg.com/vi/-k9qDxyxS3s/mqdefault.jpg
3a73f385-b6af-454d-a3a9-8d4c79f05c96,Throne,Bring Me The Horizon,Ow_qI_F2ZJI,https://www.youtube.com/watch?v=Ow_qI_F2ZJI,190,https://i.ytimg.com/vi/Ow_qI_F2ZJI/mqdefault.jpg
591642ce-70fd-4781-9090-745bcb001b03,Blank Space,Taylor Swift,e-ORhEE9VVg,https://www.youtube.com/watch?v=e-ORhEE9VVg,273,https://i.ytimg.com/vi/e-ORhEE9VVg/mqdefault.jpg
a7817d57-de40-46d8-9b8d-c25b001c0c0a,Look What You Made Me Do,Taylor Swift,3tmd-ClpJxA,https://www.youtube.com/watch?v=3tmd-ClpJxA,256,https://i.ytimg.com/vi/3tmd-ClpJxA/mqdefault.jpg
2c2c466a-a714-445b-84f2-eefee0b4e7c6,Shake It Off,Taylor Swift,nfWlot6h_JM,https://www.youtube.com/watch?v=nfWlot6h_JM,242,https://i.ytimg.com/vi/nfWlot6h_JM/mqdefault.jpg
423fc2f4-55e2-4d94-8cca-9fda9a306ec6,[MV] BTS(방탄소년단) _ Boy In Luv(상남자),1theK (원더케이),m8MfJg68oCs,https://www.youtube.com/watch?v=m8MfJg68oCs,283,https://i.ytimg.com/vi/m8MfJg68oCs/mqdefault.jpg
d5abcbe1-fa35-4fee-9908-3286b6f43eaa,What&#39;s Happening 2 Vol. 7 (full tape + visuals),KEIFER GR33N,EoEAFY8XSDw,https://www.youtube.com/watch?v=EoEAFY8XSDw,2962,https://i.ytimg.com/vi/EoEAFY8XSDw/mqdefault.jpg
500c17b1-f7b6-449d-a21c-c41ea267cdca,What&#39;s Happening Divas Edition (full tape + visuals),KEIFER GR33N,uYYVs-xf4z0,https://www.youtube.com/watch?v=uYYVs-xf4z0,2502,https://i.ytimg.com/vi/uYYVs-xf4z0/mqdefault.jpg
509b0bec-ca3d-408e-b64e-b9ee6dec8b61,House Mix | CHILLAF,The Weeknd but he&#39;s dancin,0wx-X8VFY3Q,https://www.youtube.com/watch?v=0wx-X8VFY3Q,4155,https://i.ytimg.com/vi/0wx-X8VFY3Q/mqdefault.jpg
e1be08bf-0196-4658-ad9a-0baf17400eb1,House Mix | CHILLAF,Tupac but he&#39;s dancin,Ifjjtu7f39c,https://www.youtube.com/watch?v=Ifjjtu7f39c,2401,https://i.ytimg.com/vi/Ifjjtu7f39c/mqdefault.jpg
bd11966e-e773-4031-854e-5d28cee842bb,&quot;Nasty (Match My Tweak)&quot; OFFICIAL VERSION,Tinashe,VP6DmlovoFI,https://www.youtube.com/watch?v=VP6DmlovoFI,232,https://i.ytimg.com/vi/VP6DmlovoFI/mqdefault.jpg
1ccbf105-41ec-4461-9859-2f43b19398f4,"Everything is romantic * Nasty (Match My Tweak Remix) Charli XCX, Tinashe, Jane Remover * Mashup ⋆˖",beri mash,NWvjEUheGgo,https://www.youtube.com/watch?v=NWvjEUheGgo,231,https://i.ytimg.com/vi/NWvjEUheGgo/mqdefault.jpg
3551edca-9c8d-4f0b-9b08-a568bba068dc,jane_remover_endzone.zip 𝙉𝙏𝙎 05⁄12⁄2024,flashmemories,jw6N-5K6fE0,https://www.youtube.com/watch?v=jw6N-5K6fE0,3603,https://i.ytimg.com/vi/jw6N-5K6fE0/mqdefault.jpg
56024493-54e2-43a4-8edf-72d5d50d2154,jane_remover_dejavu.zip 𝙉𝙏𝙎 08⁄11⁄2024,flashmemories,zqbVmw8FEFg,https://www.youtube.com/watch?v=zqbVmw8FEFg,3601,https://i.ytimg.com/vi/zqbVmw8FEFg/mqdefault.jpg
232bff9d-3ef8-46c5-8252-2756f49f6ccd,Chillstep Mix 2025 [2 Hours],MixHound,UlZYU5t4__0,https://www.youtube.com/watch?v=UlZYU5t4__0,7224,https://i.ytimg.com/vi/UlZYU5t4__0/mqdefault.jpg
428ef8a3-b0ef-454f-8126-664807a56bd7,Epic Chillstep Collection 2025 [Chillstep Mix],Arctic Empire,cQQ-WvfIzUM,https://www.youtube.com/watch?v=cQQ-WvfIzUM,7400,https://i.ytimg.com/vi/cQQ-WvfIzUM/mqdefault.jpg
d04a17bc-d79b-4e30-aae1-9e2d78937157,Broken Hearts (full tape + visuals),KEIFERGR33N,02tbyldfPW0,https://www.youtube.com/watch?v=02tbyldfPW0,1448,https://i.ytimg.com/vi/02tbyldfPW0/mqdefault.jpg
247d42a0-63e0-4b2c-9742-e54a863b4349,GR33N MEANS GO! Vol. 1 (full tape + visuals),KEIFER GR33N,EuJ5KYt3D_M,https://www.youtube.com/watch?v=EuJ5KYt3D_M,1400,https://i.ytimg.com/vi/EuJ5KYt3D_M/mqdefault.jpg
8786138e-46e8-4e7d-bc87-cedd1b6def4d,jane_remover_remixes_vol2.zip (visualizer),Jane Remover,qe8d2WohZLI,https://www.youtube.com/watch?v=qe8d2WohZLI,3605,https://i.ytimg.com/vi/qe8d2WohZLI/mqdefault.jpg
13502614-b9a6-460d-ba19-09c195207d37,jane_remover_heatwave.zip 𝙉𝙏𝙎 21⁄06⁄2024,flashmemories,LwN3IXGtvBA,https://www.youtube.com/watch?v=LwN3IXGtvBA,3602,https://i.ytimg.com/vi/LwN3IXGtvBA/mqdefault.jpg
8361e113-db80-441d-88e6-fc91cd3ec993,House Mix | CHILLAF,Travis Scott but he&#39;s dancin,A4Sj15nTi0Y,https://www.youtube.com/watch?v=A4Sj15nTi0Y,1563,https://i.ytimg.com/vi/A4Sj15nTi0Y/mqdefault.jpg
2997447b-7c85-4d67-9941-ce7f7eb2a92b,DJ Taj Jersey Club Spring Mix 2025!,DJ Taj,G8cNm6sc3iU,https://www.youtube.com/watch?v=G8cNm6sc3iU,2034,https://i.ytimg.com/vi/G8cNm6sc3iU/mqdefault.jpg
aea1eaca-875f-40a3-9f8d-7f5531b6b58b,"Jersey Club Fall Mix 2024 ( DJ Sliink, DJ Taj, Fazobeats, DJ Irresistible)",DJ Irresistible,gUsuc9aJv7M,https://www.youtube.com/watch?v=gUsuc9aJv7M,1499,https://i.ytimg.com/vi/gUsuc9aJv7M/mqdefault.jpg
71f07f7d-4e92-4059-9f30-f6be1a5bb5da,Walmart got some explaining to do! 👀 😳,Marcos Sanchez,ERra4_kOVhI,https://www.youtube.com/watch?v=ERra4_kOVhI,30,https://i.ytimg.com/vi/ERra4_kOVhI/mqdefault.jpg
966dc6f0-f6db-4641-be78-8c0c2766c393,"&quot;Bounce, Rock, Skate, Roll&quot; By Vaughan Mason &amp; Crew",Androsaryan Norman,tr4O3dJcWm0,https://www.youtube.com/watch?v=tr4O3dJcWm0,322,https://i.ytimg.com/vi/tr4O3dJcWm0/mqdefault.jpg
193df646-1a45-4b26-8919-d90930056416,Push[Remaster],Matchbox Twenty,HAkHqYlqops,https://www.youtube.com/watch?v=HAkHqYlqops,246,https://i.ytimg.com/vi/HAkHqYlqops/mqdefault.jpg
dd2d85de-2014-473e-927f-d7bbd2ea3d1f,blue (Lyrics),yung kai,4adZ7AguVcw,https://www.youtube.com/watch?v=4adZ7AguVcw,215,https://i.ytimg.com/vi/4adZ7AguVcw/mqdefault.jpg
6ccf36a1-19f8-4516-ae4d-99a655c7a149,The Test,The Chemical Brothers,yhS9LnDoo_w,https://www.youtube.com/watch?v=yhS9LnDoo_w,364,https://i.ytimg.com/vi/yhS9LnDoo_w/mqdefault.jpg
ab15f3ad-c1c3-4639-933e-c221d2d872a2,Płyń pod prąd / Gdy gaśnie w nas płomień,Test,EsC5jFe6S9A,https://www.youtube.com/watch?v=EsC5jFe6S9A,338,https://i.ytimg.com/vi/EsC5jFe6S9A/mqdefault.jpg
164be936-cdee-4312-b444-bb3fb6cf6b7e,Juna,Clairo,TsxAVFQkXQ8,https://www.youtube.com/watch?v=TsxAVFQkXQ8,196,https://i.ytimg.com/vi/TsxAVFQkXQ8/mqdefault.jpg
dc782e24-619b-46c7-b219-6ce25d8f0f00,Sofia,Clairo,L9l8zCOwEII,https://www.youtube.com/watch?v=L9l8zCOwEII,189,https://i.ytimg.com/vi/L9l8zCOwEII/mqdefault.jpg
01a33bc2-a265-4cd7-8335-9243e11c7d58,Sandeep Khare - Official Music Video,YE YE NA,mSyTJoTWLpE,https://www.youtube.com/watch?v=mSyTJoTWLpE,352,https://i.ytimg.com/vi/mSyTJoTWLpE/mqdefault.jpg
5f2f72a1-f4b0-4855-a2b6-61ff0e45bf52,Just A Lil Bit,50 Cent,GllEDACUbNo,https://www.youtube.com/watch?v=GllEDACUbNo,258,https://i.ytimg.com/vi/GllEDACUbNo/mqdefault.jpg
a2e9868d-4a7f-44d4-b8fd-22da17f8d5e5,Photograph,Nickelback,T3rXdeOvhNE,https://www.youtube.com/watch?v=T3rXdeOvhNE,262,https://i.ytimg.com/vi/T3rXdeOvhNE/mqdefault.jpg
ccbfa64a-4ee3-406f-9d76-6a7793ca5001,"Lifestyleft. Young Thug, Rich Homie Quan",Rich Gang,nGt_JGHYEO4,https://www.youtube.com/watch?v=nGt_JGHYEO4,264,https://i.ytimg.com/vi/nGt_JGHYEO4/mqdefault.jpg
1e309134-d853-449b-9e87-07b9afda1521,Don&#39;t Let Me Down,The Beatles,NCtzkaL2t_Y,https://www.youtube.com/watch?v=NCtzkaL2t_Y,212,https://i.ytimg.com/vi/NCtzkaL2t_Y/mqdefault.jpg
8dc66b12-14ef-48ac-94a6-01351ea508d4,It&#39;s Time,Ferry Corsten,TOHrVWYplKU,https://www.youtube.com/watch?v=TOHrVWYplKU,239,https://i.ytimg.com/vi/TOHrVWYplKU/mqdefault.jpg
099ec8fe-4183-4fd4-b006-acbae41f78a2,Its Time,Ferry Corsten,5v1h3Xvxenk,https://www.youtube.com/watch?v=5v1h3Xvxenk,236,https://i.ytimg.com/vi/5v1h3Xvxenk/mqdefault.jpg
68e47066-044a-43ff-8743-3c4260cd5604,Beautiful Things (Live from the 67th GRAMMY Awards),Benson Boone,fCWvZisydrE,https://www.youtube.com/watch?v=fCWvZisydrE,180,https://i.ytimg.com/vi/fCWvZisydrE/mqdefault.jpg
9fd6ec7a-5b0e-4a8b-ac23-e3555cb8d050,House Mix | CHILLAF,Kendrick but he&#39;s dancin,PCmUe9nXDog,https://www.youtube.com/watch?v=PCmUe9nXDog,6264,https://i.ytimg.com/vi/PCmUe9nXDog/mqdefault.jpg
3648a675-cbe6-4234-adca-997c8822249f,jane_remover_remixes.zip 𝙉𝙏𝙎 02⁄03⁄2023,flashmemories,sdlE-Vvxv7s,https://www.youtube.com/watch?v=sdlE-Vvxv7s,3603,https://i.ytimg.com/vi/sdlE-Vvxv7s/mqdefault.jpg
f7b0f48d-445e-494a-a6f7-da31f47de589,jane_remover_loophole.zip 𝙉𝙏𝙎 11⁄10⁄2024,flashmemories,3u4lIxQOapI,https://www.youtube.com/watch?v=3u4lIxQOapI,3601,https://i.ytimg.com/vi/3u4lIxQOapI/mqdefault.jpg
6421ab0a-17fe-4b2c-80d2-8327ba371275,Jedina,Zdravko Čolić,5cpWnhg9_yk,https://www.youtube.com/watch?v=5cpWnhg9_yk,204,https://i.ytimg.com/vi/5cpWnhg9_yk/mqdefault.jpg
74d791c9-a749-4121-bfa6-a1b0da3fa2f5,Ti si mi u krvi -,Zdravko Colic,9nBnRu6o4sM,https://www.youtube.com/watch?v=9nBnRu6o4sM,308,https://i.ytimg.com/vi/9nBnRu6o4sM/mqdefault.jpg
ffb65190-2ab1-48d9-853e-b960060ff75c,Collide,Kingdom Of Giants,XutNlB2DbtQ,https://www.youtube.com/watch?v=XutNlB2DbtQ,209,https://i.ytimg.com/vi/XutNlB2DbtQ/mqdefault.jpg
309d641d-47a5-4074-ad59-45cb8098a12a,Collide,Kingdom of Giants - Topic,u5bUldQ6Izw,https://www.youtube.com/watch?v=u5bUldQ6Izw,209,https://i.ytimg.com/vi/u5bUldQ6Izw/mqdefault.jpg
3fc3d6ff-acb6-4cf2-93d6-6cb4ade615f4,Lala,Myke Towers,BVdngsy95mY,https://www.youtube.com/watch?v=BVdngsy95mY,198,https://i.ytimg.com/vi/BVdngsy95mY/mqdefault.jpg
2933a282-1cb0-4d2d-bf5e-2d263ea33033,Title Track | Hrithik Roshan &amp; Ameesha Patel | Alka Yagnik &amp; Udit Narayan,Kaho Naa Pyaar Hai,-LESbtPT8uw,https://www.youtube.com/watch?v=-LESbtPT8uw,361,https://i.ytimg.com/vi/-LESbtPT8uw/mqdefault.jpg
3bcda5f5-36a3-4688-b3fc-f62dc110b1b6,A Million Dreams,The Greatest Showman Cast,pSQk-4fddDI,https://www.youtube.com/watch?v=pSQk-4fddDI,270,https://i.ytimg.com/vi/pSQk-4fddDI/mqdefault.jpg
7e708a73-e8c8-4055-b536-70f44de6ad93,From Now On,The Greatest Showman Cast,iW2FUY3N-n0,https://www.youtube.com/watch?v=iW2FUY3N-n0,350,https://i.ytimg.com/vi/iW2FUY3N-n0/mqdefault.jpg
10d09441-a450-49e1-a065-db14cb9b9a0f,This Is Ponderous,2nu,6gYIbMwswKM,https://www.youtube.com/watch?v=6gYIbMwswKM,218,https://i.ytimg.com/vi/6gYIbMwswKM/mqdefault.jpg
6e57fd63-c9b0-4a91-8519-d149ca09d5ac,Fish Heads,Barnes &amp; Barnes,cn73Wtem0No,https://www.youtube.com/watch?v=cn73Wtem0No,284,https://i.ytimg.com/vi/cn73Wtem0No/mqdefault.jpg
76fdc28f-4e23-460e-b402-e011ad17fbc2,&quot;Fish Heads&quot; Barnes &amp; Barnes,Demented Punk,n9TNcI7eUXY,https://www.youtube.com/watch?v=n9TNcI7eUXY,292,https://i.ytimg.com/vi/n9TNcI7eUXY/mqdefault.jpg
7c89cf69-538f-408f-a90d-ac5c9b130700,Beds Are Burning,Midnight Oil,ejorQVy3m8E,https://www.youtube.com/watch?v=ejorQVy3m8E,277,https://i.ytimg.com/vi/ejorQVy3m8E/mqdefault.jpg
4b53d623-937f-4f30-9f8f-53152765b287,Eye Of The Tiger,Survivor,btPJPFnesV4,https://www.youtube.com/watch?v=btPJPFnesV4,245,https://i.ytimg.com/vi/btPJPFnesV4/mqdefault.jpg
10bd602c-32f1-4167-9d3a-f779a1c31b23,Empty Out Your Pockets,Juice WRLD,hgYhws0AHcg,https://www.youtube.com/watch?v=hgYhws0AHcg,141,https://i.ytimg.com/vi/hgYhws0AHcg/mqdefault.jpg
67cb4f3f-e8c8-44ce-b1be-1a9c556ccb6d,Beatcoin,Ceza,fGsIRIy6Jvs,https://www.youtube.com/watch?v=fGsIRIy6Jvs,270,https://i.ytimg.com/vi/fGsIRIy6Jvs/mqdefault.jpg
e7e5f350-9a1e-4672-b6dd-018400679af7,Margiela,Ezhel,hvsZfRfrJNo,https://www.youtube.com/watch?v=hvsZfRfrJNo,205,https://i.ytimg.com/vi/hvsZfRfrJNo/mqdefault.jpg
a8c98529-e584-4446-9e56-298c23d169a2,Uchigatana,Ezhel &amp; Murda &amp; Bugy,z5eSot0pcz0,https://www.youtube.com/watch?v=z5eSot0pcz0,227,https://i.ytimg.com/vi/z5eSot0pcz0/mqdefault.jpg
5379267a-a390-4173-9746-4568c4ec9021,Whistle,Stepz,RGUjbQ1C9m4,https://www.youtube.com/watch?v=RGUjbQ1C9m4,130,https://i.ytimg.com/vi/RGUjbQ1C9m4/mqdefault.jpg
441635d7-9b09-401c-9c9a-d53f4e97d71e,Rich Flex,"Drake, 21 Savage",I4DjHHVHWAE,https://www.youtube.com/watch?v=I4DjHHVHWAE,240,https://i.ytimg.com/vi/I4DjHHVHWAE/mqdefault.jpg
593a554b-5fd8-4e68-9fc4-47fff5baa3d2,Murda &amp; Ezhel (prod. Spanker),AYA,FPFlY0hi3ak,https://www.youtube.com/watch?v=FPFlY0hi3ak,188,https://i.ytimg.com/vi/FPFlY0hi3ak/mqdefault.jpg
2a3ef62e-e6ae-49f3-b824-f92596a20ce8,La del Toro,Bersuit,TPtdnhMExQk,https://www.youtube.com/watch?v=TPtdnhMExQk,253,https://i.ytimg.com/vi/TPtdnhMExQk/mqdefault.jpg
a51aac95-4405-4c5a-b0da-1b318fd6fb19,Ape Dos Mil,Glassjaw,SqWvkCTyCe0,https://www.youtube.com/watch?v=SqWvkCTyCe0,232,https://i.ytimg.com/vi/SqWvkCTyCe0/mqdefault.jpg
5061a603-2421-408d-8ac1-8e1728f981ee,𝓦e 𝓑elong. ☯️,AXOVA,KIPYLvaAS9o,https://www.youtube.com/watch?v=KIPYLvaAS9o,125,https://i.ytimg.com/vi/KIPYLvaAS9o/mqdefault.jpg
6a20c68f-c083-450f-aeff-dd479df928eb,Love Shy,Subjoi,bLRnFgWsfgE,https://www.youtube.com/watch?v=bLRnFgWsfgE,382,https://i.ytimg.com/vi/bLRnFgWsfgE/mqdefault.jpg
62046006-cc93-4185-88a0-b7cc9b4cd396,Window Shopper,50 Cent,bFLow5StvvU,https://www.youtube.com/watch?v=bFLow5StvvU,227,https://i.ytimg.com/vi/bFLow5StvvU/mqdefault.jpg
8ce902ab-6eac-4d5f-adc4-27577c51d293,خاطره انگیز ترین آهنگ های معین,THE BEST OF MOEIN 🧡 Greatest Hits Album آلبوم &#39;معین&#39;,8Dl3Kzfp120,https://www.youtube.com/watch?v=8Dl3Kzfp120,2888,https://i.ytimg.com/vi/8Dl3Kzfp120/mqdefault.jpg
5e30f2ce-f4a6-4fe2-b829-ae2db4627fb3,Volver,Carlos Gardel,0TPtsf8nSpQ,https://www.youtube.com/watch?v=0TPtsf8nSpQ,172,https://i.ytimg.com/vi/0TPtsf8nSpQ/mqdefault.jpg
07e00bfc-b6ae-44f6-a61f-adad4585c539,Bazargani,"Leito, Khalse",Lasb0pS6VBQ,https://www.youtube.com/watch?v=Lasb0pS6VBQ,167,https://i.ytimg.com/vi/Lasb0pS6VBQ/mqdefault.jpg
d7373d3a-0cbc-4238-a98b-7a5eb7064d6a,@YoYoHoneySingh  | GLORY | BHUSHAN KUMAR,MILLIONAIRE SONG,XO8wew38VM8,https://www.youtube.com/watch?v=XO8wew38VM8,210,https://i.ytimg.com/vi/XO8wew38VM8/mqdefault.jpg
818d9eee-108d-4c2a-bd61-02b597829eaa,Pictures Of You,The Cure,UmFFTkjs-O0,https://www.youtube.com/watch?v=UmFFTkjs-O0,504,https://i.ytimg.com/vi/UmFFTkjs-O0/mqdefault.jpg
b73d45b6-526a-4a15-ab65-f8b2c23cead2,Mano Bespar,Mehrad Hidden x Kaviano,d_epOspqurM,https://www.youtube.com/watch?v=d_epOspqurM,274,https://i.ytimg.com/vi/d_epOspqurM/mqdefault.jpg
8df14a4d-8d6d-481b-8476-3936b9f05c3a,Naa Ready Song Video | Thalapathy Vijay | Lokesh Kanagaraj | Anirudh Ravichander,LEO,3wDiqlTNlfQ,https://www.youtube.com/watch?v=3wDiqlTNlfQ,262,https://i.ytimg.com/vi/3wDiqlTNlfQ/mqdefault.jpg
12c6be31-2847-42eb-bc21-0580dc419fc6,I&#39;m Outta Love,Anastacia,TnOy6HEf7HU,https://www.youtube.com/watch?v=TnOy6HEf7HU,244,https://i.ytimg.com/vi/TnOy6HEf7HU/mqdefault.jpg
474aae9f-cdd1-4869-8062-6167e7138dd5,ŞAD OLUP GÜLMEDİM ( benim gülüm soldu ) TARIK KARA,TARIK KARA,IMjIbWd1JT8,https://www.youtube.com/watch?v=IMjIbWd1JT8,209,https://i.ytimg.com/vi/IMjIbWd1JT8/mqdefault.jpg
b8b8deb6-a257-4587-ab76-c6e1b3d5e0f1,ZAHİDEM / BAYRAMDAN BAYRAMA,BEDİA AKARTÜRK,bixHIdoLwk4,https://www.youtube.com/watch?v=bixHIdoLwk4,433,https://i.ytimg.com/vi/bixHIdoLwk4/mqdefault.jpg
046a4cb5-4254-48c5-91e1-e0e4162ba710,I Want Candy,Bow Wow Wow,JoXVYSV4Xcs,https://www.youtube.com/watch?v=JoXVYSV4Xcs,174,https://i.ytimg.com/vi/JoXVYSV4Xcs/mqdefault.jpg
a5778fd9-e093-4c12-a02c-2bf18959de1c,The Road,The Finches,RD6MMzEL-lw,https://www.youtube.com/watch?v=RD6MMzEL-lw,282,https://i.ytimg.com/vi/RD6MMzEL-lw/mqdefault.jpg
785943ef-cd64-491f-9dff-b53588778a60,Diesel Power,The Prodigy - Topic,GLSr0BAlndM,https://www.youtube.com/watch?v=GLSr0BAlndM,258,https://i.ytimg.com/vi/GLSr0BAlndM/mqdefault.jpg
f4084af5-0a57-46d5-b408-e89c2657c1ff,Dolce Camara,Booba - Topic,AgFG6_TGdTY,https://www.youtube.com/watch?v=AgFG6_TGdTY,179,https://i.ytimg.com/vi/AgFG6_TGdTY/mqdefault.jpg
303bf230-a42e-4103-9def-2232de9f3b33,‘FAMOUS’ M/V,ALLDAY PROJECT,VjvzYjU1mY0,https://www.youtube.com/watch?v=VjvzYjU1mY0,189,https://i.ytimg.com/vi/VjvzYjU1mY0/mqdefault.jpg
db4c2ab0-fa26-4515-ba20-7467b2d9c5a3,ILLIT (아일릿) &#39;빌려온 고양이 (Do the Dance)&#39; Official MV,HYBE LABELS,negtrQu5mTA,https://www.youtube.com/watch?v=negtrQu5mTA,202,https://i.ytimg.com/vi/negtrQu5mTA/mqdefault.jpg
7849c668-413c-4f65-a468-4afec06bd574,Saja Boys,“Soda Pop” KPop Demon Hunters (Soundtrack from the Netflix Film),9cZ7Nl3Ynxo,https://www.youtube.com/watch?v=9cZ7Nl3Ynxo,151,https://i.ytimg.com/vi/9cZ7Nl3Ynxo/mqdefault.jpg
d6512490-5c7a-4327-8668-4270eaca3f06,The Stranglers,Golden Brown,AWAsI3U2EaE,https://www.youtube.com/watch?v=AWAsI3U2EaE,213,https://i.ytimg.com/vi/AWAsI3U2EaE/mqdefault.jpg
fa3f95d4-40b7-4995-aaee-8e6e255fc769,Golden Brown,The Stranglers - Topic,Qca9ByvLhBA,https://www.youtube.com/watch?v=Qca9ByvLhBA,207,https://i.ytimg.com/vi/Qca9ByvLhBA/mqdefault.jpg
8a2c8b28-7f02-4343-ad01-9bfa422491d8,The Stranglers (slowed + reverb),Golden Brown,GmxkNB-QihI,https://www.youtube.com/watch?v=GmxkNB-QihI,259,https://i.ytimg.com/vi/GmxkNB-QihI/mqdefault.jpg
dfe2ac9e-5a27-4cdf-920b-9844ef3e9cf8,Golden Brown (Lyrics),The Stranglers,kcsGhOmULxQ,https://www.youtube.com/watch?v=kcsGhOmULxQ,253,https://i.ytimg.com/vi/kcsGhOmULxQ/mqdefault.jpg
5c328caa-7cb7-40b6-9567-c5a5a7269cf8,The Stranglers (Slowed + Reverb),Golden Brown,sS2E-s-0g1I,https://www.youtube.com/watch?v=sS2E-s-0g1I,249,https://i.ytimg.com/vi/sS2E-s-0g1I/mqdefault.jpg
3359a86f-b0ae-466c-b17f-7b8c87a4fd34,Mariachi Mexteca (now known as The Mariachis) feat. Hugh Cornwell,&quot;Golden Brown&quot;,zy8Y3R4dXyc,https://www.youtube.com/watch?v=zy8Y3R4dXyc,209,https://i.ytimg.com/vi/zy8Y3R4dXyc/mqdefault.jpg
741749c9-fd7c-48ea-8751-1fbf36c8139a,Golden Brown,The Stranglers - Topic,YFoDEQXJLcQ,https://www.youtube.com/watch?v=YFoDEQXJLcQ,212,https://i.ytimg.com/vi/YFoDEQXJLcQ/mqdefault.jpg
6dabe18f-b753-403a-be9c-89ffecc0642c,"the stranglers, indila",golden brown x love story,YlFF8GyeIzg,https://www.youtube.com/watch?v=YlFF8GyeIzg,65,https://i.ytimg.com/vi/YlFF8GyeIzg/mqdefault.jpg
04b09b47-f2fc-48c6-a941-6ab15ed5ef03,Golden Brown,The Stranglers,7KIHvuMl4Kk,https://www.youtube.com/watch?v=7KIHvuMl4Kk,207,https://i.ytimg.com/vi/7KIHvuMl4Kk/mqdefault.jpg
e9264971-d84b-4665-aac7-d33f52229839,Golden Brown,Dave Brubeck,2Qs1J612nZs,https://www.youtube.com/watch?v=2Qs1J612nZs,140,https://i.ytimg.com/vi/2Qs1J612nZs/mqdefault.jpg
48b78a33-34e0-447d-bd7d-c8152624aaa4,Come Sail Away,Styx - Topic,eYCFrcCqh7Q,https://www.youtube.com/watch?v=eYCFrcCqh7Q,366,https://i.ytimg.com/vi/eYCFrcCqh7Q/mqdefault.jpg
716d7999-c830-4006-9d36-bcffe9aea54b,Liar,Jelly Roll,HcNILY4gtNI,https://www.youtube.com/watch?v=HcNILY4gtNI,207,https://i.ytimg.com/vi/HcNILY4gtNI/mqdefault.jpg
719f28fc-37d2-4388-a2ae-779ea2e8b39e,Sexy Boy,AIR,wouKI_myXxk,https://www.youtube.com/watch?v=wouKI_myXxk,229,https://i.ytimg.com/vi/wouKI_myXxk/mqdefault.jpg
fa7c620d-4a3e-46b6-9642-b5411ce66b27,Sexy Boy,AIR,R6Yfk-RL_9A,https://www.youtube.com/watch?v=R6Yfk-RL_9A,299,https://i.ytimg.com/vi/R6Yfk-RL_9A/mqdefault.jpg
c45a92a3-6bf0-4eaf-b578-d49b8b110a36,"&quot;Sexy Boy&quot; at Vivid LIVE 2017, Sydney Opera House",AIR,2I9nzr6ltFM,https://www.youtube.com/watch?v=2I9nzr6ltFM,277,https://i.ytimg.com/vi/2I9nzr6ltFM/mqdefault.jpg
a02a09d0-75a8-43d8-9241-fc5169fd29c6,Sexy Boy (Vegyn Version),Air - Topic,u0OPKekQ0bM,https://www.youtube.com/watch?v=u0OPKekQ0bM,300,https://i.ytimg.com/vi/u0OPKekQ0bM/mqdefault.jpg
ff29deb4-1c72-4e6f-af66-490cd85619b0,Heat Waves,Glass Animals,rfTgO9rpqck,https://www.youtube.com/watch?v=rfTgO9rpqck,240,https://i.ytimg.com/vi/rfTgO9rpqck/mqdefault.jpg
be1394c1-e17f-4e2a-8f38-bc61633d0224,Level Up,Ciara,Dh-ULbQmmF8,https://www.youtube.com/watch?v=Dh-ULbQmmF8,212,https://i.ytimg.com/vi/Dh-ULbQmmF8/mqdefault.jpg
0352a1c0-b360-4282-935f-437c5413ad63,&quot;While My Guitar Gently Weeps&quot; | 2004 Induction,"Prince, Tom Petty, Steve Winwood, Jeff Lynne, more",6SFNW5F8K9Y,https://www.youtube.com/watch?v=6SFNW5F8K9Y,376,https://i.ytimg.com/vi/6SFNW5F8K9Y/mqdefault.jpg
5cc8e03b-af9a-4811-8902-1a30024ac2b8,Popular,"The Weeknd, Madonna, Playboi Carti",vt0i6nuqNEo,https://www.youtube.com/watch?v=vt0i6nuqNEo,231,https://i.ytimg.com/vi/vt0i6nuqNEo/mqdefault.jpg
35c82318-bd6b-4c88-895e-0d7e5dec0403,Bang-Bang-Born,Bling,5NzfqW_Yt6Y,https://www.youtube.com/watch?v=5NzfqW_Yt6Y,167,https://i.ytimg.com/vi/5NzfqW_Yt6Y/mqdefault.jpg
4b2d5e97-7dae-49c1-93b2-639df1bd7b0b,family ties,"Baby Keem, Kendrick Lamar",v6HBZC9pZHQ,https://www.youtube.com/watch?v=v6HBZC9pZHQ,260,https://i.ytimg.com/vi/v6HBZC9pZHQ/mqdefault.jpg
39880d2d-b3fd-41af-bc29-5d8c936373a4,Bad Dreams,Teddy Swims,Qh8QwVYOSVU,https://www.youtube.com/watch?v=Qh8QwVYOSVU,185,https://i.ytimg.com/vi/Qh8QwVYOSVU/mqdefault.jpg
08f9c350-e5a2-4b1b-ae08-2c7340aa2013,Bad Dreams (Lyrics),Teddy Swims,BDBaWpKER5Q,https://www.youtube.com/watch?v=BDBaWpKER5Q,185,https://i.ytimg.com/vi/BDBaWpKER5Q/mqdefault.jpg
162d90f9-250c-49e6-89dd-1f6c8f487616,No Other Like You,Kate Bollinger - Topic,BZbgYFVZV0k,https://www.youtube.com/watch?v=BZbgYFVZV0k,209,https://i.ytimg.com/vi/BZbgYFVZV0k/mqdefault.jpg
81f85d16-6e62-41c3-b17a-232a02bec940,The Aubreys &quot;Smoke Bomb&quot;,The Aubreys,DHlyFG225W0,https://www.youtube.com/watch?v=DHlyFG225W0,162,https://i.ytimg.com/vi/DHlyFG225W0/mqdefault.jpg
31070a32-456b-4c5e-9e6c-21deb8e635b8,BIRDS OF A FEATHER,Billie Eilish,V9PVRfjEBTI,https://www.youtube.com/watch?v=V9PVRfjEBTI,231,https://i.ytimg.com/vi/V9PVRfjEBTI/mqdefault.jpg
dfc19172-d8e9-4413-b8b6-361a12f8cd99,Ojos Tristes,"Selena Gomez, benny blanco",Ch6xdV_ZjdU,https://www.youtube.com/watch?v=Ch6xdV_ZjdU,203,https://i.ytimg.com/vi/Ch6xdV_ZjdU/mqdefault.jpg
742c757b-0e5f-43cd-b3f0-1a817419d175,Espresso,Sabrina Carpenter,51zjlMhdSTE,https://www.youtube.com/watch?v=51zjlMhdSTE,176,https://i.ytimg.com/vi/51zjlMhdSTE/mqdefault.jpg
540bbc62-3bfc-4f33-8abd-039f6549687a,Hotel Room Service,Pitbull,2up_Eq6r6Ko,https://www.youtube.com/watch?v=2up_Eq6r6Ko,269,https://i.ytimg.com/vi/2up_Eq6r6Ko/mqdefault.jpg
c6d7e8f7-e22a-449d-b710-435dc71a52f1,Something to Write Home About (Remastered 2024) [FULL ALBUM STREAM],The Get Up Kids,S965gRITOIc,https://www.youtube.com/watch?v=S965gRITOIc,2731,https://i.ytimg.com/vi/S965gRITOIc/mqdefault.jpg
1e2ebf0f-5687-4a0e-9799-7a53cc4d0681,Give It Up,Midtown,KPcY55fRJYs,https://www.youtube.com/watch?v=KPcY55fRJYs,234,https://i.ytimg.com/vi/KPcY55fRJYs/mqdefault.jpg
56a586fc-0efe-4525-a922-fec887e31932,I Don&#39;t Ever Want TO See You Again,Uncle Sam,OWasrUYMHgo,https://www.youtube.com/watch?v=OWasrUYMHgo,338,https://i.ytimg.com/vi/OWasrUYMHgo/mqdefault.jpg
d4227d4a-a0f8-4e16-8182-70cfadc95458,Murderer,Barrington Levy - Topic,sFBcEz3_Zho,https://www.youtube.com/watch?v=sFBcEz3_Zho,218,https://i.ytimg.com/vi/sFBcEz3_Zho/mqdefault.jpg
1abf1d75-e81a-4782-ad27-1bff3114e35f,White America,Eminem - Topic,AQEpRTy_1bY,https://www.youtube.com/watch?v=AQEpRTy_1bY,325,https://i.ytimg.com/vi/AQEpRTy_1bY/mqdefault.jpg
5cb65c36-9bfe-405d-9ac6-00399f543549,Fuji Fusion,K1 De Ultimate - Topic,36aMLhbTws4,https://www.youtube.com/watch?v=36aMLhbTws4,585,https://i.ytimg.com/vi/36aMLhbTws4/mqdefault.jpg
37e359e5-4b2a-40b1-ae75-73f4a4f9f504,Awa Tunde Batinde,K1 De Ultimate - Topic,PftK0hA1q4g,https://www.youtube.com/watch?v=PftK0hA1q4g,786,https://i.ytimg.com/vi/PftK0hA1q4g/mqdefault.jpg
57dcca05-7d08-4093-af5d-8f2c1c0d628f,Sapphire,Ed Sheeran,JgDNFQ2RaLQ,https://www.youtube.com/watch?v=JgDNFQ2RaLQ,184,https://i.ytimg.com/vi/JgDNFQ2RaLQ/mqdefault.jpg
2460ed6f-b95e-45e7-b8fd-0237104b5113,Maroon,Taylor Swift,lvHZjvIyqsk,https://www.youtube.com/watch?v=lvHZjvIyqsk,223,https://i.ytimg.com/vi/lvHZjvIyqsk/mqdefault.jpg
241c462c-90fb-41c7-8a62-98a762a73560,Forest Whitiker,Brother Ali - Topic,SQkXZeyQACM,https://www.youtube.com/watch?v=SQkXZeyQACM,181,https://i.ytimg.com/vi/SQkXZeyQACM/mqdefault.jpg
8cb1df92-9fd0-49e0-ad2c-9240ce780361,Self Taught,Brother Ali - Topic,v5w4z-CmtiE,https://www.youtube.com/watch?v=v5w4z-CmtiE,245,https://i.ytimg.com/vi/v5w4z-CmtiE/mqdefault.jpg
b525b850-d417-4ea5-a35c-cca20e085343,Own Light (What Hearts Are For),Brother Ali,04bp4bG6Zhk,https://www.youtube.com/watch?v=04bp4bG6Zhk,309,https://i.ytimg.com/vi/04bp4bG6Zhk/mqdefault.jpg
58c365e3-b340-45ff-9529-b0ea2a294e07,Bellin&#39; ft. Kokane,WC,9q4MMjZF4VE,https://www.youtube.com/watch?v=9q4MMjZF4VE,238,https://i.ytimg.com/vi/9q4MMjZF4VE/mqdefault.jpg
35b818b3-ac45-4acc-99ef-2fc9b1263b3b,Just Keep Watching,Tate McRae,dpvQqmX6SUI,https://www.youtube.com/watch?v=dpvQqmX6SUI,147,https://i.ytimg.com/vi/dpvQqmX6SUI/mqdefault.jpg
a052b499-8a0e-4f97-9345-f074b19aa7ae,Roomaan,SANNI,jMbTou4P2QM,https://www.youtube.com/watch?v=jMbTou4P2QM,189,https://i.ytimg.com/vi/jMbTou4P2QM/mqdefault.jpg
24825173-be82-4b62-8b93-6bc148479f81,2080-luvulla,SANNI,va_4sd-KATc,https://www.youtube.com/watch?v=va_4sd-KATc,269,https://i.ytimg.com/vi/va_4sd-KATc/mqdefault.jpg
fe2d4895-dd97-450a-a318-92d431a4d983,Että mitähän vittua,SANNI - Topic,YlHvxv43moQ,https://www.youtube.com/watch?v=YlHvxv43moQ,240,https://i.ytimg.com/vi/YlHvxv43moQ/mqdefault.jpg
e7d656bf-bf60-47ac-8957-d24c46515864,Stuck In The Middle With You,Louise,TScOHSAR7Ec,https://www.youtube.com/watch?v=TScOHSAR7Ec,237,https://i.ytimg.com/vi/TScOHSAR7Ec/mqdefault.jpg
f7fcdaf7-3e8b-4a70-bfc4-f7e8666ccb07,Lateralus,TOOL,Y7JG63IuaWs,https://www.youtube.com/watch?v=Y7JG63IuaWs,565,https://i.ytimg.com/vi/Y7JG63IuaWs/mqdefault.jpg
34f8378e-74ff-4f81-8cf6-be95920874e5,&quot;Watch The World Burn&quot;,Falling In Reverse,qMXESlny4-I,https://www.youtube.com/watch?v=qMXESlny4-I,204,https://i.ytimg.com/vi/qMXESlny4-I/mqdefault.jpg
a8e75d47-23a2-4a27-9c9a-fe846ee0c48f,Return To Innocence,Enigma,Rk_sAHh9s08,https://www.youtube.com/watch?v=Rk_sAHh9s08,295,https://i.ytimg.com/vi/Rk_sAHh9s08/mqdefault.jpg
257958f2-99aa-4e79-9af6-9d37271bf101,Return To Sender,Elvis Presley,LZmUfUBqE-s,https://www.youtube.com/watch?v=LZmUfUBqE-s,129,https://i.ytimg.com/vi/LZmUfUBqE-s/mqdefault.jpg
e7098815-3ee7-4cef-b31b-8f01f47258f4,Return of the Mack,Mark Morrison,uB1D9wWxd2w,https://www.youtube.com/watch?v=uB1D9wWxd2w,227,https://i.ytimg.com/vi/uB1D9wWxd2w/mqdefault.jpg
cecc1ce3-5ad9-465b-9857-06448eb39daa,Thunderstruck,Steve 'n' Seagulls - Topic,0Gg9kU8Mjpo,https://www.youtube.com/watch?v=0Gg9kU8Mjpo,227,https://i.ytimg.com/vi/0Gg9kU8Mjpo/mqdefault.jpg
e4dcfa30-6a06-4784-97dc-ca42d7e64cc0,APT.,ROSÉ &amp; Bruno Mars,ekr2nIex040,https://www.youtube.com/watch?v=ekr2nIex040,174,https://i.ytimg.com/vi/ekr2nIex040/mqdefault.jpg
b7aa4809-062f-4243-801e-086f1ed98248,Sexual Healing,Soul Asylum,U9xzlLa82w0,https://www.youtube.com/watch?v=U9xzlLa82w0,283,https://i.ytimg.com/vi/U9xzlLa82w0/mqdefault.jpg
725503d2-d185-4577-ae04-c57dd206e1cb,RUSH,TWICE - Topic,gw5uSSsHm6c,https://www.youtube.com/watch?v=gw5uSSsHm6c,157,https://i.ytimg.com/vi/gw5uSSsHm6c/mqdefault.jpg
3fe6f33b-03a8-4534-bac3-171b74512c1c,Tornado Of Souls,Megadeth - Topic,L8HhOMNrulE,https://www.youtube.com/watch?v=L8HhOMNrulE,323,https://i.ytimg.com/vi/L8HhOMNrulE/mqdefault.jpg
48f9a280-bb37-4446-bf8f-9f4ad578da2c,&quot;Prequel&quot;,Falling In Reverse,hX0lhueeib8,https://www.youtube.com/watch?v=hX0lhueeib8,235,https://i.ytimg.com/vi/hX0lhueeib8/mqdefault.jpg
673daa7d-9ffe-40e0-948d-c2233d83a2ab,Champagne Supernova,Oasis,tI-5uv4wryI,https://www.youtube.com/watch?v=tI-5uv4wryI,449,https://i.ytimg.com/vi/tI-5uv4wryI/mqdefault.jpg
68825c2c-f1b8-4d28-930a-c2943b28bb69,Roy Ayers Ubiquity (1976),Everybody Loves The Sunshine,nC9dQOnUyao,https://www.youtube.com/watch?v=nC9dQOnUyao,246,https://i.ytimg.com/vi/nC9dQOnUyao/mqdefault.jpg
8aad602f-c6e3-4d7d-b5f4-4a652e61e78b,Searching,Roy Ayers Ubiquity - Topic,vc48ITjETAk,https://www.youtube.com/watch?v=vc48ITjETAk,241,https://i.ytimg.com/vi/vc48ITjETAk/mqdefault.jpg
6969998a-cc75-4ed1-bd7e-0ace21859b10,Bitter Sweet Symphony,The Verve,1lyu1KKwC74,https://www.youtube.com/watch?v=1lyu1KKwC74,276,https://i.ytimg.com/vi/1lyu1KKwC74/mqdefault.jpg
eb868641-b30d-444c-945c-4a3dea25c24b,Liquid Love,Roy Ayers - Topic,TPS4LOkss1Y,https://www.youtube.com/watch?v=TPS4LOkss1Y,287,https://i.ytimg.com/vi/TPS4LOkss1Y/mqdefault.jpg
98f66876-e6a1-4b3e-9fa7-4d3ebc2f51e9,RAHEN NA RAHEN HUM FULL SONG   YouTube,sindhujm,33bc3ReYKh0,https://www.youtube.com/watch?v=33bc3ReYKh0,270,https://i.ytimg.com/vi/33bc3ReYKh0/mqdefault.jpg
884dfd3a-7420-45fa-a1cc-d96d07465eb1,When The Lavender Blooms,The Paper Kites - Topic,2QUpfDq7qI0,https://www.youtube.com/watch?v=2QUpfDq7qI0,31,https://i.ytimg.com/vi/2QUpfDq7qI0/mqdefault.jpg
ab4b1ccf-0b82-4eb9-bc70-2728cbde806c,Vai Malandra,"Anitta, Mc Zaac, Maejor feat. Tropkillaz &amp; DJ Yuri Martins",kDhptBT_-VI,https://www.youtube.com/watch?v=kDhptBT_-VI,207,https://i.ytimg.com/vi/kDhptBT_-VI/mqdefault.jpg
ef79f933-f39b-4efc-aeff-1f08e9cc5c0c,Envolver,Anitta,hFCjGiawJi4,https://www.youtube.com/watch?v=hFCjGiawJi4,195,https://i.ytimg.com/vi/hFCjGiawJi4/mqdefault.jpg
7854bcf1-af9d-48d3-b686-6507a94a5532,"Peso Pluma, Anitta",BELLAKEO,fOT0BUpITw8,https://www.youtube.com/watch?v=fOT0BUpITw8,235,https://i.ytimg.com/vi/fOT0BUpITw8/mqdefault.jpg
e46fc4ac-8c55-4af1-89fa-7b65d40bd27f,SANA SANA,NATHY PELUSO,JqJBIPE5Trk,https://www.youtube.com/watch?v=JqJBIPE5Trk,201,https://i.ytimg.com/vi/JqJBIPE5Trk/mqdefault.jpg
2ec5bfc0-c149-4095-91a0-ec87c5634879,I Had Some Help,Post Malone,4QIZE708gJ4,https://www.youtube.com/watch?v=4QIZE708gJ4,202,https://i.ytimg.com/vi/4QIZE708gJ4/mqdefault.jpg
5fa28bfe-627c-447a-9764-ae330f16f884,Circles,Post Malone,wXhTHyIgQ_U,https://www.youtube.com/watch?v=wXhTHyIgQ_U,227,https://i.ytimg.com/vi/wXhTHyIgQ_U/mqdefault.jpg
83b41f99-3314-4961-9cad-8ee7cba730cd,POST,Dawid Podsiadło - Topic,LDP6cRSyStg,https://www.youtube.com/watch?v=LDP6cRSyStg,172,https://i.ytimg.com/vi/LDP6cRSyStg/mqdefault.jpg
8f549d70-4eaf-472a-8dab-8b065f522839,Congratulationsft. Quavo,Post Malone,SC4xMk98Pdc,https://www.youtube.com/watch?v=SC4xMk98Pdc,227,https://i.ytimg.com/vi/SC4xMk98Pdc/mqdefault.jpg
e91675ee-aa7b-42ff-9034-568cbaf97a09,Come Back Clean,Billie Eilish ft. Post Malone,f9Q80Zr0sPg,https://www.youtube.com/watch?v=f9Q80Zr0sPg,188,https://i.ytimg.com/vi/f9Q80Zr0sPg/mqdefault.jpg
e41f9995-62c3-4202-b17e-0559cd8dbb1f,Losersft. Jelly Roll,Post Malone,uKiF-UMnB9A,https://www.youtube.com/watch?v=uKiF-UMnB9A,210,https://i.ytimg.com/vi/uKiF-UMnB9A/mqdefault.jpg
6137c7f2-fc73-49ca-9252-31cc12d9f2f4,Hit The Floor (Midnight Fight Express OST),Noisecream,Q07mFwhKR0s,https://www.youtube.com/watch?v=Q07mFwhKR0s,131,https://i.ytimg.com/vi/Q07mFwhKR0s/mqdefault.jpg
9f2422c3-96e3-4519-8a65-39ba724d8da6,The Fox (What Does the Fox Say?),Ylvis - Topic,W20gcM6_UtQ,https://www.youtube.com/watch?v=W20gcM6_UtQ,214,https://i.ytimg.com/vi/W20gcM6_UtQ/mqdefault.jpg
483e89a1-d64b-4294-9a2f-b0355be8a5e0,NINFO FT DE LA ROSE &amp; MC MENOR JP,JC REYES,AheqpcOwNP4,https://www.youtube.com/watch?v=AheqpcOwNP4,181,https://i.ytimg.com/vi/AheqpcOwNP4/mqdefault.jpg
fa207726-8d89-4570-a886-51017df2373b,D&#39; LA CREM  | FOXY TIMES,03. X.O.X.O,6YTRgp-t9Tk,https://www.youtube.com/watch?v=6YTRgp-t9Tk,175,https://i.ytimg.com/vi/6YTRgp-t9Tk/mqdefault.jpg
861817d7-c9a9-4545-ad4f-c9d5ee29c3ff,Atif aslam (AADAT UNPLUGGED),R zal PANDA,eK5gPcFjQps,https://www.youtube.com/watch?v=eK5gPcFjQps,266,https://i.ytimg.com/vi/eK5gPcFjQps/mqdefault.jpg
d8930b31-481d-43bc-a47f-034435ce2693,"Jannat|Emraan Hashmi, Sonal Chauhan|KK|Pritam|Sayeed Quadri",Zara Sa Lyric Video,lUPltG1hb3k,https://www.youtube.com/watch?v=lUPltG1hb3k,228,https://i.ytimg.com/vi/lUPltG1hb3k/mqdefault.jpg
4ebe3919-9b5e-4b04-816a-cc159e0b7a18,Title Track | Hrithik Roshan &amp; Preity Zinta | Udit Narayan | K.S. Chitra,Koi Mil Gaya,Foh01tG09Nk,https://www.youtube.com/watch?v=Foh01tG09Nk,341,https://i.ytimg.com/vi/Foh01tG09Nk/mqdefault.jpg
8096719e-e255-4de0-ac79-33dbdd20a48c,POWER,Kanye West,L53gjP-TtGE,https://www.youtube.com/watch?v=L53gjP-TtGE,103,https://i.ytimg.com/vi/L53gjP-TtGE/mqdefault.jpg
4a891f37-4c6b-4293-aecd-5d04ed79da7f,Un râu cu apă vie,Release - Topic,6vx5qrhShlM,https://www.youtube.com/watch?v=6vx5qrhShlM,221,https://i.ytimg.com/vi/6vx5qrhShlM/mqdefault.jpg
dba03b0d-12c3-43a5-bdeb-9ededeb725bf,Credință,Release - Topic,WIbxDToBgVM,https://www.youtube.com/watch?v=WIbxDToBgVM,232,https://i.ytimg.com/vi/WIbxDToBgVM/mqdefault.jpg
33f6181c-6b3c-4943-8079-15d27924f6b6,ai iubit întâi,Tu m,kO2pN1ECIR4,https://www.youtube.com/watch?v=kO2pN1ECIR4,289,https://i.ytimg.com/vi/kO2pN1ECIR4/mqdefault.jpg
d3162d00-dd87-4af2-9f8d-ad8448976c35,aud mai bine | Maria Jipa,Să Te,A5Unc2-wFi4,https://www.youtube.com/watch?v=A5Unc2-wFi4,202,https://i.ytimg.com/vi/A5Unc2-wFi4/mqdefault.jpg
67176a3b-7325-4a09-9750-2c533369f057,Happy Being Fat,Big Dee Irwin - Topic,ncslLiMZNEk,https://www.youtube.com/watch?v=ncslLiMZNEk,154,https://i.ytimg.com/vi/ncslLiMZNEk/mqdefault.jpg
b6be8315-c96a-42c2-9628-04245c86d2a8,Nothing Else Matters,Metallica,tAGnKpE4NCI,https://www.youtube.com/watch?v=tAGnKpE4NCI,386,https://i.ytimg.com/vi/tAGnKpE4NCI/mqdefault.jpg
8f9c8ea2-52a5-437f-b79d-496b534c3c1d,Waiting For The Punchline,Franc Moody,oOiVVRdpR-M,https://www.youtube.com/watch?v=oOiVVRdpR-M,208,https://i.ytimg.com/vi/oOiVVRdpR-M/mqdefault.jpg
c309b630-0092-452b-a02a-a3c55406b756,Alice,mcbaise,r9iYyqr6ibs,https://www.youtube.com/watch?v=r9iYyqr6ibs,326,https://i.ytimg.com/vi/r9iYyqr6ibs/mqdefault.jpg
3404bcac-4f8f-4a49-b8be-6e6a6748fdfd,Big Iron,Marty Robbins,-NuX79Ud8zI,https://www.youtube.com/watch?v=-NuX79Ud8zI,238,https://i.ytimg.com/vi/-NuX79Ud8zI/mqdefault.jpg
fa18abd8-dd5b-4ec9-b1f0-32aa7b442423,Parry Gripp  - Animation by The0Kid!!,"Squirrels, Squirrels, Squirrels",lVB8ZdL2gVU,https://www.youtube.com/watch?v=lVB8ZdL2gVU,64,https://i.ytimg.com/vi/lVB8ZdL2gVU/mqdefault.jpg
958e8e41-3d04-4fee-be95-3576a9ea6852,Squirrel Song,Shellac - Topic,c77oOkvCFjo,https://www.youtube.com/watch?v=c77oOkvCFjo,159,https://i.ytimg.com/vi/c77oOkvCFjo/mqdefault.jpg
26ed5d72-6f3f-4a43-8087-cd27977208de,&quot;The Mississippi Squirrel Revival&quot;,Ray Stevens,K16fG1sDagU,https://www.youtube.com/watch?v=K16fG1sDagU,235,https://i.ytimg.com/vi/K16fG1sDagU/mqdefault.jpg
8f64c757-2da7-41b3-8c3a-c5833c282afa,juliana chahayed,squirrel song,wfz2fUd-8Tw,https://www.youtube.com/watch?v=wfz2fUd-8Tw,109,https://i.ytimg.com/vi/wfz2fUd-8Tw/mqdefault.jpg
9adab0dc-87df-4955-9ae4-68f67e44e828,Lonely At The Top,Asake,bbVZo4Yw7pI,https://www.youtube.com/watch?v=bbVZo4Yw7pI,204,https://i.ytimg.com/vi/bbVZo4Yw7pI/mqdefault.jpg
1586055c-0c38-42da-942a-29493a61f95d,Amapiano,"Asake, Olamide",l_-v1fNdSHs,https://www.youtube.com/watch?v=l_-v1fNdSHs,187,https://i.ytimg.com/vi/l_-v1fNdSHs/mqdefault.jpg
136336e9-f294-4ec7-9c28-73fb36d23b00,Stairway To Heaven (Live at Earls Court 1975),Led Zeppelin,Ly6ZhQVnVow,https://www.youtube.com/watch?v=Ly6ZhQVnVow,649,https://i.ytimg.com/vi/Ly6ZhQVnVow/mqdefault.jpg
58c39ff8-ccd7-4dbb-a7aa-19d723ca9c6f,Kashmir (Live from Celebration Day),Led Zeppelin,PD-MdiUm1_Y,https://www.youtube.com/watch?v=PD-MdiUm1_Y,547,https://i.ytimg.com/vi/PD-MdiUm1_Y/mqdefault.jpg
ffaae5cc-3da9-4906-85e9-c56d949fbffb,Perfect Illusion,Lady Gaga,Xn599R0ZBwg,https://www.youtube.com/watch?v=Xn599R0ZBwg,185,https://i.ytimg.com/vi/Xn599R0ZBwg/mqdefault.jpg
de2ff041-563e-4003-9e20-088b44a2f2ba,"Chaleya (Hindi) | Shah Rukh Khan | Nayanthara | Atlee | Anirudh | Arijit S, Shilpa R | Kumaar",JAWAN,VAdGW7QDJiU,https://www.youtube.com/watch?v=VAdGW7QDJiU,188,https://i.ytimg.com/vi/VAdGW7QDJiU/mqdefault.jpg
32526501-a72a-4444-b99a-e4756f35dfc5,I Remember Everything (feat. Kacey Musgraves),Zach Bryan,ZVVvJjwzl6c,https://www.youtube.com/watch?v=ZVVvJjwzl6c,228,https://i.ytimg.com/vi/ZVVvJjwzl6c/mqdefault.jpg
5e6e43f6-0a17-4a0b-989a-684e90477ecf,Shadow,Livingston,Kq0M4miVjyw,https://www.youtube.com/watch?v=Kq0M4miVjyw,176,https://i.ytimg.com/vi/Kq0M4miVjyw/mqdefault.jpg
4fed5520-384c-4f1c-855f-e23a4fca0d0e,Glow (Visualizer),Livingston,8YzPH0idqMI,https://www.youtube.com/watch?v=8YzPH0idqMI,186,https://i.ytimg.com/vi/8YzPH0idqMI/mqdefault.jpg
fa1c0593-b51e-4ecf-bea3-e9f6088f1b24,Animals,Martin Garrix,gCYcHz2k5x0,https://www.youtube.com/watch?v=gCYcHz2k5x0,192,https://i.ytimg.com/vi/gCYcHz2k5x0/mqdefault.jpg
98cef370-fe2c-4b98-b47c-102bea6407ef,HUNTRIX (헌트릭스) &#39;What It Sounds Like&#39; Lyrics (Color Coded Lyrics),Kaejyung,W0JpAU3yEdU,https://www.youtube.com/watch?v=W0JpAU3yEdU,251,https://i.ytimg.com/vi/W0JpAU3yEdU/mqdefault.jpg
151d969a-c954-46f1-a63b-90bdeec93d77,Bidi Bidi Bom Bom,Selena,RKGbjJarMeA,https://www.youtube.com/watch?v=RKGbjJarMeA,207,https://i.ytimg.com/vi/RKGbjJarMeA/mqdefault.jpg
d7128923-1901-4830-b9f4-d78791a4a1f5,Thriller (Lyrics),Michael Jackson,rLMr9CsJHME,https://www.youtube.com/watch?v=rLMr9CsJHME,358,https://i.ytimg.com/vi/rLMr9CsJHME/mqdefault.jpg
09f5a496-e2f7-462f-a31d-2e3c54343b35,"Joe Blow ft AJ, Blast Holiday &amp; Cookie Money",Thank You,Gf7y0lSWecg,https://www.youtube.com/watch?v=Gf7y0lSWecg,321,https://i.ytimg.com/vi/Gf7y0lSWecg/mqdefault.jpg
c50e65da-cc66-4972-bd6d-bf313deccbf3,Joe Blow  (Grime Blog),Hard To Grasp,X_npqHSEzts,https://www.youtube.com/watch?v=X_npqHSEzts,252,https://i.ytimg.com/vi/X_npqHSEzts/mqdefault.jpg
baa17bd7-e1f2-4767-abb8-c23b52cfbea2,Where I Belong ((WATCH IN 720)),Joe Blow,Pz8Nd9FGjmU,https://www.youtube.com/watch?v=Pz8Nd9FGjmU,174,https://i.ytimg.com/vi/Pz8Nd9FGjmU/mqdefault.jpg
bea7fe43-a148-4a62-bd19-dfd73382bd67,Lil Boosie Remix ((WATCH IN 720)),Joe Blow,9aK7Av6iAf4,https://www.youtube.com/watch?v=9aK7Av6iAf4,144,https://i.ytimg.com/vi/9aK7Av6iAf4/mqdefault.jpg
1ad8cf0f-26a9-4b6f-957e-5fddc0a32576,GAS,EM,Erk5ckEDPq8,https://www.youtube.com/watch?v=Erk5ckEDPq8,174,https://i.ytimg.com/vi/Erk5ckEDPq8/mqdefault.jpg
d41ac49b-5bfa-4708-ad31-461191cc15b7,Nhẹ nhàng cực sâu lắng với Em Chỉ Là #shorts #emxinh #emxinhsayhi,VieSTARS,ptzBYkzrL1o,https://www.youtube.com/watch?v=ptzBYkzrL1o,59,https://i.ytimg.com/vi/ptzBYkzrL1o/mqdefault.jpg
dc7c9952-6a79-49d2-b86d-6c20b81e5f4b,"[1HOUR] Em Chỉ Là đầy sâu lắng cùng Bích Phương, LyHan, Hoàng Duyên, Muộii, Tăng Duy Tân",VieSTARS,M83_kZXwd5E,https://www.youtube.com/watch?v=M83_kZXwd5E,3385,https://i.ytimg.com/vi/M83_kZXwd5E/mqdefault.jpg
a23eb3f0-3c58-4723-a9a7-c3bef0e60e10,Flavor,Saviii 3rd - Topic,DM_AxC1R89o,https://www.youtube.com/watch?v=DM_AxC1R89o,229,https://i.ytimg.com/vi/DM_AxC1R89o/mqdefault.jpg
b6378bff-a550-4b27-b5b9-e4ff44c82558,Amaze,Chedda-Loc - Topic,Kyol8eFy9mw,https://www.youtube.com/watch?v=Kyol8eFy9mw,193,https://i.ytimg.com/vi/Kyol8eFy9mw/mqdefault.jpg
cd80c2a1-57ad-44ed-9da0-b6d2219c6d02,Drama I Been Through,Mob Figaz - Topic,1woPGA9TvfQ,https://www.youtube.com/watch?v=1woPGA9TvfQ,281,https://i.ytimg.com/vi/1woPGA9TvfQ/mqdefault.jpg
886472a9-2821-4871-a870-0408d07df31c,Best Blues Rock Songs All Time | Modern Blues Popular 1,Blues Music Playlist 2023,9W3Kfv7EVVI,https://www.youtube.com/watch?v=9W3Kfv7EVVI,7129,https://i.ytimg.com/vi/9W3Kfv7EVVI/mqdefault.jpg
ee2ad00a-9ea5-4fa7-8299-c1dc94dfaf55,Ibiza Summer Mix 2025 🍓 Best Of Tropical Deep House Music Chill Out Mix 2024 🍓 Chillout Lounge,Magic Club,SHW-4TWpKGU,https://www.youtube.com/watch?v=SHW-4TWpKGU,0,https://i.ytimg.com/vi/SHW-4TWpKGU/mqdefault_live.jpg
9a591496-3710-483d-90de-e5126798ad11,Whiskey Rock Music for a Relaxing Work Blues Escape | Unwind after Hours,Elegant Blues,L1xwUKxpdJg,https://www.youtube.com/watch?v=L1xwUKxpdJg,42899,https://i.ytimg.com/vi/L1xwUKxpdJg/mqdefault.jpg
163474ce-b712-42a1-b03e-0b298fea8491,Disco Yes (feat. Poppy Ajudha),Tom Misch,EXWOJvlDwbU,https://www.youtube.com/watch?v=EXWOJvlDwbU,281,https://i.ytimg.com/vi/EXWOJvlDwbU/mqdefault.jpg
d54df1e4-686a-42ae-821a-a10d32d31db2,(&#39;Cause) I&#39;m Your Girl,S.E.S,Fs2nhFBVrd4,https://www.youtube.com/watch?v=Fs2nhFBVrd4,226,https://i.ytimg.com/vi/Fs2nhFBVrd4/mqdefault.jpg
01aaf7fe-838d-417e-942d-e54d8fae7da5,Bloodsuckers,Dead Players - Topic,oG-DYGiCU_s,https://www.youtube.com/watch?v=oG-DYGiCU_s,215,https://i.ytimg.com/vi/oG-DYGiCU_s/mqdefault.jpg
bba257a0-7764-4baf-95e6-93285bd00475,Fire &amp; Lightning (feat. Karen Linette),Fulton Lee - Topic,xbsZXZy3hpo,https://www.youtube.com/watch?v=xbsZXZy3hpo,235,https://i.ytimg.com/vi/xbsZXZy3hpo/mqdefault.jpg
88c2aa8b-3eb7-406d-93b5-845459b55b51,Believe (feat. Kyaira),Fulton Lee - Topic,u5Qx5vJDNp8,https://www.youtube.com/watch?v=u5Qx5vJDNp8,176,https://i.ytimg.com/vi/u5Qx5vJDNp8/mqdefault.jpg
9d0f06b4-8f6d-4648-bab3-c28a67a8fdad,Fire and Lightning (Lyrics) feat. Karen Linette,Fulton Lee,tGiswx0TfEw,https://www.youtube.com/watch?v=tGiswx0TfEw,232,https://i.ytimg.com/vi/tGiswx0TfEw/mqdefault.jpg
ae0ab066-b9ec-4678-808e-152bc1911832,Mufasa by Fulton Lee,Fulton Lee,S3wRnESaK_w,https://www.youtube.com/watch?v=S3wRnESaK_w,120,https://i.ytimg.com/vi/S3wRnESaK_w/mqdefault.jpg
3db3fc31-25ae-4500-947a-79509aa4d8d1,Stormy Weather (feat. Trey Cook),Fulton Lee - Topic,kRm3FD_6Z8U,https://www.youtube.com/watch?v=kRm3FD_6Z8U,184,https://i.ytimg.com/vi/kRm3FD_6Z8U/mqdefault.jpg
24b913bc-653c-44da-8540-fa9ca2719e4b,Take Me Where You Go by Fulton Lee,Fulton Lee,62EorspwLok,https://www.youtube.com/watch?v=62EorspwLok,155,https://i.ytimg.com/vi/62EorspwLok/mqdefault.jpg
36390fd2-45dd-47c7-a484-e948f12470fc,Be Somebody Official Music Video,Fulton Lee,58ozarMLIHM,https://www.youtube.com/watch?v=58ozarMLIHM,228,https://i.ytimg.com/vi/58ozarMLIHM/mqdefault.jpg
69f3029c-3794-4ad1-bae0-41473803caea,Running Away 12&quot; Version,Roy Ayers,DOExG4HIZu4,https://www.youtube.com/watch?v=DOExG4HIZu4,416,https://i.ytimg.com/vi/DOExG4HIZu4/mqdefault.jpg
c2f69c20-cd49-45e1-9dad-9809a542cde8,Kobe,Chief Keef - Topic,v5QH1wxP_lo,https://www.youtube.com/watch?v=v5QH1wxP_lo,212,https://i.ytimg.com/vi/v5QH1wxP_lo/mqdefault.jpg
c6a8bc3c-4663-4f1a-8c70-99dc64d38d7f,Road Runner (feat. OG Junior),OG Maco - Topic,zTNKGEh8Has,https://www.youtube.com/watch?v=zTNKGEh8Has,211,https://i.ytimg.com/vi/zTNKGEh8Has/mqdefault.jpg
0946649d-bf74-4a56-b022-d273cfe8a7f0,Ocean Man,Ween - Topic,vcaPiiFZu2o,https://www.youtube.com/watch?v=vcaPiiFZu2o,127,https://i.ytimg.com/vi/vcaPiiFZu2o/mqdefault.jpg
09bbd202-5031-40b6-86a9-58c8bc3a3dbe,Gamma Waves for Focus / Concentration / Memory - Binaural Beats - Focus Music,Accelerated Learning,vLEek3I3wac,https://www.youtube.com/watch?v=vLEek3I3wac,5401,https://i.ytimg.com/vi/vLEek3I3wac/mqdefault.jpg
d5833373-ca6e-4984-b062-efc2b9cf93e4,Halo,Beyoncé,bnVUHWCynig,https://www.youtube.com/watch?v=bnVUHWCynig,225,https://i.ytimg.com/vi/bnVUHWCynig/mqdefault.jpg
5d362359-81c0-4bd8-8e66-e1936f56eafb,Gostava Tanto De Você,Tim Maia - Topic,cxSzri346W0,https://www.youtube.com/watch?v=cxSzri346W0,257,https://i.ytimg.com/vi/cxSzri346W0/mqdefault.jpg
792d90b0-9055-4f54-8853-9a1efc4ef662,Que Beleza,Tim Maia,Nq_AOktdhts,https://www.youtube.com/watch?v=Nq_AOktdhts,209,https://i.ytimg.com/vi/Nq_AOktdhts/mqdefault.jpg
b65d4de5-13a3-4ad2-a7c8-aaa955c6bdd2,jennifer connelly,sway,yrRkVNVboFs,https://www.youtube.com/watch?v=yrRkVNVboFs,102,https://i.ytimg.com/vi/yrRkVNVboFs/mqdefault.jpg
30bc5025-0dde-4cb3-af04-cde00c74cae7,Rock That Body (Lyrics),The Black Eyed Peas,QGipx4ZRHwc,https://www.youtube.com/watch?v=QGipx4ZRHwc,271,https://i.ytimg.com/vi/QGipx4ZRHwc/mqdefault.jpg
f4be089a-a649-4f89-90ff-907f2cfb546d,Bodyrock,Moby - Topic,oNIIa6mpi10,https://www.youtube.com/watch?v=oNIIa6mpi10,217,https://i.ytimg.com/vi/oNIIa6mpi10/mqdefault.jpg
46070b87-769c-4a83-8ef3-36646c9653f0,Malik - Body Rock,Bryce Feat. J,4_xdg9B8Id0,https://www.youtube.com/watch?v=4_xdg9B8Id0,206,https://i.ytimg.com/vi/4_xdg9B8Id0/mqdefault.jpg
24774b32-b4c7-4566-9d80-8ef9919dc5ae,Start A Fire (Extended Mix),Above & Beyond - Topic,FvAGXhZhXBs,https://www.youtube.com/watch?v=FvAGXhZhXBs,334,https://i.ytimg.com/vi/FvAGXhZhXBs/mqdefault.jpg
10acd00d-f815-430c-b6e5-c6072fc502f9,N de M (Censurado) (store.com) [Instrumental y cancion original en comentarios],Homero Simpson,GAHtUidWuDA,https://www.youtube.com/watch?v=GAHtUidWuDA,69,https://i.ytimg.com/vi/GAHtUidWuDA/mqdefault.jpg
8ac9782f-0d1f-48ce-a7d0-39e44f90fb59,Paradise (LETRA/LYRICS),Willyrex,jxvzopwA9_g,https://www.youtube.com/watch?v=jxvzopwA9_g,270,https://i.ytimg.com/vi/jxvzopwA9_g/mqdefault.jpg
e9ff3483-93e7-4ff0-a935-1161ec56f3c5,N de M (Version Extendida) - Con Link de Descarga #ChauInadi,Store.com,IZCJc2TNLB0,https://www.youtube.com/watch?v=IZCJc2TNLB0,393,https://i.ytimg.com/vi/IZCJc2TNLB0/mqdefault.jpg
ea46a021-9a1c-4395-ad14-396ac7b5be89,Rap Das Armas,Cidinho &amp; Doca,ZthNYozVwNM,https://www.youtube.com/watch?v=ZthNYozVwNM,207,https://i.ytimg.com/vi/ZthNYozVwNM/mqdefault.jpg
61086915-870f-41d1-b932-bd5a2737e595,Wavin&#39; Flag (Coca-Cola Celebration Mix),K&#39;NAAN,WTJSt4wP2ME,https://www.youtube.com/watch?v=WTJSt4wP2ME,225,https://i.ytimg.com/vi/WTJSt4wP2ME/mqdefault.jpg
941c0a72-35ef-4f3f-b027-bb19ba83efe5,C&#39;Est La Vie,Khaled,5dWeeUIZFgA,https://www.youtube.com/watch?v=5dWeeUIZFgA,237,https://i.ytimg.com/vi/5dWeeUIZFgA/mqdefault.jpg
c763ee3c-03a7-4445-8690-6189c306f52b,90s Hits Hindi Songs | Evergreen Bollywood Hits | Old Songs,LIve 90s Romantic Love Songs Jukebox,XhOjIbWwjz0,https://www.youtube.com/watch?v=XhOjIbWwjz0,0,https://i.ytimg.com/vi/XhOjIbWwjz0/mqdefault_live.jpg
300d3c24-7ac6-42b3-9564-491ece0fd5a2,Chammak Challo | Ra One | ShahRukh Khan | Kareena Kapoor,Lyrical,oAVhUAaVCVQ,https://www.youtube.com/watch?v=oAVhUAaVCVQ,246,https://i.ytimg.com/vi/oAVhUAaVCVQ/mqdefault.jpg
27bcc47c-2b16-4bae-ad64-a10276044199,Stop Party Songs | Bollywood Dance Songs | T-Series,Bollywood Dance Hits| Non,yszisrGQsmY,https://www.youtube.com/watch?v=yszisrGQsmY,2878,https://i.ytimg.com/vi/yszisrGQsmY/mqdefault.jpg
d74603d8-a666-49ec-b1c4-0914da1975e7,Bad Newz | Vicky Kaushal | Triptii Dimri | Karan Aujla,Tauba Tauba,LK7-_dgAVQE,https://www.youtube.com/watch?v=LK7-_dgAVQE,222,https://i.ytimg.com/vi/LK7-_dgAVQE/mqdefault.jpg
b1c3d59c-5e06-43cf-b9b9-13803b347aaf,GIVIN&#39; IT UP,SOUTH SUMMIT,qMKP-hy6TNU,https://www.youtube.com/watch?v=qMKP-hy6TNU,209,https://i.ytimg.com/vi/qMKP-hy6TNU/mqdefault.jpg
eb317f2d-3ff4-487a-98be-b44c79757aee,You Haunt Me,Spencer McGillicutty,G8gZWm6sW04,https://www.youtube.com/watch?v=G8gZWm6sW04,216,https://i.ytimg.com/vi/G8gZWm6sW04/mqdefault.jpg
5651d1da-0dc8-4328-958b-7f5276303efe,"SUAVE (Remix) Ft. Chencho &quot;Plan B&quot;, Bryant Myers, Noriel, Jon Z, Miky Woodz",El Alfa El Jefe,SpRpfev01n0,https://www.youtube.com/watch?v=SpRpfev01n0,306,https://i.ytimg.com/vi/SpRpfev01n0/mqdefault.jpg
9bce63b4-055d-48f5-96b9-2b749539a82a,Suavemente,Elvis Crespo,_T_SIDKGRjs,https://www.youtube.com/watch?v=_T_SIDKGRjs,271,https://i.ytimg.com/vi/_T_SIDKGRjs/mqdefault.jpg
af9a68ac-bf79-4485-89d8-e90f2c79c364,Suavemente,Elvis Crespo,WPiEbYSF9kE,https://www.youtube.com/watch?v=WPiEbYSF9kE,269,https://i.ytimg.com/vi/WPiEbYSF9kE/mqdefault.jpg
dc421018-7779-46f0-825e-de4741af5e48,Thanh Hưng,Lao Tâm Khổ Tứ,TfKOFRpqSME,https://www.youtube.com/watch?v=TfKOFRpqSME,348,https://i.ytimg.com/vi/TfKOFRpqSME/mqdefault.jpg
749f1690-cf7e-4ba8-8c57-79b3cdc6454a,La Mamá de la Mamá#SagitarioTheAlbum,El Alfa &quot;El Jefe&quot; x CJ x El Cherry Scom,s5yRZOQ3EWI,https://www.youtube.com/watch?v=s5yRZOQ3EWI,221,https://i.ytimg.com/vi/s5yRZOQ3EWI/mqdefault.jpg
10a623d4-ad98-44c9-9895-c3e5b8618630,Họ Yêu Ai Mất Rồi l Doãn Hiếu l Official Lyrics Video,Doãn Hiếu,8wSZyRLjUnc,https://www.youtube.com/watch?v=8wSZyRLjUnc,311,https://i.ytimg.com/vi/8wSZyRLjUnc/mqdefault.jpg
9d31bbcc-99aa-42c1-b154-41c56bd5e0a3,Tuấn Smile Mix ( Dex Music Group ) | Nhạc Hot Trend Xu Hướng Tiktok #1,Họ Yêu Ai Mất Rồi Remix,6jz5-4Fv510,https://www.youtube.com/watch?v=6jz5-4Fv510,510,https://i.ytimg.com/vi/6jz5-4Fv510/mqdefault.jpg
4abd7c25-b77f-407b-8ddc-2ba3f2b7c377,Innerbloom,RÜFÜS DU SOL,W10Vof1acps,https://www.youtube.com/watch?v=W10Vof1acps,579,https://i.ytimg.com/vi/W10Vof1acps/mqdefault.jpg
07ab7ab1-8965-4dbc-bb6e-423725fdbbff,Spark | New #Marathi Songs 2025,ShakySanju Rathod Ft. Isha Malviya | G,sUf2PtEZris,https://www.youtube.com/watch?v=sUf2PtEZris,215,https://i.ytimg.com/vi/sUf2PtEZris/mqdefault.jpg
28a02d77-bb25-46a2-89df-3a9752ca251e,"Atul, Guru, Shreya | Ankush, Sana",Baharla Ha Madhumas Full Video Song | Maharashtra Shaheer | Ajay,Eipq_IC7NYA,https://www.youtube.com/watch?v=Eipq_IC7NYA,238,https://i.ytimg.com/vi/Eipq_IC7NYA/mqdefault.jpg
2b49f366-3340-42a2-be6a-46cf66dbba1a,Blinding Lights,The Weeknd,4NRXx6U8ABQ,https://www.youtube.com/watch?v=4NRXx6U8ABQ,263,https://i.ytimg.com/vi/4NRXx6U8ABQ/mqdefault.jpg
3c18d6c3-0f8d-41e2-b0ed-b66efdefe3b7,Grace Kelly,MIKA,0CGVgAYJyjk,https://www.youtube.com/watch?v=0CGVgAYJyjk,196,https://i.ytimg.com/vi/0CGVgAYJyjk/mqdefault.jpg
1ebe1fb7-0ab1-4514-a31a-08ce8b22aee5,C’est la Vie,MIKA,Oe7AU05BuZ8,https://www.youtube.com/watch?v=Oe7AU05BuZ8,225,https://i.ytimg.com/vi/Oe7AU05BuZ8/mqdefault.jpg
f4bb9b8a-6812-4d95-be58-532c321446a9,Popular Song ft. Ariana Grande,MIKA,nmcdLOjGVzw,https://www.youtube.com/watch?v=nmcdLOjGVzw,207,https://i.ytimg.com/vi/nmcdLOjGVzw/mqdefault.jpg
aae7b6f0-7d9f-4fd9-92cc-1ce20de00e9c,Sensitive Ft. Seedhe Maut | Samay Raina | Prod. Hurricane | Official Music Video,KR$NA,uJmLJAdP00c,https://www.youtube.com/watch?v=uJmLJAdP00c,232,https://i.ytimg.com/vi/uJmLJAdP00c/mqdefault.jpg
c7cda22a-6151-461c-b3e2-2690ca68b7d4,Mxrci | Latest Punjabi Songs 2024,Winning SpeechKaran Aujla,vsWxs1tuwDk,https://www.youtube.com/watch?v=vsWxs1tuwDk,238,https://i.ytimg.com/vi/vsWxs1tuwDk/mqdefault.jpg
f0e81a27-fb7c-4177-9376-881034c90a94,LATEST PUNJABI SONGS 2025,COURTSIDEKARAN AUJLA,Z8IRRphKFZA,https://www.youtube.com/watch?v=Z8IRRphKFZA,172,https://i.ytimg.com/vi/Z8IRRphKFZA/mqdefault.jpg
562f167e-3745-40fb-97dd-9378e4b8d076,Forever,"Drake, Kanye West, Lil Wayne, Eminem",eDuRoPIOBjE,https://www.youtube.com/watch?v=eDuRoPIOBjE,374,https://i.ytimg.com/vi/eDuRoPIOBjE/mqdefault.jpg
90885863-f191-4fb1-82d2-fa61e3e7748b,Hall of Fameft. will.i.am,The Script,mk48xRzuNvA,https://www.youtube.com/watch?v=mk48xRzuNvA,234,https://i.ytimg.com/vi/mk48xRzuNvA/mqdefault.jpg
98df007e-ca6b-4df8-b3ba-c74696456dc5,Save Time,Okasian - Topic,ZU1K8vgl4sw,https://www.youtube.com/watch?v=ZU1K8vgl4sw,183,https://i.ytimg.com/vi/ZU1K8vgl4sw/mqdefault.jpg
57ceb25b-dd15-4e94-a86b-3c67fabe3106,Billionaire ft. Bruno Mars,Travie McCoy,8aRor905cCw,https://www.youtube.com/watch?v=8aRor905cCw,214,https://i.ytimg.com/vi/8aRor905cCw/mqdefault.jpg
2f73a775-fc53-4a52-b2c3-8f124932398e,"3 | Aamir Khan, Katrina Kaif | Siddharth Mahadevan, Shilpa Rao, Pritam, Sameer",Malang Song | DHOOM,SxoTAvwCr4A,https://www.youtube.com/watch?v=SxoTAvwCr4A,341,https://i.ytimg.com/vi/SxoTAvwCr4A/mqdefault.jpg
1ef27ba7-6911-4073-b139-abe5bf8852e1,Bohemian Rhapsody (Live Aid 1985),Queen,vbvyNnw8Qjg,https://www.youtube.com/watch?v=vbvyNnw8Qjg,165,https://i.ytimg.com/vi/vbvyNnw8Qjg/mqdefault.jpg
a2212225-028a-4b5c-ba3d-143e15da64dd,Love Of My Life [Lyrics],Queen,BwM5DOG__OQ,https://www.youtube.com/watch?v=BwM5DOG__OQ,218,https://i.ytimg.com/vi/BwM5DOG__OQ/mqdefault.jpg
d85ca9b2-b7b5-4591-9d9a-f08ae81497ec,Love Of My Life,Queen,sUJkCXE4sAA,https://www.youtube.com/watch?v=sUJkCXE4sAA,222,https://i.ytimg.com/vi/sUJkCXE4sAA/mqdefault.jpg
83b2641f-99ae-4e7e-a61c-39f8bc0e6cef,Wish You Were Here,Pink Floyd,IXdNnw99-Ic,https://www.youtube.com/watch?v=IXdNnw99-Ic,294,https://i.ytimg.com/vi/IXdNnw99-Ic/mqdefault.jpg
355c27cf-2ae4-4eab-a112-abf05d9abfee,Wish You Were Here,Pink Floyd - Topic,hjpF8ukSrvk,https://www.youtube.com/watch?v=hjpF8ukSrvk,335,https://i.ytimg.com/vi/hjpF8ukSrvk/mqdefault.jpg
19971aa5-4d54-4eb9-8cba-7d12e8b23083,More Than Words,Extreme,UrIiLvg58SY,https://www.youtube.com/watch?v=UrIiLvg58SY,256,https://i.ytimg.com/vi/UrIiLvg58SY/mqdefault.jpg
572863b9-e62b-4f7f-9ef3-512c36c4e47e,Smells Like Teen Spirit,Nirvana,hTWKbfoikeg,https://www.youtube.com/watch?v=hTWKbfoikeg,279,https://i.ytimg.com/vi/hTWKbfoikeg/mqdefault.jpg
c3da6828-b925-4587-b047-010846a19e35,Undone -- The Sweater Song,Weezer,LHQqqM5sr7g,https://www.youtube.com/watch?v=LHQqqM5sr7g,255,https://i.ytimg.com/vi/LHQqqM5sr7g/mqdefault.jpg
074ea2d2-eee9-4498-8966-34381fb79be3,Name(Remaster),Goo Goo Dolls,yQOBUrRaPU0,https://www.youtube.com/watch?v=yQOBUrRaPU0,242,https://i.ytimg.com/vi/yQOBUrRaPU0/mqdefault.jpg
1d878bba-b984-45d7-924c-1aae6624bb90,Only Wanna Be With You,Hootie & the Blowfish - Topic,62F4rAa-CK0,https://www.youtube.com/watch?v=62F4rAa-CK0,230,https://i.ytimg.com/vi/62F4rAa-CK0/mqdefault.jpg
b68ebac8-e204-4860-9aee-e857c0732dbe,Everlong,Foo Fighters,eBG7P-K-r1Y,https://www.youtube.com/watch?v=eBG7P-K-r1Y,292,https://i.ytimg.com/vi/eBG7P-K-r1Y/mqdefault.jpg
facd8bca-5797-4203-b739-041b26a03996,"Zamaana Lage (Song) | Anurag Basu | Pritam | Arijit Singh, Shashwat S | Bhushan Kumar",Metro…In Dino,UEZm0U6KrfY,https://www.youtube.com/watch?v=UEZm0U6KrfY,147,https://i.ytimg.com/vi/UEZm0U6KrfY/mqdefault.jpg
bcf2b0a6-61aa-4eab-902b-aea72a2f55e9,Lose Yourself,Eminem,xFYQQPAOz7Y,https://www.youtube.com/watch?v=xFYQQPAOz7Y,328,https://i.ytimg.com/vi/xFYQQPAOz7Y/mqdefault.jpg
961c97c6-c73b-434b-82fb-4ff7945bb2f0,Not Afraid,Eminem,j5-yKhDd64s,https://www.youtube.com/watch?v=j5-yKhDd64s,259,https://i.ytimg.com/vi/j5-yKhDd64s/mqdefault.jpg
8300b61b-8d91-47c8-a48e-ffda5b691c84,Houdini,Eminem,22tVWwmTie8,https://www.youtube.com/watch?v=22tVWwmTie8,297,https://i.ytimg.com/vi/22tVWwmTie8/mqdefault.jpg
401fcd34-00f4-451e-83f5-f8b1d1d48879,The Real Slim Shady,Eminem,eJO5HU_7_1w,https://www.youtube.com/watch?v=eJO5HU_7_1w,269,https://i.ytimg.com/vi/eJO5HU_7_1w/mqdefault.jpg
2a3d22a8-0c27-4c37-b243-27c86292c252,Rap God (Explicit),Eminem,XbGs_qK2PQA,https://www.youtube.com/watch?v=XbGs_qK2PQA,370,https://i.ytimg.com/vi/XbGs_qK2PQA/mqdefault.jpg
7ac9ed8f-0eca-4fe6-8ddd-dbc55c64410a,I&#39;m Different (Explicit),2 Chainz,e2QKlmMT8II,https://www.youtube.com/watch?v=e2QKlmMT8II,217,https://i.ytimg.com/vi/e2QKlmMT8II/mqdefault.jpg
5581be72-b18e-45f8-b7fb-2f89c9cf4366,Sista Wives,"2 Chainz, Lil Yachty",zV0LWDD3k5c,https://www.youtube.com/watch?v=zV0LWDD3k5c,150,https://i.ytimg.com/vi/zV0LWDD3k5c/mqdefault.jpg
ab463531-cbfd-4cca-87cc-bf483b3fdf0c,THE ATL EXPERIENCE,"2 Chainz, Ronald Isley, The Isley Brothers",xaVXrDnQRKM,https://www.youtube.com/watch?v=xaVXrDnQRKM,263,https://i.ytimg.com/vi/xaVXrDnQRKM/mqdefault.jpg
7c5d18e9-484c-4d6b-808d-077a971e47e6,"It&#39;s A Vibe ft. Ty Dolla $ign, Trey Songz, Jhené Aiko",2 Chainz,tU3p6mz-uxU,https://www.youtube.com/watch?v=tU3p6mz-uxU,200,https://i.ytimg.com/vi/tU3p6mz-uxU/mqdefault.jpg
fbc26e57-4ff7-4635-9b6d-ea23ca9b882c,We Own It,2 Chainz &amp; Wiz Khalifa,tYQ1Okyi3g4,https://www.youtube.com/watch?v=tYQ1Okyi3g4,227,https://i.ytimg.com/vi/tYQ1Okyi3g4/mqdefault.jpg
27a0b02e-444d-496c-899f-310908a75c74,"Good Drank ft. Gucci Mane, Quavo",2 Chainz,hXs1fWCgOW4,https://www.youtube.com/watch?v=hXs1fWCgOW4,238,https://i.ytimg.com/vi/hXs1fWCgOW4/mqdefault.jpg
9bb4d1d1-d519-435a-a299-628f1f0dd6a3,Feds Watching(Explicit),2 Chainz,NttlPwNKd_M,https://www.youtube.com/watch?v=NttlPwNKd_M,270,https://i.ytimg.com/vi/NttlPwNKd_M/mqdefault.jpg
01aedf23-e94a-4a2e-b241-1c11127ebab0,No Lie ft. Drake(Explicit Version),2 Chainz,uQZMaG1eO74,https://www.youtube.com/watch?v=uQZMaG1eO74,244,https://i.ytimg.com/vi/uQZMaG1eO74/mqdefault.jpg
e9783197-a1eb-4aa1-81c5-83bc3ed7cc78,2 Chains,G Herbo,Ch8peGAzCUU,https://www.youtube.com/watch?v=Ch8peGAzCUU,245,https://i.ytimg.com/vi/Ch8peGAzCUU/mqdefault.jpg
7fdd68f7-1206-4a69-8f4a-aa43f2582139,OFFICIAL MV | HOÀ MINZY ft NS XUÂN HINH x MASEW x TUẤN CRY,BẮC BLING (BẮC NINH),CL13X-8o4h0,https://www.youtube.com/watch?v=CL13X-8o4h0,259,https://i.ytimg.com/vi/CL13X-8o4h0/mqdefault.jpg
42ea5d73-eda5-471f-8f39-fcfd47582c67,EMINEM RAP GOD LIVE 😳🔥,Media,k5KD7M5Ga-I,https://www.youtube.com/watch?v=k5KD7M5Ga-I,20,https://i.ytimg.com/vi/k5KD7M5Ga-I/mqdefault.jpg
834044a4-9591-4b6f-939a-51b366850859,"Rap God (Live at Rock &amp; Roll Hall of Fame 2022 Induction), Pro Multicam",Eminem,ZAf-oiqQhmc,https://www.youtube.com/watch?v=ZAf-oiqQhmc,181,https://i.ytimg.com/vi/ZAf-oiqQhmc/mqdefault.jpg
5edad2a4-dd8d-49bf-b724-7f7c9da1a5e9,Rap God,Eminem,S7cQ3b0iqLo,https://www.youtube.com/watch?v=S7cQ3b0iqLo,367,https://i.ytimg.com/vi/S7cQ3b0iqLo/mqdefault.jpg
25e24c0d-8978-4b3a-842e-99caa7791254,Davidian,Machine Head,Qf0yWQzz0gM,https://www.youtube.com/watch?v=Qf0yWQzz0gM,269,https://i.ytimg.com/vi/Qf0yWQzz0gM/mqdefault.jpg
aed7ec33-497e-46d3-a32b-d0d6aa19398b,Adamak,Amir Khoshnegar - Topic,Hpkt2hZOMFs,https://www.youtube.com/watch?v=Hpkt2hZOMFs,153,https://i.ytimg.com/vi/Hpkt2hZOMFs/mqdefault.jpg
86d6bbc8-b7e3-4ed5-943c-531a34c27551,Time ft. Delilah,Chase &amp; Status,we9jeU76Y9E,https://www.youtube.com/watch?v=we9jeU76Y9E,224,https://i.ytimg.com/vi/we9jeU76Y9E/mqdefault.jpg
d06a9757-cd65-442e-b743-15a7c521ab10,Don&#39;t Stop The Dance,Bryan Ferry,XjhTHQhJLxs,https://www.youtube.com/watch?v=XjhTHQhJLxs,237,https://i.ytimg.com/vi/XjhTHQhJLxs/mqdefault.jpg
76ddd1e3-f530-4f55-ae9c-5aae9176af86,Don&#39;t Stop The Dance (Art Remastering),Bryan Ferry,A8UWMFV7ONE,https://www.youtube.com/watch?v=A8UWMFV7ONE,261,https://i.ytimg.com/vi/A8UWMFV7ONE/mqdefault.jpg
0ba28a86-cfbb-4fab-a92c-917190bc27af,Let&#39;s Stick Together,Bryan Ferry,Z9EbR0ckb40,https://www.youtube.com/watch?v=Z9EbR0ckb40,180,https://i.ytimg.com/vi/Z9EbR0ckb40/mqdefault.jpg
04f84ad1-7eab-406f-b6e5-9b204a353db8,Lunares (Tangos),Kiki Morente,-8z20QJdYoQ,https://www.youtube.com/watch?v=-8z20QJdYoQ,201,https://i.ytimg.com/vi/-8z20QJdYoQ/mqdefault.jpg
64f3e9d2-7a5c-4ebc-b9d4-acfece2db4d0,Sembre una Esperanza,Enrique Morente - Topic,8PFN5XGQXW0,https://www.youtube.com/watch?v=8PFN5XGQXW0,178,https://i.ytimg.com/vi/8PFN5XGQXW0/mqdefault.jpg
00f2df6c-3b4d-4e10-aad1-aaa97dddbad8,Navegaré,Kiki Morente,JAg9rshK0TE,https://www.youtube.com/watch?v=JAg9rshK0TE,193,https://i.ytimg.com/vi/JAg9rshK0TE/mqdefault.jpg
41613b98-4e94-4f76-aac8-af90af8feecd,Motivation Training 2015 [],Creed,Fp5A8CXyS_E,https://www.youtube.com/watch?v=Fp5A8CXyS_E,240,https://i.ytimg.com/vi/Fp5A8CXyS_E/mqdefault.jpg
9a523429-5bab-46d0-9a49-4f1902941b0b,E Mura Sise,Dipo Sodipo - Topic,g866s6O88QM,https://www.youtube.com/watch?v=g866s6O88QM,432,https://i.ytimg.com/vi/g866s6O88QM/mqdefault.jpg
8cdff14a-467a-4bd3-9c57-548dca0a7021,The Kill (Bury Me),Thirty Seconds To Mars,8yvGCAvOAfM,https://www.youtube.com/watch?v=8yvGCAvOAfM,330,https://i.ytimg.com/vi/8yvGCAvOAfM/mqdefault.jpg
7ec8fd4e-7bfc-420f-85aa-bcdd7889bdc7,"Thalaivan Thalaivii | Vijay Sethupathi,Nithya Menen |Pandiraaj |Santhosh Narayanan",Pottala Muttaye,zVjVqKoS9QU,https://www.youtube.com/watch?v=zVjVqKoS9QU,238,https://i.ytimg.com/vi/zVjVqKoS9QU/mqdefault.jpg
0317124f-8e46-4eb5-a7b3-c3efff5927d5,Coke Studio Pakistan | Season 15 | Maanu x Annural Khalid,Jhol,-2RAq5o5pwc,https://www.youtube.com/watch?v=-2RAq5o5pwc,279,https://i.ytimg.com/vi/-2RAq5o5pwc/mqdefault.jpg
a6fe3497-f845-4bb8-ac55-106726a63be0,"Farzi |Sachin-Jigar, Vishal Dadlani, MellowD |Shahid Kapoor",Paisa Hai Toh,XsOPuQ9Z7Eo,https://www.youtube.com/watch?v=XsOPuQ9Z7Eo,191,https://i.ytimg.com/vi/XsOPuQ9Z7Eo/mqdefault.jpg
ae0e5319-03be-468f-bb1e-81b55a5badcd,Bholenath (A Love Story) | Official Video | Arvindr Khaira | Main Bhola Parvat Ka,Kaka WRLD,a4pi2zKbf8Q,https://www.youtube.com/watch?v=a4pi2zKbf8Q,309,https://i.ytimg.com/vi/a4pi2zKbf8Q/mqdefault.jpg
2e64ef27-7f21-4178-be6d-2d3d6b4f378e,Paradox | Hustle 2.0,Babam Bam,9KCtZ9r4OAw,https://www.youtube.com/watch?v=9KCtZ9r4OAw,147,https://i.ytimg.com/vi/9KCtZ9r4OAw/mqdefault.jpg
c5989197-3bed-4b2e-b7d0-487451187514,"head.rap (feat. Madison McFerrin, Ogi, and Jordan Ward)",Saba &amp; No ID,zVIPD_PUBbo,https://www.youtube.com/watch?v=zVIPD_PUBbo,216,https://i.ytimg.com/vi/zVIPD_PUBbo/mqdefault.jpg
9a804e34-933f-4aa1-a8de-9802305c0bca,Piano Man,Billy Joel,gxEPV4kolz0,https://www.youtube.com/watch?v=gxEPV4kolz0,342,https://i.ytimg.com/vi/gxEPV4kolz0/mqdefault.jpg
daa13bc1-6ec6-4738-be9c-990b6295c204,Two Steps Behind,Def Leppard,VysskIC04u0,https://www.youtube.com/watch?v=VysskIC04u0,253,https://i.ytimg.com/vi/VysskIC04u0/mqdefault.jpg
82f7141c-0701-4759-a5ef-3e3893abd9ee,Two Steps Behind lyrics by Def Leppard,NinjaHundo,3jlrjb9XY_Y,https://www.youtube.com/watch?v=3jlrjb9XY_Y,255,https://i.ytimg.com/vi/3jlrjb9XY_Y/mqdefault.jpg
edd13a3d-0003-442e-92f1-11977707d359,Shape of You x Naina (Live in Birmingham 2024),Ed Sheeran &amp; Diljit Dosanjh,k0Ka-deab1s,https://www.youtube.com/watch?v=k0Ka-deab1s,302,https://i.ytimg.com/vi/k0Ka-deab1s/mqdefault.jpg
7edc511b-dc99-4b2a-9b12-8f607c3c54f2,I Love You (Lyrics),Céline Dion,xaOtiz1K9-w,https://www.youtube.com/watch?v=xaOtiz1K9-w,334,https://i.ytimg.com/vi/xaOtiz1K9-w/mqdefault.jpg
f13cd8b2-d531-4336-a426-feb40040ed41,Группа Крови,Виктор Цой,xKpzH5bxYsk,https://www.youtube.com/watch?v=xKpzH5bxYsk,291,https://i.ytimg.com/vi/xKpzH5bxYsk/mqdefault.jpg
7654af34-8388-4514-b8f5-30374f75ecee,Capybara,Сто-Личный Она-Нас - Topic,WbjyfvaH7Ko,https://www.youtube.com/watch?v=WbjyfvaH7Ko,118,https://i.ytimg.com/vi/WbjyfvaH7Ko/mqdefault.jpg
bd2b96e3-a11e-4b65-a28b-7e5137697a9b,Личный Она-Нас - Capybara (Lyrics) | Capybara Song TikTok,Сто,yGJfpTRL_Sw,https://www.youtube.com/watch?v=yGJfpTRL_Sw,155,https://i.ytimg.com/vi/yGJfpTRL_Sw/mqdefault.jpg
dead50d2-0f81-4763-b03b-5deaf059aa49,Zombie,The Cranberries,6Ejga4kJUts,https://www.youtube.com/watch?v=6Ejga4kJUts,308,https://i.ytimg.com/vi/6Ejga4kJUts/mqdefault.jpg
b1325f19-fcef-4d2b-a84d-4fba06507b3b,Feel Good Inc.,Gorillaz,HyHNuVaZJ-k,https://www.youtube.com/watch?v=HyHNuVaZJ-k,255,https://i.ytimg.com/vi/HyHNuVaZJ-k/mqdefault.jpg
26cccc9e-0d9c-44ba-9040-5a375e358bc5,Manchild,Sabrina Carpenter,aSugSGCC12I,https://www.youtube.com/watch?v=aSugSGCC12I,237,https://i.ytimg.com/vi/aSugSGCC12I/mqdefault.jpg
e4387ee1-a320-421f-bd12-dc0aedb38682,Tonight,PinkPantheress,IrEFKJnl1H8,https://www.youtube.com/watch?v=IrEFKJnl1H8,178,https://i.ytimg.com/vi/IrEFKJnl1H8/mqdefault.jpg
c6dcbbc7-8e21-489c-a749-542c3c4e9315,Kiss Me,Sixpence None the Richer,hII0JXUJNDo,https://www.youtube.com/watch?v=hII0JXUJNDo,202,https://i.ytimg.com/vi/hII0JXUJNDo/mqdefault.jpg
d1d2fc13-6bbc-4001-83f7-2b053127b479,Everybody,Backstreet Boys,6M6samPEMpM,https://www.youtube.com/watch?v=6M6samPEMpM,363,https://i.ytimg.com/vi/6M6samPEMpM/mqdefault.jpg
8769b385-7420-447a-a302-72f09920895e,Something,The Beatles,UelDrZ1aFeY,https://www.youtube.com/watch?v=UelDrZ1aFeY,188,https://i.ytimg.com/vi/UelDrZ1aFeY/mqdefault.jpg
1f3de861-9124-4587-9676-1bb768d07280,Livin&#39; La Vida Loca,Ricky Martin,CN5hQOI__10,https://www.youtube.com/watch?v=CN5hQOI__10,244,https://i.ytimg.com/vi/CN5hQOI__10/mqdefault.jpg
1c0badd6-42b5-42f6-ae36-bed1107480e3,Manic Monday,The Bangles,SsmVgoXDq2w,https://www.youtube.com/watch?v=SsmVgoXDq2w,192,https://i.ytimg.com/vi/SsmVgoXDq2w/mqdefault.jpg
6a621c9d-e29c-4b89-bcbf-1f71211c900f,Kashmir (Remaster),Led Zeppelin - Topic,tzVJPgCn-Z8,https://www.youtube.com/watch?v=tzVJPgCn-Z8,518,https://i.ytimg.com/vi/tzVJPgCn-Z8/mqdefault.jpg
78bc3fb1-2991-405e-b86f-454a167f57f9,I Can&#39;t Drive 55,Sammy Hagar,RvV3nn_de2k,https://www.youtube.com/watch?v=RvV3nn_de2k,280,https://i.ytimg.com/vi/RvV3nn_de2k/mqdefault.jpg
a5df3abd-2ec4-487d-9456-aa43b5ffc257,Espresso,Sabrina Carpenter,eVli-tstM5E,https://www.youtube.com/watch?v=eVli-tstM5E,201,https://i.ytimg.com/vi/eVli-tstM5E/mqdefault.jpg
417e5ae7-59f0-4b9c-bf04-610db2a4f499,Crazy Train [High Quality],Ozzy Osbourne,Djrl6fu8myo,https://www.youtube.com/watch?v=Djrl6fu8myo,297,https://i.ytimg.com/vi/Djrl6fu8myo/mqdefault.jpg
70d6484a-5b37-402e-9f8b-bc8ff32c9e68,You Belong With Me,Taylor Swift,VuNIsY6JdUw,https://www.youtube.com/watch?v=VuNIsY6JdUw,229,https://i.ytimg.com/vi/VuNIsY6JdUw/mqdefault.jpg
3e766eb8-5981-4a73-9a01-7c01147155d7,"Матушка Земля, белая берёзонька",Татьяна Куртукова,3gCvRrF5SA4,https://www.youtube.com/watch?v=3gCvRrF5SA4,169,https://i.ytimg.com/vi/3gCvRrF5SA4/mqdefault.jpg
c9800d5e-093e-4261-9c3b-f7c9a437d9b5,You&#39;re Welcome,Dwayne Johnson,79DijItQXMM,https://www.youtube.com/watch?v=79DijItQXMM,169,https://i.ytimg.com/vi/79DijItQXMM/mqdefault.jpg
827bb0bf-2509-4de0-8340-11409c8bc192,Lacrimosa,Mozart,k1-TrAvp_xs,https://www.youtube.com/watch?v=k1-TrAvp_xs,201,https://i.ytimg.com/vi/k1-TrAvp_xs/mqdefault.jpg
b76e7fc8-1a0b-4367-89c2-ab9d81f15d33,Luciano Pavarotti sings &quot;Nessun dorma&quot; from Turandot (The Three Tenors in Concert 1994),Warner Classics,cWc7vYjgnTs,https://www.youtube.com/watch?v=cWc7vYjgnTs,196,https://i.ytimg.com/vi/cWc7vYjgnTs/mqdefault.jpg
2f9c1f4d-7d94-4a28-bee2-e019a497d4aa,"Norma, Act 1)",Maria Callas sings &quot;Casta Diva&quot; (Bellini,s-TwMfgaDC8,https://www.youtube.com/watch?v=s-TwMfgaDC8,434,https://i.ytimg.com/vi/s-TwMfgaDC8/mqdefault.jpg
1174023c-9a0b-40bd-8819-98d06bbcd353,Queen Of The Night,Sabine Devieilhe,elhj2BUveiE,https://www.youtube.com/watch?v=elhj2BUveiE,12,https://i.ytimg.com/vi/elhj2BUveiE/mqdefault.jpg
65744970-aeb5-4430-98f6-acfe864cf10f,Ty a ja |Official Video|,Alan Murin x Kali x Peter Pann,oH1BAWsLUAo,https://www.youtube.com/watch?v=oH1BAWsLUAo,190,https://i.ytimg.com/vi/oH1BAWsLUAo/mqdefault.jpg
743bbf50-996d-4ea6-befd-8db20c3fc568,Beat It(HQ),Benny &amp; stoopidjae,WE_W3RJW0I8,https://www.youtube.com/watch?v=WE_W3RJW0I8,118,https://i.ytimg.com/vi/WE_W3RJW0I8/mqdefault.jpg
58561c6b-2840-4def-89eb-5f7359ad097d,Best Partft. H.E.R.,Daniel Caesar,vBy7FaapGRo,https://www.youtube.com/watch?v=vBy7FaapGRo,211,https://i.ytimg.com/vi/vBy7FaapGRo/mqdefault.jpg
ff1d3ce0-4649-4887-bf1f-7c9d5b8ae99d,Escape (ft. Hayla) [Sparrow &amp; Barbossa Remix],Kx5,Fvxk28R75Fg,https://www.youtube.com/watch?v=Fvxk28R75Fg,348,https://i.ytimg.com/vi/Fvxk28R75Fg/mqdefault.jpg
0ae2c2ec-0184-4c21-b4b0-907fc369d1b8,Take Me High,Kx5,7RN5p482X50,https://www.youtube.com/watch?v=7RN5p482X50,255,https://i.ytimg.com/vi/7RN5p482X50/mqdefault.jpg
fd54266a-4103-452f-aee2-f9497036642b,Escape (ft. Hayla),"Kx5, Deadmau5 &amp; Kaskade",rxgsIzsOFGE,https://www.youtube.com/watch?v=rxgsIzsOFGE,240,https://i.ytimg.com/vi/rxgsIzsOFGE/mqdefault.jpg
24eb7f92-fff5-4755-9799-80ed81673cba,acting like that,YUNGBLUD,YdGad64abWM,https://www.youtube.com/watch?v=YdGad64abWM,266,https://i.ytimg.com/vi/YdGad64abWM/mqdefault.jpg
7b4aa979-d92e-4a05-80c4-10b20f0c5ef9,Jay Critch Feat. Rich The Kid &quot;Fashion&quot;,WORLDSTARHIPHOP,tn9D7O_-j7o,https://www.youtube.com/watch?v=tn9D7O_-j7o,214,https://i.ytimg.com/vi/tn9D7O_-j7o/mqdefault.jpg
4cb1292f-7cef-43a6-85c6-816caaa17afb,SahBabii &quot;Pull Up Wit Ah Stick&quot; Feat. Loso Loaded (WSHH Exclusive),WORLDSTARHIPHOP,B9VIH89musE,https://www.youtube.com/watch?v=B9VIH89musE,261,https://i.ytimg.com/vi/B9VIH89musE/mqdefault.jpg
50606258-d857-4d83-a66a-cd5850b4b8e7,Purple Ape Feat. 4orever,SahBabii,LXludHqbWg4,https://www.youtube.com/watch?v=LXludHqbWg4,193,https://i.ytimg.com/vi/LXludHqbWg4/mqdefault.jpg
dd62c103-78a6-47ef-9a1f-79f409ba1dcf,Pon de Replay (Internet Version),Rihanna,oEauWw9ZGrA,https://www.youtube.com/watch?v=oEauWw9ZGrA,218,https://i.ytimg.com/vi/oEauWw9ZGrA/mqdefault.jpg
25a3c662-2545-4def-8a26-24467261f1ad,Don&#39;t Stop The Music,Rihanna,yd8jh9QYfEs,https://www.youtube.com/watch?v=yd8jh9QYfEs,234,https://i.ytimg.com/vi/yd8jh9QYfEs/mqdefault.jpg
9dc1453c-c326-47c4-9b9a-4eeca1a6351d,&quot;My City Was Gone&quot; | Concert for the Rock &amp; Roll Hall of Fame,The Pretenders,C-6Ti7Q_bnI,https://www.youtube.com/watch?v=C-6Ti7Q_bnI,309,https://i.ytimg.com/vi/C-6Ti7Q_bnI/mqdefault.jpg
db25f39c-2898-44b9-8cd0-91c26581d06b,Владимирский централ | Official Music Video | 2000 | 12+,МИХАИЛ КРУГ,_wnQ3Ow02yQ,https://www.youtube.com/watch?v=_wnQ3Ow02yQ,263,https://i.ytimg.com/vi/_wnQ3Ow02yQ/mqdefault.jpg
2928f04e-29eb-47a5-adaf-510138ed01c2,(Song) -  Samuel Kim feat. Rachel Hardy,Dear Friend Across The River,fFuzXwNScJU,https://www.youtube.com/watch?v=fFuzXwNScJU,241,https://i.ytimg.com/vi/fFuzXwNScJU/mqdefault.jpg
f7d3d4f3-cba8-4f59-b07c-befe2fe780ce,"Don&#39;t Think Twice, It&#39;s All Right (Bob Dylan cover)",Elle & Toni,b5pCa2OcqIA,https://www.youtube.com/watch?v=b5pCa2OcqIA,400,https://i.ytimg.com/vi/b5pCa2OcqIA/mqdefault.jpg
98562a05-b809-4db8-b9a4-9b1b67a6fa33,Rapture (Remix)ft. Govana,Original Koffee,9cm8duEzi3A,https://www.youtube.com/watch?v=9cm8duEzi3A,185,https://i.ytimg.com/vi/9cm8duEzi3A/mqdefault.jpg
907c5e61-7d98-47f8-ae31-8b139660761a,West Indies,Original Koffee,EvOABOa3IrU,https://www.youtube.com/watch?v=EvOABOa3IrU,260,https://i.ytimg.com/vi/EvOABOa3IrU/mqdefault.jpg
cbd0b0fd-3d72-470b-adbf-867abdcc04aa,Tribute,Tenacious D,_lK4cX5xGiQ,https://www.youtube.com/watch?v=_lK4cX5xGiQ,293,https://i.ytimg.com/vi/_lK4cX5xGiQ/mqdefault.jpg
aba16f09-a36f-4dab-8956-e83ba3960526,The Metal live (),Tenacious D,cBtjSHm3ZH0,https://www.youtube.com/watch?v=cBtjSHm3ZH0,239,https://i.ytimg.com/vi/cBtjSHm3ZH0/mqdefault.jpg
536b7beb-6e75-485f-b1f7-6645a224ed89,Nothing Else Matters (Harp Cover) + Pedal &amp; Lever Harp Sheet Music,Metallica,WRQU02k4LYI,https://www.youtube.com/watch?v=WRQU02k4LYI,387,https://i.ytimg.com/vi/WRQU02k4LYI/mqdefault.jpg
899ca135-1e0c-44af-84fb-a47f4af2093b,Bishop Allen,Butterfly Nets,lLAAFWQqKSs,https://www.youtube.com/watch?v=lLAAFWQqKSs,180,https://i.ytimg.com/vi/lLAAFWQqKSs/mqdefault.jpg
e5c2ee71-b78d-4b0a-9836-f614aa5534d2,Saucy Dog「いつか」MUSIC VIDEO,Saucy Dog,agQ23NdBROY,https://www.youtube.com/watch?v=agQ23NdBROY,280,https://i.ytimg.com/vi/agQ23NdBROY/mqdefault.jpg
b0f76587-a0eb-467f-be19-75610a3769a2,Gassed Up [Prod. By Mexiko Dro] @nebukinizaoshs,Nebu Kiniza,04Kx4TigRyQ,https://www.youtube.com/watch?v=04Kx4TigRyQ,197,https://i.ytimg.com/vi/04Kx4TigRyQ/mqdefault.jpg
1203ea09-80bc-4c77-9cc0-d61eb34cbed1,夏の迷惑 - 【Official MusicVideo】,bokula.,n3z7oBkRb8E,https://www.youtube.com/watch?v=n3z7oBkRb8E,160,https://i.ytimg.com/vi/n3z7oBkRb8E/mqdefault.jpg
decda985-1350-431e-af17-4ff18a963622,Bag(From &quot;SUPERFLY&quot;) ft. Yung Bans,Future,HFuu0vZBb7g,https://www.youtube.com/watch?v=HFuu0vZBb7g,199,https://i.ytimg.com/vi/HFuu0vZBb7g/mqdefault.jpg
9bb9c82d-2d7f-44b0-b46a-035b369e0f90,Hoppípolla,Sigur Rós,JAYb8ZyjzD0,https://www.youtube.com/watch?v=JAYb8ZyjzD0,268,https://i.ytimg.com/vi/JAYb8ZyjzD0/mqdefault.jpg
6ed4d174-eedc-475a-bed4-3288a787e6c1,Sultans Of Swing,Dire Straits,0fAQhSRLQnM,https://www.youtube.com/watch?v=0fAQhSRLQnM,347,https://i.ytimg.com/vi/0fAQhSRLQnM/mqdefault.jpg
456c4569-5395-47f1-a509-b7a72494a9da,All Is Full of Love,Björk,9JE6rUwfckI,https://www.youtube.com/watch?v=9JE6rUwfckI,257,https://i.ytimg.com/vi/9JE6rUwfckI/mqdefault.jpg
3e16b332-2c7c-44c7-bcdb-a63d21f82886,Firefly,InMe,ZpdsUU5tihM,https://www.youtube.com/watch?v=ZpdsUU5tihM,229,https://i.ytimg.com/vi/ZpdsUU5tihM/mqdefault.jpg
f486e0d1-c5c1-4955-9e80-351785bca5e9,大塚 愛 / さくらんぼ,avex,upODO6OuOOk,https://www.youtube.com/watch?v=upODO6OuOOk,244,https://i.ytimg.com/vi/upODO6OuOOk/mqdefault.jpg
c83889cd-8881-41fb-ba6b-8b4ad0644b7b,(s)aint,Marilyn Manson,6AOpeXyk764,https://www.youtube.com/watch?v=6AOpeXyk764,227,https://i.ytimg.com/vi/6AOpeXyk764/mqdefault.jpg
b139e325-ef4f-41d0-a858-e62330878aa5,(s)AINT,Marilyn Manson - Topic,OPVN-Uu0okc,https://www.youtube.com/watch?v=OPVN-Uu0okc,223,https://i.ytimg.com/vi/OPVN-Uu0okc/mqdefault.jpg
e4927097-7de5-4fa7-901f-c41cd8cc20a1,La vereda de la puerta de atrás,Extremoduro - Topic,43S_qfT6vpo,https://www.youtube.com/watch?v=43S_qfT6vpo,244,https://i.ytimg.com/vi/43S_qfT6vpo/mqdefault.jpg
742c05df-bc46-4bb5-914c-7be173c5ed09,So Payaso,Extremoduro,1D3tSv9LQlE,https://www.youtube.com/watch?v=1D3tSv9LQlE,283,https://i.ytimg.com/vi/1D3tSv9LQlE/mqdefault.jpg
beaf6c11-3760-4471-a6ae-76f99dedb1e8,death of dj izm,Trancenden,yCauL76IjJE,https://www.youtube.com/watch?v=yCauL76IjJE,266,https://i.ytimg.com/vi/yCauL76IjJE/mqdefault.jpg
f73cbbaa-bcec-405a-9295-8626e3e4eaf6,Linkin Park,Up From The Bottom,97Mj6pXYMd8,https://www.youtube.com/watch?v=97Mj6pXYMd8,185,https://i.ytimg.com/vi/97Mj6pXYMd8/mqdefault.jpg
71b6c56a-5e1e-4e52-9fd2-cf8d325d99ca,Hello,Lionel Richie,mHONNcZbwDY,https://www.youtube.com/watch?v=mHONNcZbwDY,327,https://i.ytimg.com/vi/mHONNcZbwDY/mqdefault.jpg
0a2db967-388d-404d-843e-9b715a1b710a,Battle Born,Five Finger Death Punch,LyA1GL1touw,https://www.youtube.com/watch?v=LyA1GL1touw,223,https://i.ytimg.com/vi/LyA1GL1touw/mqdefault.jpg
45e93e96-3783-4978-ac65-419ba923a148,Africa,Toto,FTQbiNvZqaY,https://www.youtube.com/watch?v=FTQbiNvZqaY,272,https://i.ytimg.com/vi/FTQbiNvZqaY/mqdefault.jpg
11b9b1d4-fa21-44b3-82d9-e2415edc714b,1/1 (Remastered 2004),Brian Eno - Topic,LKZ3fGR2SDY,https://www.youtube.com/watch?v=LKZ3fGR2SDY,1042,https://i.ytimg.com/vi/LKZ3fGR2SDY/mqdefault.jpg
55738262-d253-4500-91a2-b0ce5dbc4df7,Lose Yourself to Dance,Daft Punk,NF-kLy44Hls,https://www.youtube.com/watch?v=NF-kLy44Hls,251,https://i.ytimg.com/vi/NF-kLy44Hls/mqdefault.jpg
2be685bc-1f73-478f-af25-303467bb5693,Emily,James Arthur,3xOYu05CKuI,https://www.youtube.com/watch?v=3xOYu05CKuI,246,https://i.ytimg.com/vi/3xOYu05CKuI/mqdefault.jpg
fa8bda9e-0afa-435e-a83b-0a9e614c7a1d,Lost All My Feelings,SahBabii,3TtEay45sE8,https://www.youtube.com/watch?v=3TtEay45sE8,196,https://i.ytimg.com/vi/3TtEay45sE8/mqdefault.jpg
7be74b0e-883e-48cc-beb9-dcd19c6ba3db,Titanium ft. Sia,David Guetta,JRfuAukYTKg,https://www.youtube.com/watch?v=JRfuAukYTKg,246,https://i.ytimg.com/vi/JRfuAukYTKg/mqdefault.jpg
bbaadce3-220c-4c36-9e52-e7eded8c0719,Watery,SahBabii,rLRq309ffcU,https://www.youtube.com/watch?v=rLRq309ffcU,227,https://i.ytimg.com/vi/rLRq309ffcU/mqdefault.jpg
a5b4ee14-45f2-47f9-9e3f-5c57a00e9ff8,Ordinary (Lyrics),Alex Warren,byxFUKxhT3s,https://www.youtube.com/watch?v=byxFUKxhT3s,186,https://i.ytimg.com/vi/byxFUKxhT3s/mqdefault.jpg
f8223a53-da0c-4a0c-aa4e-23e952ac4e8d,AnnenMayKantereit &amp; Milky Chance,Roxanne (Cover),VI4ssGtfdxw,https://www.youtube.com/watch?v=VI4ssGtfdxw,237,https://i.ytimg.com/vi/VI4ssGtfdxw/mqdefault.jpg
304e4c53-2799-4963-8763-813983d62d03,AnnenMayKantereit,Ich geh heut nicht mehr tanzen,MKyj6lYHfT8,https://www.youtube.com/watch?v=MKyj6lYHfT8,266,https://i.ytimg.com/vi/MKyj6lYHfT8/mqdefault.jpg
4616e883-7c0e-45b1-8796-a492ace6802c,Video Games,Lana Del Rey,cE6wxDqdOV0,https://www.youtube.com/watch?v=cE6wxDqdOV0,287,https://i.ytimg.com/vi/cE6wxDqdOV0/mqdefault.jpg
2b0bef97-908d-4da2-bd0b-42ef0e6d860a,From Zero [Full Album],Linkin Park,FSOz83aPO28,https://www.youtube.com/watch?v=FSOz83aPO28,1939,https://i.ytimg.com/vi/FSOz83aPO28/mqdefault.jpg
52c43567-b66c-408a-996e-cedf4cca89d2,"Ace | Vijay Sethupathi,Rukmini |Justin Prabhakaran |Thamarai |Arumugakumar",Urugudhu Urugudhu Video,IOTrFaElipE,https://www.youtube.com/watch?v=IOTrFaElipE,249,https://i.ytimg.com/vi/IOTrFaElipE/mqdefault.jpg
4fc5d498-51cc-4c35-b656-4a1f10ce5811,Linkin Park,The Emptiness Machine (Live),7F5MKaJMxDc,https://www.youtube.com/watch?v=7F5MKaJMxDc,195,https://i.ytimg.com/vi/7F5MKaJMxDc/mqdefault.jpg
86829e9c-3f0b-477f-ba39-05e2ba9b24ca,Chet Atkins &quot;Mrs. Robinson&quot;,HuntinBoots,1jGWfVXtwd4,https://www.youtube.com/watch?v=1jGWfVXtwd4,204,https://i.ytimg.com/vi/1jGWfVXtwd4/mqdefault.jpg
6c78c62d-fa99-4bc1-87a8-069557b03ff0,I&#39;m Not In Love,10cc,STugQ0X1NoI,https://www.youtube.com/watch?v=STugQ0X1NoI,226,https://i.ytimg.com/vi/STugQ0X1NoI/mqdefault.jpg
9b7ad0c9-d37d-42a3-b6f4-6ab4a78e87d3,2025 UEFA Champions League Final Kick Off Show by Pepsi,Linkin Park,oPiEzDELhLI,https://www.youtube.com/watch?v=oPiEzDELhLI,361,https://i.ytimg.com/vi/oPiEzDELhLI/mqdefault.jpg
5083faf3-dcfd-4f3f-adcd-1cd5b25d00fe,"Lyric Video | Ace | Vijay Sethupathi,Rukmini Vasanth | Justin Prabhakaran| Arumugakumar",Ace Anthem,13rDiWwD3qM,https://www.youtube.com/watch?v=13rDiWwD3qM,161,https://i.ytimg.com/vi/13rDiWwD3qM/mqdefault.jpg
b9096953-748f-419d-ab08-55dea5d5d576,Alone in Kyoto,Air - Topic,I0SVd_Q5wIg,https://www.youtube.com/watch?v=I0SVd_Q5wIg,291,https://i.ytimg.com/vi/I0SVd_Q5wIg/mqdefault.jpg
8a1b0003-fe67-4706-a535-904aa7694e22,Wayfaring Stranger,Johnny Cash,gIlbZAP8ASQ,https://www.youtube.com/watch?v=gIlbZAP8ASQ,201,https://i.ytimg.com/vi/gIlbZAP8ASQ/mqdefault.jpg
e9f0919f-f868-472a-b240-2b2502695e17,Technologic,Daft Punk,fnWypQz6X2U,https://www.youtube.com/watch?v=fnWypQz6X2U,285,https://i.ytimg.com/vi/fnWypQz6X2U/mqdefault.jpg
0c56b092-b2b3-4fe5-a76f-829255f65f3e,Uprising,Muse,w8KQmps-Sog,https://www.youtube.com/watch?v=w8KQmps-Sog,252,https://i.ytimg.com/vi/w8KQmps-Sog/mqdefault.jpg
3d479831-ec46-4c1a-b15a-f371109fd579,Karma Chameleon,Culture Club,JmcA9LIIXWw,https://www.youtube.com/watch?v=JmcA9LIIXWw,239,https://i.ytimg.com/vi/JmcA9LIIXWw/mqdefault.jpg
7e109e03-42a7-4bf1-afd8-76c4c0cab517,"Killer Queen (Top Of The Pops, 1974)",Queen,2ZBtPf7FOoM,https://www.youtube.com/watch?v=2ZBtPf7FOoM,192,https://i.ytimg.com/vi/2ZBtPf7FOoM/mqdefault.jpg
cb76330c-6571-4e2b-8962-2b2d8525fb8a,Hakuna Matata (From &quot;The Lion King&quot;),"Billy Eichner, Seth Rogen, JD McCrary, Donald Glover",0MxulhivCvI,https://www.youtube.com/watch?v=0MxulhivCvI,284,https://i.ytimg.com/vi/0MxulhivCvI/mqdefault.jpg
896781c8-66a6-44c8-9353-85153e1276ff,Crash,Charli XCX,nwNQexRDAf0,https://www.youtube.com/watch?v=nwNQexRDAf0,131,https://i.ytimg.com/vi/nwNQexRDAf0/mqdefault.jpg
6f0306c9-826e-4274-bd65-a8f2aa359809,Hello!,Andrew Rannells - Topic,NHb_BNA3fn8,https://www.youtube.com/watch?v=NHb_BNA3fn8,173,https://i.ytimg.com/vi/NHb_BNA3fn8/mqdefault.jpg
521ba9c8-15e2-4de7-97ea-ba76c5b2bf7a,I Believe,Andrew Rannells - Topic,P8yb2LQNXKY,https://www.youtube.com/watch?v=P8yb2LQNXKY,283,https://i.ytimg.com/vi/P8yb2LQNXKY/mqdefault.jpg
35b9b203-f7c1-4932-9405-b49e4314b0a5,You and Me (But Mostly Me),Josh Gad - Topic,T-c82omcEn8,https://www.youtube.com/watch?v=T-c82omcEn8,164,https://i.ytimg.com/vi/T-c82omcEn8/mqdefault.jpg
72268216-cfb7-4aca-8c1b-db7866004f6b,Willkommen,Cabaret (1972),hBlB8RAJEEc,https://www.youtube.com/watch?v=hBlB8RAJEEc,296,https://i.ytimg.com/vi/hBlB8RAJEEc/mqdefault.jpg
fe14ca21-9524-44bb-812a-c41bcb362e2e,Road To Jupiter - full album (2015),Wolfgun,tfWZaujLKrU,https://www.youtube.com/watch?v=tfWZaujLKrU,4488,https://i.ytimg.com/vi/tfWZaujLKrU/mqdefault.jpg
5189cac0-2c7d-4e67-9a22-8899a69b4a53,"Ye Chilipi Video Song | Venkatesh, Asin | Sri Balaji Video",Gharshana Video Songs,lHEuivkC6Xo,https://www.youtube.com/watch?v=lHEuivkC6Xo,306,https://i.ytimg.com/vi/lHEuivkC6Xo/mqdefault.jpg
73f291e7-bfef-46dd-b8f8-0c55196390a4,182 - All The Small Things,blink,9Ht5RZpzPqw,https://www.youtube.com/watch?v=9Ht5RZpzPqw,171,https://i.ytimg.com/vi/9Ht5RZpzPqw/mqdefault.jpg
e298f50e-37a5-46aa-872c-3c6eba0ef2f9,RATATATA,BABYMETAL x @ElectricCallboy,EDnIEWyVIlE,https://www.youtube.com/watch?v=EDnIEWyVIlE,222,https://i.ytimg.com/vi/EDnIEWyVIlE/mqdefault.jpg
22e1477f-66bd-4e21-b4bc-1688f25fbc2f,I Love To Hit &quot;Like&quot;,Hot Dad,wLgbsEZn62c,https://www.youtube.com/watch?v=wLgbsEZn62c,309,https://i.ytimg.com/vi/wLgbsEZn62c/mqdefault.jpg
28f14889-2ee3-45b9-91d4-247745bb3b4f,Fireflies,Owl City,psuRGfAaju4,https://www.youtube.com/watch?v=psuRGfAaju4,233,https://i.ytimg.com/vi/psuRGfAaju4/mqdefault.jpg
e6c47462-3d3c-4e18-990c-17e56c2b1ffb,Entangled,Lorn,h6ZNGddbzzw,https://www.youtube.com/watch?v=h6ZNGddbzzw,355,https://i.ytimg.com/vi/h6ZNGddbzzw/mqdefault.jpg
4aba786a-b372-41d4-ba25-9a40f68adc56,Sharper Knives,Lorn,_XgDoDwXMWs,https://www.youtube.com/watch?v=_XgDoDwXMWs,265,https://i.ytimg.com/vi/_XgDoDwXMWs/mqdefault.jpg
1b64c53e-0a85-4f68-8dc6-135cb3f72553,Happy,Pharrell Williams,ZbZSe6N_BXs,https://www.youtube.com/watch?v=ZbZSe6N_BXs,241,https://i.ytimg.com/vi/ZbZSe6N_BXs/mqdefault.jpg
32a86ca8-3e11-42c3-b2c5-2d6334d2748d,The Happy Song - Official Music Video,Imogen Heap,9PhtxqKLvVc,https://www.youtube.com/watch?v=9PhtxqKLvVc,158,https://i.ytimg.com/vi/9PhtxqKLvVc/mqdefault.jpg
2272858a-01e8-4117-b488-d2bc49d18afc,Ecstasy of gold (Metal cover),Ennio Morricone,ja_ivz2w7XY,https://www.youtube.com/watch?v=ja_ivz2w7XY,144,https://i.ytimg.com/vi/ja_ivz2w7XY/mqdefault.jpg
1674fa99-a459-49bb-a20f-2117c1eb7ec8,Headlock,Imogen Heap,roPiy2JydwA,https://www.youtube.com/watch?v=roPiy2JydwA,215,https://i.ytimg.com/vi/roPiy2JydwA/mqdefault.jpg
1505076f-5b8e-49f5-99eb-3765c2d74b3d,Hide and Seek,Imogen Heap - Topic,z_EFWz-zlZs,https://www.youtube.com/watch?v=z_EFWz-zlZs,269,https://i.ytimg.com/vi/z_EFWz-zlZs/mqdefault.jpg
b69a6451-e574-4e7f-986e-9285f92f55e5,I Love You,Fontaines D.C.,Ty9Pcg3qrmU,https://www.youtube.com/watch?v=Ty9Pcg3qrmU,304,https://i.ytimg.com/vi/Ty9Pcg3qrmU/mqdefault.jpg
c88b10be-e444-44bb-a142-005d7b166d0f,50 Ways to Leave Your Lover,Paul Simon,ABXtWqmArUU,https://www.youtube.com/watch?v=ABXtWqmArUU,220,https://i.ytimg.com/vi/ABXtWqmArUU/mqdefault.jpg
a9d8716b-a619-41cf-a3e9-21e77e9009ab,ICH KOMME// UMK25,Erika Vikman,PFWtYcKb7C8,https://www.youtube.com/watch?v=PFWtYcKb7C8,191,https://i.ytimg.com/vi/PFWtYcKb7C8/mqdefault.jpg
c0c5ecc5-e6f9-422a-beb9-8b04251cdd57,Animals МЕГАМЭШАП Mashup,Плыли мы по морю Х Martin Garrix,QAgAH-vAPIA,https://www.youtube.com/watch?v=QAgAH-vAPIA,17,https://i.ytimg.com/vi/QAgAH-vAPIA/mqdefault.jpg
db7d6357-605c-413a-baea-09d0ffb8aa13,Are &#39;Friends&#39; Electric? 1979,Tubeway Army / Gary Numan,-0WNbm1jz6A,https://www.youtube.com/watch?v=-0WNbm1jz6A,326,https://i.ytimg.com/vi/-0WNbm1jz6A/mqdefault.jpg
63ce79b2-c0ef-41fc-a111-c2f2e0e8d1ef,Kenzo Paris,Da Vosk Docta - Topic,uRomxnUILDc,https://www.youtube.com/watch?v=uRomxnUILDc,193,https://i.ytimg.com/vi/uRomxnUILDc/mqdefault.jpg
44ee2299-952c-456b-b087-2eb0ffac7d39,How Bizarre,OMC,C2cMG33mWVY,https://www.youtube.com/watch?v=C2cMG33mWVY,228,https://i.ytimg.com/vi/C2cMG33mWVY/mqdefault.jpg
df6111fe-f980-4a02-a3c9-50215af8c16a,What I Am,Edie Brickell &amp; New Bohemians,tDl3bdE3YQA,https://www.youtube.com/watch?v=tDl3bdE3YQA,241,https://i.ytimg.com/vi/tDl3bdE3YQA/mqdefault.jpg
9f45ea5a-8414-45a5-ba86-b2048f50a9a7,Let The Bass Kick,X & Ivy - Topic,RsbJ5Qz_4pE,https://www.youtube.com/watch?v=RsbJ5Qz_4pE,206,https://i.ytimg.com/vi/RsbJ5Qz_4pE/mqdefault.jpg
b64c2f9c-3366-46b9-9307-a3a9a0f3e4c1,MTV Makes Me Want to Smoke Crack (Lounge Version) [B-Side] 1994,Beck,PLplkTGpep8,https://www.youtube.com/watch?v=PLplkTGpep8,213,https://i.ytimg.com/vi/PLplkTGpep8/mqdefault.jpg
e2e1e204-d548-48e5-8d5f-858de26a025b,GAY RADAR,Camion Bip Bip - Topic,CRXHXslEmNQ,https://www.youtube.com/watch?v=CRXHXslEmNQ,207,https://i.ytimg.com/vi/CRXHXslEmNQ/mqdefault.jpg
6a2a4b0d-8476-44ca-96a1-4d74881b5a10,over you,Oppidan - Topic,AJMWwtsgfv0,https://www.youtube.com/watch?v=AJMWwtsgfv0,219,https://i.ytimg.com/vi/AJMWwtsgfv0/mqdefault.jpg
edb82ee1-b632-47e3-9b2e-f3ad3fc36d68,Diamonds,Rihanna,lWA2pjMjpBs,https://www.youtube.com/watch?v=lWA2pjMjpBs,283,https://i.ytimg.com/vi/lWA2pjMjpBs/mqdefault.jpg
7e23d91a-7d6c-4ebc-bde8-f3a84659eb1c,"Wild Thoughtsft. Rihanna, Bryson Tiller",DJ Khaled,fyaI4-5849w,https://www.youtube.com/watch?v=fyaI4-5849w,216,https://i.ytimg.com/vi/fyaI4-5849w/mqdefault.jpg
42ab380f-50b9-4fa7-89a2-5a1117cb4015,Night Moves (Extended Mix),Joshwa &amp; Enzo is Burning,Evc3b-HH5I0,https://www.youtube.com/watch?v=Evc3b-HH5I0,362,https://i.ytimg.com/vi/Evc3b-HH5I0/mqdefault.jpg
bf62ce26-fc70-4d57-a5dc-acfdb5083707,Solace of You,Living Colour,vIUke0CCvDs,https://www.youtube.com/watch?v=vIUke0CCvDs,212,https://i.ytimg.com/vi/vIUke0CCvDs/mqdefault.jpg
84c0244d-ed83-42de-a23a-47c66708b914,(Not Just) Knee Deep,Funkadelic,_20BvG3H6DY,https://www.youtube.com/watch?v=_20BvG3H6DY,922,https://i.ytimg.com/vi/_20BvG3H6DY/mqdefault.jpg
5f67b40e-4a68-4f33-8460-6aeae7fd3370,Them Bones,Alice In Chains,wFgAE5SgFnw,https://www.youtube.com/watch?v=wFgAE5SgFnw,151,https://i.ytimg.com/vi/wFgAE5SgFnw/mqdefault.jpg
19e8b50b-f3f2-4de6-8a9d-0e3aecedb76d,bi2bi,Camion Bip Bip - Topic,l0w2QVdflF0,https://www.youtube.com/watch?v=l0w2QVdflF0,170,https://i.ytimg.com/vi/l0w2QVdflF0/mqdefault.jpg
d3d71db8-7172-4014-a64d-9eb2b3f037f2,KEN TOUTE SEULE,Camion Bip Bip - Topic,DhhCx7myQYE,https://www.youtube.com/watch?v=DhhCx7myQYE,169,https://i.ytimg.com/vi/DhhCx7myQYE/mqdefault.jpg
086f6075-227f-4c6e-97c8-ae12a0fc038e,The Magnificent Seven,The Clash,WD5N0rTsulQ,https://www.youtube.com/watch?v=WD5N0rTsulQ,290,https://i.ytimg.com/vi/WD5N0rTsulQ/mqdefault.jpg
73dd3776-c1f8-4e7b-9c7e-ceddfd7d34ef,CHIEN D&#39;LA CASSE,Camion Bip Bip - Topic,yYV6vgVvjog,https://www.youtube.com/watch?v=yYV6vgVvjog,200,https://i.ytimg.com/vi/yYV6vgVvjog/mqdefault.jpg
d580c12b-0cd7-483e-b1ee-1ec0273bf662,Garçons Poubelle,Camion Bip Bip - Topic,0sjBg8R2mxE,https://www.youtube.com/watch?v=0sjBg8R2mxE,192,https://i.ytimg.com/vi/0sjBg8R2mxE/mqdefault.jpg
e2230f0d-199d-46af-8c84-d474eb895f3b,love4real,Camion Bip Bip - Topic,LS3jrvhI6gc,https://www.youtube.com/watch?v=LS3jrvhI6gc,226,https://i.ytimg.com/vi/LS3jrvhI6gc/mqdefault.jpg
96509961-2847-4079-aefd-53cde4d13f1c,Esoteric surgery,Gojira,Mn0WnPGM_eI,https://www.youtube.com/watch?v=Mn0WnPGM_eI,345,https://i.ytimg.com/vi/Mn0WnPGM_eI/mqdefault.jpg
db636b97-49a8-478f-bfd8-3d981841298d,The Road To Hell 1989 Full Version,Chris Rea,gUUdQfnshJ4,https://www.youtube.com/watch?v=gUUdQfnshJ4,437,https://i.ytimg.com/vi/gUUdQfnshJ4/mqdefault.jpg
52352d50-cfd7-4fe2-b4c2-d49eb57fb27f,Chris Rea ~ Driving Home For Christmas  (1986),TheOldrecordclub,DDt3u2Ev1cI,https://www.youtube.com/watch?v=DDt3u2Ev1cI,243,https://i.ytimg.com/vi/DDt3u2Ev1cI/mqdefault.jpg
a2f13b8b-beaf-4826-abb5-7bba2d64c793,Chris Rea &quot;The Blue Cafe&quot;,Mila Gee,2wMYpKRHUns,https://www.youtube.com/watch?v=2wMYpKRHUns,291,https://i.ytimg.com/vi/2wMYpKRHUns/mqdefault.jpg
1757eddb-4928-4bb3-b1d4-b9a890dc235b,The Road to Hell Part II,Chris Rea - Topic,pEvFdHB7Ttc,https://www.youtube.com/watch?v=pEvFdHB7Ttc,270,https://i.ytimg.com/vi/pEvFdHB7Ttc/mqdefault.jpg
34928eca-1ae3-4c34-905b-d9885d5d8db3,Checkpoint (Prod. KK),JAUL,QmEsHVBPY6w,https://www.youtube.com/watch?v=QmEsHVBPY6w,208,https://i.ytimg.com/vi/QmEsHVBPY6w/mqdefault.jpg
e7fead9c-477d-4fa9-8f69-e1881fc9035d,Lithium,Nirvana,pkcJEvMcnEg,https://www.youtube.com/watch?v=pkcJEvMcnEg,256,https://i.ytimg.com/vi/pkcJEvMcnEg/mqdefault.jpg
652ee1a2-4f64-445d-a1de-7e590f3f46c7,Alive,Pearl Jam,qM0zINtulhM,https://www.youtube.com/watch?v=qM0zINtulhM,296,https://i.ytimg.com/vi/qM0zINtulhM/mqdefault.jpg
d3f282ec-4788-4f92-be78-c2acf58b0858,Bleed,MESHUGGAH,qc98u-eGzlc,https://www.youtube.com/watch?v=qc98u-eGzlc,301,https://i.ytimg.com/vi/qc98u-eGzlc/mqdefault.jpg
8d1e1969-18fb-49eb-87b7-47831b001404,The Day I Tried To Live,Soundgarden,dbckIuT_YDc,https://www.youtube.com/watch?v=dbckIuT_YDc,320,https://i.ytimg.com/vi/dbckIuT_YDc/mqdefault.jpg
e41a62b3-08d0-4aeb-acb3-3f9e2b82b453,Milk,fakemink - Topic,wv6Zj830lKk,https://www.youtube.com/watch?v=wv6Zj830lKk,106,https://i.ytimg.com/vi/wv6Zj830lKk/mqdefault.jpg
11af2acd-7d34-46cf-82cd-de8bf406f35a,Would?,Alice In Chains,Nco_kh8xJDs,https://www.youtube.com/watch?v=Nco_kh8xJDs,208,https://i.ytimg.com/vi/Nco_kh8xJDs/mqdefault.jpg
d77c4139-6a82-4ccf-b6dd-d93c066f5616,Waiting All Night (ft. Ella Eyre),Rudimental,M97vR2V4vTs,https://www.youtube.com/watch?v=M97vR2V4vTs,316,https://i.ytimg.com/vi/M97vR2V4vTs/mqdefault.jpg
a8e7d39d-7dc9-445a-9ca8-c58c22a55919,two,bbno$,LiXYi-_MVa4,https://www.youtube.com/watch?v=LiXYi-_MVa4,137,https://i.ytimg.com/vi/LiXYi-_MVa4/mqdefault.jpg
657e4fea-c418-48e8-9ae2-f253f8e87e03,New Noise,Refused,NkAe30aEG5c,https://www.youtube.com/watch?v=NkAe30aEG5c,314,https://i.ytimg.com/vi/NkAe30aEG5c/mqdefault.jpg
1fa7ec40-ec80-42a3-ad1c-88b199c9cc94,&quot;Barbwire Kiss&quot;,Night Club,p-CnWC5N_SM,https://www.youtube.com/watch?v=p-CnWC5N_SM,214,https://i.ytimg.com/vi/p-CnWC5N_SM/mqdefault.jpg
5fe1738e-e5ef-409d-9271-f94d41a44a1b,Ghosts Again,Depeche Mode,iIyrLRixMs8,https://www.youtube.com/watch?v=iIyrLRixMs8,237,https://i.ytimg.com/vi/iIyrLRixMs8/mqdefault.jpg
47ce1aab-2716-489d-a17a-68e93c21e46c,Stripped (Remastered),Depeche Mode,qU8UfYdKHvs,https://www.youtube.com/watch?v=qU8UfYdKHvs,224,https://i.ytimg.com/vi/qU8UfYdKHvs/mqdefault.jpg
de0963c4-3906-4509-99d1-bf508fdb0354,People Are People (Remastered),Depeche Mode,MzGnX-MbYE4,https://www.youtube.com/watch?v=MzGnX-MbYE4,220,https://i.ytimg.com/vi/MzGnX-MbYE4/mqdefault.jpg
1f0f7fed-c7fa-4d9f-9079-2266b6518479,The Door,Teddy Swims,VSXT4a2kRHA,https://www.youtube.com/watch?v=VSXT4a2kRHA,212,https://i.ytimg.com/vi/VSXT4a2kRHA/mqdefault.jpg
dae48946-ec87-4fb2-90c4-ec695a6dcffa,God Went Crazy,Teddy Swims,Bf_90qync1Q,https://www.youtube.com/watch?v=Bf_90qync1Q,183,https://i.ytimg.com/vi/Bf_90qync1Q/mqdefault.jpg
c1d887f4-28fd-4e86-9a4f-51524c919767,Enjoy the Silence (Remastered),Depeche Mode,aGSKrC7dGcY,https://www.youtube.com/watch?v=aGSKrC7dGcY,280,https://i.ytimg.com/vi/aGSKrC7dGcY/mqdefault.jpg
16bc1d7a-5699-41de-80e4-975b8be6dcee,“Pick Up The Phone” - Official Visualizer,SOFI TUKKER feat. Nonô,kWmArVBYQXk,https://www.youtube.com/watch?v=kWmArVBYQXk,212,https://i.ytimg.com/vi/kWmArVBYQXk/mqdefault.jpg
57e85340-f671-47e3-ba0f-c4a2151f87b1,The Door (Live),Teddy Swims,b00RCluE5RM,https://www.youtube.com/watch?v=b00RCluE5RM,214,https://i.ytimg.com/vi/b00RCluE5RM/mqdefault.jpg
0a011b57-8df3-4abc-a96e-ca2698b0ba09,Everybody Wants To Rule The World,Tears For Fears,aGCdLKXNF3w,https://www.youtube.com/watch?v=aGCdLKXNF3w,291,https://i.ytimg.com/vi/aGCdLKXNF3w/mqdefault.jpg
6e516732-c0f4-4455-a416-0fda8534fd07,Shout,Tears For Fears,Ye7FKc1JQe4,https://www.youtube.com/watch?v=Ye7FKc1JQe4,360,https://i.ytimg.com/vi/Ye7FKc1JQe4/mqdefault.jpg
1ea3c07e-41e0-4e73-88fe-b52c298d3f8d,Mad World,Tears For Fears,u1ZvPSpLxCg,https://www.youtube.com/watch?v=u1ZvPSpLxCg,226,https://i.ytimg.com/vi/u1ZvPSpLxCg/mqdefault.jpg
46776e4f-2eae-437e-acd2-9b0abcd77052,Woman In Chains,Tears For Fears,O5-c79LQ3aM,https://www.youtube.com/watch?v=O5-c79LQ3aM,391,https://i.ytimg.com/vi/O5-c79LQ3aM/mqdefault.jpg
84e7315c-a469-45d5-9071-77bdb1e5429c,Meshuggah (Full Version),Bleed,U4GXNzom6ik,https://www.youtube.com/watch?v=U4GXNzom6ik,446,https://i.ytimg.com/vi/U4GXNzom6ik/mqdefault.jpg
f8211986-bba9-4e56-a6e2-b3fef07e6f07,True (Remastered),Spandau Ballet,AR8D2yqgQ1U,https://www.youtube.com/watch?v=AR8D2yqgQ1U,318,https://i.ytimg.com/vi/AR8D2yqgQ1U/mqdefault.jpg
aad3a645-80a8-4927-b1a1-3e30a7fb02e6,Through the Barricades,Spandau Ballet,yn7HXmzxqV8,https://www.youtube.com/watch?v=yn7HXmzxqV8,321,https://i.ytimg.com/vi/yn7HXmzxqV8/mqdefault.jpg
62ddaa48-2e84-4a24-8c33-0157918b5af2,Gold (Remastered),Spandau Ballet,ntG50eXbBtc,https://www.youtube.com/watch?v=ntG50eXbBtc,232,https://i.ytimg.com/vi/ntG50eXbBtc/mqdefault.jpg
f485d6ef-3bf5-4996-b78f-b0431c2a9a3d,Only When You Leave (Remastered),Spandau Ballet,hlLCC_gF8QY,https://www.youtube.com/watch?v=hlLCC_gF8QY,276,https://i.ytimg.com/vi/hlLCC_gF8QY/mqdefault.jpg
ab95faa9-122f-492b-a875-9a8d277f7f8e,Die With A Smile,"Lady Gaga, Bruno Mars",kPa7bsKwL-c,https://www.youtube.com/watch?v=kPa7bsKwL-c,253,https://i.ytimg.com/vi/kPa7bsKwL-c/mqdefault.jpg
0bd09d08-25c9-4137-989f-9e09795c283e,I&#39;ll Believe In Anything,Wolf Parade,QEtSb2QpOGU,https://www.youtube.com/watch?v=QEtSb2QpOGU,280,https://i.ytimg.com/vi/QEtSb2QpOGU/mqdefault.jpg
dc1d5b32-4b9f-4f49-89e2-ef3b1a85a9f0,I&#39;ll Believe in Anything [Live at SPF30],Wolf Parade,uJiQrpzHeM8,https://www.youtube.com/watch?v=uJiQrpzHeM8,294,https://i.ytimg.com/vi/uJiQrpzHeM8/mqdefault.jpg
1b2b32c2-c0c9-4657-9854-1f2f9b11865c,Grenade,Bruno Mars,SR6iYWJxHqs,https://www.youtube.com/watch?v=SR6iYWJxHqs,221,https://i.ytimg.com/vi/SR6iYWJxHqs/mqdefault.jpg
35656505-7dbe-4cf3-9283-f3ee7c7c060c,Just The Way You Are,Bruno Mars,LjhCEhWiKXk,https://www.youtube.com/watch?v=LjhCEhWiKXk,237,https://i.ytimg.com/vi/LjhCEhWiKXk/mqdefault.jpg
7367aaff-e1df-4774-aab3-6bdeb9d14cf0,The Scientist,Coldplay,RB-RcX5DS5A,https://www.youtube.com/watch?v=RB-RcX5DS5A,266,https://i.ytimg.com/vi/RB-RcX5DS5A/mqdefault.jpg
16da786a-d248-4967-ac73-f0b9177d300a,Favorite Country Song,HARDY,2U1Cn4ukKiI,https://www.youtube.com/watch?v=2U1Cn4ukKiI,203,https://i.ytimg.com/vi/2U1Cn4ukKiI/mqdefault.jpg
264f9808-82af-4ef4-aa66-cdacc1aa563e,wait in the truck,HARDY,YsMB0i5YTOc,https://www.youtube.com/watch?v=YsMB0i5YTOc,301,https://i.ytimg.com/vi/YsMB0i5YTOc/mqdefault.jpg
147abca6-a2cc-4ba7-9d42-3a0c54e267c0,REDNECKER,HARDY,Sn2RBKPMpU0,https://www.youtube.com/watch?v=Sn2RBKPMpU0,203,https://i.ytimg.com/vi/Sn2RBKPMpU0/mqdefault.jpg
85eea636-c5ff-49cd-b1f3-7e2cf47ed314,JIM BOB,HARDY,wwtFnCZI2E4,https://www.youtube.com/watch?v=wwtFnCZI2E4,266,https://i.ytimg.com/vi/wwtFnCZI2E4/mqdefault.jpg
3447b777-8d95-46bc-9118-2e0623fa23f2,Ironic,Alanis Morissette,Jne9t8sHpUc,https://www.youtube.com/watch?v=Jne9t8sHpUc,247,https://i.ytimg.com/vi/Jne9t8sHpUc/mqdefault.jpg
643a2981-d741-4bcc-bbd2-2b3d7ae58bbe,Thank U,Alanis Morissette,OOgpT5rEKIU,https://www.youtube.com/watch?v=OOgpT5rEKIU,260,https://i.ytimg.com/vi/OOgpT5rEKIU/mqdefault.jpg
5d712acf-cf9b-455a-8c30-4962fb314ddb,Hand In My Pocket,Alanis Morissette,CUjIY_XxF1g,https://www.youtube.com/watch?v=CUjIY_XxF1g,221,https://i.ytimg.com/vi/CUjIY_XxF1g/mqdefault.jpg
4d5e6df8-ae0c-42a6-9043-2042e9200c46,Jagged Little Pill [Full Album],Alanis Morissette,ziCW-clqrqo,https://www.youtube.com/watch?v=ziCW-clqrqo,3451,https://i.ytimg.com/vi/ziCW-clqrqo/mqdefault.jpg
420ee22d-f6aa-481f-ae76-944578618e0c,Plastic Love,竹内まりや,T_lC2O1oIew,https://www.youtube.com/watch?v=T_lC2O1oIew,309,https://i.ytimg.com/vi/T_lC2O1oIew/mqdefault.jpg
4b810bc7-6a86-4b3e-9382-ba7fe07458ed,You Learn,Alanis Morissette,GFW-WfuX2Dk,https://www.youtube.com/watch?v=GFW-WfuX2Dk,242,https://i.ytimg.com/vi/GFW-WfuX2Dk/mqdefault.jpg
20bc0580-9791-4adb-a7d8-edd03e9967c2,Mona Lisa Overdrive,Head Candy,NjpcYzsD2s0,https://www.youtube.com/watch?v=NjpcYzsD2s0,197,https://i.ytimg.com/vi/NjpcYzsD2s0/mqdefault.jpg
4172e016-34c0-4f51-a153-298ade7c69ce,Taste,Sabrina Carpenter,KEG7b851Ric,https://www.youtube.com/watch?v=KEG7b851Ric,199,https://i.ytimg.com/vi/KEG7b851Ric/mqdefault.jpg
b0d90e2d-c53c-4a1b-a8b6-d2aa393bb995,Ain&#39;t That Unusual,Goo Goo Dolls,sxNhVXmPemw,https://www.youtube.com/watch?v=sxNhVXmPemw,200,https://i.ytimg.com/vi/sxNhVXmPemw/mqdefault.jpg
80429292-10cc-446b-b3cd-a3573eac877c,Mariya Takeuchi (80s City Pop Mix)/ Relax 🎶,Vny,WpN59Gwpdy8,https://www.youtube.com/watch?v=WpN59Gwpdy8,3713,https://i.ytimg.com/vi/WpN59Gwpdy8/mqdefault.jpg
494bdf35-5091-4f79-a4ed-2eab7e2ea593,Plastic Love,Mariya Takeuchi,jtk_ymrGfnc,https://www.youtube.com/watch?v=jtk_ymrGfnc,294,https://i.ytimg.com/vi/jtk_ymrGfnc/mqdefault.jpg
ad9e3d9b-ac7a-4736-8704-85ea9526c5ce,I&#39;ll Believe In Anything,Wolf Parade,7G1eLTV89dM,https://www.youtube.com/watch?v=7G1eLTV89dM,283,https://i.ytimg.com/vi/7G1eLTV89dM/mqdefault.jpg
ab023214-a320-4028-849c-014b4c50e930,Modern World,Wolf Parade,6tTgqxkocf8,https://www.youtube.com/watch?v=6tTgqxkocf8,168,https://i.ytimg.com/vi/6tTgqxkocf8/mqdefault.jpg
919c59bf-8823-464b-a364-f05e53b3c12f,Apologies to the Queen Mary [FULL ALBUM STREAM],Wolf Parade,VKmixRYUFBE,https://www.youtube.com/watch?v=VKmixRYUFBE,2874,https://i.ytimg.com/vi/VKmixRYUFBE/mqdefault.jpg
f959b054-3688-4d42-aa92-278528ab88f2,Fine Young Cannibals,Wolf Parade,-KEGqVgtwn0,https://www.youtube.com/watch?v=-KEGqVgtwn0,393,https://i.ytimg.com/vi/-KEGqVgtwn0/mqdefault.jpg
404c1f45-4f67-48ad-94bd-ee524cd22f07,I&#39;ll Believe In Anything [Live at CMJ 2005],Wolf Parade,yEOap4k5sd8,https://www.youtube.com/watch?v=yEOap4k5sd8,249,https://i.ytimg.com/vi/yEOap4k5sd8/mqdefault.jpg
d68dafc3-431b-4744-84bd-eb40ff169fb3,You&#39;re Dreaming,Wolf Parade,RhG6crUCY6E,https://www.youtube.com/watch?v=RhG6crUCY6E,218,https://i.ytimg.com/vi/RhG6crUCY6E/mqdefault.jpg
b9590c42-a64e-433c-bae1-599dc56062bf,PD,Camion Bip Bip,S-d8iuot9pw,https://www.youtube.com/watch?v=S-d8iuot9pw,134,https://i.ytimg.com/vi/S-d8iuot9pw/mqdefault.jpg
bfa84a6e-67d9-4043-9ded-673f795c3f2c,Celebrity Skin,Hole,O3dWBLoU--E,https://www.youtube.com/watch?v=O3dWBLoU--E,164,https://i.ytimg.com/vi/O3dWBLoU--E/mqdefault.jpg
ed1339bf-43d7-429a-979f-7a8817a34bc3,Cruel Summer,Taylor Swift,ic8j13piAhQ,https://www.youtube.com/watch?v=ic8j13piAhQ,180,https://i.ytimg.com/vi/ic8j13piAhQ/mqdefault.jpg
852735f9-cefa-481a-9ffc-dad69b6099f8,Come Undone,Duran Duran,Epj84QVw2rc,https://www.youtube.com/watch?v=Epj84QVw2rc,263,https://i.ytimg.com/vi/Epj84QVw2rc/mqdefault.jpg
0566fc99-d12a-418e-af13-eabcf1e058ab,Ordinary World,Duran Duran,FqIACCH20JU,https://www.youtube.com/watch?v=FqIACCH20JU,280,https://i.ytimg.com/vi/FqIACCH20JU/mqdefault.jpg
afa92005-d41f-42f1-9992-8d44de419e45,Hungry like the Wolf,Duran Duran,oJL-lCzEXgI,https://www.youtube.com/watch?v=oJL-lCzEXgI,223,https://i.ytimg.com/vi/oJL-lCzEXgI/mqdefault.jpg
77905395-d8ef-42d7-8ada-a3fa6b3b9972,Save A Prayer,Duran Duran,6Uxc9eFcZyM,https://www.youtube.com/watch?v=6Uxc9eFcZyM,370,https://i.ytimg.com/vi/6Uxc9eFcZyM/mqdefault.jpg
906771ee-9186-4add-b8c0-7d90ff54be6a,A View To A Kill,Duran Duran,Fp4CR2HcHLQ,https://www.youtube.com/watch?v=Fp4CR2HcHLQ,247,https://i.ytimg.com/vi/Fp4CR2HcHLQ/mqdefault.jpg
2c88c0bb-fd4e-478f-ad3b-4b29b0572cd4,Rio,Duran Duran,nTizYn3-QN0,https://www.youtube.com/watch?v=nTizYn3-QN0,305,https://i.ytimg.com/vi/nTizYn3-QN0/mqdefault.jpg
e2c09c3b-3640-4a81-9cab-6f118ba4173e,Strangers,Portishead,m-1sZFc4-5M,https://www.youtube.com/watch?v=m-1sZFc4-5M,238,https://i.ytimg.com/vi/m-1sZFc4-5M/mqdefault.jpg
f4f7fd3c-0af5-4b83-bf1c-1239e355623e,Strangers,Portishead,gd1f2a9cPVA,https://www.youtube.com/watch?v=gd1f2a9cPVA,240,https://i.ytimg.com/vi/gd1f2a9cPVA/mqdefault.jpg
5728836a-93c8-4d2c-99da-07a0cbd36d25,Teardrop,Massive Attack,u7K72X4eo_s,https://www.youtube.com/watch?v=u7K72X4eo_s,285,https://i.ytimg.com/vi/u7K72X4eo_s/mqdefault.jpg
fd186db2-f452-479e-afee-92e647066b7f,End of the World,Miley Cyrus,CXBFU97X61I,https://www.youtube.com/watch?v=CXBFU97X61I,253,https://i.ytimg.com/vi/CXBFU97X61I/mqdefault.jpg
1a3ceab1-6e7a-4cf5-814d-23d0ab1ccf29,Flowers,Miley Cyrus,G7KNmW9a75Y,https://www.youtube.com/watch?v=G7KNmW9a75Y,202,https://i.ytimg.com/vi/G7KNmW9a75Y/mqdefault.jpg
d6653383-4dca-4ff6-b19b-fa0f7693bfdb,Flowers | 2024 GRAMMYs.,Miley Cyrus,vq5fcwuoLeU,https://www.youtube.com/watch?v=vq5fcwuoLeU,241,https://i.ytimg.com/vi/vq5fcwuoLeU/mqdefault.jpg
ba5848f3-83e8-4983-9c86-73d2b93c0d7e,What Is Happening,Alphabeat,mL2JHeICXiI,https://www.youtube.com/watch?v=mL2JHeICXiI,228,https://i.ytimg.com/vi/mL2JHeICXiI/mqdefault.jpg
c3f9317e-7962-4c54-860e-117abe69b96b,Many Men (Wish Death) (Dirty Version),50 Cent,5D3crqpClPY,https://www.youtube.com/watch?v=5D3crqpClPY,298,https://i.ytimg.com/vi/5D3crqpClPY/mqdefault.jpg
289b0a7c-a288-4a9b-bfd5-debcac18a064,it&#39;s my life live 1984 Best Version,Talk Talk,ERimiTA_tW4,https://www.youtube.com/watch?v=ERimiTA_tW4,331,https://i.ytimg.com/vi/ERimiTA_tW4/mqdefault.jpg
38070473-70ef-4f54-9bdc-22c9dec1e09e,LIVING IN ANOTHER WORLD - 1986,Talk Talk,qAlLQaDXc4I,https://www.youtube.com/watch?v=qAlLQaDXc4I,419,https://i.ytimg.com/vi/qAlLQaDXc4I/mqdefault.jpg
b74f75d9-dc6f-4c2d-8611-cfc737ef910a,Turn My Swag On,Soulja Boy Tell&#39;em,9yRme0C2pmI,https://www.youtube.com/watch?v=9yRme0C2pmI,210,https://i.ytimg.com/vi/9yRme0C2pmI/mqdefault.jpg
a0162c89-cda3-4f50-969d-116bcd1d36eb,Tanz um dein Leben,Henning Wehland,zFbsI8VqPfw,https://www.youtube.com/watch?v=zFbsI8VqPfw,216,https://i.ytimg.com/vi/zFbsI8VqPfw/mqdefault.jpg
44bd4c20-f27d-4e09-a2a4-f41568214696,Je Vais Te Détruire,Camion Bip Bip - Topic,S6Mt4227VkY,https://www.youtube.com/watch?v=S6Mt4227VkY,208,https://i.ytimg.com/vi/S6Mt4227VkY/mqdefault.jpg
c99d0adf-eb90-4323-9496-0a8a818821c4,Stop Crying Your Heart Out,Oasis,dhZUsNJ-LQU,https://www.youtube.com/watch?v=dhZUsNJ-LQU,295,https://i.ytimg.com/vi/dhZUsNJ-LQU/mqdefault.jpg
c46ecbb2-b12f-47c4-a1ef-ce4a9e62c13e,What Up Gangsta,50 Cent - Topic,xIl4ZGd8MPc,https://www.youtube.com/watch?v=xIl4ZGd8MPc,180,https://i.ytimg.com/vi/xIl4ZGd8MPc/mqdefault.jpg
da40a9bf-fec0-4147-b816-dc480e46e7ee,Suspicious Minds,Elvis Presley,WrMGGouem3c,https://www.youtube.com/watch?v=WrMGGouem3c,236,https://i.ytimg.com/vi/WrMGGouem3c/mqdefault.jpg
90942214-beca-4cbd-8c1e-d95c1527db95,Empty the Bones of you,Chris Clark,G0CN5X66CMg,https://www.youtube.com/watch?v=G0CN5X66CMg,3202,https://i.ytimg.com/vi/G0CN5X66CMg/mqdefault.jpg
8be911eb-6888-4b7e-b6bb-cbe7ca1d1b89,Pump Up The Jam,Technotronic,9EcjWd-O4jI,https://www.youtube.com/watch?v=9EcjWd-O4jI,222,https://i.ytimg.com/vi/9EcjWd-O4jI/mqdefault.jpg
2ce998b4-1ab2-45c9-af73-cead0280c78e,Killing In the Name,Rage Against The Machine,bWXazVhlyxQ,https://www.youtube.com/watch?v=bWXazVhlyxQ,314,https://i.ytimg.com/vi/bWXazVhlyxQ/mqdefault.jpg
98a01c50-d6d7-4dd4-ab61-fcf58bd56f2f,My Way (2008 Remastered),Frank Sinatra - Topic,qQzdAsjWGPg,https://www.youtube.com/watch?v=qQzdAsjWGPg,277,https://i.ytimg.com/vi/qQzdAsjWGPg/mqdefault.jpg
244b659e-2e54-49ce-a698-63c306f43e73,Love&#39;s Gone Mad,Chris Clark,gudKCKEWOUc,https://www.youtube.com/watch?v=gudKCKEWOUc,147,https://i.ytimg.com/vi/gudKCKEWOUc/mqdefault.jpg
1fc0a865-aa1c-49a0-b4be-dd0d9fd99ca2,DON&#39;T BE TO LONGWHERE THE ACTION IS TV SHOW,CHRIS CLARK,ePk91Q3GgMs,https://www.youtube.com/watch?v=ePk91Q3GgMs,170,https://i.ytimg.com/vi/ePk91Q3GgMs/mqdefault.jpg
ff7bf848-bd9a-4d25-a1f4-7a6044a488ea,Cool Down The Pace (In Dub),Gregory Isaacs - Topic,RWdPY7eBttI,https://www.youtube.com/watch?v=RWdPY7eBttI,532,https://i.ytimg.com/vi/RWdPY7eBttI/mqdefault.jpg
cb19fa19-ac23-4ceb-82e3-3431039dcefa,Sexy and I Know It,LMFAO,wyx6JDQCslE,https://www.youtube.com/watch?v=wyx6JDQCslE,204,https://i.ytimg.com/vi/wyx6JDQCslE/mqdefault.jpg
ae5cd25f-cdcb-4fa2-aed9-65adee2ebf0a,CH Y LA PIZZA,Fuerza Regida x Natanael Cano,kMp_-ePwEC4,https://www.youtube.com/watch?v=kMp_-ePwEC4,148,https://i.ytimg.com/vi/kMp_-ePwEC4/mqdefault.jpg
ae20671b-076a-41ba-af50-c521ee774cc8,Dandelions (Lyrics) (Slowed + Reverb),Ruth B.,fXbfBUNJ9mY,https://www.youtube.com/watch?v=fXbfBUNJ9mY,270,https://i.ytimg.com/vi/fXbfBUNJ9mY/mqdefault.jpg
55cca52f-6fbc-4abb-b5be-57f6fb6bb1fb,New Thang,Redfoo,xGiBiHocSZM,https://www.youtube.com/watch?v=xGiBiHocSZM,242,https://i.ytimg.com/vi/xGiBiHocSZM/mqdefault.jpg
3ad7eb16-aeed-487b-8b61-7b4fc583c874,Don&#39;t Stop Me Now,Queen,HgzGwKwLmgM,https://www.youtube.com/watch?v=HgzGwKwLmgM,213,https://i.ytimg.com/vi/HgzGwKwLmgM/mqdefault.jpg
a4c56086-eddc-4fc6-a7b6-43b27b52b492,Don&#39;t Stop Me Now (... Revisited),Queen - Topic,hBp4dgE7Bho,https://www.youtube.com/watch?v=hBp4dgE7Bho,218,https://i.ytimg.com/vi/hBp4dgE7Bho/mqdefault.jpg
22b971f0-fe26-43a9-8591-b5e2355206be,Bad Romance,Lady Gaga,qrO4YZeyl0I,https://www.youtube.com/watch?v=qrO4YZeyl0I,309,https://i.ytimg.com/vi/qrO4YZeyl0I/mqdefault.jpg
0aec9fcd-873a-46fe-9c9a-f39b5240bef3,G.O.A.T.,Diljit Dosanjh,cl0a3i2wFcc,https://www.youtube.com/watch?v=cl0a3i2wFcc,224,https://i.ytimg.com/vi/cl0a3i2wFcc/mqdefault.jpg
2930e4d1-b94a-4411-b74b-297440caa3da,Imagine - 1971,John Lennon,iOs9Osz3UFQ,https://www.youtube.com/watch?v=iOs9Osz3UFQ,195,https://i.ytimg.com/vi/iOs9Osz3UFQ/mqdefault.jpg
0917e636-9dcf-4bc8-acc4-cd2b543ef054,A Thousand Years,Christina Perri,rtOvBOTyX00,https://www.youtube.com/watch?v=rtOvBOTyX00,288,https://i.ytimg.com/vi/rtOvBOTyX00/mqdefault.jpg
8d56b3d6-e8d4-4256-886f-b8d2d4e04bc7,Everytime We Touch (TEKKNO Version) OFFICIAL VIDEO,Electric Callboy,AuBXeF5acqE,https://www.youtube.com/watch?v=AuBXeF5acqE,226,https://i.ytimg.com/vi/AuBXeF5acqE/mqdefault.jpg
1aec6e8e-8fd9-4c11-afcb-ad40f67346a3,TITO GOMEZ  CON  LA SONORA  PONCEÑA,MORENO SOY,bOQWIet35TU,https://www.youtube.com/watch?v=bOQWIet35TU,395,https://i.ytimg.com/vi/bOQWIet35TU/mqdefault.jpg
e362b23a-beff-4874-8630-0f629292b5b3,Vincent (Starry Starry Night) (1972),Don McLean,A3DUsxOIZi4,https://www.youtube.com/watch?v=A3DUsxOIZi4,247,https://i.ytimg.com/vi/A3DUsxOIZi4/mqdefault.jpg
da7554d5-d6e8-4c9f-99da-af5493d3d351,Qué vendrá (Clip officiel),ZAZ,6THHrPyZQuQ,https://www.youtube.com/watch?v=6THHrPyZQuQ,182,https://i.ytimg.com/vi/6THHrPyZQuQ/mqdefault.jpg
af2aa2ef-31d9-40f8-ae25-bfdeb5379562,What A Life (From the Motion Picture &quot;Another Round&quot;),Scarlet Pleasure - Topic,W5yUmmgYCa0,https://www.youtube.com/watch?v=W5yUmmgYCa0,170,https://i.ytimg.com/vi/W5yUmmgYCa0/mqdefault.jpg
18d7930d-bf68-42c7-8725-dde613d71b24,Stay ft. Mikky Ekko,Rihanna,JF8BRvqGCNs,https://www.youtube.com/watch?v=JF8BRvqGCNs,248,https://i.ytimg.com/vi/JF8BRvqGCNs/mqdefault.jpg
5afff769-19b1-418d-831e-c0e40837737f,I&#39;m Sorry,Hothouse Flowers,y9k07HgeeNI,https://www.youtube.com/watch?v=y9k07HgeeNI,217,https://i.ytimg.com/vi/y9k07HgeeNI/mqdefault.jpg
2a116774-4b9b-4f3c-8aec-61a03b310109,Victory Song,Ensiferum - Topic,ueT3qH1GC5E,https://www.youtube.com/watch?v=ueT3qH1GC5E,639,https://i.ytimg.com/vi/ueT3qH1GC5E/mqdefault.jpg
a581a541-f546-4c0a-8b7f-686d7cbe8812,Missed the Boat,Modest Mouse,JP_jaogKAdM,https://www.youtube.com/watch?v=JP_jaogKAdM,268,https://i.ytimg.com/vi/JP_jaogKAdM/mqdefault.jpg
a89d76e4-5ffd-45d9-a65c-4746f7c6ddf8,Family Curse,Beirut - Topic,xrZT_3V1ogA,https://www.youtube.com/watch?v=xrZT_3V1ogA,204,https://i.ytimg.com/vi/xrZT_3V1ogA/mqdefault.jpg
fd99b442-7019-419f-801f-8a93648f87b4,1 Distortion,3 Levels of Boss DS,NKkuONJ11S4,https://www.youtube.com/watch?v=NKkuONJ11S4,27,https://i.ytimg.com/vi/NKkuONJ11S4/mqdefault.jpg
9d3bfd38-62cc-4ff4-8046-a958c2b59da6,1 vs. ProCo RAT,Boss DS,LIntCyqkH8o,https://www.youtube.com/watch?v=LIntCyqkH8o,208,https://i.ytimg.com/vi/LIntCyqkH8o/mqdefault.jpg
2877d16e-187e-4754-8587-1ed44a7e166d,Valkyriur og Baldir,Ragnarök Nordic &amp; Viking Folk,wh0_dq15lWA,https://www.youtube.com/watch?v=wh0_dq15lWA,383,https://i.ytimg.com/vi/wh0_dq15lWA/mqdefault.jpg
5fc02899-f628-4b34-9137-dc11c5319578,Baby I Love Your Way (Live Music) | Sugarshack Sessions,Big Mountain,1_JKhYboLUk,https://www.youtube.com/watch?v=1_JKhYboLUk,330,https://i.ytimg.com/vi/1_JKhYboLUk/mqdefault.jpg
a5369efe-77ba-4f28-90f7-c652a4040c88,Baldr,Eihwar,FwJlaBq8RBo,https://www.youtube.com/watch?v=FwJlaBq8RBo,249,https://i.ytimg.com/vi/FwJlaBq8RBo/mqdefault.jpg
2ddf8cbb-fa25-4347-a3d3-21408e669e06,Only You,The Flying Pickets,FN2X5JwMdEE,https://www.youtube.com/watch?v=FN2X5JwMdEE,216,https://i.ytimg.com/vi/FN2X5JwMdEE/mqdefault.jpg
743c46e0-676c-4ba6-8a3a-28c8a50f2602,La Camisa Negra (MTV Unplugged),Juanes,J3eqAxYPkmA,https://www.youtube.com/watch?v=J3eqAxYPkmA,231,https://i.ytimg.com/vi/J3eqAxYPkmA/mqdefault.jpg
3c5e9776-aa60-4b57-8797-9147fa0c22db,Original version,Macarena,LPYw3jXjd74,https://www.youtube.com/watch?v=LPYw3jXjd74,255,https://i.ytimg.com/vi/LPYw3jXjd74/mqdefault.jpg
3842a7db-67f8-4fd2-9375-ed4a8ba4e2f6,INXS~AFTERGLOW,HSMfan6,BM62rf_6EHo,https://www.youtube.com/watch?v=BM62rf_6EHo,250,https://i.ytimg.com/vi/BM62rf_6EHo/mqdefault.jpg
b64a5c8d-57c9-4866-85db-e6c13b24c952,Fast,Pamex,F0Yfuy7K3PU,https://www.youtube.com/watch?v=F0Yfuy7K3PU,199,https://i.ytimg.com/vi/F0Yfuy7K3PU/mqdefault.jpg
8440afda-9752-4b7f-ac20-0fa57b61cafe,Paper In Fire,John Mellencamp,myo9wXrNUP4,https://www.youtube.com/watch?v=myo9wXrNUP4,236,https://i.ytimg.com/vi/myo9wXrNUP4/mqdefault.jpg
94151e61-c304-4f06-a04f-cb47bab20821,Z - Hard Knock Life (Ghetto Anthem),JAY,lpZgKI97K1M,https://www.youtube.com/watch?v=lpZgKI97K1M,267,https://i.ytimg.com/vi/lpZgKI97K1M/mqdefault.jpg
461de330-8132-4f3f-a166-28e7766f9930,KATSEYE | Dance Cover (Mirrored),Gnarly,4ar4bwuJwLo,https://www.youtube.com/watch?v=4ar4bwuJwLo,13,https://i.ytimg.com/vi/4ar4bwuJwLo/mqdefault.jpg
eb9e61dd-632c-4f67-83fe-592c9a889d33,&#39;How You Like That&#39; DANCE PERFORMANCE VIDEO,BLACKPINK,32si5cfrCNc,https://www.youtube.com/watch?v=32si5cfrCNc,181,https://i.ytimg.com/vi/32si5cfrCNc/mqdefault.jpg
e30da468-7df7-4b91-aed1-e3f4453fd0a4,i’m begging you 🌹 #KATSEYE #KATSEYE_Gabriela,KATSEYE,jn62nQpawvc,https://www.youtube.com/watch?v=jn62nQpawvc,38,https://i.ytimg.com/vi/jn62nQpawvc/mqdefault.jpg
8f7cb9f0-474e-487b-9a54-f1ee127bca74,Changes,2Pac - Topic,M8Wj6-gPY0g,https://www.youtube.com/watch?v=M8Wj6-gPY0g,269,https://i.ytimg.com/vi/M8Wj6-gPY0g/mqdefault.jpg
6d87f4d4-3778-4620-9d04-77c173b9a42b,Juicy,The Notorious B.I.G. - Topic,7Y8VPQcPHhY,https://www.youtube.com/watch?v=7Y8VPQcPHhY,286,https://i.ytimg.com/vi/7Y8VPQcPHhY/mqdefault.jpg
0e0a2fdc-3300-4a39-9710-abb9b48f4b44,Rito Village Jazz Arrangement || insaneintherainmusic (ft. Alex Heflin),Zelda Breath of the Wild,OsPHpx0k7n8,https://www.youtube.com/watch?v=OsPHpx0k7n8,434,https://i.ytimg.com/vi/OsPHpx0k7n8/mqdefault.jpg
b15b4b91-877b-41bf-a9e6-a093df763734,If I Had You,Adam Lambert,wmXQFwlD7vk,https://www.youtube.com/watch?v=wmXQFwlD7vk,237,https://i.ytimg.com/vi/wmXQFwlD7vk/mqdefault.jpg
a852d9b6-4719-428d-b51d-db7a829d21c6,Smoke On the Water,Deep Purple,Q2FzZSBD5LE,https://www.youtube.com/watch?v=Q2FzZSBD5LE,375,https://i.ytimg.com/vi/Q2FzZSBD5LE/mqdefault.jpg
5298cb76-33f4-4baa-a277-18bfddab09ca,Dreams[],Fleetwood Mac,Y3ywicffOj4,https://www.youtube.com/watch?v=Y3ywicffOj4,264,https://i.ytimg.com/vi/Y3ywicffOj4/mqdefault.jpg
e038b080-a9ce-4bf6-a3bb-d8db014e0945,Fight The Power,Public Enemy,mmo3HFa2vjg,https://www.youtube.com/watch?v=mmo3HFa2vjg,319,https://i.ytimg.com/vi/mmo3HFa2vjg/mqdefault.jpg
5e235f2b-c08d-4133-8db0-db3411d67d8d,Harder Than You Think,publicenemyvideos,pCx5Std7mCo,https://www.youtube.com/watch?v=pCx5Std7mCo,243,https://i.ytimg.com/vi/pCx5Std7mCo/mqdefault.jpg
aebbedf1-4764-4c03-a2fc-451cae695ff7,Rebel Without A Pause,Public Enemy - Topic,-fN5RX15Zhw,https://www.youtube.com/watch?v=-fN5RX15Zhw,303,https://i.ytimg.com/vi/-fN5RX15Zhw/mqdefault.jpg
3cdabcda-e3f6-47c2-bd57-4c488986e3bf,Yuve Yuve Yu,The HU,v4xZUr0BEfE,https://www.youtube.com/watch?v=v4xZUr0BEfE,353,https://i.ytimg.com/vi/v4xZUr0BEfE/mqdefault.jpg
1cbda361-f68d-4258-87ee-30b26ceee893,Wolf Totem,The HU,jM8dCGIm6yc,https://www.youtube.com/watch?v=jM8dCGIm6yc,397,https://i.ytimg.com/vi/jM8dCGIm6yc/mqdefault.jpg
09b9dfd4-ca74-4a59-bade-7161b2e455d9,Black Thunder ft Serj Tankian &amp; DL of Bad Wolves,The HU,KYsmMLvmAQo,https://www.youtube.com/watch?v=KYsmMLvmAQo,326,https://i.ytimg.com/vi/KYsmMLvmAQo/mqdefault.jpg
a5a91fc7-a083-474f-b595-41543d51e97f,This Is Mongol,The HU,4Y2gK4n35hw,https://www.youtube.com/watch?v=4Y2gK4n35hw,278,https://i.ytimg.com/vi/4Y2gK4n35hw/mqdefault.jpg
e1c0957c-04a9-4d3a-9a5b-1c248a5e6d7a,Wolf Totem feat. Jacoby Shaddix of Papa Roach,The HU,sv29DzgiXZA,https://www.youtube.com/watch?v=sv29DzgiXZA,315,https://i.ytimg.com/vi/sv29DzgiXZA/mqdefault.jpg
27d3a2d7-f6e5-4b0a-91fa-a1719a13b4e5,&quot;The Trooper&quot;,The HU,2WrvFUZgHro,https://www.youtube.com/watch?v=2WrvFUZgHro,274,https://i.ytimg.com/vi/2WrvFUZgHro/mqdefault.jpg
6c18d94b-abd0-48d5-a0b4-36279307cd31,Sad But True,The HU,QpxA_ZxGX_M,https://www.youtube.com/watch?v=QpxA_ZxGX_M,375,https://i.ytimg.com/vi/QpxA_ZxGX_M/mqdefault.jpg
78b38e76-fa2d-4224-96c3-f79f42bec7db,Hole In The Bucket,Spearhead,WLkyN9bQ-xY,https://www.youtube.com/watch?v=WLkyN9bQ-xY,252,https://i.ytimg.com/vi/WLkyN9bQ-xY/mqdefault.jpg
557b6206-06e8-4f91-b3ac-fd8bdfac259b,I Fought the Law,The Clash,AL8chWFuM-s,https://www.youtube.com/watch?v=AL8chWFuM-s,160,https://i.ytimg.com/vi/AL8chWFuM-s/mqdefault.jpg
06c57e15-81af-4dff-aece-e7fe0e4d4479,Should I Stay or Should I Go,The Clash,BN1WwnEDWAM,https://www.youtube.com/watch?v=BN1WwnEDWAM,190,https://i.ytimg.com/vi/BN1WwnEDWAM/mqdefault.jpg
16fcaec5-d5f8-4cd8-9b08-1e612a36f1fb,Say Hey (I Love You),Michael Franti &amp; Spearhead,LYTBok8Ol7k,https://www.youtube.com/watch?v=LYTBok8Ol7k,229,https://i.ytimg.com/vi/LYTBok8Ol7k/mqdefault.jpg
99fc8e07-e873-4f1d-8ef7-0b1342177a41,Jerry Was A Race Car Driver,Primus,LBQ2305fLeA,https://www.youtube.com/watch?v=LBQ2305fLeA,218,https://i.ytimg.com/vi/LBQ2305fLeA/mqdefault.jpg
c551e605-a86f-4f5d-bc10-10761d8611fb,Wynonna&#39;s Big Brown Beaver,Primus,aYDfwUJzYQg,https://www.youtube.com/watch?v=aYDfwUJzYQg,261,https://i.ytimg.com/vi/aYDfwUJzYQg/mqdefault.jpg
ebe50682-330d-44b2-936a-b5defe8269be,"Ana de Armas, Fenne Lily",3&#39;000 MILES&#39;Entering The Red&#39; Campari FULL Version,HQsVDPsHL2w,https://www.youtube.com/watch?v=HQsVDPsHL2w,252,https://i.ytimg.com/vi/HQsVDPsHL2w/mqdefault.jpg
41312566-9504-4889-a6b4-5327bee6c12b,Train in Vain,The Clash,aUzBgeI5dpc,https://www.youtube.com/watch?v=aUzBgeI5dpc,193,https://i.ytimg.com/vi/aUzBgeI5dpc/mqdefault.jpg
a27882e5-9d1f-4e29-ac3c-ead25269528e,Last Man Standing,Livingston,GFhmpVSfnZo,https://www.youtube.com/watch?v=GFhmpVSfnZo,185,https://i.ytimg.com/vi/GFhmpVSfnZo/mqdefault.jpg
52ae3ffd-318c-40de-9cce-852d5920d58d,London Calling,The Clash,a3XqMtam1I0,https://www.youtube.com/watch?v=a3XqMtam1I0,202,https://i.ytimg.com/vi/a3XqMtam1I0/mqdefault.jpg
7ffdb6df-ccc3-4a8c-aa1d-5f64678b7644,Come As You Are,Nirvana,vabnZ9-ex7o,https://www.youtube.com/watch?v=vabnZ9-ex7o,225,https://i.ytimg.com/vi/vabnZ9-ex7o/mqdefault.jpg
02889bed-5ac6-4a42-b205-adf97fd9b0e2,That’s So True (Lyrics),Gracie Abrams,9zctVgA2ZkY,https://www.youtube.com/watch?v=9zctVgA2ZkY,166,https://i.ytimg.com/vi/9zctVgA2ZkY/mqdefault.jpg
381a7bda-2cdd-444e-973d-8b50725beae9,Whole Lotta Love,Led Zeppelin,HQmmM_qwG4k,https://www.youtube.com/watch?v=HQmmM_qwG4k,289,https://i.ytimg.com/vi/HQmmM_qwG4k/mqdefault.jpg
a58cb293-60d6-4bdc-8da1-2518e7d0d3b6,Tezeta (Nostalgia),Mulatu Astatke,Wy-v-FgiUD8,https://www.youtube.com/watch?v=Wy-v-FgiUD8,377,https://i.ytimg.com/vi/Wy-v-FgiUD8/mqdefault.jpg
8dcce9a0-4c15-4c05-a505-906fe9ec576a,I&#39;m In A Hurry,Alabama,Qy01R9CEFFs,https://www.youtube.com/watch?v=Qy01R9CEFFs,173,https://i.ytimg.com/vi/Qy01R9CEFFs/mqdefault.jpg
9deb0b3f-a951-4432-9b95-5985a38a3ea1,Immigrant Song (Remaster),Led Zeppelin - Topic,y8OtzJtp-EM,https://www.youtube.com/watch?v=y8OtzJtp-EM,147,https://i.ytimg.com/vi/y8OtzJtp-EM/mqdefault.jpg
efba7e15-4d3a-44e7-b25a-f4bf170de04d,Mountain Music,Alabama - Topic,9GGQ2zId8JA,https://www.youtube.com/watch?v=9GGQ2zId8JA,219,https://i.ytimg.com/vi/9GGQ2zId8JA/mqdefault.jpg
ec3680c9-051e-4fca-9a3a-492837101ae4,Party In The U.S.A.,Miley Cyrus,M11SvDtPBhA,https://www.youtube.com/watch?v=M11SvDtPBhA,208,https://i.ytimg.com/vi/M11SvDtPBhA/mqdefault.jpg
b506f3f7-f810-48bd-a222-dd7ad28c7bc5,Pop Demon Hunters - Free,"Rumi, Jinu, EJAE, Andrew Choi, K",sS1Z4vKsDAA,https://www.youtube.com/watch?v=sS1Z4vKsDAA,189,https://i.ytimg.com/vi/sS1Z4vKsDAA/mqdefault.jpg
290c6b1b-e80e-4ab0-b0d8-fb4d5dacb142,Ana De Armas,3000 Miles/Bright Blue Berlin Sky from &quot;Campari Entering Red&quot;,Ck9c8PXBf2M,https://www.youtube.com/watch?v=Ck9c8PXBf2M,252,https://i.ytimg.com/vi/Ck9c8PXBf2M/mqdefault.jpg
c03e874c-ff22-46e5-8caa-733b5db1bfb8,Stand,R.E.M.,bLaSXpqp__E,https://www.youtube.com/watch?v=bLaSXpqp__E,194,https://i.ytimg.com/vi/bLaSXpqp__E/mqdefault.jpg
b3a82216-9221-463c-9b4c-530cb3f94126,Hey,Julio Iglesias,F2vT9VyXOks,https://www.youtube.com/watch?v=F2vT9VyXOks,300,https://i.ytimg.com/vi/F2vT9VyXOks/mqdefault.jpg
1e3bcd75-a744-4f46-85a4-69b2aaf0c800,BLESSD ❌ OVY ON THE DRUMS,AMISTA 💔,Lf566pMNCOw,https://www.youtube.com/watch?v=Lf566pMNCOw,181,https://i.ytimg.com/vi/Lf566pMNCOw/mqdefault.jpg
66d83363-2193-4ecf-993c-f2fda96122b5,Rockin&#39; in the Free World,Neil Young - Topic,DvxxdZpMFHg,https://www.youtube.com/watch?v=DvxxdZpMFHg,282,https://i.ytimg.com/vi/DvxxdZpMFHg/mqdefault.jpg
0f75f74e-7049-409d-9eae-d2a258cabdd4,SANKA (Visualizer) | SENDÉ,"Ryan Castro, Dongo",H-8d1oDUdSU,https://www.youtube.com/watch?v=H-8d1oDUdSU,155,https://i.ytimg.com/vi/H-8d1oDUdSU/mqdefault.jpg
f1b8e77e-c0ea-4758-94b9-1ea5bb4c3914,"Amar Arshi,Badshah,Neha Kakkar,Sidharth Malhotra,Katrina Kaif",Kala Chashma (Lyrics) Baar Baar Dekho,4HmBGLRK69g,https://www.youtube.com/watch?v=4HmBGLRK69g,190,https://i.ytimg.com/vi/4HmBGLRK69g/mqdefault.jpg
b2c11506-29af-47a4-8d4d-eab74d2b18a1,Never Let Me Down Again ( Tour of the Universe Live In Barcelona 2009),Depeche Mode,Zf3Ys6KSdSY,https://www.youtube.com/watch?v=Zf3Ys6KSdSY,398,https://i.ytimg.com/vi/Zf3Ys6KSdSY/mqdefault.jpg
c7fa4e70-4911-4b53-8f28-5e46a4f4be94,When it&#39;s Over,Drex Carter x Kyle Beats Collective,_UEF7tFr99o,https://www.youtube.com/watch?v=_UEF7tFr99o,126,https://i.ytimg.com/vi/_UEF7tFr99o/mqdefault.jpg
b78bccb3-0ad8-47cf-91c6-4ab0a86dd28b,Enter Sandman (Remastered),Metallica - Topic,XZuM4zFg-60,https://www.youtube.com/watch?v=XZuM4zFg-60,332,https://i.ytimg.com/vi/XZuM4zFg-60/mqdefault.jpg
bca303bf-1a49-45e4-aec3-48a5f0a735db,All in My Head,Drex Carter - Topic,prnhdjZsdHU,https://www.youtube.com/watch?v=prnhdjZsdHU,120,https://i.ytimg.com/vi/prnhdjZsdHU/mqdefault.jpg
f090cf7e-f27a-4408-8d2c-68ebdbfa79bb,PARIS,$UICIDEBOY$,nqtobIpZt68,https://www.youtube.com/watch?v=nqtobIpZt68,107,https://i.ytimg.com/vi/nqtobIpZt68/mqdefault.jpg
4b23ca07-aabb-4e09-9774-56640924ee97,The Days,Avicii,JDglMK9sgIQ,https://www.youtube.com/watch?v=JDglMK9sgIQ,248,https://i.ytimg.com/vi/JDglMK9sgIQ/mqdefault.jpg
2bad2849-b3d7-44e3-b359-221cb328194d,The Nights,Avicii,UtF6Jej8yb4,https://www.youtube.com/watch?v=UtF6Jej8yb4,191,https://i.ytimg.com/vi/UtF6Jej8yb4/mqdefault.jpg
c5ff92d5-e52e-427b-9a70-505213e09484,I Still Haven&#39;t Found What I&#39;m Looking For (U2 Cover),Sarah Jarosz,OAcu5g8AMEs,https://www.youtube.com/watch?v=OAcu5g8AMEs,212,https://i.ytimg.com/vi/OAcu5g8AMEs/mqdefault.jpg
96ad3efe-2166-4aae-991c-ee80dc4e516e,"Baar Baar Dekho | Sidharth M Katrina K | Prem, Hardeep, Badshah, Kam, Neha, Indeep",Kala Chashma,k4yXQkG2s1E,https://www.youtube.com/watch?v=k4yXQkG2s1E,174,https://i.ytimg.com/vi/k4yXQkG2s1E/mqdefault.jpg
e6c14fe6-e6bd-4993-b41b-00b9b40d0c23,Higher Love,Kygo &amp; Whitney Houston,JR49dyo-y0E,https://www.youtube.com/watch?v=JR49dyo-y0E,261,https://i.ytimg.com/vi/JR49dyo-y0E/mqdefault.jpg
139ded5d-8d9b-408e-8468-d32c80d340ef,"Theeyae Theeyae Video | Suriya, Kajal Agarwal",Maattrraan,LPAK3KU-FSw,https://www.youtube.com/watch?v=LPAK3KU-FSw,309,https://i.ytimg.com/vi/LPAK3KU-FSw/mqdefault.jpg
b186c80e-85eb-4f39-9cac-0d2236a1e0af,Tell Me True,Sarah Jarosz - Topic,JnAkKFbTPL8,https://www.youtube.com/watch?v=JnAkKFbTPL8,249,https://i.ytimg.com/vi/JnAkKFbTPL8/mqdefault.jpg
2a0a2565-d301-44b9-9eb0-e2e9761ba281,Diva (Homecoming Live),Beyoncé - Topic,yN8ojpkwYps,https://www.youtube.com/watch?v=yN8ojpkwYps,166,https://i.ytimg.com/vi/yN8ojpkwYps/mqdefault.jpg
a3fe3352-c78d-4729-b688-d191cf0f9b9c,DANÇA DA MANIVELA,Durval Lelys,wobdecfM7FA,https://www.youtube.com/watch?v=wobdecfM7FA,209,https://i.ytimg.com/vi/wobdecfM7FA/mqdefault.jpg
aa49c442-fb72-4489-9a24-f42c257bd023,Azhagiya Theeye Official Video | Full| Harris Jayaraj | Madhavan | Gautham V Menon,Minnale,UvYP7Mx_GP8,https://www.youtube.com/watch?v=UvYP7Mx_GP8,343,https://i.ytimg.com/vi/UvYP7Mx_GP8/mqdefault.jpg
64c6ad2f-b4b6-49b6-b460-19b878d47b72,Local Joke [],Neon Indian,nlRiohslcAM,https://www.youtube.com/watch?v=nlRiohslcAM,255,https://i.ytimg.com/vi/nlRiohslcAM/mqdefault.jpg
3a5ac4a5-2ab5-4fae-bed5-61753eb352d1,É o tchan ~ Segure o tchan,Misttyk7,M3wnH04Eus0,https://www.youtube.com/watch?v=M3wnH04Eus0,242,https://i.ytimg.com/vi/M3wnH04Eus0/mqdefault.jpg
cb780329-17e7-4ae6-95e9-64e780b98990,1:5 (Live),CHINCHILLA,wvh-iW803bY,https://www.youtube.com/watch?v=wvh-iW803bY,247,https://i.ytimg.com/vi/wvh-iW803bY/mqdefault.jpg
9e551b31-9e42-4856-95a6-7cbe61325d11,Woof Woof,ARTHUR,QGD25KekY_c,https://www.youtube.com/watch?v=QGD25KekY_c,84,https://i.ytimg.com/vi/QGD25KekY_c/mqdefault.jpg
fab2beb7-1117-4f31-abb7-66ebfa583e45,Essa Tal Liberdade (Ao Vivo),"Gigantes do Samba, Raça Negra, Só Pra Contrariar",VAW5ND4W7VM,https://www.youtube.com/watch?v=VAW5ND4W7VM,178,https://i.ytimg.com/vi/VAW5ND4W7VM/mqdefault.jpg
fe2ce7ef-9447-48f5-b954-2be3f848e925,El Dorado,Molly Tuttle &amp; Golden Highway,bFRCY7RKJrw,https://www.youtube.com/watch?v=bFRCY7RKJrw,276,https://i.ytimg.com/vi/bFRCY7RKJrw/mqdefault.jpg
791a9f75-be4c-464b-8583-4d5fe8fd7a04,Mal Acostumada (Ao Vivo) (Áudio Oficial),Ara Ketu,L1gKFA2zNaU,https://www.youtube.com/watch?v=L1gKFA2zNaU,265,https://i.ytimg.com/vi/L1gKFA2zNaU/mqdefault.jpg
8ca8ed07-ba05-4bd0-b99e-aca109255bea,Robyn &#39;Call Your Girlfriend&#39; Official Video,Robyn,Nv644ipg2Ss,https://www.youtube.com/watch?v=Nv644ipg2Ss,212,https://i.ytimg.com/vi/Nv644ipg2Ss/mqdefault.jpg
f3f0c32d-8527-4163-976d-d0c13826abad,Alabama Im In A Hurry To Get Things Done,Prohunter2014,IfxMSfGktF8,https://www.youtube.com/watch?v=IfxMSfGktF8,178,https://i.ytimg.com/vi/IfxMSfGktF8/mqdefault.jpg
d9f336fc-4e9b-4080-bc17-a34b8f83942f,Brave,Sara Bareilles,QUQsqBqxoR4,https://www.youtube.com/watch?v=QUQsqBqxoR4,238,https://i.ytimg.com/vi/QUQsqBqxoR4/mqdefault.jpg
ff25ff54-38b5-4192-a8df-669fd807c298,The Master&#39;s Call,Marty Robbins - Topic,7mrI2xtkEMA,https://www.youtube.com/watch?v=7mrI2xtkEMA,186,https://i.ytimg.com/vi/7mrI2xtkEMA/mqdefault.jpg
04ac8745-f2d8-463f-9ab1-19c2c47e8b54,Country Girl,Carolina Chocolate Drops,FVIaiADsyYo,https://www.youtube.com/watch?v=FVIaiADsyYo,222,https://i.ytimg.com/vi/FVIaiADsyYo/mqdefault.jpg
ce0b8b07-7ad6-4f45-a85f-07cd88d2c968,GANGNAM STYLE(강남스타일) M/V,PSY,9bZkp7q19f0,https://www.youtube.com/watch?v=9bZkp7q19f0,253,https://i.ytimg.com/vi/9bZkp7q19f0/mqdefault.jpg
cfa928e6-879a-443f-a987-d61e33235b70,Human Letter H,Happy Learning,3mtkJEcsaf0,https://www.youtube.com/watch?v=3mtkJEcsaf0,16,https://i.ytimg.com/vi/3mtkJEcsaf0/mqdefault.jpg
37f8d0fa-7453-4a93-8cd1-1cd9b66cb177,H.,TOOL,bg8vTSyHFkQ,https://www.youtube.com/watch?v=bg8vTSyHFkQ,369,https://i.ytimg.com/vi/bg8vTSyHFkQ/mqdefault.jpg
19535f71-5fcd-4a18-bd3e-cfc84c185788,Waitress Song (Live on KEXP),First Aid Kit,JnsCEp_o6ok,https://www.youtube.com/watch?v=JnsCEp_o6ok,245,https://i.ytimg.com/vi/JnsCEp_o6ok/mqdefault.jpg
35ea0965-deda-40b1-8ac0-f6863c03b16b,Delicious (feat. Tommy Cash),Charli XCX,LxnFaq5SaqI,https://www.youtube.com/watch?v=LxnFaq5SaqI,273,https://i.ytimg.com/vi/LxnFaq5SaqI/mqdefault.jpg
c648b7eb-c159-441c-8571-0247a9ac5cf4,So Be It,Clipse,URlPXepBZdo,https://www.youtube.com/watch?v=URlPXepBZdo,199,https://i.ytimg.com/vi/URlPXepBZdo/mqdefault.jpg
f1392c22-3d78-4063-84a5-a429867d2bce,Zombie,YUNGBLUD,Yv97b2oPk3w,https://www.youtube.com/watch?v=Yv97b2oPk3w,247,https://i.ytimg.com/vi/Yv97b2oPk3w/mqdefault.jpg
6045a24c-7e8e-4e73-b103-a633995236d7,goosebumps ft. Kendrick Lamar,Travis Scott,Dst9gZkq1a8,https://www.youtube.com/watch?v=Dst9gZkq1a8,251,https://i.ytimg.com/vi/Dst9gZkq1a8/mqdefault.jpg
3ed414da-af37-4b1a-bbb7-84db890dd8cb,"Hello Heaven, Hello",YUNGBLUD,xrZX47RbeJs,https://www.youtube.com/watch?v=xrZX47RbeJs,547,https://i.ytimg.com/vi/xrZX47RbeJs/mqdefault.jpg
c0260dc0-417c-48ac-8011-e716901badec,Jo - Milkshake Man,Go,fINC9xVmkmc,https://www.youtube.com/watch?v=fINC9xVmkmc,175,https://i.ytimg.com/vi/fINC9xVmkmc/mqdefault.jpg
e963a710-1395-432f-8afc-3e7286082a6a,Head Over Heels,Tears For Fears,CsHiG-43Fzg,https://www.youtube.com/watch?v=CsHiG-43Fzg,256,https://i.ytimg.com/vi/CsHiG-43Fzg/mqdefault.jpg
130e83b8-b615-46fc-95ac-24981fa0ddd1,23&#39;s A Baby,Blondshell,pxwZl7_xIm4,https://www.youtube.com/watch?v=pxwZl7_xIm4,257,https://i.ytimg.com/vi/pxwZl7_xIm4/mqdefault.jpg
4f6d4169-2ca2-4651-9dc7-efa9ae2d437b,Milk Man,Aphex Twin - Topic,IFtE37Fdplo,https://www.youtube.com/watch?v=IFtE37Fdplo,249,https://i.ytimg.com/vi/IFtE37Fdplo/mqdefault.jpg
f561961d-266e-444e-b7ba-f1e7043048d1,&quot;Changes&quot; - Live @ Villa Park 2025 (&#39;Back to the Beginning&#39;),Yungblud,3eZH9nibdvk,https://www.youtube.com/watch?v=3eZH9nibdvk,296,https://i.ytimg.com/vi/3eZH9nibdvk/mqdefault.jpg
1b10f626-0c05-4a3b-9894-34e1ba1e5645,Chaise Longue,Wet Leg,Zd9jeJk2UHQ,https://www.youtube.com/watch?v=Zd9jeJk2UHQ,207,https://i.ytimg.com/vi/Zd9jeJk2UHQ/mqdefault.jpg
0307efc5-b5a1-42ee-85a6-a1f3e8ac8208,Relationships,HAIM,dOI_QTmK8Ks,https://www.youtube.com/watch?v=dOI_QTmK8Ks,206,https://i.ytimg.com/vi/dOI_QTmK8Ks/mqdefault.jpg
7cff6f2d-536e-43aa-8982-32bfddecaacd,Shawty (feat. T-Pain),Plies,RW4ms8fZDfU,https://www.youtube.com/watch?v=RW4ms8fZDfU,253,https://i.ytimg.com/vi/RW4ms8fZDfU/mqdefault.jpg
7f290b17-8c7e-4ff4-8e88-71c74370cc96,Shawty [Featuring T Pain][Main],PliesWorld,vJ7k0XZqdaU,https://www.youtube.com/watch?v=vJ7k0XZqdaU,253,https://i.ytimg.com/vi/vJ7k0XZqdaU/mqdefault.jpg
196ef2f7-2cca-4073-adcd-a1fb6dc600e4,6th June,LAAL PARI (Song): Yo Yo Honey Singh | Sajid Nadiadwala | Tarun Mansukhani | Housefull 5,KGn-erOG-Bs,https://www.youtube.com/watch?v=KGn-erOG-Bs,185,https://i.ytimg.com/vi/KGn-erOG-Bs/mqdefault.jpg
9431ec33-d448-4de6-b988-4914b85b23c5,Noltland Castle (Unplugged),Lau,Lj08HNPuHFo,https://www.youtube.com/watch?v=Lj08HNPuHFo,314,https://i.ytimg.com/vi/Lj08HNPuHFo/mqdefault.jpg
11d29ea3-26e0-4b94-82ea-e090d236e9fc,"hai, Pt. 1",The Legend of Olog,qWXoudi3Vi8,https://www.youtube.com/watch?v=qWXoudi3Vi8,166,https://i.ytimg.com/vi/qWXoudi3Vi8/mqdefault.jpg
e559c946-da27-43d7-8c7f-5e15e066a0aa,&quot;Big Butt Billy&quot;,Willi Carlisle,nzeoCqy6SXA,https://www.youtube.com/watch?v=nzeoCqy6SXA,308,https://i.ytimg.com/vi/nzeoCqy6SXA/mqdefault.jpg
fddc21ec-3b78-4f4c-9c02-733fc1ca9bfb,Urgent (2008 Remaster),Foreigner - Topic,XIATjH1AxVc,https://www.youtube.com/watch?v=XIATjH1AxVc,271,https://i.ytimg.com/vi/XIATjH1AxVc/mqdefault.jpg
ca55fcf0-29dc-4545-a1f9-f1943a331b09,1 A.M Study Session 📚 [lofi hip hop],Lofi Girl,lTRiuFIWV54,https://www.youtube.com/watch?v=lTRiuFIWV54,3674,https://i.ytimg.com/vi/lTRiuFIWV54/mqdefault.jpg
b1a5c7ae-ba6f-4b6f-a6fa-9273e250f5c9,謝雅兒 NgaYi Tse (原創歌曲) 留白 Live House,填詞魂,rZ7MVNP6cfA,https://www.youtube.com/watch?v=rZ7MVNP6cfA,305,https://i.ytimg.com/vi/rZ7MVNP6cfA/mqdefault.jpg
8fec0c0a-8b6c-4858-b1dd-5fbe4d1dca26,&quot;Aku Cemas&quot; by Subsonic Eye,Topshelf,vNRTL0nJFCA,https://www.youtube.com/watch?v=vNRTL0nJFCA,195,https://i.ytimg.com/vi/vNRTL0nJFCA/mqdefault.jpg
72cfae92-56e6-4645-82f6-d73573d19dc4,電影《填詞L》主題曲] 填詞魂 歌詞 + 中英翻譯 The Lyricist&#39;s Soul Lyrics + English Translation,[謝雅兒,Lh3j_HerE5o,https://www.youtube.com/watch?v=Lh3j_HerE5o,285,https://i.ytimg.com/vi/Lh3j_HerE5o/mqdefault.jpg
3b9d3543-3974-48cc-939b-4de0db9ed842,The Man Machine (2009 Remaster),Kraftwerk - Topic,zHIsGqJaXXw,https://www.youtube.com/watch?v=zHIsGqJaXXw,333,https://i.ytimg.com/vi/zHIsGqJaXXw/mqdefault.jpg
33ccf7a1-296f-4856-8463-aa60a78593a5,Ett Fall Och En Lösning (Live Hultsfred 1999),Bob Hund,Ac7vjI1AT9Y,https://www.youtube.com/watch?v=Ac7vjI1AT9Y,235,https://i.ytimg.com/vi/Ac7vjI1AT9Y/mqdefault.jpg
fec8e735-66ac-4a14-b863-4e97568f3850,Love Buzz,Nirvana,Xm0qjrceeYE,https://www.youtube.com/watch?v=Xm0qjrceeYE,216,https://i.ytimg.com/vi/Xm0qjrceeYE/mqdefault.jpg
103853e0-84a4-4629-b4da-cebbe1e5d588,"In-Rags, 8 PM",Whirling,_sTwNN8uAGc,https://www.youtube.com/watch?v=_sTwNN8uAGc,281,https://i.ytimg.com/vi/_sTwNN8uAGc/mqdefault.jpg
9ae5acf7-4d24-44ea-927b-2d6e43081a4d,Marlboro Rojo,Fuerza Regida,KAu_clKmedc,https://www.youtube.com/watch?v=KAu_clKmedc,185,https://i.ytimg.com/vi/KAu_clKmedc/mqdefault.jpg
edd3119c-4274-4676-b02f-62cc189968eb,SIAMÉS &quot;The Wolf&quot;,SIAMES,mYRn7ACI_To,https://www.youtube.com/watch?v=mYRn7ACI_To,187,https://i.ytimg.com/vi/mYRn7ACI_To/mqdefault.jpg
2215dff2-3a77-466d-abf6-3baa8e750967,Lose Control (The Village Sessions),Teddy Swims,9gWIIIr2Asw,https://www.youtube.com/watch?v=9gWIIIr2Asw,210,https://i.ytimg.com/vi/9gWIIIr2Asw/mqdefault.jpg
3fbf0064-8ce2-4256-8dc8-fd099d2d24fb,Gregory Porter performs It&#39;s Probably Me at the Polar Music Prize Ceremony 2017,PolarPrize,lSzICmwmRsA,https://www.youtube.com/watch?v=lSzICmwmRsA,328,https://i.ytimg.com/vi/lSzICmwmRsA/mqdefault.jpg
5ad24516-ea68-4d82-ba66-25e2517f74b1,We Drink Your Blood,Powerwolf,GpxFUo7oxWM,https://www.youtube.com/watch?v=GpxFUo7oxWM,228,https://i.ytimg.com/vi/GpxFUo7oxWM/mqdefault.jpg
8c4cb40e-598c-4eff-a88f-cc20889c80e7,Around The World (Lyrics) (La La La La La),ATC,-TGPRg89eCw,https://www.youtube.com/watch?v=-TGPRg89eCw,217,https://i.ytimg.com/vi/-TGPRg89eCw/mqdefault.jpg
0c393009-74a3-47b9-a497-ba71c4554167,"Only the Good Die Young (Live From Boston Garden, 1993)",Billy Joel,qaS6-meMDdE,https://www.youtube.com/watch?v=qaS6-meMDdE,232,https://i.ytimg.com/vi/qaS6-meMDdE/mqdefault.jpg
09ae0900-e4a4-449f-b387-0f7878a2af9a,Take Me To Church (Lyrics),Hozier,SND2LY0s8FE,https://www.youtube.com/watch?v=SND2LY0s8FE,242,https://i.ytimg.com/vi/SND2LY0s8FE/mqdefault.jpg
9f67fa5e-4ca4-482f-89d7-f2521ca262d4,Only The Good Die Young (from Old Grey Whistle Test),Billy Joel,46n1WSuaxOs,https://www.youtube.com/watch?v=46n1WSuaxOs,230,https://i.ytimg.com/vi/46n1WSuaxOs/mqdefault.jpg
2c7e92cd-207c-442b-8c50-463377f05c7a,"New York, New York",Ken DeFeudis,1VVbn4yglUk,https://www.youtube.com/watch?v=1VVbn4yglUk,195,https://i.ytimg.com/vi/1VVbn4yglUk/mqdefault.jpg
20a20fce-1e32-4518-b2f6-9abb9ebcd1f6,Linkin Park,Numb[UPGRADE],kXYiU_JCYtU,https://www.youtube.com/watch?v=kXYiU_JCYtU,188,https://i.ytimg.com/vi/kXYiU_JCYtU/mqdefault.jpg
7dc10818-ef03-4334-9c0b-fe504da940be,I Want It That Way,Backstreet Boys,4fndeDfaWCg,https://www.youtube.com/watch?v=4fndeDfaWCg,220,https://i.ytimg.com/vi/4fndeDfaWCg/mqdefault.jpg
9ef8e8fe-6342-4749-a1eb-ca7075f03547,Linkin Park,In The End,eVTXPUF4Oz4,https://www.youtube.com/watch?v=eVTXPUF4Oz4,219,https://i.ytimg.com/vi/eVTXPUF4Oz4/mqdefault.jpg
b968e469-4190-4ad7-97b0-cdd16909ec9b,If Only,The Marías,IqT3WzY8wwo,https://www.youtube.com/watch?v=IqT3WzY8wwo,162,https://i.ytimg.com/vi/IqT3WzY8wwo/mqdefault.jpg
9f524e20-d262-48a9-a902-c73265a7e4b6,Repeat After Me,Kneebody,T4xU7YjhlpA,https://www.youtube.com/watch?v=T4xU7YjhlpA,302,https://i.ytimg.com/vi/T4xU7YjhlpA/mqdefault.jpg
7fe72fa4-fee6-420d-beaf-9080f78d9aeb,Natural Bridge,Kneebody,lLRY2WRBDYw,https://www.youtube.com/watch?v=lLRY2WRBDYw,305,https://i.ytimg.com/vi/lLRY2WRBDYw/mqdefault.jpg
c97867e6-c87c-498e-9f42-b1c2c45a1722,Evil,BOOM,8Nt9YPnYyjs,https://www.youtube.com/watch?v=8Nt9YPnYyjs,217,https://i.ytimg.com/vi/8Nt9YPnYyjs/mqdefault.jpg
d629a762-2791-4b49-a235-80f4b7331822,Starburster,Fontaines D.C.,DDHvKo5NnII,https://www.youtube.com/watch?v=DDHvKo5NnII,222,https://i.ytimg.com/vi/DDHvKo5NnII/mqdefault.jpg
db4c7ce9-7c92-4405-b47d-6b3f575f77e3,Losing My Religion,R.E.M.,xwtdhWltSIg,https://www.youtube.com/watch?v=xwtdhWltSIg,294,https://i.ytimg.com/vi/xwtdhWltSIg/mqdefault.jpg
978a4996-4cfa-440c-9943-933dbf583d1b,I Ain&#39;t Mad At Cha [High Quality],2Pac,gyDHmQp6Hek,https://www.youtube.com/watch?v=gyDHmQp6Hek,414,https://i.ytimg.com/vi/gyDHmQp6Hek/mqdefault.jpg
e9d7cf8f-089a-4912-872f-e8c1a79bf871,"Fallin&#39; (Live from Apple Music Festival, London, 2016)",Alicia Keys,my_El6mLr1I,https://www.youtube.com/watch?v=my_El6mLr1I,363,https://i.ytimg.com/vi/my_El6mLr1I/mqdefault.jpg
2bf78f29-4aae-4b61-8805-c5747004a344,Captain Badass,Songs: Ohia - Topic,gh4JYijpFU8,https://www.youtube.com/watch?v=gh4JYijpFU8,461,https://i.ytimg.com/vi/gh4JYijpFU8/mqdefault.jpg
a255aeee-a186-4789-892e-f3506ea6a50f,Dancing In the Dark,Bruce Springsteen,129kuDCQtHs,https://www.youtube.com/watch?v=129kuDCQtHs,239,https://i.ytimg.com/vi/129kuDCQtHs/mqdefault.jpg
9a6b2942-266c-4c6a-970f-a3a364e24a65,Hello Again,Neil Diamond,5O6KDuKJoB0,https://www.youtube.com/watch?v=5O6KDuKJoB0,242,https://i.ytimg.com/vi/5O6KDuKJoB0/mqdefault.jpg
7023a406-3dec-4eda-acf2-bda6f5a66f4e,Let Your Love Flow -1976(Subtitulado en español),The Bellamy Brothers,EQ5aF7kbwCE,https://www.youtube.com/watch?v=EQ5aF7kbwCE,189,https://i.ytimg.com/vi/EQ5aF7kbwCE/mqdefault.jpg
cff2ef61-4d99-4e25-b9d6-6e65bcad6dd6,Juke Box Hero,Foreigner - Topic,OZGRW-T2Vgk,https://www.youtube.com/watch?v=OZGRW-T2Vgk,261,https://i.ytimg.com/vi/OZGRW-T2Vgk/mqdefault.jpg
28febdd7-69b3-425f-a30c-796e87f2c7c4,I Don&#39;t Want to Miss a Thing,Aerosmith,JkK8g6FMEXE,https://www.youtube.com/watch?v=JkK8g6FMEXE,293,https://i.ytimg.com/vi/JkK8g6FMEXE/mqdefault.jpg
18f731dc-f867-47c3-8c00-9c1b081b07a0,Emerald Sword,Rhapsody,y5kLxQGbRYg,https://www.youtube.com/watch?v=y5kLxQGbRYg,261,https://i.ytimg.com/vi/y5kLxQGbRYg/mqdefault.jpg
c87e6c3e-ea5c-4c59-ba66-8b247b3a2a0d,The Whole of the Moon,The Waterboys,sBW8Vnp8BzU,https://www.youtube.com/watch?v=sBW8Vnp8BzU,301,https://i.ytimg.com/vi/sBW8Vnp8BzU/mqdefault.jpg
cab8e446-544d-430e-966d-de2e9f14363d,Time Out Of Mind,Steely Dan - Topic,XOuFO8KPnjw,https://www.youtube.com/watch?v=XOuFO8KPnjw,253,https://i.ytimg.com/vi/XOuFO8KPnjw/mqdefault.jpg
ab8eecac-a904-4781-b08f-5a4739545358,Les anarchistes,Léo Ferré,mPn4vAOv0Xo,https://www.youtube.com/watch?v=mPn4vAOv0Xo,190,https://i.ytimg.com/vi/mPn4vAOv0Xo/mqdefault.jpg
49e5f88c-2e08-4566-b245-e0a15deeb985,Cocaine,Eric Clapton - Topic,O6yeLNNVa4A,https://www.youtube.com/watch?v=O6yeLNNVa4A,219,https://i.ytimg.com/vi/O6yeLNNVa4A/mqdefault.jpg
4baada38-a5f3-4d79-b5b9-429233c8eb87,Yah Mo B There,James Ingram - Topic,HQ1nvhLf1EU,https://www.youtube.com/watch?v=HQ1nvhLf1EU,280,https://i.ytimg.com/vi/HQ1nvhLf1EU/mqdefault.jpg
f7219eaf-93d8-4bc8-9dc4-ac60e90d51f6,Let go,Nancy Kwai 歸綽嶢,CbpX1RgSOl8,https://www.youtube.com/watch?v=CbpX1RgSOl8,249,https://i.ytimg.com/vi/CbpX1RgSOl8/mqdefault.jpg
ca05b38d-4713-4667-8c1a-25bc3a93427c,Eagleheart [],Stratovarius,UGJV6cJkFcc,https://www.youtube.com/watch?v=UGJV6cJkFcc,232,https://i.ytimg.com/vi/UGJV6cJkFcc/mqdefault.jpg
6b3c3ba9-b958-410e-a7d7-cb8ce6ef500b,Cardigan,Nancy Kwai 歸綽嶢,h9r0dm6skVc,https://www.youtube.com/watch?v=h9r0dm6skVc,240,https://i.ytimg.com/vi/h9r0dm6skVc/mqdefault.jpg
ba5cf2ce-829c-4aee-a5f6-54385cbb7fdf,Rasputin,TURISAS,cdkBs0VCSX0,https://www.youtube.com/watch?v=cdkBs0VCSX0,237,https://i.ytimg.com/vi/cdkBs0VCSX0/mqdefault.jpg
a46037c5-d8b0-4c7c-9eee-c88627bd31e4,Separate Ways,Journey,LatorN4P9aA,https://www.youtube.com/watch?v=LatorN4P9aA,266,https://i.ytimg.com/vi/LatorN4P9aA/mqdefault.jpg
e0944faf-5533-4520-a6de-8367258b6651,To be continued,Nancy Kwai 歸綽嶢,AHML9WRcsWs,https://www.youtube.com/watch?v=AHML9WRcsWs,204,https://i.ytimg.com/vi/AHML9WRcsWs/mqdefault.jpg
a4139bac-6704-492a-810b-acd670bd4061,Voyage Voyage,Desireless,NlgmH5q9uNk,https://www.youtube.com/watch?v=NlgmH5q9uNk,251,https://i.ytimg.com/vi/NlgmH5q9uNk/mqdefault.jpg
34df8cab-e6ee-49b0-8d35-7e5adf07b360,Midnight Feast,Lau &amp; Aoife O&#39;Donovan,pGCzlQ5sQuc,https://www.youtube.com/watch?v=pGCzlQ5sQuc,298,https://i.ytimg.com/vi/pGCzlQ5sQuc/mqdefault.jpg
1fcfa37c-74c5-414f-bd49-01b2c7655a13,Chasin&#39; Skies,Sierra Hull,-2ihs2PPf8s,https://www.youtube.com/watch?v=-2ihs2PPf8s,169,https://i.ytimg.com/vi/-2ihs2PPf8s/mqdefault.jpg
7ad69ba3-6a28-41e3-81a5-51f5a5d034f3,What Did I Miss?,Drake - Topic,Lx4gPURH35g,https://www.youtube.com/watch?v=Lx4gPURH35g,195,https://i.ytimg.com/vi/Lx4gPURH35g/mqdefault.jpg
a205d41b-3ee5-4f90-8e51-e41faeda1345,Beli prah,Niet - Topic,xnAgydALjcI,https://www.youtube.com/watch?v=xnAgydALjcI,221,https://i.ytimg.com/vi/xnAgydALjcI/mqdefault.jpg
09d5d8e9-76b3-4c26-9df9-c2a378cc09f0,Born To Roll,Masta Ace - Topic,etfD65h_jE0,https://www.youtube.com/watch?v=etfD65h_jE0,255,https://i.ytimg.com/vi/etfD65h_jE0/mqdefault.jpg
40fd5cdf-06c4-473f-a7e5-8f0ef7067746,The Unforgiven,Metallica,Ckom3gf57Yw,https://www.youtube.com/watch?v=Ckom3gf57Yw,384,https://i.ytimg.com/vi/Ckom3gf57Yw/mqdefault.jpg
b5c42d68-11f9-4e2c-b5b6-5b70a76ec030,Cracklin&#39; Rosie,Neil Diamond,qzO023mvDQo,https://www.youtube.com/watch?v=qzO023mvDQo,179,https://i.ytimg.com/vi/qzO023mvDQo/mqdefault.jpg
b53a7a16-fcd0-47ae-9697-21e536a16a60,When It Pleases You,Sara Watkins,bUVOSWttZs0,https://www.youtube.com/watch?v=bUVOSWttZs0,410,https://i.ytimg.com/vi/bUVOSWttZs0/mqdefault.jpg
fbfdbbda-10f7-499e-a0fc-69eefb30b85d,Levitating Featuring DaBaby,Dua Lipa,TUVcZfQe-Kw,https://www.youtube.com/watch?v=TUVcZfQe-Kw,231,https://i.ytimg.com/vi/TUVcZfQe-Kw/mqdefault.jpg
d433b0f2-2981-426a-945e-1d95d48a886a,Smooth Criminal Live - HIStory Tour Munich 1997,Michael Jackson,0As2spHxQYk,https://www.youtube.com/watch?v=0As2spHxQYk,232,https://i.ytimg.com/vi/0As2spHxQYk/mqdefault.jpg
b60ff544-a55e-433a-b2af-10c3adda6ae1,Physical,Dua Lipa,9HDEHj2yzew,https://www.youtube.com/watch?v=9HDEHj2yzew,244,https://i.ytimg.com/vi/9HDEHj2yzew/mqdefault.jpg
e3d9b4fe-2658-4c5b-93fb-0d83d2862b05,"Aggressive Hip Hop &amp; Rap Gym Workout Mix 2024 💪🏽 Best Motivational Music ft 2Pac, Eminem, DMX",Shredded Nation,PmoYSs2v_ic,https://www.youtube.com/watch?v=PmoYSs2v_ic,3442,https://i.ytimg.com/vi/PmoYSs2v_ic/mqdefault.jpg
e3906336-e021-49af-a36b-5a4f4256be69,The Writing On The Wall,Iron Maiden,FhBnW7bZHEE,https://www.youtube.com/watch?v=FhBnW7bZHEE,445,https://i.ytimg.com/vi/FhBnW7bZHEE/mqdefault.jpg
375c977e-4e1b-4af9-83da-4b6ce6f047c0,Linkin Park,Breaking the Habit[UPGRADE],v2H4l9RpkwM,https://www.youtube.com/watch?v=v2H4l9RpkwM,199,https://i.ytimg.com/vi/v2H4l9RpkwM/mqdefault.jpg
460878de-1fb3-4247-bfbc-77597ae63321,Shababs botten,Pashanim,eiirQFJN22M,https://www.youtube.com/watch?v=eiirQFJN22M,96,https://i.ytimg.com/vi/eiirQFJN22M/mqdefault.jpg
949f1f1a-7006-42a9-b529-dc8203f7763d,We Didn&#39;t Start the Fire,Billy Joel,eFTLKWw542g,https://www.youtube.com/watch?v=eFTLKWw542g,249,https://i.ytimg.com/vi/eFTLKWw542g/mqdefault.jpg
9c879cd9-7a95-4b76-b8d1-485cf610cdd1,Amsterdam,Nothing But Thieves,X2zcG3bcuMI,https://www.youtube.com/watch?v=X2zcG3bcuMI,282,https://i.ytimg.com/vi/X2zcG3bcuMI/mqdefault.jpg
8fa5bf98-50dd-4469-99f9-2f79d6c83a41,Turn It Off,Scott Barnhardt - Topic,i_6iKKoKyBM,https://www.youtube.com/watch?v=i_6iKKoKyBM,304,https://i.ytimg.com/vi/i_6iKKoKyBM/mqdefault.jpg
8b274ed0-d3d5-4b37-9225-58ea52b537be,Hotel California (2013 Remaster),Eagles - Topic,BciS5krYL80,https://www.youtube.com/watch?v=BciS5krYL80,392,https://i.ytimg.com/vi/BciS5krYL80/mqdefault.jpg
a5036af6-a655-455e-909e-3756f5aae3e5,Perfect,Ed Sheeran,2Vv-BfVoq4g,https://www.youtube.com/watch?v=2Vv-BfVoq4g,282,https://i.ytimg.com/vi/2Vv-BfVoq4g/mqdefault.jpg
745c60db-13fa-433d-8de2-4f0d2ca52378,Clint Eastwood,Gorillaz,1V_xRb0x9aw,https://www.youtube.com/watch?v=1V_xRb0x9aw,267,https://i.ytimg.com/vi/1V_xRb0x9aw/mqdefault.jpg
76ec6905-69f0-4c67-a551-57ef3a5fe643,Creep,Radiohead,XFkzRNyygfk,https://www.youtube.com/watch?v=XFkzRNyygfk,237,https://i.ytimg.com/vi/XFkzRNyygfk/mqdefault.jpg
02b82944-c50f-44f9-8161-c9483e855aa0,Counterparts &quot;With Loving Arms Disfigured&quot;,Pure Noise,qxIRRnX1JEk,https://www.youtube.com/watch?v=qxIRRnX1JEk,185,https://i.ytimg.com/vi/qxIRRnX1JEk/mqdefault.jpg
36dec0b8-2531-4003-8092-e6fb920fc63b,1998 | Shahrukh Khan &amp; Malaika Arora | Sukhwinder Singh &amp; Sapna Awasthi,Chaiyya Chaiyya| Dil Se,9yT4F8hzykY,https://www.youtube.com/watch?v=9yT4F8hzykY,417,https://i.ytimg.com/vi/9yT4F8hzykY/mqdefault.jpg
dafe7cf6-5104-4577-81b7-558ad577faa0,Birdo,Horse the Band - Topic,ZAWROGCMEqA,https://www.youtube.com/watch?v=ZAWROGCMEqA,202,https://i.ytimg.com/vi/ZAWROGCMEqA/mqdefault.jpg
ee35d68f-44f4-4257-8426-3200c6a46126,Song 2,Blur,SSbBvKaM6sk,https://www.youtube.com/watch?v=SSbBvKaM6sk,123,https://i.ytimg.com/vi/SSbBvKaM6sk/mqdefault.jpg
649e523b-0b64-4ddb-b8cf-e45eb296a9f7,Fever,"Dua Lipa, Angèle",vs61OHs2g-w,https://www.youtube.com/watch?v=vs61OHs2g-w,245,https://i.ytimg.com/vi/vs61OHs2g-w/mqdefault.jpg
5c90e9c0-3b12-4e33-92e8-61f25d836cf9,Tu Con El,Frankie Ruíz - Topic,KIC4fVmzUwI,https://www.youtube.com/watch?v=KIC4fVmzUwI,302,https://i.ytimg.com/vi/KIC4fVmzUwI/mqdefault.jpg
a8f71c18-1702-447a-b48b-c8bfd03985cf,Retina Show (Unreleased Demo),Tame Impala - Topic,EWMQE-rwpSA,https://www.youtube.com/watch?v=EWMQE-rwpSA,323,https://i.ytimg.com/vi/EWMQE-rwpSA/mqdefault.jpg
a47509d4-d40a-46fc-b1bb-d79a577f65d4,Starship Velociraptor,Jonathan Young,2n_Ae9DGC0U,https://www.youtube.com/watch?v=2n_Ae9DGC0U,270,https://i.ytimg.com/vi/2n_Ae9DGC0U/mqdefault.jpg
e3bc67b7-ce80-4c90-a741-e644399a81b0,Willie&#39;s Lady,Lady Maisery - Topic,fbxxc1x0OoQ,https://www.youtube.com/watch?v=fbxxc1x0OoQ,439,https://i.ytimg.com/vi/fbxxc1x0OoQ/mqdefault.jpg
5f9069c8-de57-4474-94ea-d42ae1b670aa,La Cura,Frankie Ruíz - Topic,05kBIR26cm8,https://www.youtube.com/watch?v=05kBIR26cm8,298,https://i.ytimg.com/vi/05kBIR26cm8/mqdefault.jpg
fe4d9cfb-ed32-4389-976e-6ca08875841f,Live From DnB Allstars 360°,Kanine,ubnIR93S_9Y,https://www.youtube.com/watch?v=ubnIR93S_9Y,3454,https://i.ytimg.com/vi/ubnIR93S_9Y/mqdefault.jpg
cc660c2f-e5f8-4f78-bc66-67676171a729,Liquid Drum and Bass Mix #107,Sound Territory,Ktq4FlNx3Z0,https://www.youtube.com/watch?v=Ktq4FlNx3Z0,7037,https://i.ytimg.com/vi/Ktq4FlNx3Z0/mqdefault.jpg
c6de80fb-a3c4-41bc-918c-6d8493235af0,"Baddadan ft. IRAH, Flowdan, Trigga, Takura","Chase &amp; Status, Bou",rkjNL4dX-U4,https://www.youtube.com/watch?v=rkjNL4dX-U4,220,https://i.ytimg.com/vi/rkjNL4dX-U4/mqdefault.jpg
96ea8794-c5ec-4724-89b2-9cf3f4c61a24,&quot;Sunday Morning&quot; (To Be Determined: LIVE),The Main Squeeze,xJL6vnONeas,https://www.youtube.com/watch?v=xJL6vnONeas,229,https://i.ytimg.com/vi/xJL6vnONeas/mqdefault.jpg
8c1d2fae-7ded-43eb-b2a4-5cade1b2e338,Dime Por Que,Ismael Rivera,PF4BzQQUyik,https://www.youtube.com/watch?v=PF4BzQQUyik,245,https://i.ytimg.com/vi/PF4BzQQUyik/mqdefault.jpg
b10151a1-a431-415f-85de-b0e14e9a3f99,@beegees | funk cover ft. @LizzyMcAlpine,Stayin&#39; Alive,piTvLuHWLyg,https://www.youtube.com/watch?v=piTvLuHWLyg,205,https://i.ytimg.com/vi/piTvLuHWLyg/mqdefault.jpg
21674eb6-883e-4b10-b112-692aa510674a,Who Knows Who (feat. Fanny Franklin),Orgone,hCTGnYIQMbM,https://www.youtube.com/watch?v=hCTGnYIQMbM,222,https://i.ytimg.com/vi/hCTGnYIQMbM/mqdefault.jpg
2158d209-1b68-4291-807d-3177cd3855a3,Holding Out For A Hero,Bonnie Tyler,bWcASV2sey0,https://www.youtube.com/watch?v=bWcASV2sey0,285,https://i.ytimg.com/vi/bWcASV2sey0/mqdefault.jpg
787066fd-2afe-4e85-b748-a4147efcf769,Disturbed [HQ],Stricken,MsTXcJGeYEg,https://www.youtube.com/watch?v=MsTXcJGeYEg,245,https://i.ytimg.com/vi/MsTXcJGeYEg/mqdefault.jpg
0157fada-e65b-4139-b0cc-bf521c2d954a,Denis King 1972,Black Beauty Theme (Galloping Home),8u5NgC4lZ8s,https://www.youtube.com/watch?v=8u5NgC4lZ8s,152,https://i.ytimg.com/vi/8u5NgC4lZ8s/mqdefault.jpg
9a2bf767-678f-45e0-be00-ffa5f921910c,Put The Message In The Box,World Party,udCaa-Ju3dk,https://www.youtube.com/watch?v=udCaa-Ju3dk,263,https://i.ytimg.com/vi/udCaa-Ju3dk/mqdefault.jpg
e4f323b0-a220-4e8c-87c7-0b5928775949,Mahegagh (What Shall I Do),Bombino,IaqScs7vR-4,https://www.youtube.com/watch?v=IaqScs7vR-4,689,https://i.ytimg.com/vi/IaqScs7vR-4/mqdefault.jpg
5b1305c9-36b9-4f47-b54b-1e6eb90273af,All Come True,World Party,DO1cW97Z3sU,https://www.youtube.com/watch?v=DO1cW97Z3sU,269,https://i.ytimg.com/vi/DO1cW97Z3sU/mqdefault.jpg
3e74b3d0-0037-4698-8c0a-45699ace1f14,Lili Roquelin &quot;CHILDFREE&quot; Song*as featured in The New York Times,Lili Roquelin,BzCDM-L32Y8,https://www.youtube.com/watch?v=BzCDM-L32Y8,191,https://i.ytimg.com/vi/BzCDM-L32Y8/mqdefault.jpg
0cc204b3-8860-45b8-9d66-7a3f6666c15c,Like Clockwork,Queens of the Stone Age,s4f_yBCnbrg,https://www.youtube.com/watch?v=s4f_yBCnbrg,325,https://i.ytimg.com/vi/s4f_yBCnbrg/mqdefault.jpg
2e149304-b532-434f-9275-b4b8e8c917ef,Patrick Spence,Kris Drever,hd7kBw8gr48,https://www.youtube.com/watch?v=hd7kBw8gr48,225,https://i.ytimg.com/vi/hd7kBw8gr48/mqdefault.jpg
a34507f5-af11-4ab3-81b9-96901a402045,Sweet Child O&#39; Mine,Guns N&#39; Roses,1w7OgIMMRc4,https://www.youtube.com/watch?v=1w7OgIMMRc4,303,https://i.ytimg.com/vi/1w7OgIMMRc4/mqdefault.jpg
45acf8a7-538c-49db-8f02-56b8e82fb4b8,Your God (God&#39;s Dick),Laura Jane Grace,QSmYxKIs3PI,https://www.youtube.com/watch?v=QSmYxKIs3PI,127,https://i.ytimg.com/vi/QSmYxKIs3PI/mqdefault.jpg
ff52c0be-3d8f-4050-b63f-adf4d44f0bd0,Best Songs Of Guns N&#39; Roses Playlist 2023,Guns N&#39; Roses Greatest Hits Full Album,LYgnIyRMn7c,https://www.youtube.com/watch?v=LYgnIyRMn7c,1747,https://i.ytimg.com/vi/LYgnIyRMn7c/mqdefault.jpg
f2e0a3fd-f078-4815-86dc-a3c638d4fc4d,Bye Bye Bye,*NSYNC,Eo-KmOd3i7s,https://www.youtube.com/watch?v=Eo-KmOd3i7s,239,https://i.ytimg.com/vi/Eo-KmOd3i7s/mqdefault.jpg
7a2df08c-778a-4470-8790-6d3ceda592cf,Poker Face,Lady Gaga,bESGLojNYSo,https://www.youtube.com/watch?v=bESGLojNYSo,214,https://i.ytimg.com/vi/bESGLojNYSo/mqdefault.jpg
c9a9dd96-9f0a-4c74-a06a-dfdfafcc59b6,Born to Make You Happy,Britney Spears,-19mRE-QLMc,https://www.youtube.com/watch?v=-19mRE-QLMc,244,https://i.ytimg.com/vi/-19mRE-QLMc/mqdefault.jpg
15da5519-9b40-42fd-89da-ad4e7503305d,Piece Of Me,Britney Spears,u4FF6MpcsRw,https://www.youtube.com/watch?v=u4FF6MpcsRw,191,https://i.ytimg.com/vi/u4FF6MpcsRw/mqdefault.jpg
2e64d530-cdb1-4733-b54c-1c94dd57fb97,Over the Rainbow (Tokyo 1984) [Restored],Keith Jarrett,AyLQGDIrGcI,https://www.youtube.com/watch?v=AyLQGDIrGcI,328,https://i.ytimg.com/vi/AyLQGDIrGcI/mqdefault.jpg
78ae93a6-8e6c-450d-90f5-b2f40f0b5859,How About You? (From Standards in Norway),Keith Jarrett Trio,c6dnmVoGTIM,https://www.youtube.com/watch?v=c6dnmVoGTIM,301,https://i.ytimg.com/vi/c6dnmVoGTIM/mqdefault.jpg
c9f52151-d7ec-4ba2-98d7-e1c7da2144b6,Gay Pirates,Cosmo Jarvis,f5v-eYJA8xs,https://www.youtube.com/watch?v=f5v-eYJA8xs,268,https://i.ytimg.com/vi/f5v-eYJA8xs/mqdefault.jpg
1ee5af4e-757d-4162-90aa-c15488a7b3e9,Крошка Енот &quot;Улыбка&quot; (От улыбки хмурый день светлей...) (1974),Музыка на советском телевидении,Qtv5worqJcQ,https://www.youtube.com/watch?v=Qtv5worqJcQ,93,https://i.ytimg.com/vi/Qtv5worqJcQ/mqdefault.jpg
9c5feb34-48dc-4fef-bbf5-931af4df75b5,Pay (For What),Mr. Carmack,_ClS_6nGvRY,https://www.youtube.com/watch?v=_ClS_6nGvRY,185,https://i.ytimg.com/vi/_ClS_6nGvRY/mqdefault.jpg
ffa644d6-2868-478d-aa60-5642688612ac,Hourglass [MV],Gowe,SJ01P7naI0o,https://www.youtube.com/watch?v=SJ01P7naI0o,222,https://i.ytimg.com/vi/SJ01P7naI0o/mqdefault.jpg
1940e6b5-ec92-4c7c-ba73-66cdaf261eed,The Kids Aren&#39;t Alright,The Offspring,7iNbnineUCI,https://www.youtube.com/watch?v=7iNbnineUCI,180,https://i.ytimg.com/vi/7iNbnineUCI/mqdefault.jpg
014b9f34-7133-4a33-b043-180d08b7db2f,Chill With You feat. Shing02 &amp; SAWA @fourteen321 @gavintoo5442 @sawachan___,14? &amp; 白天不亮,GaNxqkWlOCU,https://www.youtube.com/watch?v=GaNxqkWlOCU,199,https://i.ytimg.com/vi/GaNxqkWlOCU/mqdefault.jpg
8f4cda64-a761-4c50-b7b6-f305f9324cb2,Shing02 ｢湾曲｣ (Wankyoku),Senda Yuichiro,EvArYx_wHPI,https://www.youtube.com/watch?v=EvArYx_wHPI,244,https://i.ytimg.com/vi/EvArYx_wHPI/mqdefault.jpg
a6ccb744-97d6-4730-b71f-0cfcd61d0e55,Return Of The Mac,MizOrMac,zE0vK31wQQQ,https://www.youtube.com/watch?v=zE0vK31wQQQ,252,https://i.ytimg.com/vi/zE0vK31wQQQ/mqdefault.jpg
4570d7df-e673-4601-a8e1-fd13591fd798,Uyama Hiroto Remix featuring Shing02,Luv(sic) Part6,FvcyZOVCORM,https://www.youtube.com/watch?v=FvcyZOVCORM,338,https://i.ytimg.com/vi/FvcyZOVCORM/mqdefault.jpg
6947cbf6-a10b-47c7-8cfd-e4559fdbe06c,Tombe la Neige 1963,Salvatore Adamo,oA23z_HCJwA,https://www.youtube.com/watch?v=oA23z_HCJwA,173,https://i.ytimg.com/vi/oA23z_HCJwA/mqdefault.jpg
b4400b2b-9f81-4b50-8765-2e443c1222b0,No Turning Back 2.0 ft. Uyama Hiroto,Substantial,FvtzsaeqFT4,https://www.youtube.com/watch?v=FvtzsaeqFT4,246,https://i.ytimg.com/vi/FvtzsaeqFT4/mqdefault.jpg
408dc310-d56e-49b4-9e71-2e2dd06e1958,Beyond The Stage (feat. Uyama Hiroto &amp; Stephanie Gayle),Substantial,sdp7UOhHim0,https://www.youtube.com/watch?v=sdp7UOhHim0,224,https://i.ytimg.com/vi/sdp7UOhHim0/mqdefault.jpg
31f7d1e9-5742-4d86-8c4a-2a3a600e8e14,Walking On Sunshine,Katrina &amp; The Waves,iPUmE-tne5U,https://www.youtube.com/watch?v=iPUmE-tne5U,229,https://i.ytimg.com/vi/iPUmE-tne5U/mqdefault.jpg
679afa90-6354-4679-8c34-9ec76c7b7e68,The Very Best of The Doors | The Doors Greatest Hits,The Doors,4U3eYkvY9pE,https://www.youtube.com/watch?v=4U3eYkvY9pE,8524,https://i.ytimg.com/vi/4U3eYkvY9pE/mqdefault.jpg
4cb1c6e7-27ce-4548-b322-a5d17ba6fa32,Freestyler,Bomfunk MC&#39;s,ymNFyxvIdaM,https://www.youtube.com/watch?v=ymNFyxvIdaM,293,https://i.ytimg.com/vi/ymNFyxvIdaM/mqdefault.jpg
f3e7ab2e-ad2b-458d-8621-53fba4230b2c,Break on Through (To the Other Side),The Doors - Topic,NFeUko-lQHg,https://www.youtube.com/watch?v=NFeUko-lQHg,148,https://i.ytimg.com/vi/NFeUko-lQHg/mqdefault.jpg
81613082-5f41-4e60-9fa0-59328daf4690,People Are Strange,The Doors,AgHaGrZkkv4,https://www.youtube.com/watch?v=AgHaGrZkkv4,131,https://i.ytimg.com/vi/AgHaGrZkkv4/mqdefault.jpg
6cce3f91-2087-4307-8e23-29f1652a3d7f,Crossing Muddy Waters,"Sara Watkins, Sarah Jarosz, Aoife O&#39;Donovan",BTDUDRIEifQ,https://www.youtube.com/watch?v=BTDUDRIEifQ,228,https://i.ytimg.com/vi/BTDUDRIEifQ/mqdefault.jpg
117b8751-cc6b-4cf9-98c1-516abbfadd96,Walking On Sunshine,Katrina &amp; The Waves,rmdiaQM43bk,https://www.youtube.com/watch?v=rmdiaQM43bk,221,https://i.ytimg.com/vi/rmdiaQM43bk/mqdefault.jpg
5a80c311-b084-4857-bbe6-8b826d251461,Touch Me (Live),The Doors,U6bRukfcUf0,https://www.youtube.com/watch?v=U6bRukfcUf0,202,https://i.ytimg.com/vi/U6bRukfcUf0/mqdefault.jpg
17835eab-f292-4416-bb25-e193cc64619c,The Dark Side Of The Moon (50th Anniversary) [2023 Remaster] {Full Album},Pink Floyd,k9ynZnEBtvw,https://www.youtube.com/watch?v=k9ynZnEBtvw,2576,https://i.ytimg.com/vi/k9ynZnEBtvw/mqdefault.jpg
94bd0fa9-21b5-46e8-9544-dd885bf8ddd7,Best Songs of Pink Floyd 2023,Full Album Pink Floyd,FO13gsJAzTw,https://www.youtube.com/watch?v=FO13gsJAzTw,11953,https://i.ytimg.com/vi/FO13gsJAzTw/mqdefault.jpg
f51038d1-6099-4889-b2b3-a2142fc36b03,V),Shine On You Crazy Diamond (Parts I,54W8kktFE_o,https://www.youtube.com/watch?v=54W8kktFE_o,813,https://i.ytimg.com/vi/54W8kktFE_o/mqdefault.jpg
df6567a2-9d9b-4c9d-aa2c-73b773b16465,JJ &amp; Conchita Wurst Perform the MOST EPIC Mashup of Rise Like A Phoenix and Wasted Love,Wynand Fourie,sXWDfIyqcNA,https://www.youtube.com/watch?v=sXWDfIyqcNA,648,https://i.ytimg.com/vi/sXWDfIyqcNA/mqdefault.jpg
9fe00eee-ebf4-4efa-b510-c8c80cda28e8,Aerial Troubles,Stereolab,Cg69OglydeE,https://www.youtube.com/watch?v=Cg69OglydeE,208,https://i.ytimg.com/vi/Cg69OglydeE/mqdefault.jpg
66e08c23-2101-471c-9d87-0abf3e0835bd,Rapp Snitch Knishes (Instrumental Live),OMA x MF DOOM,acXnctWR23Q,https://www.youtube.com/watch?v=acXnctWR23Q,186,https://i.ytimg.com/vi/acXnctWR23Q/mqdefault.jpg
64941da3-67b8-48ce-9fa3-41994eb6f16d,Pain - War Pigs,T,ToNfGuXbJoc,https://www.youtube.com/watch?v=ToNfGuXbJoc,380,https://i.ytimg.com/vi/ToNfGuXbJoc/mqdefault.jpg
ab450ac7-1589-40f7-85df-f3473ce59cac,Stuck In A Moment You Can&#39;t Get Out Of,Scarlett Johansson - Topic,rJe3yyvLprk,https://www.youtube.com/watch?v=rJe3yyvLprk,220,https://i.ytimg.com/vi/rJe3yyvLprk/mqdefault.jpg
96a41de5-037c-4397-b79e-998bc8f99475,That&#39;s the Way of the World,"Earth, Wind &amp; Fire",QhW3P7_jvWY,https://www.youtube.com/watch?v=QhW3P7_jvWY,348,https://i.ytimg.com/vi/QhW3P7_jvWY/mqdefault.jpg
d5f1f061-c98d-4880-8f96-0cd04b68f7f8,Stare at Me,"JANE HANDCOCK, Anderson .Paak",9YI4U1N3RAc,https://www.youtube.com/watch?v=9YI4U1N3RAc,238,https://i.ytimg.com/vi/9YI4U1N3RAc/mqdefault.jpg
ed716a8d-f753-425d-a05b-6590060a03d5,By Moon and Star (),Be&#39;lakor,UQWjcooDhhk,https://www.youtube.com/watch?v=UQWjcooDhhk,539,https://i.ytimg.com/vi/UQWjcooDhhk/mqdefault.jpg
4987bc9c-eecc-4d0b-9bac-c67615f6b981,Brain Damage (2023 Remaster),Pink Floyd,QFdkM40KOhE,https://www.youtube.com/watch?v=QFdkM40KOhE,231,https://i.ytimg.com/vi/QFdkM40KOhE/mqdefault.jpg
2c4023b2-7a3f-44ee-af54-dcc7d372d3c5,Mammootty | KJ Yesudas | Gireesh Puthenchery | Johnnie Walker,Shanthamee Rathriyil Video Song,vrrQ5QjW_sI,https://www.youtube.com/watch?v=vrrQ5QjW_sI,324,https://i.ytimg.com/vi/vrrQ5QjW_sI/mqdefault.jpg
2fe4cbeb-db47-44f1-9e03-a3dc7aedd6ac,&quot;Teri Meri Prem Kahani Bodyguard&quot;Feat. &#39;Salman khan&#39;,T-Series,tyxswccv-VU,https://www.youtube.com/watch?v=tyxswccv-VU,161,https://i.ytimg.com/vi/tyxswccv-VU/mqdefault.jpg
7a1e2de4-026c-4130-a18e-c6d1dc4dbae2,Me Gusta@mapanegromusiic,"Jey One, Lomiiel",gcwv76jeX1Q,https://www.youtube.com/watch?v=gcwv76jeX1Q,141,https://i.ytimg.com/vi/gcwv76jeX1Q/mqdefault.jpg
da8b3560-8d62-4bc7-a725-9ffd472efd70,Planet of Animals🐾 Discovery Relaxation Wildlife Movie with Relaxing Piano Music for Peaceful,Discovery Relaxation,C-Lfd6HHvfI,https://www.youtube.com/watch?v=C-Lfd6HHvfI,42896,https://i.ytimg.com/vi/C-Lfd6HHvfI/mqdefault.jpg
af1543ee-3289-416c-8ef3-6567587a0c54,Discovery Channel Song,Tyrel Del Rosario,EC-jau-fpJY,https://www.youtube.com/watch?v=EC-jau-fpJY,126,https://i.ytimg.com/vi/EC-jau-fpJY/mqdefault.jpg
1c78854b-7d3c-4dc8-8a9d-9d6ecaa989fd,Smack Jack,Nina Hagen,nIDnN34ZZaE,https://www.youtube.com/watch?v=nIDnN34ZZaE,318,https://i.ytimg.com/vi/nIDnN34ZZaE/mqdefault.jpg
53f158d2-a901-4fd0-8a5b-ac1d7dba45c9,PA&#39; QUE LO BAILES &#39;&#39;BAILALO ROKY&#39;&#39; -,LOMIIEL,RUrZfJurob4,https://www.youtube.com/watch?v=RUrZfJurob4,126,https://i.ytimg.com/vi/RUrZfJurob4/mqdefault.jpg
27d611b9-0299-4039-a17b-601f264f81fd,I HATE WHEN GIRLS DIE,Die Spitz,k2fIYn5aKnI,https://www.youtube.com/watch?v=k2fIYn5aKnI,293,https://i.ytimg.com/vi/k2fIYn5aKnI/mqdefault.jpg
84d24844-8b10-40f3-834c-dc999c18e44c,Hair of Dog,Die Spitz,5EU6Iqs4W0M,https://www.youtube.com/watch?v=5EU6Iqs4W0M,142,https://i.ytimg.com/vi/5EU6Iqs4W0M/mqdefault.jpg
f97af049-9471-4c28-9090-be0b7271e901,"“Hell You Call A Dream” - St. Louis, MO 7/6/25",The Warning,a7murUjugtA,https://www.youtube.com/watch?v=a7murUjugtA,187,https://i.ytimg.com/vi/a7murUjugtA/mqdefault.jpg
6f9c6378-1eae-4235-b72f-f32d6dce2cbd,NEMOPHILA / DISSENSION,NEMOPHILA,26aMuahxz8c,https://www.youtube.com/watch?v=26aMuahxz8c,246,https://i.ytimg.com/vi/26aMuahxz8c/mqdefault.jpg
98b3158f-9ba5-4f22-b951-cb052e9785b3,NEMOPHILA / REVIVE,NEMOPHILA,zmRmVc4u18w,https://www.youtube.com/watch?v=zmRmVc4u18w,211,https://i.ytimg.com/vi/zmRmVc4u18w/mqdefault.jpg
ae647835-9390-4bf9-865d-b9c7872b159a,Lyrical | Nari Nari Naduma Murari | Sharwanand | Samyuktha | Vishal Chandrashekhar,Darsanamey,PIFq8QmZPu8,https://www.youtube.com/watch?v=PIFq8QmZPu8,254,https://i.ytimg.com/vi/PIFq8QmZPu8/mqdefault.jpg
d18785ca-d770-464a-b105-2ce55e493f70,Hridayam,Darshana (Lyrics),B-pNp0LUV2Y,https://www.youtube.com/watch?v=B-pNp0LUV2Y,226,https://i.ytimg.com/vi/B-pNp0LUV2Y/mqdefault.jpg
34ca3817-9361-459f-bded-78edaf701cd7,MAID / Thrill,BAND,Uds7g3M-4lQ,https://www.youtube.com/watch?v=Uds7g3M-4lQ,251,https://i.ytimg.com/vi/Uds7g3M-4lQ/mqdefault.jpg
1380f3d3-5bb7-404e-9076-7403f2cd7fd3,9Pm (Till I Come),ATB - Topic,QFGMQZyvnmY,https://www.youtube.com/watch?v=QFGMQZyvnmY,194,https://i.ytimg.com/vi/QFGMQZyvnmY/mqdefault.jpg
cabe1d90-dbaf-4e0f-9715-6c5d5d93cf4b,Seashore,The Regrettes,Iiqf2R462lo,https://www.youtube.com/watch?v=Iiqf2R462lo,210,https://i.ytimg.com/vi/Iiqf2R462lo/mqdefault.jpg
037c677d-5680-400f-82a2-46339616ba69,Come Through,The Regrettes,hmABv_iwVL8,https://www.youtube.com/watch?v=hmABv_iwVL8,171,https://i.ytimg.com/vi/hmABv_iwVL8/mqdefault.jpg
6d48106e-36f5-4270-acf2-787ef0698057,&quot;Pumpkin&quot;,The Regrettes,-GzEFVgz4NE,https://www.youtube.com/watch?v=-GzEFVgz4NE,212,https://i.ytimg.com/vi/-GzEFVgz4NE/mqdefault.jpg
362a9f9f-763a-4f66-9330-2f6b2595349e,It’s Not Just Me,Let&#39;s Eat Grandma,P8FoJjlxlmY,https://www.youtube.com/watch?v=P8FoJjlxlmY,236,https://i.ytimg.com/vi/P8FoJjlxlmY/mqdefault.jpg
a2bed74b-cd22-4497-8f92-ef6d8173a0c8,Hot Pink,Let&#39;s Eat Grandma,hXUVQfleU0o,https://www.youtube.com/watch?v=hXUVQfleU0o,253,https://i.ytimg.com/vi/hXUVQfleU0o/mqdefault.jpg
3c59162e-d0af-43a3-b72a-3408d6b862b2,Carry on Wayward Son,Kansas,P5ZJui3aPoQ,https://www.youtube.com/watch?v=P5ZJui3aPoQ,324,https://i.ytimg.com/vi/P5ZJui3aPoQ/mqdefault.jpg
cdd243fc-30b1-46ad-a33d-9e53bef60f1c,kaleidoskop,Pizzera &amp; Jaus,1p-7pH89Y24,https://www.youtube.com/watch?v=1p-7pH89Y24,222,https://i.ytimg.com/vi/1p-7pH89Y24/mqdefault.jpg
0f026db9-5696-49ab-a4b2-f1464d5ac569,Zirkusprinz live Amadeus Austrian Music Award 2025,Pizzera &amp; Jaus,kyO5KzEv21I,https://www.youtube.com/watch?v=kyO5KzEv21I,170,https://i.ytimg.com/vi/kyO5KzEv21I/mqdefault.jpg
cbac1b65-aaa8-48f8-a9ce-bbd62e11d68f,Absätze ˃ Hauptsätze,Pizzera &amp; Jaus,UPrPoAH5xAQ,https://www.youtube.com/watch?v=UPrPoAH5xAQ,147,https://i.ytimg.com/vi/UPrPoAH5xAQ/mqdefault.jpg
1f59f644-21b5-43d7-81e4-92a2b4047ab5,Der seidene Faden,Pizzera &amp; Jaus,TjG0jpbSY3w,https://www.youtube.com/watch?v=TjG0jpbSY3w,189,https://i.ytimg.com/vi/TjG0jpbSY3w/mqdefault.jpg
adc28f26-a9e9-4b7b-8d4c-efb9bd9b7ccf,DEEP HOUSE MIX 2025,Brokers,ZCbMzDclnEM,https://www.youtube.com/watch?v=ZCbMzDclnEM,15139,https://i.ytimg.com/vi/ZCbMzDclnEM/mqdefault.jpg
703e1303-21e1-4ef2-8c8f-567d5dc20d01,Video Song | பொய் சொல்ல கூடாது | Run | Madhavan | Meera Jasmin | Vidyasagar,Poi Solla Koodathu,_-0LwgCKVNs,https://www.youtube.com/watch?v=_-0LwgCKVNs,300,https://i.ytimg.com/vi/_-0LwgCKVNs/mqdefault.jpg
2c725837-b6be-4b12-bf92-f63774da25e7,"Zarah [ich weiß, es wird einmal ein Wunder geschehen]",Nina Hagen,yFnLVfkfXA4,https://www.youtube.com/watch?v=yFnLVfkfXA4,297,https://i.ytimg.com/vi/yFnLVfkfXA4/mqdefault.jpg
3ab75c47-ca09-485a-b20a-414d476f646a,True Faith,THE FLUX,qUPwRQ0eGxI,https://www.youtube.com/watch?v=qUPwRQ0eGxI,270,https://i.ytimg.com/vi/qUPwRQ0eGxI/mqdefault.jpg
d3bc400c-b504-441f-96eb-2b86c14f7676,Video Song | பொய் சொல்ல | Thiruttu Payale | Jeevan | Sonia Agarwal | Bharathwaj,Poi Solla Poren,qvlEKGSB7AA,https://www.youtube.com/watch?v=qvlEKGSB7AA,324,https://i.ytimg.com/vi/qvlEKGSB7AA/mqdefault.jpg
09248136-c597-4b38-b291-4271ffcc9a53,Electrical,AL1CE - Topic,Wo-DX6X9wog,https://www.youtube.com/watch?v=Wo-DX6X9wog,394,https://i.ytimg.com/vi/Wo-DX6X9wog/mqdefault.jpg
84b8901d-3a0b-493a-974e-72b53759e6f3,Fight To Survive,EPICA,hccXTr_AJSc,https://www.youtube.com/watch?v=hccXTr_AJSc,372,https://i.ytimg.com/vi/hccXTr_AJSc/mqdefault.jpg
e27d441a-c10d-4407-afa8-24a70e5b99a5,&quot;Going Down the Road Feelin&#39; Bad&quot;,Dom Flemons,qVJVOmMBNug,https://www.youtube.com/watch?v=qVJVOmMBNug,168,https://i.ytimg.com/vi/qVJVOmMBNug/mqdefault.jpg
cd7902ef-87ce-42b4-b8c4-05f589f09322,エイリアンエイリアン (ft.初音ミク) OFFICIAL MUSIC VIDEO,ナユタン星人,2t1NMRse6aI,https://www.youtube.com/watch?v=2t1NMRse6aI,183,https://i.ytimg.com/vi/2t1NMRse6aI/mqdefault.jpg
02a0ebe4-9a15-431d-9aef-b0ec3725feb2,I&#39;m On My Way (with Francesco Turrisi),Rhiannon Giddens - Topic,z03MpRZ5U1c,https://www.youtube.com/watch?v=z03MpRZ5U1c,178,https://i.ytimg.com/vi/z03MpRZ5U1c/mqdefault.jpg
57314a17-fa88-4391-9882-6bb25150bb98,All I Wanna Do (Osamu Ansai Dream Dub),Tofubeats,qEtIDMWAas0,https://www.youtube.com/watch?v=qEtIDMWAas0,442,https://i.ytimg.com/vi/qEtIDMWAas0/mqdefault.jpg
1a4df413-5229-410a-9833-42f8073d4294,Chop Suey!,System Of A Down,CSvFpBOe8eY,https://www.youtube.com/watch?v=CSvFpBOe8eY,209,https://i.ytimg.com/vi/CSvFpBOe8eY/mqdefault.jpg
7a272870-5c4a-45d4-a7d7-3f5bfcae9bad,State Of The Art (A.E.I.O.U.),Jim James,mUYf2yu78Ts,https://www.youtube.com/watch?v=mUYf2yu78Ts,315,https://i.ytimg.com/vi/mUYf2yu78Ts/mqdefault.jpg
f550a68c-10d1-42ee-924c-fd30d1a6abc4,edamame,bbno$ &amp; Rich Brian,K6BRna4_bmg,https://www.youtube.com/watch?v=K6BRna4_bmg,141,https://i.ytimg.com/vi/K6BRna4_bmg/mqdefault.jpg
ed81ca16-4d01-4300-af84-1a7578d950ec,Tenderness,Parquet Courts - Topic,eNk4JC_3S7s,https://www.youtube.com/watch?v=eNk4JC_3S7s,187,https://i.ytimg.com/vi/eNk4JC_3S7s/mqdefault.jpg
5d7cc28e-602f-4e22-bea8-49ba984af04e,Archbishop Harold Holmes,Jack White,ru5afNNSPeU,https://www.youtube.com/watch?v=ru5afNNSPeU,175,https://i.ytimg.com/vi/ru5afNNSPeU/mqdefault.jpg
a8c95a9c-dafe-4729-ad2f-13f602b364c4,Loituma &quot;Ievan polkka&quot;,kantelar,hqthspSKZV8,https://www.youtube.com/watch?v=hqthspSKZV8,165,https://i.ytimg.com/vi/hqthspSKZV8/mqdefault.jpg
16d615f6-9044-4d0b-b977-ef734dd4ecf8,Ievan Polkka ft. Bilal Göregen (Club Remix),The Kiffness,CAyWN9ba9J8,https://www.youtube.com/watch?v=CAyWN9ba9J8,202,https://i.ytimg.com/vi/CAyWN9ba9J8/mqdefault.jpg
f163fe46-04ae-443d-bc14-d23b6c7bc547,...Baby One More Time,Britney Spears,C-u5WLJ9Yk4,https://www.youtube.com/watch?v=C-u5WLJ9Yk4,237,https://i.ytimg.com/vi/C-u5WLJ9Yk4/mqdefault.jpg
29ef0a47-098a-4a50-a3d4-8f6785e77dec,Thank You (Falettinme Be Mice Elf Agin),Sly &amp; The Family Stone,-T9vmaTI2LE,https://www.youtube.com/watch?v=-T9vmaTI2LE,361,https://i.ytimg.com/vi/-T9vmaTI2LE/mqdefault.jpg
d98662f0-8b95-4ea1-927d-e685df68a190,Fuck You,Lily Allen,yFE6qQ3ySXE,https://www.youtube.com/watch?v=yFE6qQ3ySXE,217,https://i.ytimg.com/vi/yFE6qQ3ySXE/mqdefault.jpg
2c171a4f-d196-4f50-80da-561edde2538c,Smoothie Song,Nickel Creek,QcjAXI4jANw,https://www.youtube.com/watch?v=QcjAXI4jANw,223,https://i.ytimg.com/vi/QcjAXI4jANw/mqdefault.jpg
c6a2879a-2b55-4050-b472-63f2b99d3827,Give,Knxwledge - Topic,b4uUj0Qye7g,https://www.youtube.com/watch?v=b4uUj0Qye7g,121,https://i.ytimg.com/vi/b4uUj0Qye7g/mqdefault.jpg
2a8178db-e861-4a26-9133-6cafcc9b6920,Synchronicity I,The Police - Topic,Si5CSpUCDGY,https://www.youtube.com/watch?v=Si5CSpUCDGY,203,https://i.ytimg.com/vi/Si5CSpUCDGY/mqdefault.jpg
ad33bedb-544a-4290-99d1-b15a77e5a3b3,Bitches #02,Mindless Self Indulgence,yb6amH7hEhA,https://www.youtube.com/watch?v=yb6amH7hEhA,166,https://i.ytimg.com/vi/yb6amH7hEhA/mqdefault.jpg
211e8675-2673-4839-b88d-7d01739f62b6,Synchronicity II,The Police,o5FPPoLqkCk,https://www.youtube.com/watch?v=o5FPPoLqkCk,273,https://i.ytimg.com/vi/o5FPPoLqkCk/mqdefault.jpg
d8a0b1df-3277-4812-9d19-a23b647f1d00,Ocean Avenue,Yellowcard,X9fLbfzCqWw,https://www.youtube.com/watch?v=X9fLbfzCqWw,201,https://i.ytimg.com/vi/X9fLbfzCqWw/mqdefault.jpg
8a9d58e0-e45f-4473-9a1e-b1362d67fa8c,NPR Music Tiny Desk Concert,José González,Ag-OIlEN00M,https://www.youtube.com/watch?v=Ag-OIlEN00M,791,https://i.ytimg.com/vi/Ag-OIlEN00M/mqdefault.jpg
de8efff8-c413-40b4-aa63-5a1c0df7f9df,Crosses (Live on KEXP),José González,MVC6BVgjVPM,https://www.youtube.com/watch?v=MVC6BVgjVPM,175,https://i.ytimg.com/vi/MVC6BVgjVPM/mqdefault.jpg
3243065f-091d-488f-ac0c-7823ddd58bff,part time punks,TELEVISION PERSONALITIES,_pKkOOQR7_o,https://www.youtube.com/watch?v=_pKkOOQR7_o,161,https://i.ytimg.com/vi/_pKkOOQR7_o/mqdefault.jpg
8f73188d-39f8-4f47-847f-3c876f809b52,The Prettiest Girl in the World,Television Personalities,KBYuERNxCys,https://www.youtube.com/watch?v=KBYuERNxCys,163,https://i.ytimg.com/vi/KBYuERNxCys/mqdefault.jpg
f9cc5ae9-8280-4a3d-bd02-39ba2f7f7307,Look Back In Anger {1980},Television Personalities,gq0xTULec44,https://www.youtube.com/watch?v=gq0xTULec44,181,https://i.ytimg.com/vi/gq0xTULec44/mqdefault.jpg
ba98aa3e-2f2f-42f6-9160-25f67fb310cc,KNOWER - Performed by Giosuè Parisi,"Fuck The Makeup, Skip The Shower",E31-QJx1Jng,https://www.youtube.com/watch?v=E31-QJx1Jng,135,https://i.ytimg.com/vi/E31-QJx1Jng/mqdefault.jpg
bf1cb1ac-2bf1-44ab-bcfb-3862e0bdd474,Can&#39;t Cheat Karma EP (1980),Zounds,mIXnTIzRcIA,https://www.youtube.com/watch?v=mIXnTIzRcIA,441,https://i.ytimg.com/vi/mIXnTIzRcIA/mqdefault.jpg
f43aeb3c-e389-40e2-9ce3-c78472a6c8e4,Subvert,Zounds,QnOAFF7Jq1M,https://www.youtube.com/watch?v=QnOAFF7Jq1M,192,https://i.ytimg.com/vi/QnOAFF7Jq1M/mqdefault.jpg
ccad151f-52de-4212-b018-c0c24b0b7d56,Demystification,ZOUNDS,1aYUMDKwO_E,https://www.youtube.com/watch?v=1aYUMDKwO_E,233,https://i.ytimg.com/vi/1aYUMDKwO_E/mqdefault.jpg
48520d5b-44a7-4261-afd4-a165d1adc9f9,"-- The Makeup, Skip The Shower",F,2sbT95O2WWs,https://www.youtube.com/watch?v=2sbT95O2WWs,128,https://i.ytimg.com/vi/2sbT95O2WWs/mqdefault.jpg
fc32ca43-7fd3-4d6b-852f-00e3033c0bc2,Fuck the Makeup... Piano Cover,KNOWER,vTBASVzbvW4,https://www.youtube.com/watch?v=vTBASVzbvW4,126,https://i.ytimg.com/vi/vTBASVzbvW4/mqdefault.jpg
594418a0-d0ea-42ff-a596-f2dae581a07f,CANT CHEAT KARMA,ZOUNDZ,AjmJioQvqMM,https://www.youtube.com/watch?v=AjmJioQvqMM,169,https://i.ytimg.com/vi/AjmJioQvqMM/mqdefault.jpg
2559bdab-77c8-421a-a218-e8784931a933,you&#39;re killing me,Astrophysics - Topic,80iiCD8_qMs,https://www.youtube.com/watch?v=80iiCD8_qMs,250,https://i.ytimg.com/vi/80iiCD8_qMs/mqdefault.jpg
4b30b8a9-b0be-402e-a3fa-782fe798af71,Demystification,Zounds - Topic,IdguZnuA4jQ,https://www.youtube.com/watch?v=IdguZnuA4jQ,226,https://i.ytimg.com/vi/IdguZnuA4jQ/mqdefault.jpg
77029b31-c030-4598-809d-0e67bb65a77d,Purple Rain,Prince - Topic,347vCib_lMs,https://www.youtube.com/watch?v=347vCib_lMs,522,https://i.ytimg.com/vi/347vCib_lMs/mqdefault.jpg
14e75d7c-a804-4c5a-9507-e3c15503be54,saturday,what is your name?,aDlU4WD3qZA,https://www.youtube.com/watch?v=aDlU4WD3qZA,148,https://i.ytimg.com/vi/aDlU4WD3qZA/mqdefault.jpg
6382ec25-a82a-47a7-b4d6-f83c5aa95e5a,Bigger &amp; Better,YoungBoy Never Broke Again,Cy-ezam-RcE,https://www.youtube.com/watch?v=Cy-ezam-RcE,179,https://i.ytimg.com/vi/Cy-ezam-RcE/mqdefault.jpg
a921d37b-c46c-40fb-97db-c5abb18df717,"Harder, Better, Faster, Stronger",Daft Punk,gAjR4_CbPpQ,https://www.youtube.com/watch?v=gAjR4_CbPpQ,223,https://i.ytimg.com/vi/gAjR4_CbPpQ/mqdefault.jpg
15219297-ae43-4144-8ebc-82b00fa863ca,&quot;Hold On&quot;,Tom Waits,0P5jV4lHHR0,https://www.youtube.com/watch?v=0P5jV4lHHR0,263,https://i.ytimg.com/vi/0P5jV4lHHR0/mqdefault.jpg
018818a4-344b-421b-8dde-f664da9b6cae,Tom Traubert&#39;s Blues] Live at Rockpalast 1977.,Tom Waits. Waltzing Matilda [aka,vGpwgHqlfWo,https://www.youtube.com/watch?v=vGpwgHqlfWo,447,https://i.ytimg.com/vi/vGpwgHqlfWo/mqdefault.jpg
2108936c-f3ed-4fbe-909d-b7f5b4a9e98f,&quot;Downtown Train&quot;,Tom Waits,rLtZKkCIVmI,https://www.youtube.com/watch?v=rLtZKkCIVmI,308,https://i.ytimg.com/vi/rLtZKkCIVmI/mqdefault.jpg
224895d5-3ddc-46b3-8bd0-7f671ddf2df5,DANCER,IDLES,A3ZZj5y6Qt4,https://www.youtube.com/watch?v=A3ZZj5y6Qt4,204,https://i.ytimg.com/vi/A3ZZj5y6Qt4/mqdefault.jpg
506d0fd4-e834-4548-9aa3-391266e21d51,BxMxC,BABYMETAL,ng8mh6JUIqY,https://www.youtube.com/watch?v=ng8mh6JUIqY,183,https://i.ytimg.com/vi/ng8mh6JUIqY/mqdefault.jpg
34020dd8-b18e-4a3d-af90-c61ea05b9713,1969 Liberace Show Boogie Woogie,showmanlee,q9nO9Ro_kd4,https://www.youtube.com/watch?v=q9nO9Ro_kd4,201,https://i.ytimg.com/vi/q9nO9Ro_kd4/mqdefault.jpg
e854faa0-5eca-427c-b436-8060288a197c,Liberace,Beer Barrel Polka,yLvd4JyKd14,https://www.youtube.com/watch?v=yLvd4JyKd14,173,https://i.ytimg.com/vi/yLvd4JyKd14/mqdefault.jpg
6453d2b9-4092-4f49-8119-ccb48dd633f6,1969 Liberace Show Tico Tico,showmanlee,oPAe_uHERy4,https://www.youtube.com/watch?v=oPAe_uHERy4,135,https://i.ytimg.com/vi/oPAe_uHERy4/mqdefault.jpg
4f5cd268-086b-4481-80f5-c3dff691c60c,Animals (Lyrics),Maroon 5,0GVExpdmoDs,https://www.youtube.com/watch?v=0GVExpdmoDs,230,https://i.ytimg.com/vi/0GVExpdmoDs/mqdefault.jpg
fa41c7bd-85d3-45d0-8deb-32d6f66d319a,Old Skin,The War On Drugs,dI9q6P0mYAI,https://www.youtube.com/watch?v=dI9q6P0mYAI,296,https://i.ytimg.com/vi/dI9q6P0mYAI/mqdefault.jpg
19bfc9cc-545b-4580-b0d6-5e41abfd6d71,Mackerel,Rheingans Sisters - Topic,3gx_IrS_f8I,https://www.youtube.com/watch?v=3gx_IrS_f8I,326,https://i.ytimg.com/vi/3gx_IrS_f8I/mqdefault.jpg
01890652-7b81-46c9-9ffc-d1f599ff70c2,We&#39;re All To Blame,Sum 41,aUultIb2pPc,https://www.youtube.com/watch?v=aUultIb2pPc,233,https://i.ytimg.com/vi/aUultIb2pPc/mqdefault.jpg
2a62800b-1a47-4a23-a77a-d48829c8ba5b,Their Pie (Nebraska Original Motion Picture Soundtrack),Mark Orton,dcaCsbwF9uc,https://www.youtube.com/watch?v=dcaCsbwF9uc,127,https://i.ytimg.com/vi/dcaCsbwF9uc/mqdefault.jpg
fbd6e46a-adcd-4d4e-8e29-089b3f6daa20,Hollywood Ten,Marinero - Topic,Gh6VjAJyl4o,https://www.youtube.com/watch?v=Gh6VjAJyl4o,270,https://i.ytimg.com/vi/Gh6VjAJyl4o/mqdefault.jpg
f42ed5c7-c35f-4e77-ba07-96c6fb549bd3,&quot;My Apocalypse&quot; (Full Album Stream),Escape The Fate,jUcHKQ4G1vo,https://www.youtube.com/watch?v=jUcHKQ4G1vo,284,https://i.ytimg.com/vi/jUcHKQ4G1vo/mqdefault.jpg
a32bdf05-7ead-4f6e-862f-c62b20a90b35,Summer of Love,Throwing Muses,CGWYzAj9sSI,https://www.youtube.com/watch?v=CGWYzAj9sSI,180,https://i.ytimg.com/vi/CGWYzAj9sSI/mqdefault.jpg
005b72d7-690f-4818-97ff-2864d7e5d9e6,Somebody That I Used To Know (feat. Kimbra),Gotye,8UVNT4wvIGY,https://www.youtube.com/watch?v=8UVNT4wvIGY,244,https://i.ytimg.com/vi/8UVNT4wvIGY/mqdefault.jpg
8457d498-8c58-4bbb-84f5-2559ad12e72b,Enjoy the Silence,Depeche Mode - Topic,ojvldIzbaMo,https://www.youtube.com/watch?v=ojvldIzbaMo,256,https://i.ytimg.com/vi/ojvldIzbaMo/mqdefault.jpg
37346cb9-0f2b-4398-856d-4bdf02bba705,Face Down,The Red Jumpsuit Apparatus,6Ux6SlOE9Qk,https://www.youtube.com/watch?v=6Ux6SlOE9Qk,205,https://i.ytimg.com/vi/6Ux6SlOE9Qk/mqdefault.jpg
4d81907b-7970-4882-a40d-edd60676750c,Never Let Me Down Again (Remastered),Depeche Mode,snILjFUkk_A,https://www.youtube.com/watch?v=snILjFUkk_A,266,https://i.ytimg.com/vi/snILjFUkk_A/mqdefault.jpg
d56c1c99-93d2-49ba-9612-7ae54dca659a,Everything Counts,Depeche Mode,1t-gK-9EIq4,https://www.youtube.com/watch?v=1t-gK-9EIq4,239,https://i.ytimg.com/vi/1t-gK-9EIq4/mqdefault.jpg
772c62fd-783a-403a-b86a-d2ce0213f9ea,Personal Jesus (Remastered),Depeche Mode,u1xrNaTO1bI,https://www.youtube.com/watch?v=u1xrNaTO1bI,226,https://i.ytimg.com/vi/u1xrNaTO1bI/mqdefault.jpg
d8bf51fe-7ab9-427f-9b00-3c61f2c625ca,Pig Destroyer Destroyer,Drumcorps - Topic,dht82-gWqPo,https://www.youtube.com/watch?v=dht82-gWqPo,267,https://i.ytimg.com/vi/dht82-gWqPo/mqdefault.jpg
bab6d697-4e8a-42ef-be5f-491ccfebd28d,Never Let Me Down Again,Depeche Mode - Topic,xORPrLjiIyQ,https://www.youtube.com/watch?v=xORPrLjiIyQ,261,https://i.ytimg.com/vi/xORPrLjiIyQ/mqdefault.jpg
5b9f6401-03c4-4648-b0e3-1232edb340b8,In Chains,Depeche Mode - Topic,vrj_Q2FKfW8,https://www.youtube.com/watch?v=vrj_Q2FKfW8,414,https://i.ytimg.com/vi/vrj_Q2FKfW8/mqdefault.jpg
aad1248c-e5eb-47d3-aab9-10048c4b1ea7,Eat It,&quot;Weird Al&quot; Yankovic,ZcJjMnHoIBI,https://www.youtube.com/watch?v=ZcJjMnHoIBI,210,https://i.ytimg.com/vi/ZcJjMnHoIBI/mqdefault.jpg
587a2fe9-5a4f-4d3d-a4bd-4222a210c288,I Feel You (Remastered),Depeche Mode,iTKJ_itifQg,https://www.youtube.com/watch?v=iTKJ_itifQg,272,https://i.ytimg.com/vi/iTKJ_itifQg/mqdefault.jpg
ad0f9116-f374-4ceb-a7a2-10ee34a37081,Ghost,Depeche Mode - Topic,meR34lB1GOY,https://www.youtube.com/watch?v=meR34lB1GOY,387,https://i.ytimg.com/vi/meR34lB1GOY/mqdefault.jpg
85b9ae9a-a0bf-4973-a0fa-cf538c91c225,Precious (Remastered),Depeche Mode,8yn3ViE6mhY,https://www.youtube.com/watch?v=8yn3ViE6mhY,249,https://i.ytimg.com/vi/8yn3ViE6mhY/mqdefault.jpg
a7ebc27e-f726-4719-a8c3-5a172502dc41,Higher Love,Depeche Mode,R_BunCQSlL0,https://www.youtube.com/watch?v=R_BunCQSlL0,358,https://i.ytimg.com/vi/R_BunCQSlL0/mqdefault.jpg
246bda44-b44b-47d3-8fc9-42a6846d92ad,Only When I Lose Myself,Depeche Mode - Topic,UiMCm0kMeUs,https://www.youtube.com/watch?v=UiMCm0kMeUs,274,https://i.ytimg.com/vi/UiMCm0kMeUs/mqdefault.jpg
a9836fb1-9218-4c30-b0cc-f8e8e353d7c3,JUPITER,KUNZITE,tLT8T4EJmgA,https://www.youtube.com/watch?v=tLT8T4EJmgA,244,https://i.ytimg.com/vi/tLT8T4EJmgA/mqdefault.jpg
3185de90-89fe-4105-9ecc-f65d12af8a32,String Shovel Guitar!,Crankin&#39; Up the 3,V9-ltPsbw9g,https://www.youtube.com/watch?v=V9-ltPsbw9g,204,https://i.ytimg.com/vi/V9-ltPsbw9g/mqdefault.jpg
0e94254b-81c2-4377-97c6-c3c135534efb,Lex,Ratatat - Topic,48yR03AX75o,https://www.youtube.com/watch?v=48yR03AX75o,270,https://i.ytimg.com/vi/48yR03AX75o/mqdefault.jpg
a2056627-ad5d-4216-9a83-d1bd7d5d0a0e,Hotel California - Reimagined on the Traditional Chinese Guzheng | Moyun,The Eagles,gf6v59c5yuY,https://www.youtube.com/watch?v=gf6v59c5yuY,351,https://i.ytimg.com/vi/gf6v59c5yuY/mqdefault.jpg
9a919e18-aced-444b-9122-1bae0441dcf3,1 Hour Handpan Meditation Music,Touched By Source,br6ljHrmPe0,https://www.youtube.com/watch?v=br6ljHrmPe0,3933,https://i.ytimg.com/vi/br6ljHrmPe0/mqdefault.jpg
fa6f96e4-165e-4573-a8f6-9aa90305da19,KU METE (prod by. Albos),Gjesti,HTBdD1xvZDo,https://www.youtube.com/watch?v=HTBdD1xvZDo,211,https://i.ytimg.com/vi/HTBdD1xvZDo/mqdefault.jpg
8d7573f6-7275-4fee-b549-1f1561a6df49,Count Me Out (Lyrics),Kendrick Lamar,uEbRjy7RNKU,https://www.youtube.com/watch?v=uEbRjy7RNKU,284,https://i.ytimg.com/vi/uEbRjy7RNKU/mqdefault.jpg
a349f259-06e3-4551-a541-682061da00aa,Favourite Daughter (Visualiser),Lorde,ji2fQfwSf4E,https://www.youtube.com/watch?v=ji2fQfwSf4E,209,https://i.ytimg.com/vi/ji2fQfwSf4E/mqdefault.jpg
b64cec83-c252-4c91-8767-5f74e685fab5,When Doves Cry,Prince and the Revolution,UG3VcCAlUgE,https://www.youtube.com/watch?v=UG3VcCAlUgE,225,https://i.ytimg.com/vi/UG3VcCAlUgE/mqdefault.jpg
a967c6aa-c73e-4523-a786-2a6d0cb4f76a,Kiss,Prince and the Revolution,H9tEvfIsDyo,https://www.youtube.com/watch?v=H9tEvfIsDyo,236,https://i.ytimg.com/vi/H9tEvfIsDyo/mqdefault.jpg
163724d0-d05c-4e1f-99a1-babff72ff2f1,Pyramid Song,Radiohead,3M_Gg1xAHE4,https://www.youtube.com/watch?v=3M_Gg1xAHE4,297,https://i.ytimg.com/vi/3M_Gg1xAHE4/mqdefault.jpg
3cf6e60f-0afd-492c-8dbb-66bc0e1ee3b4,Neverender,Justice,E7FU_mqhFGk,https://www.youtube.com/watch?v=E7FU_mqhFGk,200,https://i.ytimg.com/vi/E7FU_mqhFGk/mqdefault.jpg
ff0ba969-07d6-4d7c-8acb-a2d26747fc45,Le Risque,King Gizzard &amp; The Lizard Wizard,Ik-gBAlEbQY,https://www.youtube.com/watch?v=Ik-gBAlEbQY,215,https://i.ytimg.com/vi/Ik-gBAlEbQY/mqdefault.jpg
0b7dd658-5a1e-415c-9a61-da24a2bdff63,Mammas Don&#39;t Let Your Babies Grow Up to Be Cowboys (Live at Farm Aid 1986),Willie Nelson &amp; Waylon,BIan1LDa3hU,https://www.youtube.com/watch?v=BIan1LDa3hU,126,https://i.ytimg.com/vi/BIan1LDa3hU/mqdefault.jpg
9c13f3ac-cb3d-4089-b76f-c6f9c1ba0259,Blackjack Billy LYRICS ON SCREEN,The Booze Cruise,dvQhasV7F34,https://www.youtube.com/watch?v=dvQhasV7F34,171,https://i.ytimg.com/vi/dvQhasV7F34/mqdefault.jpg
757b141b-c58b-4fee-b6bc-89224233f92c,Captain (2018),Miyagi,4Ua1g8hU81A,https://www.youtube.com/watch?v=4Ua1g8hU81A,219,https://i.ytimg.com/vi/4Ua1g8hU81A/mqdefault.jpg
bb4a7e47-24a2-458b-96d4-677642848706,Vitamin C,CAN,YmN9oHa3ZIQ,https://www.youtube.com/watch?v=YmN9oHa3ZIQ,212,https://i.ytimg.com/vi/YmN9oHa3ZIQ/mqdefault.jpg
2dddc76b-6b4b-4d0e-901b-57fb673f9d2b,Schmetterling,Team Scheisse,-RQFHqnIfTc,https://www.youtube.com/watch?v=-RQFHqnIfTc,101,https://i.ytimg.com/vi/-RQFHqnIfTc/mqdefault.jpg
bfd1d94b-8d87-4314-a8c9-df0e4a403e69,Higherft. Kylie Minogue,Taio Cruz,KRBS5WZMdik,https://www.youtube.com/watch?v=KRBS5WZMdik,184,https://i.ytimg.com/vi/KRBS5WZMdik/mqdefault.jpg
054930c3-700f-4adf-9df4-ae171e012789,Found What I&#39;ve Been Looking For,Tom Grennan,VDvX1hzGZN4,https://www.youtube.com/watch?v=VDvX1hzGZN4,194,https://i.ytimg.com/vi/VDvX1hzGZN4/mqdefault.jpg
2c247aea-bfd3-4037-b9f7-d53ea24765a8,Pleacă,VUNK feat Antonia,4NN9FwVq1XA,https://www.youtube.com/watch?v=4NN9FwVq1XA,194,https://i.ytimg.com/vi/4NN9FwVq1XA/mqdefault.jpg
d272ed85-8433-41e3-a4d5-2b699560e8dc,I See Fire,Ed Sheeran,2fngvQS_PmQ,https://www.youtube.com/watch?v=2fngvQS_PmQ,295,https://i.ytimg.com/vi/2fngvQS_PmQ/mqdefault.jpg
3b293d23-769f-4e6a-bd7c-ea74b0f8675b,Antonio&#39;s Song (The Rainbow),Michael Franks - Topic,unDIL9TuB6M,https://www.youtube.com/watch?v=unDIL9TuB6M,304,https://i.ytimg.com/vi/unDIL9TuB6M/mqdefault.jpg
0cff4868-2bcb-4098-8cf5-b4a41e63d6bf,Nothing&#39;s Gonna Change My Love For You • TopPop,George Benson,Qy7z_oiN6nQ,https://www.youtube.com/watch?v=Qy7z_oiN6nQ,234,https://i.ytimg.com/vi/Qy7z_oiN6nQ/mqdefault.jpg
3234ebe8-f890-46c3-9949-8a27182d791f,Your Sweet 666,HIM - Topic,Kb6HahH2rp8,https://www.youtube.com/watch?v=Kb6HahH2rp8,253,https://i.ytimg.com/vi/Kb6HahH2rp8/mqdefault.jpg
2da21fb3-1442-4aca-9a66-83f93edec104,A Fool Am I,Agnetha Fältskog - Topic,unvg1ZdAtns,https://www.youtube.com/watch?v=unvg1ZdAtns,213,https://i.ytimg.com/vi/unvg1ZdAtns/mqdefault.jpg
f3991ab7-ad87-4ce7-9948-9ca5dee9712e,Punk’s Dead (Live from Reading),SOFT PLAY,1VdtwDPRZPw,https://www.youtube.com/watch?v=1VdtwDPRZPw,206,https://i.ytimg.com/vi/1VdtwDPRZPw/mqdefault.jpg
c087ee1e-8bf6-4346-b5e5-7a2eb2120ba6,The Hunter,Slaves,VmtU-bLyReU,https://www.youtube.com/watch?v=VmtU-bLyReU,185,https://i.ytimg.com/vi/VmtU-bLyReU/mqdefault.jpg
b427df55-ff43-4af5-8e6a-6de56d61a198,Shine On You Crazy Diamond,Pink Floyd,cWGE9Gi0bB0,https://www.youtube.com/watch?v=cWGE9Gi0bB0,803,https://i.ytimg.com/vi/cWGE9Gi0bB0/mqdefault.jpg
6809c461-a02c-48f3-a045-bf564868361d,EARL,Earl Sweatshirt,78_loMbmKJ8,https://www.youtube.com/watch?v=78_loMbmKJ8,151,https://i.ytimg.com/vi/78_loMbmKJ8/mqdefault.jpg
24688572-6e2b-4974-8f52-6e62e20bd92c,Shape of My Heart,Sting,NlwIDxCjL-8,https://www.youtube.com/watch?v=NlwIDxCjL-8,281,https://i.ytimg.com/vi/NlwIDxCjL-8/mqdefault.jpg
ab0794f2-53d8-4bf1-af0e-166ddbadb41a,Temptation[Upgrade],New Order,xxDv_RTdLQo,https://www.youtube.com/watch?v=xxDv_RTdLQo,421,https://i.ytimg.com/vi/xxDv_RTdLQo/mqdefault.jpg
6385a8ec-800d-4f25-882e-d6f876da9ab0,All Night Long (All Night),Lionel Richie,nqAvFx3NxUM,https://www.youtube.com/watch?v=nqAvFx3NxUM,229,https://i.ytimg.com/vi/nqAvFx3NxUM/mqdefault.jpg
64eb8714-1832-4cb2-8307-f9c4181afc6f,Shaft,Spiro,h45X87nx5LE,https://www.youtube.com/watch?v=h45X87nx5LE,280,https://i.ytimg.com/vi/h45X87nx5LE/mqdefault.jpg
08151592-8724-41e8-a573-06d43cff98b1,YOASOBI「夜に駆ける」 Official Music Video,Ayase / YOASOBI,x8VYWazR5mE,https://www.youtube.com/watch?v=x8VYWazR5mE,276,https://i.ytimg.com/vi/x8VYWazR5mE/mqdefault.jpg
0ba9efd4-5819-42e2-abe0-5131640f999e,Z &amp; Kanye West - Ni**as In Paris (Explicit),Jay,gG_dA32oH44,https://www.youtube.com/watch?v=gG_dA32oH44,252,https://i.ytimg.com/vi/gG_dA32oH44/mqdefault.jpg
3837d610-0101-4a36-b73b-9163f30b35f2,Un-Break My Heart,Toni Braxton,p2Rch6WvPJE,https://www.youtube.com/watch?v=p2Rch6WvPJE,274,https://i.ytimg.com/vi/p2Rch6WvPJE/mqdefault.jpg
ed536058-39df-4c6e-8b4a-9d07f6299240,Y Que Fue - Bass Boosted,Don Miguelo,iSJguwcV5as,https://www.youtube.com/watch?v=iSJguwcV5as,165,https://i.ytimg.com/vi/iSJguwcV5as/mqdefault.jpg
055b0220-4dfa-4e6b-8c20-4e4a37944e80,Wake Me Up,Avicii,IcrbM1l_BoI,https://www.youtube.com/watch?v=IcrbM1l_BoI,273,https://i.ytimg.com/vi/IcrbM1l_BoI/mqdefault.jpg
0bf6a2fc-7b79-4e6c-af0c-7dab98080ba2,Sometimes It Snows in April,Prince - Topic,ikZgBhSMSUM,https://www.youtube.com/watch?v=ikZgBhSMSUM,409,https://i.ytimg.com/vi/ikZgBhSMSUM/mqdefault.jpg
040dbc00-0226-44cb-b691-ffbcf5eec361,All over me,HAIM,CIDy7tMnQvs,https://www.youtube.com/watch?v=CIDy7tMnQvs,201,https://i.ytimg.com/vi/CIDy7tMnQvs/mqdefault.jpg
e2ca3612-da61-439c-903e-f65e6d979234,Take Me Out,Franz Ferdinand,h66dI0q_9As,https://www.youtube.com/watch?v=h66dI0q_9As,238,https://i.ytimg.com/vi/h66dI0q_9As/mqdefault.jpg
9cab3789-8afb-419e-8397-4df3fac4ded9,Mon ami mon frère,Zoufris Maracas - Topic,hc5YxagnfdE,https://www.youtube.com/watch?v=hc5YxagnfdE,246,https://i.ytimg.com/vi/hc5YxagnfdE/mqdefault.jpg
dedabf88-2620-4f2b-ae1d-ebfcd3360b85,If I Could Change Your Mind,HAIM,Ljg6g7BAdQo,https://www.youtube.com/watch?v=Ljg6g7BAdQo,240,https://i.ytimg.com/vi/Ljg6g7BAdQo/mqdefault.jpg
29680c2c-785e-401d-a0e0-074de42ac32e,塊オンザドリーム,Cassie Wei - Topic,eRFy1u39cik,https://www.youtube.com/watch?v=eRFy1u39cik,230,https://i.ytimg.com/vi/eRFy1u39cik/mqdefault.jpg
af06625b-a4ec-4753-af2d-eb6901d2a561,Zunder,Marek Hemmann,ofoPpS-ppr0,https://www.youtube.com/watch?v=ofoPpS-ppr0,306,https://i.ytimg.com/vi/ofoPpS-ppr0/mqdefault.jpg
f4197d12-6e2e-4875-9474-db298480ecea,Idag,Daniel Ögren - Topic,tYTM7pZQ8IU,https://www.youtube.com/watch?v=tYTM7pZQ8IU,286,https://i.ytimg.com/vi/tYTM7pZQ8IU/mqdefault.jpg
ec4194bd-cec3-4bed-ad40-c44d41d4e867,Julie,Mano Solo - Topic,Hcqe-cc8qsA,https://www.youtube.com/watch?v=Hcqe-cc8qsA,212,https://i.ytimg.com/vi/Hcqe-cc8qsA/mqdefault.jpg
1b45d26c-ffda-4394-9e99-32876e780a6b,Dragon,King Gizzard &amp; The Lizard Wizard,IpUKO-WKaqo,https://www.youtube.com/watch?v=IpUKO-WKaqo,592,https://i.ytimg.com/vi/IpUKO-WKaqo/mqdefault.jpg
85b14bba-599e-492a-bc97-1d21ac3e29d5,The Vapourer,Spiro,xzfZCp0mGsQ,https://www.youtube.com/watch?v=xzfZCp0mGsQ,286,https://i.ytimg.com/vi/xzfZCp0mGsQ/mqdefault.jpg
be3d9b83-9936-4edd-a75c-3da5ef1138e5,Like a Stone,Audioslave,7QU1nvuxaMA,https://www.youtube.com/watch?v=7QU1nvuxaMA,302,https://i.ytimg.com/vi/7QU1nvuxaMA/mqdefault.jpg
2f46e05c-0bdc-4738-b859-73b9f44cd844,Parabol,TOOL,ynzDDi9Y044,https://www.youtube.com/watch?v=ynzDDi9Y044,187,https://i.ytimg.com/vi/ynzDDi9Y044/mqdefault.jpg
1b78a868-7f59-483a-88bf-8e16136da79b,Parabola,TOOL,-DuAAmHpGbw,https://www.youtube.com/watch?v=-DuAAmHpGbw,366,https://i.ytimg.com/vi/-DuAAmHpGbw/mqdefault.jpg
b0939b20-5e03-43f3-82df-e76ef578e6db,Trak Remix) - Yeah Yeah Yeahs,[Project X Movie Music] Heads Will Roll (A,O3c4dPxN1qM,https://www.youtube.com/watch?v=O3c4dPxN1qM,385,https://i.ytimg.com/vi/O3c4dPxN1qM/mqdefault.jpg
e8c254a9-0446-4933-ac88-5661f73cac09,Rockafeller Skank,Fatboy Slim,FMrIy9zm7QY,https://www.youtube.com/watch?v=FMrIy9zm7QY,246,https://i.ytimg.com/vi/FMrIy9zm7QY/mqdefault.jpg
d0d6ce2b-dde2-4fb6-8f7f-218f8616e6c4,Sing to the Mountain (Live at the Boulder Theater) - From &quot;Sands of Now&quot;,Elephant Revival,KCYUDBYpv0g,https://www.youtube.com/watch?v=KCYUDBYpv0g,256,https://i.ytimg.com/vi/KCYUDBYpv0g/mqdefault.jpg
ade105ee-74c9-4cbc-92a1-6bce3542864b,Jeff Beck demonstrating &quot;Little Wing&quot; by Jimi Hendrix,chromedreamer,WNNkbE6EU3w,https://www.youtube.com/watch?v=WNNkbE6EU3w,106,https://i.ytimg.com/vi/WNNkbE6EU3w/mqdefault.jpg
86c97084-3441-4e77-9b69-718393bb16e7,NPR Music Tiny Desk Concert,Mac Miller,QrR_gm6RqCo,https://www.youtube.com/watch?v=QrR_gm6RqCo,1030,https://i.ytimg.com/vi/QrR_gm6RqCo/mqdefault.jpg
3b3e7a56-ad26-4970-8177-c8bb68335515,Self Care,Mac Miller,SsKT0s5J8ko,https://www.youtube.com/watch?v=SsKT0s5J8ko,348,https://i.ytimg.com/vi/SsKT0s5J8ko/mqdefault.jpg
8719e1e3-60a1-474f-a544-eaee1628775b,Norf Norf,Vince Staples,mb6Jc4juSF8,https://www.youtube.com/watch?v=mb6Jc4juSF8,184,https://i.ytimg.com/vi/mb6Jc4juSF8/mqdefault.jpg
ac1dfbaa-caae-489a-940d-63c20d749a90,Blue Suede,Vince Staples,NJLfCBBcZAo,https://www.youtube.com/watch?v=NJLfCBBcZAo,227,https://i.ytimg.com/vi/NJLfCBBcZAo/mqdefault.jpg
3ec43c42-53fe-4533-962c-7f4f7ae7ab61,LAW OF AVERAGES,Vince Staples,oTri3zbX-R8,https://www.youtube.com/watch?v=oTri3zbX-R8,147,https://i.ytimg.com/vi/oTri3zbX-R8/mqdefault.jpg
286fa099-24f6-4341-afdf-b79bc6f679ab,Victoria,The Fall,N0I2u6DKnwI,https://www.youtube.com/watch?v=N0I2u6DKnwI,172,https://i.ytimg.com/vi/N0I2u6DKnwI/mqdefault.jpg
4fac9a69-4e6b-47b1-af89-43546ebcea46,Sen o Victorii (Spodek 92&#39;),Dżem,JsBpYmySZ-s,https://www.youtube.com/watch?v=JsBpYmySZ-s,382,https://i.ytimg.com/vi/JsBpYmySZ-s/mqdefault.jpg
62739426-7a23-4154-9b44-b8a92cb98a67,Mount The Air (Folk Awards 2016),The Unthanks,9atpx-u1juI,https://www.youtube.com/watch?v=9atpx-u1juI,415,https://i.ytimg.com/vi/9atpx-u1juI/mqdefault.jpg
bcffde39-cf65-4cf8-ac6e-a9fb77054cb5,Little Wing,The Jimi Hendrix Experience,35luFxHO5E0,https://www.youtube.com/watch?v=35luFxHO5E0,147,https://i.ytimg.com/vi/35luFxHO5E0/mqdefault.jpg
db10790a-c9a4-4942-b5bb-82df18177fac,Beastie Boys -,BeastieBoys,eBShN8qT4lk,https://www.youtube.com/watch?v=eBShN8qT4lk,241,https://i.ytimg.com/vi/eBShN8qT4lk/mqdefault.jpg
d146e838-6743-449d-ae32-43f4405996b6,Fight For Your Right (Revisited) Full Length,Beastie Boys,evA-R9OS-Vo,https://www.youtube.com/watch?v=evA-R9OS-Vo,1786,https://i.ytimg.com/vi/evA-R9OS-Vo/mqdefault.jpg
a7441aac-f6a5-45bb-8e4f-754b6cf68458,Thunderstruck,2CELLOS,uT3SBzmDxGk,https://www.youtube.com/watch?v=uT3SBzmDxGk,299,https://i.ytimg.com/vi/uT3SBzmDxGk/mqdefault.jpg
26f16e62-13f5-4e71-a646-c815becff59e,All My Best Friends Are Metalheads,Less Than Jake - Topic,Z_63ZZRLylE,https://www.youtube.com/watch?v=Z_63ZZRLylE,212,https://i.ytimg.com/vi/Z_63ZZRLylE/mqdefault.jpg
ed2d6e89-70ed-4238-9b3e-01dce7e6812e,Panique (Clip officiel),Juniore,nVPcvTZAmSA,https://www.youtube.com/watch?v=nVPcvTZAmSA,233,https://i.ytimg.com/vi/nVPcvTZAmSA/mqdefault.jpg
f18c71e8-3974-4cc2-afeb-bab664f16ded,Foxey Lady (Miami Pop 1968),The Jimi Hendrix Experience,_PVjcIO4MT4,https://www.youtube.com/watch?v=_PVjcIO4MT4,269,https://i.ytimg.com/vi/_PVjcIO4MT4/mqdefault.jpg
6120dbcc-d39a-4982-a61b-f8a3535aff40,latest eminem and 50cent best of best collections 2025,WORLD WIDE HIP HOP,FLVc6-I0dME,https://www.youtube.com/watch?v=FLVc6-I0dME,1001,https://i.ytimg.com/vi/FLVc6-I0dME/mqdefault.jpg
8a889274-0662-48bd-afc8-d40c3b1d63f7,Machine Gun Isle of Wight,Jimi Hendrix,5X_D7i4NxMc,https://www.youtube.com/watch?v=5X_D7i4NxMc,257,https://i.ytimg.com/vi/5X_D7i4NxMc/mqdefault.jpg
86870775-1e71-49aa-8e66-6fde83ada208,all along the watchtower - isle of wight,jimi hendrix,NdSyFxTDQUM,https://www.youtube.com/watch?v=NdSyFxTDQUM,272,https://i.ytimg.com/vi/NdSyFxTDQUM/mqdefault.jpg
6505a73c-61f4-476c-bf8f-4cbad5906982,Isle of Wight 1970 Hey Joe &#39;Rare&#39;,Jimi Hendrix  Live,vmqKxaYb3Mg,https://www.youtube.com/watch?v=vmqKxaYb3Mg,190,https://i.ytimg.com/vi/vmqKxaYb3Mg/mqdefault.jpg
2cea96c6-2ad3-4a85-b134-4027a5c34ee4,Male Version | Arrahman | Arul pragasam,Kannalane,AQNXPqUNH3s,https://www.youtube.com/watch?v=AQNXPqUNH3s,118,https://i.ytimg.com/vi/AQNXPqUNH3s/mqdefault.jpg
c716d83a-dabc-431b-bdc9-b38a6b4f31ea,Bombay (1995) | A.R. Rahman [],Kannalane,EY4lOJ822NI,https://www.youtube.com/watch?v=EY4lOJ822NI,353,https://i.ytimg.com/vi/EY4lOJ822NI/mqdefault.jpg
11f700db-a3b9-4df1-a156-276f9378c76d,Theme from Enter the Dragon (Main Title),Lalo Schifrin - Topic,0uNR_4UdfxA,https://www.youtube.com/watch?v=0uNR_4UdfxA,143,https://i.ytimg.com/vi/0uNR_4UdfxA/mqdefault.jpg
aedf7b5b-c62a-4921-8d81-cac6018e437d,Show Me How,Men I Trust,OZRYzH0Q0pU,https://www.youtube.com/watch?v=OZRYzH0Q0pU,223,https://i.ytimg.com/vi/OZRYzH0Q0pU/mqdefault.jpg
99a2da1f-c73d-418e-bd02-b4bc67d234fa,Found Me (garage session),Men I Trust,RNQj-qvRVWs,https://www.youtube.com/watch?v=RNQj-qvRVWs,186,https://i.ytimg.com/vi/RNQj-qvRVWs/mqdefault.jpg
764af229-6a06-436a-a1a4-0be985508fb8,Weird Fishes -  by Tobias Stretch,Radiohead,TNRCvG9YtYI,https://www.youtube.com/watch?v=TNRCvG9YtYI,356,https://i.ytimg.com/vi/TNRCvG9YtYI/mqdefault.jpg
883085c9-4cdf-4fe0-b665-521e9562f0ed,Weird Fishes / Arpeggi,Radiohead,V_Ydoe4Q-Gg,https://www.youtube.com/watch?v=V_Ydoe4Q-Gg,318,https://i.ytimg.com/vi/V_Ydoe4Q-Gg/mqdefault.jpg
fc0eba55-1f8d-46f8-8107-6b34e7d70b7b,Mannix,Lalo Schifrin,f65VcQkJnTw,https://www.youtube.com/watch?v=f65VcQkJnTw,180,https://i.ytimg.com/vi/f65VcQkJnTw/mqdefault.jpg
325f81ba-c223-4deb-b590-b59c87693880,"Shooting Star [Forza Horizon 4 Pulse] - Synthwave, Retrowave, Synthpop",Anna Yvette,ZXgHcdLM7lM,https://www.youtube.com/watch?v=ZXgHcdLM7lM,240,https://i.ytimg.com/vi/ZXgHcdLM7lM/mqdefault.jpg
730e13e3-78c4-4410-a43e-548ab12e2d70,‘WICKED’ PERFORMANCE VIDEO (VER. B - BASEMENT),ALLDAY PROJECT,lXeR1_aQsgw,https://www.youtube.com/watch?v=lXeR1_aQsgw,174,https://i.ytimg.com/vi/lXeR1_aQsgw/mqdefault.jpg
9593601e-34c1-41ed-9250-8de254247992,Defying Gravity (From Wicked The Soundtrack),Republic,qeqj5GnoFUY,https://www.youtube.com/watch?v=qeqj5GnoFUY,460,https://i.ytimg.com/vi/qeqj5GnoFUY/mqdefault.jpg
0d89c48c-8d92-4473-bd3c-f8d39c4169ca,Defying Gravity (from LIVE: Barefoot at the Symphony),Idina Menzel,MslDnwerQRA,https://www.youtube.com/watch?v=MslDnwerQRA,266,https://i.ytimg.com/vi/MslDnwerQRA/mqdefault.jpg
4e7502ff-72ba-49f4-ae8b-fc987d895250,Paranoid,Black Sabbath,BOTIIw76qiE,https://www.youtube.com/watch?v=BOTIIw76qiE,169,https://i.ytimg.com/vi/BOTIIw76qiE/mqdefault.jpg
a9507d55-5544-4a54-9f73-0718a8cd66f6,Pastures of Plenty,Solas - Topic,wsx8YIy3D5U,https://www.youtube.com/watch?v=wsx8YIy3D5U,227,https://i.ytimg.com/vi/wsx8YIy3D5U/mqdefault.jpg
ac471609-d21d-4a59-97d5-09fff20e9407,Defecate On My Face,TISM,ey0EbKZvBNY,https://www.youtube.com/watch?v=ey0EbKZvBNY,291,https://i.ytimg.com/vi/ey0EbKZvBNY/mqdefault.jpg
9d0d3ad7-74a8-4437-8f80-b1385636ca07,Call Me Maybe,Carly Rae Jepsen,fWNaR-rxAic,https://www.youtube.com/watch?v=fWNaR-rxAic,200,https://i.ytimg.com/vi/fWNaR-rxAic/mqdefault.jpg
71b1f29b-2494-4dfd-9e27-3e4a283d023b,Bless God,Brooke Ligertwood,gK0fbhGdX4A,https://www.youtube.com/watch?v=gK0fbhGdX4A,517,https://i.ytimg.com/vi/gK0fbhGdX4A/mqdefault.jpg
fda25267-e3d1-4d69-8aa4-8910560cd0ef,Me U &amp; Hennessy,DeJ Loaf,JQbiR2gtyw0,https://www.youtube.com/watch?v=JQbiR2gtyw0,159,https://i.ytimg.com/vi/JQbiR2gtyw0/mqdefault.jpg
452b0708-a897-4935-826d-04b864dcfe71,Multiplication Live 1982 at Montreux Jazz Festival,Eric Gale,PvpEGjbr3ZM,https://www.youtube.com/watch?v=PvpEGjbr3ZM,298,https://i.ytimg.com/vi/PvpEGjbr3ZM/mqdefault.jpg
090f338a-5294-4b95-a49d-05cf14150682,I Got It,DeJ Loaf - Topic,QMwXaoyjdbM,https://www.youtube.com/watch?v=QMwXaoyjdbM,222,https://i.ytimg.com/vi/QMwXaoyjdbM/mqdefault.jpg
ea09242f-206c-427e-8fe7-924f343ccf28,Sara Smile (1977),Eric Gale,EnJExnW9GXM,https://www.youtube.com/watch?v=EnJExnW9GXM,370,https://i.ytimg.com/vi/EnJExnW9GXM/mqdefault.jpg
785f96b1-2e26-48be-ac35-fade610b3d76,Enter Sandman,Metallica,CD-E-LDc384,https://www.youtube.com/watch?v=CD-E-LDc384,331,https://i.ytimg.com/vi/CD-E-LDc384/mqdefault.jpg
1ac061b0-71dc-4361-91cf-9c7039e72790,Stuff Live at Montreux 1976.7.2,Casa de Borinquen,L5aXJ83Qeoc,https://www.youtube.com/watch?v=L5aXJ83Qeoc,700,https://i.ytimg.com/vi/L5aXJ83Qeoc/mqdefault.jpg
51b3f7b3-daf0-4122-bb89-7dbd34000165,second Stuff live 1976 Montreux,Steve Gadd,4M1bEYHJJA8,https://www.youtube.com/watch?v=4M1bEYHJJA8,200,https://i.ytimg.com/vi/4M1bEYHJJA8/mqdefault.jpg
03c6c8ab-3f02-41dd-bf26-191508ebbd48,Promentory (Main Theme),The Last of the Mohicans,9tjdswqGGVg,https://www.youtube.com/watch?v=9tjdswqGGVg,375,https://i.ytimg.com/vi/9tjdswqGGVg/mqdefault.jpg
d1b91057-2ba2-4f12-9206-02635a52af8d,Tiësto 4hr DJ Set Live from New York City,Tiësto,0b_1GADtPnQ,https://www.youtube.com/watch?v=0b_1GADtPnQ,14304,https://i.ytimg.com/vi/0b_1GADtPnQ/mqdefault.jpg
19e4b593-4bd9-462b-b2a9-1060a0747510,Jazz | Ethiopia | 1972,Mulatu Astatke | Album: Mulatu of Ethiopia | Ethio,0ApwZaao0Q8,https://www.youtube.com/watch?v=0ApwZaao0Q8,1632,https://i.ytimg.com/vi/0ApwZaao0Q8/mqdefault.jpg
faec036b-9ac2-4676-be62-a0382f56894e,Anchin Kfu Ayinkash,Hailu Mergia &amp; Dahlak Band,CU9n63ANaEc,https://www.youtube.com/watch?v=CU9n63ANaEc,327,https://i.ytimg.com/vi/CU9n63ANaEc/mqdefault.jpg
2fd61c94-cc4b-4afd-810f-619f243d46e3,Live @ Tomorrowland 2024,Tiësto,A9fuK2XBIC0,https://www.youtube.com/watch?v=A9fuK2XBIC0,3560,https://i.ytimg.com/vi/A9fuK2XBIC0/mqdefault.jpg
a5020c74-80d3-4b73-af4f-2d0f9d6d9777,The Final Countdown,Europe,9jK-NcRmVcw,https://www.youtube.com/watch?v=9jK-NcRmVcw,297,https://i.ytimg.com/vi/9jK-NcRmVcw/mqdefault.jpg
d6dca0b0-b272-4b3f-982e-bc682b836a7e,Hold The Line,Toto,htgr3pvBr-I,https://www.youtube.com/watch?v=htgr3pvBr-I,239,https://i.ytimg.com/vi/htgr3pvBr-I/mqdefault.jpg
fbcffba0-4ffc-4086-ad6d-5dafce9efe23,Yellow Ledbetter,Pearl Jam,iYtBMgLfqKQ,https://www.youtube.com/watch?v=iYtBMgLfqKQ,306,https://i.ytimg.com/vi/iYtBMgLfqKQ/mqdefault.jpg
083ed6a6-1aac-4ebf-bec5-45f1764ed073,VAST Touched,vast,Rpx_PcZjByY,https://www.youtube.com/watch?v=Rpx_PcZjByY,242,https://i.ytimg.com/vi/Rpx_PcZjByY/mqdefault.jpg
2be1b43a-fddf-402b-9299-31b8afece351,Electro &amp; Techno Music,EDM Mashup Mix 2025 | Best Mashups &amp; Remixes of Popular Songs,jaomrsho__Y,https://www.youtube.com/watch?v=jaomrsho__Y,3973,https://i.ytimg.com/vi/jaomrsho__Y/mqdefault.jpg
6158cf26-0068-41da-94be-76eaae733cea,Bass Boosted,Music That Make You Feel BADASS 🎧 EDM Remixes of Popular Songs 🎧 EDM Music Mix ​,sBJT1BpOcvg,https://www.youtube.com/watch?v=sBJT1BpOcvg,7595,https://i.ytimg.com/vi/sBJT1BpOcvg/mqdefault.jpg
2fc8cfff-c637-44ad-98e1-da4fb6f4ce1d,Party Music 2025,EDM Mashup Mix 2025 | Best Mashups &amp; Remixes of Popular Songs,s-KMLPph4vA,https://www.youtube.com/watch?v=s-KMLPph4vA,3608,https://i.ytimg.com/vi/s-KMLPph4vA/mqdefault.jpg
6ff78219-d547-4d45-9300-208f2a0fe6de,live [Colourised] 1968,T Bone Walker,9NCB8xNJPz4,https://www.youtube.com/watch?v=9NCB8xNJPz4,377,https://i.ytimg.com/vi/9NCB8xNJPz4/mqdefault.jpg
beff0f99-0e0c-42eb-9a5d-6580bf14d408,Music Mix 2024 🎧 EDM Remixes of Popular Songs 🎧 EDM Gaming Music Mix ​,Infinity EDM,sTmgaP2gYsk,https://www.youtube.com/watch?v=sTmgaP2gYsk,10783,https://i.ytimg.com/vi/sTmgaP2gYsk/mqdefault.jpg
1eea43a1-aeba-4bb8-867d-d6b031c6c67c,Party Music 2025,EDM Mashup Mix 2025 | Best Mashups &amp; Remixes of Popular Songs,zBwTWJnJMk8,https://www.youtube.com/watch?v=zBwTWJnJMk8,3915,https://i.ytimg.com/vi/zBwTWJnJMk8/mqdefault.jpg
e2195473-2046-40ab-b68d-6c366e88e6ad,Party Music 2025,EDM Mashup Mix 2025 | Best Mashups &amp; Remixes of Popular Songs,fRf5ZYj8SbQ,https://www.youtube.com/watch?v=fRf5ZYj8SbQ,3812,https://i.ytimg.com/vi/fRf5ZYj8SbQ/mqdefault.jpg
a59fc69a-0f8a-4a52-bd81-93f376c5952a,Music Mix 2025 🎧 EDM Remixes Of Popular Songs 🎧 EDM Bass Boosted Music Mix,EDM Sensei,r_8Xm3XowCM,https://www.youtube.com/watch?v=r_8Xm3XowCM,7948,https://i.ytimg.com/vi/r_8Xm3XowCM/mqdefault.jpg
3c59198d-d982-4f85-b68b-793f483f82e6,Best of EDM Party Electro House &amp; Techno Festival Rave Music,New Year Mix 2025,9hFu79HXJGA,https://www.youtube.com/watch?v=9hFu79HXJGA,11784,https://i.ytimg.com/vi/9hFu79HXJGA/mqdefault.jpg
19c056c4-0d90-47e1-84a6-e15ea5a3a8e8,EDM Showcase 2024 by DJ Wara,Vitamin Academy,YvXdqT7EavY,https://www.youtube.com/watch?v=YvXdqT7EavY,2039,https://i.ytimg.com/vi/YvXdqT7EavY/mqdefault.jpg
8f631546-37f0-41b1-9c55-e1d412d36540,Bone Walker - Live 1962-1967,T,VRL2fFlKXVg,https://www.youtube.com/watch?v=VRL2fFlKXVg,1128,https://i.ytimg.com/vi/VRL2fFlKXVg/mqdefault.jpg
ec596b2e-ee31-459c-a860-107defb487b6,EDM Music Mix 2024 🎧 EDM Remixes of Popular Songs 🎧 Bass Boosted Music Mix,EDM Vibes,Va7gnpMnaQ8,https://www.youtube.com/watch?v=Va7gnpMnaQ8,5960,https://i.ytimg.com/vi/Va7gnpMnaQ8/mqdefault.jpg
4d52532f-79a0-492b-a7b6-d70f6fd0e600,Chin Check,N.W.A - Topic,u65FYwIWP88,https://www.youtube.com/watch?v=u65FYwIWP88,264,https://i.ytimg.com/vi/u65FYwIWP88/mqdefault.jpg
7154e06c-a414-4f49-b8f3-a93634de2c59,Bone Blues,T,HxCzMAFrTJ8,https://www.youtube.com/watch?v=HxCzMAFrTJ8,229,https://i.ytimg.com/vi/HxCzMAFrTJ8/mqdefault.jpg
a1b711c4-55b2-4813-8371-b8dda05a887d,Friday I&#39;m In Love,The Cure,mGgMZpGYiy8,https://www.youtube.com/watch?v=mGgMZpGYiy8,215,https://i.ytimg.com/vi/mGgMZpGYiy8/mqdefault.jpg
55d1d232-f66a-4d9a-8286-c2798857328d,Rookie,BoySetsFire - Topic,6JOPR1QSGuE,https://www.youtube.com/watch?v=6JOPR1QSGuE,254,https://i.ytimg.com/vi/6JOPR1QSGuE/mqdefault.jpg
ab309eec-64ea-4ef0-b9db-2d852d46662f,Vizhi Veekura| Sai Smriti | Adesh Krishna | Think Indie,@SaiAbhyankkar,72tCWK3HlaA,https://www.youtube.com/watch?v=72tCWK3HlaA,220,https://i.ytimg.com/vi/72tCWK3HlaA/mqdefault.jpg
3dc61af0-7740-4698-8bf5-36a31ecd7449,Human,Rag&#39;n&#39;Bone Man,L3wKzyIN1yk,https://www.youtube.com/watch?v=L3wKzyIN1yk,198,https://i.ytimg.com/vi/L3wKzyIN1yk/mqdefault.jpg
3c03749f-2204-4bf7-a42e-ff83e5ad7015,Sithira Puthiri| Meenakshi Chaudhary| Akshay Sundher | Think Indie,@SaiAbhyankkar,PqVvrF7pwDQ,https://www.youtube.com/watch?v=PqVvrF7pwDQ,288,https://i.ytimg.com/vi/PqVvrF7pwDQ/mqdefault.jpg
0043fe31-fece-4ef9-93bc-9d6af5ae7e51,Aasa Kooda| Thejo Bharathwaj | Preity Mukundhan | Sai Smriti,@SaiAbhyankkar,a3Ue-LN5B9U,https://www.youtube.com/watch?v=a3Ue-LN5B9U,229,https://i.ytimg.com/vi/a3Ue-LN5B9U/mqdefault.jpg
8cce7a2e-4511-4327-a149-3c4fa4f39c46,Elevation Rhythm &amp; Gracie Binion,GOODBYE YESTERDAY,qOD9M95_fS0,https://www.youtube.com/watch?v=qOD9M95_fS0,300,https://i.ytimg.com/vi/qOD9M95_fS0/mqdefault.jpg
e91f33a4-e115-43c8-a0e2-d52b01f3d6eb,Katchi Sera| Samyuktha | Ken Royson | Think Indie,@SaiAbhyankkar,VU23OPQ1Pmc,https://www.youtube.com/watch?v=VU23OPQ1Pmc,185,https://i.ytimg.com/vi/VU23OPQ1Pmc/mqdefault.jpg
42829694-4099-4bd7-95e3-cb28606385dd,Stimela (The Coal Train),Hugh Masekela - Topic,lXY2TgDdcQ8,https://www.youtube.com/watch?v=lXY2TgDdcQ8,601,https://i.ytimg.com/vi/lXY2TgDdcQ8/mqdefault.jpg
faec2f30-2dee-4c9b-bea3-11b6c751947a,Lay Low,Tiësto,EfWmWlW2PvM,https://www.youtube.com/watch?v=EfWmWlW2PvM,154,https://i.ytimg.com/vi/EfWmWlW2PvM/mqdefault.jpg
dd54a542-9751-4e61-9422-1fb5e4c35c8e,Red Lights,Tiësto,CFF0mV24WCY,https://www.youtube.com/watch?v=CFF0mV24WCY,213,https://i.ytimg.com/vi/CFF0mV24WCY/mqdefault.jpg
16322217-81f6-4805-b065-7c4b46ed2c83,Drama,Ash Code,jdPkcgaH8zg,https://www.youtube.com/watch?v=jdPkcgaH8zg,207,https://i.ytimg.com/vi/jdPkcgaH8zg/mqdefault.jpg
f3749aa9-dd69-4ca4-881f-6069db0ac1ba,Tiësto Live at EDC Las Vegas 2025,Tiësto,wFl_ttYwixk,https://www.youtube.com/watch?v=wFl_ttYwixk,5461,https://i.ytimg.com/vi/wFl_ttYwixk/mqdefault.jpg
4b58ae1e-3eb1-40b2-b9c1-5d18d725ec06,Live @ Ultra Music Festival 2024,TIËSTO,KO7cYLLFbLw,https://www.youtube.com/watch?v=KO7cYLLFbLw,3803,https://i.ytimg.com/vi/KO7cYLLFbLw/mqdefault.jpg
63d9f8a6-b20e-47ca-ba33-85a9bb8e9875,Live from Edge New York City,Tiësto,8R_4O3q92Lo,https://www.youtube.com/watch?v=8R_4O3q92Lo,3752,https://i.ytimg.com/vi/8R_4O3q92Lo/mqdefault.jpg
22cfc159-bade-487a-b819-dac1056cfb86,Quasar Stage,Tiësto Live at Coachella 2025,9FcaUhySrbA,https://www.youtube.com/watch?v=9FcaUhySrbA,5406,https://i.ytimg.com/vi/9FcaUhySrbA/mqdefault.jpg
e317727c-5a3b-44f0-8d85-e3ebf0f4171d,Live @ Tomorrowland 2019,Tiësto,keAW7CDF3_0,https://www.youtube.com/watch?v=keAW7CDF3_0,3573,https://i.ytimg.com/vi/keAW7CDF3_0/mqdefault.jpg
2b87f988-9c95-4aef-928c-7fe61d0aafb7,Live @ Ultra Music Festival 2022,Tiësto,e94gack-DJk,https://www.youtube.com/watch?v=e94gack-DJk,2826,https://i.ytimg.com/vi/e94gack-DJk/mqdefault.jpg
78cdcc43-e3b5-404f-b037-be33ca215de7,Joe Le Taxi (Clip Officiel remasterisé),Vanessa Paradis,Ulay2FvUEd8,https://www.youtube.com/watch?v=Ulay2FvUEd8,236,https://i.ytimg.com/vi/Ulay2FvUEd8/mqdefault.jpg
97754e49-f478-44a9-9e2c-d1fa71111ebd,Save Your Tears (Live on The 2021 iHeart Radio Music Awards),The Weeknd &amp; Ariana Grande,s37x2VSZrLw,https://www.youtube.com/watch?v=s37x2VSZrLw,180,https://i.ytimg.com/vi/s37x2VSZrLw/mqdefault.jpg
a384caac-d25d-4815-a728-935a1a819270,Blue train,John Coltrane,XpZHUVjQydI,https://www.youtube.com/watch?v=XpZHUVjQydI,644,https://i.ytimg.com/vi/XpZHUVjQydI/mqdefault.jpg
a22c8781-c192-4502-bbd0-7fd0ef19ccac,Puttin&#39; on the Ritz,Taco - Topic,TMstTM01m28,https://www.youtube.com/watch?v=TMstTM01m28,282,https://i.ytimg.com/vi/TMstTM01m28/mqdefault.jpg
be5de027-5848-481e-ac4a-74bf8b18136b,Summer in the City,The Lovin&#39; Spoonful,5YgevxRGXIU,https://www.youtube.com/watch?v=5YgevxRGXIU,162,https://i.ytimg.com/vi/5YgevxRGXIU/mqdefault.jpg
87217cb9-d90d-482f-a395-9a8631aaef1d,The Creator Has A Master Plan,Pharoah Sanders - Topic,ViweO33oo2Y,https://www.youtube.com/watch?v=ViweO33oo2Y,1968,https://i.ytimg.com/vi/ViweO33oo2Y/mqdefault.jpg
8289f8fd-6d23-457a-aefe-6e534ae6787b,NORMA JEAN live in The K! Pit (tiny dive bar show),KERRANG!,p8VINGeZi5w,https://www.youtube.com/watch?v=p8VINGeZi5w,2270,https://i.ytimg.com/vi/p8VINGeZi5w/mqdefault.jpg
9d0037a5-b793-45c0-a0b8-628fadfc450e,[Can&#39;t Live if living is] &quot;Without You&quot; (1971),Harry Nilsson,rzB4q6KmX2E,https://www.youtube.com/watch?v=rzB4q6KmX2E,200,https://i.ytimg.com/vi/rzB4q6KmX2E/mqdefault.jpg
d2630e00-5dc0-43c7-a7b4-780bad450b95,HUNTRIX (헌트릭스) &#39;TAKEDOWN&#39; Lyrics (Color Coded Lyrics),Kaejyung,5X_VckeNIFk,https://www.youtube.com/watch?v=5X_VckeNIFk,183,https://i.ytimg.com/vi/5X_VckeNIFk/mqdefault.jpg
dfe1876d-a45e-41bb-b10e-c6c3548618f9,Colors,Pharoah Sanders - Topic,FkDvkR5l1eg,https://www.youtube.com/watch?v=FkDvkR5l1eg,338,https://i.ytimg.com/vi/FkDvkR5l1eg/mqdefault.jpg
a4d22849-7924-46af-a758-4beb517675b0,Alice Coltrane with Pharoah Sanders 1970 Full Album,"Ptah, the El Daoud",BiMHewopOAY,https://www.youtube.com/watch?v=BiMHewopOAY,2766,https://i.ytimg.com/vi/BiMHewopOAY/mqdefault.jpg
827e73b6-b053-4c92-a16d-3475580b89f9,Ænema,TOOL,rHcmnowjfrQ,https://www.youtube.com/watch?v=rHcmnowjfrQ,401,https://i.ytimg.com/vi/rHcmnowjfrQ/mqdefault.jpg
979f991c-49ee-416f-a05f-f19f08b98ac8,کبھی کبھی,Kabhi Kabhi by AUR,ogBQ3VymYbk,https://www.youtube.com/watch?v=ogBQ3VymYbk,216,https://i.ytimg.com/vi/ogBQ3VymYbk/mqdefault.jpg
39ac4f8e-19cc-424d-b67c-ea7621738690,Good Friday,WHY?,KoKPyVVc4FE,https://www.youtube.com/watch?v=KoKPyVVc4FE,379,https://i.ytimg.com/vi/KoKPyVVc4FE/mqdefault.jpg
309bccf4-6dd0-4764-86e7-fc71ee96deb2,Miles Davis   Kind Of Blue Full Album 1959,Phenix,TpMzD8Q1fQg,https://www.youtube.com/watch?v=TpMzD8Q1fQg,3351,https://i.ytimg.com/vi/TpMzD8Q1fQg/mqdefault.jpg
028a1f5e-2727-4861-9785-4a4cb3e14077,Grant Green Trio,Bob Juke,OdFYaK_nUCs,https://www.youtube.com/watch?v=OdFYaK_nUCs,1926,https://i.ytimg.com/vi/OdFYaK_nUCs/mqdefault.jpg
53667ac9-e9d9-4b77-b0ae-593dc90540b6,It Ain&#39;t Necessarily So,Grant Green - Topic,VDDQsIu9FFE,https://www.youtube.com/watch?v=VDDQsIu9FFE,623,https://i.ytimg.com/vi/VDDQsIu9FFE/mqdefault.jpg
71886ddb-8970-426c-ac1c-3d50a9dbd513,Meat Loaf I Would Do Anything For Love Lyrics,kendall ward,srEe6K34DVo,https://www.youtube.com/watch?v=srEe6K34DVo,315,https://i.ytimg.com/vi/srEe6K34DVo/mqdefault.jpg
32cac6ac-9eba-4683-ac5d-2d8e0df67e64,LOVE LOOKS PRETTY ON YOU ★,Nessa Barrett,7qM8lUIcS9M,https://www.youtube.com/watch?v=7qM8lUIcS9M,193,https://i.ytimg.com/vi/7qM8lUIcS9M/mqdefault.jpg
28adbc3a-f656-4e8c-8965-277234c499b5,JO TUM MERE HO,Anuv Jain,ilNt2bikxDI,https://www.youtube.com/watch?v=ilNt2bikxDI,258,https://i.ytimg.com/vi/ilNt2bikxDI/mqdefault.jpg
eb0942ed-7999-41e5-8b10-9d1f1d7c7611,Cool Blues,Grant Green - Topic,he6D4l_qJGw,https://www.youtube.com/watch?v=he6D4l_qJGw,478,https://i.ytimg.com/vi/he6D4l_qJGw/mqdefault.jpg
09e87c4e-8444-4f75-956c-d099de45575a,Tune Kaha | Official Music Video,Prateek Kuhad,GqagMyq2hGQ,https://www.youtube.com/watch?v=GqagMyq2hGQ,237,https://i.ytimg.com/vi/GqagMyq2hGQ/mqdefault.jpg
4aeb570f-3770-4a4d-ae62-b7e857c2e7b4,Co2,Prateek Kuhad,U2SVCCENLjE,https://www.youtube.com/watch?v=U2SVCCENLjE,164,https://i.ytimg.com/vi/U2SVCCENLjE/mqdefault.jpg
ba56e7a9-bcba-4821-9e39-71fdbd5d12bf,Hate the Police,Mudhoney - Topic,SJ2xAtGwtaA,https://www.youtube.com/watch?v=SJ2xAtGwtaA,129,https://i.ytimg.com/vi/SJ2xAtGwtaA/mqdefault.jpg
8b510795-4dac-4659-9910-2941c8a27f41,LAURO,Achille Lauro,iHZDFXhYXSs,https://www.youtube.com/watch?v=iHZDFXhYXSs,212,https://i.ytimg.com/vi/iHZDFXhYXSs/mqdefault.jpg
4337b96e-21a8-4b06-8670-d40e8e408bc1,ELEVATION RHYTHM &amp; Forrest Frank,PRAISES (remix),PpIpFx4ubHE,https://www.youtube.com/watch?v=PpIpFx4ubHE,171,https://i.ytimg.com/vi/PpIpFx4ubHE/mqdefault.jpg
f927cd0d-c0de-4b10-a259-11331d96759b,Yellow,Coldplay,yKNxeF4KMsY,https://www.youtube.com/watch?v=yKNxeF4KMsY,273,https://i.ytimg.com/vi/yKNxeF4KMsY/mqdefault.jpg
b656e599-53e5-4fa4-a6a7-3b5a1b1e3c23,Morirò d&#39;incidente stradale,Gatti Mézzi - Topic,U5nzmT59sCM,https://www.youtube.com/watch?v=U5nzmT59sCM,253,https://i.ytimg.com/vi/U5nzmT59sCM/mqdefault.jpg
a50fad3e-f60f-4d44-b7c6-71588fefa693,Rain Over Me ft. Marc Anthony,Pitbull,SmM0653YvXU,https://www.youtube.com/watch?v=SmM0653YvXU,234,https://i.ytimg.com/vi/SmM0653YvXU/mqdefault.jpg
88242e4b-f3b9-4d3c-8223-9ff17c3f27b5,Blah Blah Blahft. 3OH!3,Ke$ha,3taEuL4EHAg,https://www.youtube.com/watch?v=3taEuL4EHAg,204,https://i.ytimg.com/vi/3taEuL4EHAg/mqdefault.jpg
f5495cd1-2a6e-4724-ab84-e0bd24eae713,DEVO &quot;Whip It&quot;,DEVOvision,IIEVqFB4WUo,https://www.youtube.com/watch?v=IIEVqFB4WUo,163,https://i.ytimg.com/vi/IIEVqFB4WUo/mqdefault.jpg
65c0e79e-3954-4ec8-b22d-2a28c5b36270,Fine di un&#39;epoca,Cosmetic,2T6I10SloZY,https://www.youtube.com/watch?v=2T6I10SloZY,187,https://i.ytimg.com/vi/2T6I10SloZY/mqdefault.jpg
1965589c-f9c2-4960-9e2c-6c88ff11411a,Männer 1984,Herbert Grönemeyer,_IZsxfo8ITw,https://www.youtube.com/watch?v=_IZsxfo8ITw,220,https://i.ytimg.com/vi/_IZsxfo8ITw/mqdefault.jpg
92e8b8a6-ab3f-4556-8a26-7d9d8296accb,Whitewater,Tortoise,GJ4AZXOM9b0,https://www.youtube.com/watch?v=GJ4AZXOM9b0,312,https://i.ytimg.com/vi/GJ4AZXOM9b0/mqdefault.jpg
b9bbc55c-a2f7-4ee1-bfe3-5dfad431b1b0,Florida!!!,Taylor Swift,uEssK8o3jKg,https://www.youtube.com/watch?v=uEssK8o3jKg,220,https://i.ytimg.com/vi/uEssK8o3jKg/mqdefault.jpg
5ec027d4-6241-48f2-821c-99255cb91697,Framed,Canned Heat - Topic,r7uOKEr7Qv8,https://www.youtube.com/watch?v=r7uOKEr7Qv8,304,https://i.ytimg.com/vi/r7uOKEr7Qv8/mqdefault.jpg
dec5d1e1-3c5f-49f0-90d3-591f76c3a691,Rire,Nu Genea,7R2HxUupXOs,https://www.youtube.com/watch?v=7R2HxUupXOs,264,https://i.ytimg.com/vi/7R2HxUupXOs/mqdefault.jpg
0d1b21e3-2311-47f8-bfa3-e2ba6b78a875,"Sweet Little Angel (Live At The Regal Theater, Chicago, 1964)",B.B. King - Topic,RYKYMUFestk,https://www.youtube.com/watch?v=RYKYMUFestk,250,https://i.ytimg.com/vi/RYKYMUFestk/mqdefault.jpg
5351656e-2947-499f-bf2d-649fdd5ed191,Solitude Is Bliss,Tame Impala,WyZSCSCvn6Q,https://www.youtube.com/watch?v=WyZSCSCvn6Q,237,https://i.ytimg.com/vi/WyZSCSCvn6Q/mqdefault.jpg
2c1c0e2d-1187-4f2a-af47-faba27f6a3cc,Laughing With a Mouth of Blood // Lyrics [],St. Vincent Lyrics,ByBGgiacuCc,https://www.youtube.com/watch?v=ByBGgiacuCc,182,https://i.ytimg.com/vi/ByBGgiacuCc/mqdefault.jpg
ea0ab34b-f49f-4d53-aa56-f33f2d8a1a4e,У шамана три руки,Пикник,Xhsl6j6xOEM,https://www.youtube.com/watch?v=Xhsl6j6xOEM,208,https://i.ytimg.com/vi/Xhsl6j6xOEM/mqdefault.jpg
ea1b04de-f0c1-4387-b489-3bd822fd3aeb,Smokestack Lightning,Howlin' Wolf - Topic,VMUt8KdDtTY,https://www.youtube.com/watch?v=VMUt8KdDtTY,187,https://i.ytimg.com/vi/VMUt8KdDtTY/mqdefault.jpg
14fc3943-cc61-4770-8fba-3864c7ce8839,Suds &amp; Soda (from Worst Case Scenario),dEUS,h3r7Oo0Fs-8,https://www.youtube.com/watch?v=h3r7Oo0Fs-8,264,https://i.ytimg.com/vi/h3r7Oo0Fs-8/mqdefault.jpg
1704509a-0c2f-4689-9c84-51beb2674ef3,The Boat Song,The Black Angels,67WJLkCsVDw,https://www.youtube.com/watch?v=67WJLkCsVDw,345,https://i.ytimg.com/vi/67WJLkCsVDw/mqdefault.jpg
08ae8fe1-6735-4879-adbc-fdb6f97524f6,The Drugs Don&#39;t Work,The Verve,ToQ0n3itoII,https://www.youtube.com/watch?v=ToQ0n3itoII,291,https://i.ytimg.com/vi/ToQ0n3itoII/mqdefault.jpg
95905a17-ff73-4a55-9a5b-51be77f7b321,"One Bourbon, One Scotch, One Beer",John Lee Hooker,z4A6o-yf-ao,https://www.youtube.com/watch?v=z4A6o-yf-ao,200,https://i.ytimg.com/vi/z4A6o-yf-ao/mqdefault.jpg
8b4df961-cca1-4cd3-94b1-0cd3168a4bda,The Wagon,Dinosaur Jr. - Topic,TC9Rs54Dxlw,https://www.youtube.com/watch?v=TC9Rs54Dxlw,297,https://i.ytimg.com/vi/TC9Rs54Dxlw/mqdefault.jpg
4f16ae0b-1b1a-4814-9d90-e6d11e38ad2a,Troppo poco intelligente,Scisma,ceA5hkBXLxc,https://www.youtube.com/watch?v=ceA5hkBXLxc,236,https://i.ytimg.com/vi/ceA5hkBXLxc/mqdefault.jpg
52af3421-b936-46d3-a477-eb477570ba2d,That&#39;s What&#39;s Up,Edward Sharpe & The Magnetic Zeros - Topic,WvQ7vVRPr1s,https://www.youtube.com/watch?v=WvQ7vVRPr1s,233,https://i.ytimg.com/vi/WvQ7vVRPr1s/mqdefault.jpg
83fcda2d-c7d8-43ef-929a-2a68f36dc5f4,Recuerdo Tu Futuro Hoy,Karamelo Santo - Topic,q3Xl9ViGISI,https://www.youtube.com/watch?v=q3Xl9ViGISI,247,https://i.ytimg.com/vi/q3Xl9ViGISI/mqdefault.jpg
cee715b9-0a1d-411f-8f2c-00fd95de0dce,ZOVI ME,RR,r0V1ePtxMSo,https://www.youtube.com/watch?v=r0V1ePtxMSo,152,https://i.ytimg.com/vi/r0V1ePtxMSo/mqdefault.jpg
f2c01193-86ee-425c-b774-725d0e19a50f,the all new BMW G310 RR modified  #bmw #bmwmotorrad  #310,Lon Gogoi,FlV6AYhzFbU,https://www.youtube.com/watch?v=FlV6AYhzFbU,11,https://i.ytimg.com/vi/FlV6AYhzFbU/mqdefault.jpg
a8cf8137-408f-434e-b5bc-cf3b52da27f3,Fallen,Lola Amour,S3wytd6ZbXc,https://www.youtube.com/watch?v=S3wytd6ZbXc,202,https://i.ytimg.com/vi/S3wytd6ZbXc/mqdefault.jpg
35431dfd-8a04-4071-bd29-ad8bb4a71f47,Cumberland Gap,David Rawlings,V4c4yQXk6Ug,https://www.youtube.com/watch?v=V4c4yQXk6Ug,179,https://i.ytimg.com/vi/V4c4yQXk6Ug/mqdefault.jpg
42af87d1-a0bc-483e-8751-5ff6c19770fd,Coast To Coast,Elliott Smith,5XPJdf8wwuY,https://www.youtube.com/watch?v=5XPJdf8wwuY,282,https://i.ytimg.com/vi/5XPJdf8wwuY/mqdefault.jpg
a749f0e7-de70-4174-8cb1-4030778a9b6d,Heart Don&#39;t Stand a Chance,Anderson .Paak,O5mcLhuUfG0,https://www.youtube.com/watch?v=O5mcLhuUfG0,313,https://i.ytimg.com/vi/O5mcLhuUfG0/mqdefault.jpg
2ade824f-3bb0-49cd-9ad7-8ccefc52ce51,Let Go for Tonight,Foxes,Pecj5GGjQi8,https://www.youtube.com/watch?v=Pecj5GGjQi8,234,https://i.ytimg.com/vi/Pecj5GGjQi8/mqdefault.jpg
3e115dbf-1aac-4f2a-b28f-987a82dbd5d3,The Bargain Store,Dolly Parton,D1TXnTjbf4A,https://www.youtube.com/watch?v=D1TXnTjbf4A,164,https://i.ytimg.com/vi/D1TXnTjbf4A/mqdefault.jpg
ebc50dc6-fa6c-44f0-8e79-d8719cdbf4e5,"Clam, Crab, Cockle, Cowrie",Joanna Newsom - Topic,7saJwtX4P-w,https://www.youtube.com/watch?v=7saJwtX4P-w,243,https://i.ytimg.com/vi/7saJwtX4P-w/mqdefault.jpg
dc6b8994-2894-4b2b-9777-9920cde83d44,Aphrodite,The Ridleys - Topic,Vbn2S6nfjPI,https://www.youtube.com/watch?v=Vbn2S6nfjPI,237,https://i.ytimg.com/vi/Vbn2S6nfjPI/mqdefault.jpg
dec023fc-3306-4092-9dfa-889b14a5e840,B5 – Eddie Show (Parlato) &amp; B6 – Vado Via (1982),The Colla,Qi4Toe_F0-Q,https://www.youtube.com/watch?v=Qi4Toe_F0-Q,362,https://i.ytimg.com/vi/Qi4Toe_F0-Q/mqdefault.jpg
07feda45-94b3-4e5e-8fb5-22fc7d6037a9,Best of lofi hip hop 2021 ✨ [beats to relax/study to],Lofi Girl,n61ULEU7CO0,https://www.youtube.com/watch?v=n61ULEU7CO0,22258,https://i.ytimg.com/vi/n61ULEU7CO0/mqdefault.jpg
cac7204c-a255-4e04-af5a-a8b3d6b8a83e,Shamballa feat. Shaydee&#39;s (Clip officiel),Anyme,Uhmg30gpTiQ,https://www.youtube.com/watch?v=Uhmg30gpTiQ,154,https://i.ytimg.com/vi/Uhmg30gpTiQ/mqdefault.jpg
5cfb41ec-848e-40be-be18-f30b3fd3f6b7,"Lord Jesus, You&#39;re More Excellent",Nathan Clark George - Topic,k--DKyEPL48,https://www.youtube.com/watch?v=k--DKyEPL48,232,https://i.ytimg.com/vi/k--DKyEPL48/mqdefault.jpg
894f114c-3919-4140-977b-dd2a50f948e1,Acquiesce (Unplugged),Oasis,B0iTMwhtXMM,https://www.youtube.com/watch?v=B0iTMwhtXMM,241,https://i.ytimg.com/vi/B0iTMwhtXMM/mqdefault.jpg
b0a69981-3d76-4a78-a001-7ffb4bb182a6,IV OF SPADES |(Lyrics),Hey Barbara,s1TmQOivQ3w,https://www.youtube.com/watch?v=s1TmQOivQ3w,234,https://i.ytimg.com/vi/s1TmQOivQ3w/mqdefault.jpg
973c2322-4c5c-4a0f-8f00-49a3d482236c,Olde Tyme Mem&#39;ry,Mischief Brew - Topic,lwYxnpoB3gc,https://www.youtube.com/watch?v=lwYxnpoB3gc,300,https://i.ytimg.com/vi/lwYxnpoB3gc/mqdefault.jpg
5e97be03-f75d-4147-9fde-eaafeb0845f1,Bill Collectors Theme Song - Official Music Video,Apes Of The State,ftE4D4xRqso,https://www.youtube.com/watch?v=ftE4D4xRqso,263,https://i.ytimg.com/vi/ftE4D4xRqso/mqdefault.jpg
5d0c9b7b-3ffa-42f9-ae5f-6edbe2e2d2b9,Danger Zone,Kenny Loggins,siwpn14IE7E,https://www.youtube.com/watch?v=siwpn14IE7E,226,https://i.ytimg.com/vi/siwpn14IE7E/mqdefault.jpg
6ffa017f-cf37-4160-a39e-0cdb7201e8a3,Somewhere Only We Know (John Lewis Christmas Advert),Lily Allen,mer6X7nOY_o,https://www.youtube.com/watch?v=mer6X7nOY_o,223,https://i.ytimg.com/vi/mer6X7nOY_o/mqdefault.jpg
5bc55d77-2841-4e46-b3db-f1d8629409e5,I Won&#39;t Hold You Back,TOTO - Topic,rQysrhYnWHg,https://www.youtube.com/watch?v=rQysrhYnWHg,294,https://i.ytimg.com/vi/rQysrhYnWHg/mqdefault.jpg
f4681a4f-4eec-4f00-92ad-59c687c3daf5,Born to Be Alive - Official Video (Clip Officiel),Patrick Hernandez,9UaJAnnipkY,https://www.youtube.com/watch?v=9UaJAnnipkY,190,https://i.ytimg.com/vi/9UaJAnnipkY/mqdefault.jpg
0f44ce9b-cb2b-4759-939f-351b7460d616,All I Ever Wanted(Ultra Music),Basshunter,P3CxhBIrBho,https://www.youtube.com/watch?v=P3CxhBIrBho,192,https://i.ytimg.com/vi/P3CxhBIrBho/mqdefault.jpg
e4d5dffd-6274-4b17-8db0-b119f4d7e9e9,obvious,Oklou,STP4cCpyScE,https://www.youtube.com/watch?v=STP4cCpyScE,166,https://i.ytimg.com/vi/STP4cCpyScE/mqdefault.jpg
3078e62c-507a-4f34-9c92-67344a9e32e9,IV OF SPADES |(Lyrics),Where Have You been My Disco?,oP8W0b1_U_c,https://www.youtube.com/watch?v=oP8W0b1_U_c,223,https://i.ytimg.com/vi/oP8W0b1_U_c/mqdefault.jpg
3a9b5fff-ad53-4175-8ab0-c90d7b145685,Dayvan Cowboy,Boards of Canada,A2zKARkpDW4,https://www.youtube.com/watch?v=A2zKARkpDW4,277,https://i.ytimg.com/vi/A2zKARkpDW4/mqdefault.jpg
6e72d102-8bdf-4b33-a219-0f468c32f48a,Awesome,Pompeya - Topic,4nNMIy7rWw0,https://www.youtube.com/watch?v=4nNMIy7rWw0,226,https://i.ytimg.com/vi/4nNMIy7rWw0/mqdefault.jpg
61183438-e18a-472f-8333-3d0d086a5a55,Tata,Ruby,e_0TUC0A6ns,https://www.youtube.com/watch?v=e_0TUC0A6ns,201,https://i.ytimg.com/vi/e_0TUC0A6ns/mqdefault.jpg
713f4ed2-cbca-4fbf-a963-503e10b3f552,Burn Piano Island Burn,The Blood Brothers,XCRsJKnLppU,https://www.youtube.com/watch?v=XCRsJKnLppU,229,https://i.ytimg.com/vi/XCRsJKnLppU/mqdefault.jpg
41dd4ab7-37fa-43fb-b65a-59d21cb2cc10,Digital Master VideoEdit -,Chris Rea &quot;Looking for the Summer&quot; (New Generation Mix) (ver. 2),WESXaHoLzxY,https://www.youtube.com/watch?v=WESXaHoLzxY,265,https://i.ytimg.com/vi/WESXaHoLzxY/mqdefault.jpg
cad0538b-65e8-44bb-a44e-d0352c788a33,Jealousy,Rubii - Topic,ALTlKgwjB3w,https://www.youtube.com/watch?v=ALTlKgwjB3w,174,https://i.ytimg.com/vi/ALTlKgwjB3w/mqdefault.jpg
ce8246b4-e784-4b15-b1d6-3eabe0a04a9c,Apocalypse (Guitar Cover) With Tabs,Cigarettes After Sex,11mhAg6H01E,https://www.youtube.com/watch?v=11mhAg6H01E,11,https://i.ytimg.com/vi/11mhAg6H01E/mqdefault.jpg
896016c8-be01-4179-8fa3-23480805f950,Gérvágó,Bëlga,k9uyf9zausE,https://www.youtube.com/watch?v=k9uyf9zausE,303,https://i.ytimg.com/vi/k9uyf9zausE/mqdefault.jpg
7f476c6a-1b07-4571-9b65-d01e43b26209,SEX,Cheat Codes x Kris Kross Amsterdam,OORoOGY8D2M,https://www.youtube.com/watch?v=OORoOGY8D2M,258,https://i.ytimg.com/vi/OORoOGY8D2M/mqdefault.jpg
0238d5b6-dbe6-43bf-a560-51a5227ee3a7,"Sex, Drugs &amp; Existential Dread",Chloe Qisha,flyqRjoWr3s,https://www.youtube.com/watch?v=flyqRjoWr3s,164,https://i.ytimg.com/vi/flyqRjoWr3s/mqdefault.jpg
ede501e8-899c-4a1c-a089-5a107f5f9f66,London,Fred again.. | Boiler Room,c0-hvjV2A5Y,https://www.youtube.com/watch?v=c0-hvjV2A5Y,4305,https://i.ytimg.com/vi/c0-hvjV2A5Y/mqdefault.jpg
834065b4-cf37-45b4-b3ec-76df8f2f2900,HOT TO GO!,Chappell Roan,xaPNR-_Cfn0,https://www.youtube.com/watch?v=xaPNR-_Cfn0,212,https://i.ytimg.com/vi/xaPNR-_Cfn0/mqdefault.jpg
64d25662-1576-4a30-9dde-a4c11222f712,Nemzeti Hip-Hop,Bëlga,jS-jSTVt670,https://www.youtube.com/watch?v=jS-jSTVt670,327,https://i.ytimg.com/vi/jS-jSTVt670/mqdefault.jpg
6bb00220-690e-4ed0-8bff-982e29bfbe4d,Unstoppable,Sia,YaEG2aWJnZ8,https://www.youtube.com/watch?v=YaEG2aWJnZ8,227,https://i.ytimg.com/vi/YaEG2aWJnZ8/mqdefault.jpg
ac46dad0-1a6e-4616-b952-0d69cb74e9d1,Chandelier,Sia,2vjPBrBU-TM,https://www.youtube.com/watch?v=2vjPBrBU-TM,232,https://i.ytimg.com/vi/2vjPBrBU-TM/mqdefault.jpg
7d1be752-c16e-4e6d-b17f-6ac2428073a1,Elastic Heart feat. Shia LaBeouf &amp; Maddie Ziegler,Sia,KWZGAExj-es,https://www.youtube.com/watch?v=KWZGAExj-es,308,https://i.ytimg.com/vi/KWZGAExj-es/mqdefault.jpg
4b0f838e-3b95-4b37-8330-144b93a35527,ЛЮБИМАЯ ПЕСНЯ ТВОЕЙ СЕСТРЫ,ПОШЛАЯ МОЛЛИ,itKsZDpIxx4,https://www.youtube.com/watch?v=itKsZDpIxx4,191,https://i.ytimg.com/vi/itKsZDpIxx4/mqdefault.jpg
1ae194a8-f77f-4d8a-83e1-ffed8bd814b2,I Love It (ft. Charli XCX) [Lyrics],Icona Pop,8FqqD38g_H0,https://www.youtube.com/watch?v=8FqqD38g_H0,176,https://i.ytimg.com/vi/8FqqD38g_H0/mqdefault.jpg
37570d0a-b325-4f73-8888-a4872d390cf5,Filthy/Gorgeous (Filthy Extended Version),Scissor Sisters,TlO4FWrVE2I,https://www.youtube.com/watch?v=TlO4FWrVE2I,240,https://i.ytimg.com/vi/TlO4FWrVE2I/mqdefault.jpg
1df3d61b-5824-43bd-9635-52d59a1d5c05,I Can&#39;t Decide,Scissor Sisters - Topic,nlx4mFOopIU,https://www.youtube.com/watch?v=nlx4mFOopIU,167,https://i.ytimg.com/vi/nlx4mFOopIU/mqdefault.jpg
40c5d028-223a-4da8-8fbc-e34dc789d1fe,Let&#39;s Have A Kiki - Instructional Video,Scissor Sisters,eGCD4xb-Tr8,https://www.youtube.com/watch?v=eGCD4xb-Tr8,245,https://i.ytimg.com/vi/eGCD4xb-Tr8/mqdefault.jpg
5680bf97-e1ca-4516-94be-6f0250ac5b50,I Don&#39;t Feel Like Dancin&#39;,Scissor Sisters,4H5I6y1Qvz0,https://www.youtube.com/watch?v=4H5I6y1Qvz0,261,https://i.ytimg.com/vi/4H5I6y1Qvz0/mqdefault.jpg
9c1b028a-a7f8-47a9-a536-0241eb3c825a,September,"Earth, Wind &amp; Fire",Gs069dndIYk,https://www.youtube.com/watch?v=Gs069dndIYk,216,https://i.ytimg.com/vi/Gs069dndIYk/mqdefault.jpg
00ae3910-3efe-4c99-a749-3251055dc48d,"Good Luck, Babe!",Chappell Roan,1RKqOmSkGgM,https://www.youtube.com/watch?v=1RKqOmSkGgM,219,https://i.ytimg.com/vi/1RKqOmSkGgM/mqdefault.jpg
94ac13c4-e017-4837-9a5f-59d25788efbd,Pink Pony Club,Chappell Roan,GR3Liudev18,https://www.youtube.com/watch?v=GR3Liudev18,281,https://i.ytimg.com/vi/GR3Liudev18/mqdefault.jpg
22795572-b650-49ef-bb89-c1641ff7e87f,Red Wine Supernova,Chappell Roan - Topic,y9Wxl9Q9lUQ,https://www.youtube.com/watch?v=y9Wxl9Q9lUQ,193,https://i.ytimg.com/vi/y9Wxl9Q9lUQ/mqdefault.jpg
6ad9af68-4d90-44d3-a5d7-d0b96f13be33,Mambo No. 5 (A Little Bit of...),Lou Bega,EK_LN3XEcnw,https://www.youtube.com/watch?v=EK_LN3XEcnw,222,https://i.ytimg.com/vi/EK_LN3XEcnw/mqdefault.jpg
16e1776b-b6f6-4f6b-8f39-01de2b9a2350,"Relax, Take It Easy",MIKA,9Xvn_Ku55cI,https://www.youtube.com/watch?v=9Xvn_Ku55cI,215,https://i.ytimg.com/vi/9Xvn_Ku55cI/mqdefault.jpg
396cafcc-d2ec-4a18-86d4-26deeb783f3c,Lollipop,MIKA,6md5RSnVUuo,https://www.youtube.com/watch?v=6md5RSnVUuo,191,https://i.ytimg.com/vi/6md5RSnVUuo/mqdefault.jpg
5742b759-267e-4b18-8216-eabbb0112765,‘WICKED’ PERFORMANCE VIDEO (VER. A - MOVIE SET),ALLDAY PROJECT,mhKCRnUKp5U,https://www.youtube.com/watch?v=mhKCRnUKp5U,166,https://i.ytimg.com/vi/mhKCRnUKp5U/mqdefault.jpg
b3200321-ac13-4fd8-87a3-26b60ae0bd86,Big Girl,MIKA,yDSK91mUNLU,https://www.youtube.com/watch?v=yDSK91mUNLU,190,https://i.ytimg.com/vi/yDSK91mUNLU/mqdefault.jpg
4e7ae1d5-6056-491c-8176-20f306288891,Wicked Game,Chris Isaak - Topic,oadhHk2xs6c,https://www.youtube.com/watch?v=oadhHk2xs6c,287,https://i.ytimg.com/vi/oadhHk2xs6c/mqdefault.jpg
b3ceef10-7bf6-4a2a-9631-231ea544e2be,Can&#39;t Get You Out Of My Head,Kylie Minogue,c18441Eh_WE,https://www.youtube.com/watch?v=c18441Eh_WE,231,https://i.ytimg.com/vi/c18441Eh_WE/mqdefault.jpg
74ccca1c-e6b8-4e33-98dd-e72ac849b89a,Padam Padam,Kylie Minogue,p6Cnazi_Fi0,https://www.youtube.com/watch?v=p6Cnazi_Fi0,166,https://i.ytimg.com/vi/p6Cnazi_Fi0/mqdefault.jpg
108177b5-90de-4944-8a85-02fc504309dc,Magic,Kylie Minogue,vzZn31gd_Jc,https://www.youtube.com/watch?v=vzZn31gd_Jc,221,https://i.ytimg.com/vi/vzZn31gd_Jc/mqdefault.jpg
ba7cd065-ec1a-496a-bfd4-439a0ae806fe,I Should Be So Lucky - Official Video,Kylie Minogue,3_TvpBwSZDM,https://www.youtube.com/watch?v=3_TvpBwSZDM,216,https://i.ytimg.com/vi/3_TvpBwSZDM/mqdefault.jpg
86da0c57-b81b-4b45-8be6-0c37c9bda9c8,Berlin 04.07.2025 [] [Tension Tour],Kylie Minogue live [Full show] @ Uber Arena,MG6tA4pbJGA,https://www.youtube.com/watch?v=MG6tA4pbJGA,7301,https://i.ytimg.com/vi/MG6tA4pbJGA/mqdefault.jpg
b6fec219-ab01-42a7-9d27-8b5018c7796d,稲葉曇『ラグトレイン』Vo. 歌愛ユキ,稲葉曇,UnIhRpIT7nc,https://www.youtube.com/watch?v=UnIhRpIT7nc,252,https://i.ytimg.com/vi/UnIhRpIT7nc/mqdefault.jpg
89353fad-f8a7-4506-bfab-8ff472261834,Love Never Felt So Good,"Michael Jackson, Justin Timberlake",oG08ukJPtR8,https://www.youtube.com/watch?v=oG08ukJPtR8,247,https://i.ytimg.com/vi/oG08ukJPtR8/mqdefault.jpg
20900958-a3fb-4d03-8a1d-dcaf62d87a38,&quot;I Need My Girl&quot;,The National,A-Tod1_tZdU,https://www.youtube.com/watch?v=A-Tod1_tZdU,242,https://i.ytimg.com/vi/A-Tod1_tZdU/mqdefault.jpg
cb0f0632-a878-4daf-a6a3-100a9ed36816,Static,FLAVOR FOLEY - Topic,Qc8nkGIRft8,https://www.youtube.com/watch?v=Qc8nkGIRft8,245,https://i.ytimg.com/vi/Qc8nkGIRft8/mqdefault.jpg
bd7e25b2-d608-41fd-8082-82c8d12fa0cc,"重音テト, flower",D/N/A,j9RGt9Z_UeE,https://www.youtube.com/watch?v=j9RGt9Z_UeE,129,https://i.ytimg.com/vi/j9RGt9Z_UeE/mqdefault.jpg
7e1534e3-9637-423e-83fd-9005fc561f51,Numb (Lyrics),Linkin Park,8P0vKLHbtMg,https://www.youtube.com/watch?v=8P0vKLHbtMg,186,https://i.ytimg.com/vi/8P0vKLHbtMg/mqdefault.jpg
1eb531e8-019a-4285-bfd4-c8943616a18d,RED,STE - Topic,42IcRpI4IRE,https://www.youtube.com/watch?v=42IcRpI4IRE,135,https://i.ytimg.com/vi/42IcRpI4IRE/mqdefault.jpg
07b1e299-c925-4cb6-a29a-ff32bcb7818d,USAO【Music】,[WACCA/Rotaeno] You &amp; Die (Game Edition),0q9hTGJir7c,https://www.youtube.com/watch?v=0q9hTGJir7c,129,https://i.ytimg.com/vi/0q9hTGJir7c/mqdefault.jpg
30f28d2e-6471-4303-bd32-fd573621fd22,BIRDBRAIN (w/ OK Glass) feat. Kasane Teto,Jamie Paige / JamieP,0iVlSNpq8i8,https://www.youtube.com/watch?v=0iVlSNpq8i8,256,https://i.ytimg.com/vi/0iVlSNpq8i8/mqdefault.jpg
6a7adcec-5764-4132-8538-476bb536d5ba,Bohemian Rhapsody,Queen,fJ9rUzIMcZQ,https://www.youtube.com/watch?v=fJ9rUzIMcZQ,360,https://i.ytimg.com/vi/fJ9rUzIMcZQ/mqdefault.jpg
6952b019-6265-4a60-bbd1-2e9535366abe,ソレム / Twinfield feat. 重音テト,Twinfield,Dg1TdWb2OEw,https://www.youtube.com/watch?v=Dg1TdWb2OEw,169,https://i.ytimg.com/vi/Dg1TdWb2OEw/mqdefault.jpg
1bac5efe-b6ef-4f97-bc6d-df76eb171e89,VERY NOISE,IGORRR,Osqf4oIK0E8,https://www.youtube.com/watch?v=Osqf4oIK0E8,157,https://i.ytimg.com/vi/Osqf4oIK0E8/mqdefault.jpg
dd1afff2-b11a-4393-aaee-b072d0668285,I want to break free,Queen,Kee9Et2j7DA,https://www.youtube.com/watch?v=Kee9Et2j7DA,261,https://i.ytimg.com/vi/Kee9Et2j7DA/mqdefault.jpg
d25bf5ee-0e40-475c-adfc-d34894c0f0bd,Another One Bites the Dust,Queen,rY0WxgSXdEE,https://www.youtube.com/watch?v=rY0WxgSXdEE,223,https://i.ytimg.com/vi/rY0WxgSXdEE/mqdefault.jpg
0ac7ef72-7670-474f-bc83-518886263876,I Want It All,Queen,hFDcoX7s6rE,https://www.youtube.com/watch?v=hFDcoX7s6rE,253,https://i.ytimg.com/vi/hFDcoX7s6rE/mqdefault.jpg
458b0210-16a3-45a5-a491-d3dbcf7a8ed5,Mea Culpa (Ah! Ça ira!),Gojira,5hTMYk7orHw,https://www.youtube.com/watch?v=5hTMYk7orHw,179,https://i.ytimg.com/vi/5hTMYk7orHw/mqdefault.jpg
c13f5aaa-14e7-43de-8593-14715bec767a,Yellow Submarine,The Beatles,m2uTFF_3MaA,https://www.youtube.com/watch?v=m2uTFF_3MaA,166,https://i.ytimg.com/vi/m2uTFF_3MaA/mqdefault.jpg
d4883377-ab27-4d07-b56c-66fcb8687416,Love Kills U (Extended Mix),EmoCosine - Topic,TjyPfN5sfxA,https://www.youtube.com/watch?v=TjyPfN5sfxA,239,https://i.ytimg.com/vi/TjyPfN5sfxA/mqdefault.jpg
14429a9f-c546-4b2d-9a21-0f666ae40b91,Cutter (Extended Mix),EmoCosine - Topic,VPWKIluf3Yg,https://www.youtube.com/watch?v=VPWKIluf3Yg,185,https://i.ytimg.com/vi/VPWKIluf3Yg/mqdefault.jpg
f04002ff-7948-45ee-ac93-222bb0193980,En Dag Tilbage,Nik &amp; Jay,_JgbyISzmjQ,https://www.youtube.com/watch?v=_JgbyISzmjQ,266,https://i.ytimg.com/vi/_JgbyISzmjQ/mqdefault.jpg
fc7092f2-90fd-4fe0-ac0e-cade82fce851,Lollipop,Chordettes,3rYoRaxgOE0,https://www.youtube.com/watch?v=3rYoRaxgOE0,136,https://i.ytimg.com/vi/3rYoRaxgOE0/mqdefault.jpg
47820353-37c1-4db3-83f5-0707fe431952,Nemesis,ARCH ENEMY,n9AcG0glVu4,https://www.youtube.com/watch?v=n9AcG0glVu4,268,https://i.ytimg.com/vi/n9AcG0glVu4/mqdefault.jpg
e1ff39e4-d399-4798-9178-b3e09682a3f8,Cry For Me,The Weeknd,bn8gP5N8hqM,https://www.youtube.com/watch?v=bn8gP5N8hqM,246,https://i.ytimg.com/vi/bn8gP5N8hqM/mqdefault.jpg
c18a19cc-035e-4729-b05b-0870a8becfc3,HK Onyx Studio 4 #shorts,Heavy Speakers Bass Test,rFYmvGk_ego,https://www.youtube.com/watch?v=rFYmvGk_ego,28,https://i.ytimg.com/vi/rFYmvGk_ego/mqdefault.jpg
0ff8bbe7-aece-4f37-bbfd-c109c74f29e8,One Fine Day,The Chiffons - Topic,D0LYs-VqFuw,https://www.youtube.com/watch?v=D0LYs-VqFuw,129,https://i.ytimg.com/vi/D0LYs-VqFuw/mqdefault.jpg
5ef03081-f5c4-40ec-bf70-722e5f181226,XUV500 @Highway Millage Test with active cruse control.,Avirendra singh,SZzv8DXtI04,https://www.youtube.com/watch?v=SZzv8DXtI04,10,https://i.ytimg.com/vi/SZzv8DXtI04/mqdefault.jpg
172c95f4-ee93-4f45-b327-38ad989a9da1,xiaomi 14t pro night camera test#youtube #youtuber #youtubeshorts #xiaomi,musafir,L3-YrEYF3Ik,https://www.youtube.com/watch?v=L3-YrEYF3Ik,24,https://i.ytimg.com/vi/L3-YrEYF3Ik/mqdefault.jpg
6581d688-50ef-4fe6-b604-fedd6632364d,Pizza aus dem Automaten. 👍#test #taste #pizza #automat #lecker,Stabile TK,ScR9QXG9WNo,https://www.youtube.com/watch?v=ScR9QXG9WNo,138,https://i.ytimg.com/vi/ScR9QXG9WNo/mqdefault.jpg
4e19faf1-1411-43a9-b938-5d17ba320662,My Sharona,The Knack,bbr60I0u2Ng,https://www.youtube.com/watch?v=bbr60I0u2Ng,243,https://i.ytimg.com/vi/bbr60I0u2Ng/mqdefault.jpg
12ef6bed-ef21-4f10-92a3-b270616ad1e7,YMCA (lyrics),Village People,HWl3YA3EEl4,https://www.youtube.com/watch?v=HWl3YA3EEl4,291,https://i.ytimg.com/vi/HWl3YA3EEl4/mqdefault.jpg
ad65a75f-ba75-4a08-b8e1-29ebc220d031,Love My Life,Robbie Williams,j4ggyO-OFXU,https://www.youtube.com/watch?v=j4ggyO-OFXU,209,https://i.ytimg.com/vi/j4ggyO-OFXU/mqdefault.jpg
4a464ae9-7756-4706-b55d-cdd37cdfd472,Amaranth (Remastered),Nightwish - Topic,9vmSKzg7nEg,https://www.youtube.com/watch?v=9vmSKzg7nEg,238,https://i.ytimg.com/vi/9vmSKzg7nEg/mqdefault.jpg
a212f64e-438c-4f9f-a783-87e17823a1be,Bei Mir Bist Du Schön 1937,The Andrews Sisters,EGveTSQbH30,https://www.youtube.com/watch?v=EGveTSQbH30,192,https://i.ytimg.com/vi/EGveTSQbH30/mqdefault.jpg
dcf673d2-0639-4754-9b62-e55036d4dd92,"Thomas Benjamin, I&#39;ve No More F*cks To Give",Marble,d0GWQ_qWAlI,https://www.youtube.com/watch?v=d0GWQ_qWAlI,182,https://i.ytimg.com/vi/d0GWQ_qWAlI/mqdefault.jpg
04967299-f73b-4548-affb-31195b5c152f,"Well, This Is Shit",Thomas Benjamin Wild Esq,cE4lpSFNFUE,https://www.youtube.com/watch?v=cE4lpSFNFUE,223,https://i.ytimg.com/vi/cE4lpSFNFUE/mqdefault.jpg
4ba730e1-2be9-4318-ae53-29fe36ccf2c6,Could You Really Not Just Put This In An Email?,Thomas Benjamin Wild Esq,xcuP3VLFj70,https://www.youtube.com/watch?v=xcuP3VLFj70,160,https://i.ytimg.com/vi/xcuP3VLFj70/mqdefault.jpg
c570c0f9-ae03-40b3-84cf-363716894086,Gauze (Remastered),Red Red Meat - Topic,PsPQajo72Lk,https://www.youtube.com/watch?v=PsPQajo72Lk,290,https://i.ytimg.com/vi/PsPQajo72Lk/mqdefault.jpg
1f437b15-892a-4930-9925-7dd6ce6c7c3e,original song by Austin Archer,CONGRATULATIONS,WJMGYrFYgKk,https://www.youtube.com/watch?v=WJMGYrFYgKk,72,https://i.ytimg.com/vi/WJMGYrFYgKk/mqdefault.jpg
63369c96-0188-4094-b1bd-ed55b3832546,Curb Your Enthusiasm Theme,Theme Guy,Ag1o3koTLWM,https://www.youtube.com/watch?v=Ag1o3koTLWM,68,https://i.ytimg.com/vi/Ag1o3koTLWM/mqdefault.jpg
54a22953-0725-4659-acdd-6eaf2992f768,N.Y. State of Mind,Nas,hI8A14Qcv68,https://www.youtube.com/watch?v=hI8A14Qcv68,296,https://i.ytimg.com/vi/hI8A14Qcv68/mqdefault.jpg
9b970290-c332-44e0-b3db-c4f026255e09,twilight zone,Ariana Grande,x1XIJM6spaE,https://www.youtube.com/watch?v=x1XIJM6spaE,203,https://i.ytimg.com/vi/x1XIJM6spaE/mqdefault.jpg
f40eed1e-390a-477b-858a-a3fade6061a2,VARMAA | Songs | Bala | Dhruv Vikram | E4 Entertainment,Vaanodum Mannodum Lyric Video,XsKaw7CIThw,https://www.youtube.com/watch?v=XsKaw7CIThw,224,https://i.ytimg.com/vi/XsKaw7CIThw/mqdefault.jpg
25c3167d-4b12-4fe7-b015-36ff53149a02,Karuthamma (1994) | A.R. Rahman [],Thenmerku Paruvakatru,nqB3gloVHZM,https://www.youtube.com/watch?v=nqB3gloVHZM,303,https://i.ytimg.com/vi/nqB3gloVHZM/mqdefault.jpg
3772571b-f274-4950-ab5c-1c803b28c567,Madrid,Las Yhadys,6tC9LwAtWQc,https://www.youtube.com/watch?v=6tC9LwAtWQc,173,https://i.ytimg.com/vi/6tC9LwAtWQc/mqdefault.jpg
86f4b134-2647-45c3-a305-97716195e346,Time (Inception Epic Piano Cover),Hans Zimmer,wfW9Qn-191s,https://www.youtube.com/watch?v=wfW9Qn-191s,307,https://i.ytimg.com/vi/wfW9Qn-191s/mqdefault.jpg
cb5215f1-5126-487a-bbe6-581f336f7193,The Count of Tuscany,Dream Theater - Topic,vjoKyj51o_I,https://www.youtube.com/watch?v=vjoKyj51o_I,1158,https://i.ytimg.com/vi/vjoKyj51o_I/mqdefault.jpg
625aa1df-9475-4e4b-8ec7-25f56fe83a20,Nothing Else Matters (Remastered),Metallica - Topic,ozXZnwYTMbs,https://www.youtube.com/watch?v=ozXZnwYTMbs,389,https://i.ytimg.com/vi/ozXZnwYTMbs/mqdefault.jpg
fb15d491-fe42-4883-8352-ad752a806757,Électrique Yarghol (2019),Acid Arab,8UjwWWA6WAc,https://www.youtube.com/watch?v=8UjwWWA6WAc,393,https://i.ytimg.com/vi/8UjwWWA6WAc/mqdefault.jpg
30b64fbc-b6b0-441a-ba53-da8e0d2998b8,Sigma Boy,"Betsy, Мария Янковская",ueNY30Cs8Lk,https://www.youtube.com/watch?v=ueNY30Cs8Lk,155,https://i.ytimg.com/vi/ueNY30Cs8Lk/mqdefault.jpg
7f1e5c60-60c8-4cc8-a7cd-64f5064849c1,Electric Mawwal II,Rizan Said - Topic,cQFHR_9mIDI,https://www.youtube.com/watch?v=cQFHR_9mIDI,142,https://i.ytimg.com/vi/cQFHR_9mIDI/mqdefault.jpg
4fbc91c6-605a-42d6-9906-4f12f42e17de,Electric (Original Mix),Max3RB - Topic,o-bV32R0whE,https://www.youtube.com/watch?v=o-bV32R0whE,173,https://i.ytimg.com/vi/o-bV32R0whE/mqdefault.jpg
190a9fec-3f56-4a9e-8ed3-9387f006ffe3,yar ghul ( palestinian trap ),Bozorgmehr Safavi,cL0A2jjKC2U,https://www.youtube.com/watch?v=cL0A2jjKC2U,231,https://i.ytimg.com/vi/cL0A2jjKC2U/mqdefault.jpg
247b9aec-8102-4f12-8596-995a08b9ca52,Sunglasses At Night,Corey Hart,X2LTL8KgKv8,https://www.youtube.com/watch?v=X2LTL8KgKv8,234,https://i.ytimg.com/vi/X2LTL8KgKv8/mqdefault.jpg
fd71b15c-da72-4515-8a43-eb068f3d9eca,Electric Acid (Original Mix),Mark Dekoda,4wD6Tii2b70,https://www.youtube.com/watch?v=4wD6Tii2b70,344,https://i.ytimg.com/vi/4wD6Tii2b70/mqdefault.jpg
b895a9c4-6753-4b94-b350-c3c2b5068fc5,Legalize Living,The Hives,uqCV7wR-pmM,https://www.youtube.com/watch?v=uqCV7wR-pmM,205,https://i.ytimg.com/vi/uqCV7wR-pmM/mqdefault.jpg
f077c070-432f-4817-90d1-86d0a1c10eaa,Hate to Say I Told You So,The Hives,Uz1Jwyxd4tE,https://www.youtube.com/watch?v=Uz1Jwyxd4tE,201,https://i.ytimg.com/vi/Uz1Jwyxd4tE/mqdefault.jpg
fcf88b79-da0b-4773-94eb-75b78958584f,Driving with my Darling -,AND ONE,CIw9n6xnUSI,https://www.youtube.com/watch?v=CIw9n6xnUSI,179,https://i.ytimg.com/vi/CIw9n6xnUSI/mqdefault.jpg
12b57bc4-61db-4174-95bb-73334ad398bf,Do I Wanna Know?,Arctic Monkeys,bpOSxM0rNPM,https://www.youtube.com/watch?v=bpOSxM0rNPM,266,https://i.ytimg.com/vi/bpOSxM0rNPM/mqdefault.jpg
250baeef-9c6e-4740-8534-a8633b0fa47d,Tiny Desk Concert,Chick Corea &amp; Gary Burton,15IHNYq6stw,https://www.youtube.com/watch?v=15IHNYq6stw,1208,https://i.ytimg.com/vi/15IHNYq6stw/mqdefault.jpg
78bae52b-229a-40d2-997b-3c1ced4b50e5,Hymne gegen euch,Provinz,BKh5IMj4ias,https://www.youtube.com/watch?v=BKh5IMj4ias,195,https://i.ytimg.com/vi/BKh5IMj4ias/mqdefault.jpg
a427dd84-f8a4-4349-9316-911f9dfcfc45,Sleep,BBC In Tune Sessions: Max Richter,9IOW7OXjHvY,https://www.youtube.com/watch?v=9IOW7OXjHvY,588,https://i.ytimg.com/vi/9IOW7OXjHvY/mqdefault.jpg
ac2e745f-b5ed-4c6f-bd41-7ac6e16aa5b5,Tom Hanks,Buckwheat Groats - Topic,fHXTrwxk1Y0,https://www.youtube.com/watch?v=fHXTrwxk1Y0,231,https://i.ytimg.com/vi/fHXTrwxk1Y0/mqdefault.jpg
15417876-a308-4363-a43b-583afdaf72eb,Callista (1080p),Need For Speed 4 High Stakes Soundtrack,tuOOuarA7xA,https://www.youtube.com/watch?v=tuOOuarA7xA,261,https://i.ytimg.com/vi/tuOOuarA7xA/mqdefault.jpg
3171443e-84e9-4aac-9dbd-8f06aa4f6e56,Blue,Eiffel 65,4iwHb189X84,https://www.youtube.com/watch?v=4iwHb189X84,237,https://i.ytimg.com/vi/4iwHb189X84/mqdefault.jpg
03792b90-9a68-46cb-8d3d-b2d39e79b050,Lone Digger,Caravan Palace,UbQgXeY_zi4,https://www.youtube.com/watch?v=UbQgXeY_zi4,171,https://i.ytimg.com/vi/UbQgXeY_zi4/mqdefault.jpg
0426cd3a-bc78-41c4-925c-255899f8a7ce,#5 - Industria,Rage Racer Soundtrack,A7iKhXWroAk,https://www.youtube.com/watch?v=A7iKhXWroAk,311,https://i.ytimg.com/vi/A7iKhXWroAk/mqdefault.jpg
b8c453a4-4adb-48b0-a53a-f4277210edb6,Ridin&#39; Solo,Jason Derulo,8ESdn0MuJWQ,https://www.youtube.com/watch?v=8ESdn0MuJWQ,241,https://i.ytimg.com/vi/8ESdn0MuJWQ/mqdefault.jpg
39c20fb2-baa3-482b-957e-9389b8275059,Ridin&#39; Solo (Original Version),Jason Derulo,nRLJtT50VHo,https://www.youtube.com/watch?v=nRLJtT50VHo,219,https://i.ytimg.com/vi/nRLJtT50VHo/mqdefault.jpg
c58b17d9-29da-45b0-8441-9851ee4a34c5,Stranger,Secondhand Serenade - Topic,Zdw8khKNa1c,https://www.youtube.com/watch?v=Zdw8khKNa1c,287,https://i.ytimg.com/vi/Zdw8khKNa1c/mqdefault.jpg
cd25d5a0-042c-4409-a3db-c6f10f44181a,4 Gatsu,Berserk soundtrack,vZa0Yh6e7dw,https://www.youtube.com/watch?v=vZa0Yh6e7dw,217,https://i.ytimg.com/vi/vZa0Yh6e7dw/mqdefault.jpg
d1052bfb-38c7-4329-9e2b-745708ea8365,Cascade,Plini,7m5XvO0Y2-Y,https://www.youtube.com/watch?v=7m5XvO0Y2-Y,361,https://i.ytimg.com/vi/7m5XvO0Y2-Y/mqdefault.jpg
7ae913c2-7b08-4e8b-b572-52a80837ab9c,Take Me Away (Acoustic Version),Lifehouse - Topic,pOMfe6bvM2w,https://www.youtube.com/watch?v=pOMfe6bvM2w,237,https://i.ytimg.com/vi/pOMfe6bvM2w/mqdefault.jpg
76d32d0b-21c4-4121-9a8a-b25a0765f0c3,Mario Kart Wii OST,Coconut Mall,cscuCIzItZQ,https://www.youtube.com/watch?v=cscuCIzItZQ,142,https://i.ytimg.com/vi/cscuCIzItZQ/mqdefault.jpg
9b4001d8-a86a-4edd-82df-b47b90f31c21,Too Sweet (Lyrics),Hozier,HKtryoXkNs4,https://www.youtube.com/watch?v=HKtryoXkNs4,252,https://i.ytimg.com/vi/HKtryoXkNs4/mqdefault.jpg
41a182d2-9a98-49d7-b5eb-80d9303a6d19,"Sufjan Stevens, &quot;Fourth Of July&quot;",Asthmatic Kitty,JTeKpWp8Psw,https://www.youtube.com/watch?v=JTeKpWp8Psw,279,https://i.ytimg.com/vi/JTeKpWp8Psw/mqdefault.jpg
3203003d-03fc-4a10-978c-0eb4cd4729b8,Alf Leila We Leila | ام كلثوم - ألف ليلة وليلة,Umm Kulthum,ul4z6sLnXYY,https://www.youtube.com/watch?v=ul4z6sLnXYY,2492,https://i.ytimg.com/vi/ul4z6sLnXYY/mqdefault.jpg
01addaf8-0bdc-4b6c-8c33-a0e20dbc4075,Enta Omry | ام كلثوم - انت عمري,Umm Kulthum,1wBvuZVE7FI,https://www.youtube.com/watch?v=1wBvuZVE7FI,3499,https://i.ytimg.com/vi/1wBvuZVE7FI/mqdefault.jpg
d6007355-b8aa-4c78-b2f2-e9963f1c0ad5,Fakarouny | ام كلثوم - فكرونى,Umm Kulthum,oDrPsZxk-WM,https://www.youtube.com/watch?v=oDrPsZxk-WM,3579,https://i.ytimg.com/vi/oDrPsZxk-WM/mqdefault.jpg
ac315b2a-37ab-49c5-9b4a-f36ba311362e,Amal Hayaty | ام كلثوم - أمل حياتي,Umm Kulthum,HYzPsh83i0s,https://www.youtube.com/watch?v=HYzPsh83i0s,2300,https://i.ytimg.com/vi/HYzPsh83i0s/mqdefault.jpg
247ca917-e70e-4e5b-961f-e8d51d722d74,Home (Sessions @ AOL 2009),Daughtry,xv1VTX5iB7Y,https://www.youtube.com/watch?v=xv1VTX5iB7Y,258,https://i.ytimg.com/vi/xv1VTX5iB7Y/mqdefault.jpg
85f4dd52-6376-4f11-8ae6-3c8aa37b4621,El Atlal | ام كلثوم - الأطلال,Umm Kulthum,5z8LvG5tfOE,https://www.youtube.com/watch?v=5z8LvG5tfOE,2383,https://i.ytimg.com/vi/5z8LvG5tfOE/mqdefault.jpg
276bd620-dd26-4513-9938-2f1124eb5a6e,Over You,Daughtry,m02-RHN_hQE,https://www.youtube.com/watch?v=m02-RHN_hQE,225,https://i.ytimg.com/vi/m02-RHN_hQE/mqdefault.jpg
6b655a1d-b939-4ded-8b76-65b3625d2a45,Home,Daughtry,7bnX-6sJZBw,https://www.youtube.com/watch?v=7bnX-6sJZBw,257,https://i.ytimg.com/vi/7bnX-6sJZBw/mqdefault.jpg
afa0df28-ac9c-44fc-8827-bd1bfa97a81d,Alf Lela We Lela | Short Version - ام كلثوم - ألف ليلة وليلة | نسخة قصيرة,Umm Kulthum,sjo6ajQ6uTs,https://www.youtube.com/watch?v=sjo6ajQ6uTs,1395,https://i.ytimg.com/vi/sjo6ajQ6uTs/mqdefault.jpg
492770bf-5b27-4365-a12c-400b0f71630e,Sunsetft. Tim Henson &amp; Cory Wong,Plini,DRPX8kI06v8,https://www.youtube.com/watch?v=DRPX8kI06v8,158,https://i.ytimg.com/vi/DRPX8kI06v8/mqdefault.jpg
9d552c33-5001-40f2-81c7-74c86aace796,[Yoda death scream],PhantomKnight64,hkj18vTU9y8,https://www.youtube.com/watch?v=hkj18vTU9y8,9,https://i.ytimg.com/vi/hkj18vTU9y8/mqdefault.jpg
00ca4222-005a-4604-a7fb-212c5541aa67,Mighty (Feat. JFTH),a Vicipaedia,efHb1DH5Y8M,https://www.youtube.com/watch?v=efHb1DH5Y8M,204,https://i.ytimg.com/vi/efHb1DH5Y8M/mqdefault.jpg
2342d115-f60b-4cae-99d3-a4159af7355f,Final Destination Theme,Super Smash Bros. Melee,889TJDoDipo,https://www.youtube.com/watch?v=889TJDoDipo,168,https://i.ytimg.com/vi/889TJDoDipo/mqdefault.jpg
4acc39b1-cdf0-4edb-aeb9-2bd665eb9041,Elastic Heart (Lyrics),Sia,noHygl5CGEY,https://www.youtube.com/watch?v=noHygl5CGEY,256,https://i.ytimg.com/vi/noHygl5CGEY/mqdefault.jpg
1f303ff8-578a-4ea1-aacb-dcd9b94d2f62,Maneater,Nelly Furtado,8wmbSYASPsY,https://www.youtube.com/watch?v=8wmbSYASPsY,266,https://i.ytimg.com/vi/8wmbSYASPsY/mqdefault.jpg
4c092a4a-46ba-47ad-96e0-36b3f927a303,Maneater,Daryl Hall &amp; John Oates,yRYFKcMa_Ek,https://www.youtube.com/watch?v=yRYFKcMa_Ek,265,https://i.ytimg.com/vi/yRYFKcMa_Ek/mqdefault.jpg
3bbebfb7-87bc-45fd-9514-59e23db0fad7,Elastic,Kylie Cantrall,764pd6slGFc,https://www.youtube.com/watch?v=764pd6slGFc,166,https://i.ytimg.com/vi/764pd6slGFc/mqdefault.jpg
08e654c6-ba3d-40f6-ba52-1885cf611629,Elastic,ČESKO SLOVENSKO MÁ TALENT 2019,mykkrac0-Ic,https://www.youtube.com/watch?v=mykkrac0-Ic,470,https://i.ytimg.com/vi/mykkrac0-Ic/mqdefault.jpg
e1e002cc-ed60-4f29-bcf2-c8bbb61ca606,"&quot;Le Portique&quot;  dans Signé Taloche (version TV 6,5min)",ELASTIC,2LFLkFwV8M0,https://www.youtube.com/watch?v=2LFLkFwV8M0,419,https://i.ytimg.com/vi/2LFLkFwV8M0/mqdefault.jpg
b447977a-2c6c-4e4d-8c6c-8dd70275f958,On The Floor (Lyrics/Letra),Jenefer Lopes,-Wg8ySt9tO0,https://www.youtube.com/watch?v=-Wg8ySt9tO0,286,https://i.ytimg.com/vi/-Wg8ySt9tO0/mqdefault.jpg
ce1e788f-6264-4f0b-b053-6c32aafbb65b,【Ado】うっせぇわ,Ado,Qp3b-RXtz4w,https://www.youtube.com/watch?v=Qp3b-RXtz4w,203,https://i.ytimg.com/vi/Qp3b-RXtz4w/mqdefault.jpg
49c2c5b4-c1ab-4379-9abc-7c4fa108c010,【Ado】エルフ,Ado,SbxR25brgoE,https://www.youtube.com/watch?v=SbxR25brgoE,263,https://i.ytimg.com/vi/SbxR25brgoE/mqdefault.jpg
7d42767b-a275-425f-bcfd-35fb030666aa,【Ado】新時代 (ウタ from ONE PIECE FILM RED),Ado,1FliVTcX8bQ,https://www.youtube.com/watch?v=1FliVTcX8bQ,238,https://i.ytimg.com/vi/1FliVTcX8bQ/mqdefault.jpg
39e55fa3-89b4-4a62-95ac-f6b7ec853162,【Ado】 唱,Ado,pgXpM4l_MwI,https://www.youtube.com/watch?v=pgXpM4l_MwI,190,https://i.ytimg.com/vi/pgXpM4l_MwI/mqdefault.jpg
34d34349-4460-421a-852c-28c612471385,Minh Tuyết,Muộn Màng,SdaC5AUqL-E,https://www.youtube.com/watch?v=SdaC5AUqL-E,306,https://i.ytimg.com/vi/SdaC5AUqL-E/mqdefault.jpg
b66c54f5-6f5d-4d58-9755-8ee748617f80,Karaoke minhvu822 || Beat Chuẩn 🎤,Muộn Màng (Minh Tuyết),9b0XmB-1IwU,https://www.youtube.com/watch?v=9b0XmB-1IwU,305,https://i.ytimg.com/vi/9b0XmB-1IwU/mqdefault.jpg
81b71905-8192-4da3-946d-c3f2a50f8505,Lân Nhã | Official Music Video | Mây Saigon,Nỗi Đau Muộn Màng,VgxUy3IB7eE,https://www.youtube.com/watch?v=VgxUy3IB7eE,294,https://i.ytimg.com/vi/VgxUy3IB7eE/mqdefault.jpg
a6391fd4-da6b-4980-a916-6c89fbb6e8c2,&#39;Muộn Màng&#39;,VIN MUSIC,H32AlFHZZyI,https://www.youtube.com/watch?v=H32AlFHZZyI,218,https://i.ytimg.com/vi/H32AlFHZZyI/mqdefault.jpg
27d2bd68-f2ca-4471-b96e-ae35ca65f777,Ns: Nguyễn Hồng Thuận,MUỘN_Đàm Vĩnh Hưng || LALA TRẦN COVER || Sáng Tác,OYf5YGLXUbA,https://www.youtube.com/watch?v=OYf5YGLXUbA,3641,https://i.ytimg.com/vi/OYf5YGLXUbA/mqdefault.jpg
7be436c5-31ec-4b32-8796-fbec9a1d837b,Mastodon   The Motherload (Live on Letterman),Janet,Z3bcc4_tbn8,https://www.youtube.com/watch?v=Z3bcc4_tbn8,247,https://i.ytimg.com/vi/Z3bcc4_tbn8/mqdefault.jpg
7beee565-0d15-4111-b625-abf3ae2b5f11,Blood And Thunder,Mastodon,v-Su1YXQYek,https://www.youtube.com/watch?v=v-Su1YXQYek,229,https://i.ytimg.com/vi/v-Su1YXQYek/mqdefault.jpg
21f5a2b2-2cfb-4632-9f34-6860f6c691b9,Around the World,Daft Punk,dwDns8x3Jb4,https://www.youtube.com/watch?v=dwDns8x3Jb4,430,https://i.ytimg.com/vi/dwDns8x3Jb4/mqdefault.jpg
d2473853-9943-43c0-8334-bac02fcb259a,YOASOBI「アイドル」 Official Music Video,Ayase / YOASOBI,ZRtdQ81jPUQ,https://www.youtube.com/watch?v=ZRtdQ81jPUQ,226,https://i.ytimg.com/vi/ZRtdQ81jPUQ/mqdefault.jpg
bc2bdda1-b31a-49b8-b387-0b2204f21725,JOHN TEJADA live set in The Lab LA,Mixmag,V6rrSXXddV0,https://www.youtube.com/watch?v=V6rrSXXddV0,3987,https://i.ytimg.com/vi/V6rrSXXddV0/mqdefault.jpg
14d19eb4-3d86-48f6-916d-d2efc60d6c83,Ain&#39;t My Bitch (Remastered),Metallica - Topic,XQldyhmHfes,https://www.youtube.com/watch?v=XQldyhmHfes,305,https://i.ytimg.com/vi/XQldyhmHfes/mqdefault.jpg
5eea9848-1b56-47bf-a513-5a4043d8bfc2,Sucre (feat. Qzen),John Tejada - Topic,v2lx7NTxu44,https://www.youtube.com/watch?v=v2lx7NTxu44,369,https://i.ytimg.com/vi/v2lx7NTxu44/mqdefault.jpg
f501dc1a-7e68-41c1-ae46-9b37974d9151,Magic Dance,David Bowie - Topic,j6NqnYYmSVE,https://www.youtube.com/watch?v=j6NqnYYmSVE,253,https://i.ytimg.com/vi/j6NqnYYmSVE/mqdefault.jpg
85a571f2-55de-4487-a4ea-6f1fcacdaac1,The End Of It All,John Tejada - Topic,OTGj93r6_Aw,https://www.youtube.com/watch?v=OTGj93r6_Aw,464,https://i.ytimg.com/vi/OTGj93r6_Aw/mqdefault.jpg
14ebf39f-1ea3-4353-9a4e-9fbb242cee3c,John Tejada performing live at Elektron&#39;s Night of the Machines,Perfect Circuit,CKOVF2tfYLA,https://www.youtube.com/watch?v=CKOVF2tfYLA,431,https://i.ytimg.com/vi/CKOVF2tfYLA/mqdefault.jpg
ec523e1e-3d29-4324-81f4-407e51dff0fd,No Surprises,Radiohead,u5CVsCnxyXg,https://www.youtube.com/watch?v=u5CVsCnxyXg,228,https://i.ytimg.com/vi/u5CVsCnxyXg/mqdefault.jpg
bbd4d02c-2632-462b-810c-1d456d10ca7c,ANVIL,LORN,CqaAs_3azSs,https://www.youtube.com/watch?v=CqaAs_3azSs,221,https://i.ytimg.com/vi/CqaAs_3azSs/mqdefault.jpg
c9364184-3b86-4014-8f3a-992ed938be05,Everything In Its Right Place,Radiohead - Topic,NUnXxh5U25Y,https://www.youtube.com/watch?v=NUnXxh5U25Y,252,https://i.ytimg.com/vi/NUnXxh5U25Y/mqdefault.jpg
5740480e-4a03-4858-8938-169560178236,on the floor instrumental (tiktok edit),jennifer lopez,TdB9hPMopSI,https://www.youtube.com/watch?v=TdB9hPMopSI,247,https://i.ytimg.com/vi/TdB9hPMopSI/mqdefault.jpg
a7e79d38-e6ed-4ab0-8f37-61178ac4700c,Deja Vu,Mort Garson - Topic,AumYP6Np1eI,https://www.youtube.com/watch?v=AumYP6Np1eI,200,https://i.ytimg.com/vi/AumYP6Np1eI/mqdefault.jpg
12ebc380-e145-4128-94a6-069d3a26a7f2,Benjamin Francis Leftwich,&#39;Atlas Hands&#39; Official Video (),Pyue2N1XZ0M,https://www.youtube.com/watch?v=Pyue2N1XZ0M,177,https://i.ytimg.com/vi/Pyue2N1XZ0M/mqdefault.jpg
1f48541d-f382-43d7-8814-aa1f0fb0f562,The Unexplained,Ataraxia,gbWLTHciLzU,https://www.youtube.com/watch?v=gbWLTHciLzU,188,https://i.ytimg.com/vi/gbWLTHciLzU/mqdefault.jpg
4b92001d-8474-42f1-b406-6a9099f5a947,Fall Into Sleep,Mudvayne - Topic,kDfX9TTxGqk,https://www.youtube.com/watch?v=kDfX9TTxGqk,232,https://i.ytimg.com/vi/kDfX9TTxGqk/mqdefault.jpg
080b88ee-ce3c-4af5-a6ad-91b320b8dd39,Fast As You Can,Fiona Apple,NbxqtbqyoRk,https://www.youtube.com/watch?v=NbxqtbqyoRk,236,https://i.ytimg.com/vi/NbxqtbqyoRk/mqdefault.jpg
41272047-89ae-4fdc-82af-126f8f86b384,Our Broken Mind Embassy (Extended Mix),Jan Blomqvist,piW4jVeQzsU,https://www.youtube.com/watch?v=piW4jVeQzsU,471,https://i.ytimg.com/vi/piW4jVeQzsU/mqdefault.jpg
c50dc77b-eacc-4308-867c-509721525594,I&#39;ve No More F***s To Give!,Thomas Benjamin Wild Esq,Vqbk9cDX0l0,https://www.youtube.com/watch?v=Vqbk9cDX0l0,186,https://i.ytimg.com/vi/Vqbk9cDX0l0/mqdefault.jpg
a56180ec-3f0e-4ac7-8a1b-9824d6e20c7a,Invencibles,VULTTURE,bzODC2eZzAw,https://www.youtube.com/watch?v=bzODC2eZzAw,214,https://i.ytimg.com/vi/bzODC2eZzAw/mqdefault.jpg
71d045fb-1d16-4e46-ae96-64121d1dc2af,fox capture plan,03. Butterfly Effect,SgOo3E11xV4,https://www.youtube.com/watch?v=SgOo3E11xV4,296,https://i.ytimg.com/vi/SgOo3E11xV4/mqdefault.jpg
f48b0de0-5e14-441d-828b-3f3bc0cee125,Mother Pheasant Plucker (SITC 2013),Hank Green,XZDVTwomRgU,https://www.youtube.com/watch?v=XZDVTwomRgU,85,https://i.ytimg.com/vi/XZDVTwomRgU/mqdefault.jpg
f2b972e2-ad31-4b5c-8332-63267b8bd82f,BOY CRAZY. (feat. JADE),Kesha - Topic,amUdVhtaE7U,https://www.youtube.com/watch?v=amUdVhtaE7U,170,https://i.ytimg.com/vi/amUdVhtaE7U/mqdefault.jpg
64be0cc3-8c80-43a8-b428-9235a52dc649,Mixed Nuts ［Official Video］,Official髭男dism,CbH2F0kXgTY,https://www.youtube.com/watch?v=CbH2F0kXgTY,230,https://i.ytimg.com/vi/CbH2F0kXgTY/mqdefault.jpg
3f9fe611-c0e2-417b-8163-b5d81267ee93,Strange Charm: A Song About Quarks,Hank Green,Bkm8keeSENw,https://www.youtube.com/watch?v=Bkm8keeSENw,115,https://i.ytimg.com/vi/Bkm8keeSENw/mqdefault.jpg
f9873482-aa60-4f9e-af0a-d4f8a4473eff,Golden (Lyrics) KPop Demon Hunters,HUNTR/X,cne7eXdOU-s,https://www.youtube.com/watch?v=cne7eXdOU-s,195,https://i.ytimg.com/vi/cne7eXdOU-s/mqdefault.jpg
9f43aa13-2341-4ad9-bf7e-733215d99617,Sleep,Godspeed You! Black Emperor - Topic,7EGTD7azzWk,https://www.youtube.com/watch?v=7EGTD7azzWk,1398,https://i.ytimg.com/vi/7EGTD7azzWk/mqdefault.jpg
ea311123-8bd1-46cb-87c5-036f61710666,"Fiesta Latina Dominicana Mix 2024, Latin Party Mix, Best Latin Party Hits, MIx Latino",Dj Johnny Sosa,GS7DPKkLnVA,https://www.youtube.com/watch?v=GS7DPKkLnVA,3606,https://i.ytimg.com/vi/GS7DPKkLnVA/mqdefault.jpg
e74ae0ec-f48d-46d4-83c1-b3c6bcc3d0aa,Technologic,Daft Punk,D8K90hX4PrE,https://www.youtube.com/watch?v=D8K90hX4PrE,176,https://i.ytimg.com/vi/D8K90hX4PrE/mqdefault.jpg
576bfc73-eb22-4493-a3b3-9efc6393171a,aespa 에스파 &#39;Dirty Work&#39; Choreography Video,aespa,tBMbAyqOLY8,https://www.youtube.com/watch?v=tBMbAyqOLY8,200,https://i.ytimg.com/vi/tBMbAyqOLY8/mqdefault.jpg
1dc012a3-b9eb-4b2f-8c34-1719ec6de955,NEVER,Demeter,PB1Zbmwl3rU,https://www.youtube.com/watch?v=PB1Zbmwl3rU,221,https://i.ytimg.com/vi/PB1Zbmwl3rU/mqdefault.jpg
61378fcf-ea9a-4666-ac71-81934396e6c1,Never,Mag.Lo - Topic,OSI6JJaz35I,https://www.youtube.com/watch?v=OSI6JJaz35I,385,https://i.ytimg.com/vi/OSI6JJaz35I/mqdefault.jpg
ebb40f3c-44e9-4511-b4d9-95f6307e40a8,Never,Man On The Moon ft Amra,hPpwamMwWhw,https://www.youtube.com/watch?v=hPpwamMwWhw,195,https://i.ytimg.com/vi/hPpwamMwWhw/mqdefault.jpg
fcab4125-876e-4f75-882f-cbefee989e86,Never (TikTok Version),Massive Lust - Topic,7LnPujLS_Dg,https://www.youtube.com/watch?v=7LnPujLS_Dg,276,https://i.ytimg.com/vi/7LnPujLS_Dg/mqdefault.jpg
9410bbb9-53ce-454f-ac20-35771463f09b,&#39;Kill This Love&#39; M/V,BLACKPINK,2S24-y0Ij3Y,https://www.youtube.com/watch?v=2S24-y0Ij3Y,194,https://i.ytimg.com/vi/2S24-y0Ij3Y/mqdefault.jpg
2da7b1f4-7bc5-4a0b-b28d-047e7b68d3f4,STAYC(스테이씨) &#39;BEBE&#39; MV,STAYC,z-xfGoabprU,https://www.youtube.com/watch?v=z-xfGoabprU,186,https://i.ytimg.com/vi/z-xfGoabprU/mqdefault.jpg
39f73a2f-8a8f-471c-84b2-a28c4580312e,"STAYC（ステイシー）&#39;Lover, Killer&#39;  Performance Video",STAYC Japan,YcLXuUpZ-bs,https://www.youtube.com/watch?v=YcLXuUpZ-bs,175,https://i.ytimg.com/vi/YcLXuUpZ-bs/mqdefault.jpg
4dc17966-ab54-423d-be14-da382e29c18d,Giorgio by Moroder,Daft Punk,zhl-Cs1-sG4,https://www.youtube.com/watch?v=zhl-Cs1-sG4,554,https://i.ytimg.com/vi/zhl-Cs1-sG4/mqdefault.jpg
7098cc75-b82d-4ad2-b293-6513e5abeff6,Love Will Tear Us Apart,Joy Division,zuuObGsB0No,https://www.youtube.com/watch?v=zuuObGsB0No,211,https://i.ytimg.com/vi/zuuObGsB0No/mqdefault.jpg
cba675ff-8e7f-46fc-bbff-e6b929ce3ace,3 |,Michael Jackson | SMOOTH CRIMINAL 4,Y0pYGmfhaGc,https://www.youtube.com/watch?v=Y0pYGmfhaGc,691,https://i.ytimg.com/vi/Y0pYGmfhaGc/mqdefault.jpg
cfcc00a9-5ea1-4fb2-9869-64bab8a4a10a,Rum n&#39; Bass [Beat Saber OST II],Boom Kitty,ZGL9rrXNwBk,https://www.youtube.com/watch?v=ZGL9rrXNwBk,201,https://i.ytimg.com/vi/ZGL9rrXNwBk/mqdefault.jpg
cf7ceba6-253d-4320-8dfb-773d8aaa8c9f,The Touch,Stan Bush - Topic,nvK4QjCMSDY,https://www.youtube.com/watch?v=nvK4QjCMSDY,241,https://i.ytimg.com/vi/nvK4QjCMSDY/mqdefault.jpg
af2f6fe6-2d28-4cb3-be13-cdd8e9cd954f,Life On Mars? (Original Ending Version) [Upgrade],David Bowie,ft3b1-Cm-0M,https://www.youtube.com/watch?v=ft3b1-Cm-0M,237,https://i.ytimg.com/vi/ft3b1-Cm-0M/mqdefault.jpg
e2879220-9c33-4071-9b34-553b748d9551,Reason For Living,Status Quo - Topic,_f_svXqfVfw,https://www.youtube.com/watch?v=_f_svXqfVfw,225,https://i.ytimg.com/vi/_f_svXqfVfw/mqdefault.jpg
6f2ca122-c026-4cab-ba13-5417faed839e,Hee Pooped her Pants |Ai Mentality #squidgame #squidgame2 #poop #fart #pottytraining,Squid Game,Z0kNQwynfqM,https://www.youtube.com/watch?v=Z0kNQwynfqM,6,https://i.ytimg.com/vi/Z0kNQwynfqM/mqdefault.jpg
92925e6f-ecd1-4fba-ac4e-31820f1eb577,Hee&#39;s Stomach has Poop |Ai Mentality #squidgame #squidgame2 #stomach #stomachache,Squid Game,g9ajSK1aB3k,https://www.youtube.com/watch?v=g9ajSK1aB3k,6,https://i.ytimg.com/vi/g9ajSK1aB3k/mqdefault.jpg
d44696a0-5a0c-439d-adb3-177afb600bf5,Kids Songs | Swekind,Poo Poo Song,E7e1_ygCjls,https://www.youtube.com/watch?v=E7e1_ygCjls,125,https://i.ytimg.com/vi/E7e1_ygCjls/mqdefault.jpg
e04400fc-1abd-4935-b38f-5d2bc3f00e4c,Fart and poop sound effect,skypescoop,7NcDNQtQFn0,https://www.youtube.com/watch?v=7NcDNQtQFn0,5,https://i.ytimg.com/vi/7NcDNQtQFn0/mqdefault.jpg
bb803483-0be3-439d-a1b1-3cfbe3142c2c,Song For Whoever,The Beautiful South,VwxXIPEW8aA,https://www.youtube.com/watch?v=VwxXIPEW8aA,294,https://i.ytimg.com/vi/VwxXIPEW8aA/mqdefault.jpg
704d82b3-a77d-4eaa-a4ce-fa4dea54dbb2,Nursery Rhymes &amp; The Best Kids Songs | Hahatoons Songs,Poo Poo Song 💩,N9Ohc-v6aMY,https://www.youtube.com/watch?v=N9Ohc-v6aMY,122,https://i.ytimg.com/vi/N9Ohc-v6aMY/mqdefault.jpg
3cbb4ebd-3195-4879-bab1-69a4a2280481,Hee Vomits Shit | Ai Mentality #squidgame #squidgame2 #vomit #poop #shit #vomiting,Squid Game,P1H5bFAGLW4,https://www.youtube.com/watch?v=P1H5bFAGLW4,6,https://i.ytimg.com/vi/P1H5bFAGLW4/mqdefault.jpg
08dac3ff-4fc5-4c07-bb91-2e20b71f2537,Music That Makes You Poop 2.0,No More Struggle! 100% GUARANTEED BY VIEWERS!,YM6xP7KyW0I,https://www.youtube.com/watch?v=YM6xP7KyW0I,636,https://i.ytimg.com/vi/YM6xP7KyW0I/mqdefault.jpg
09ea7e96-aefd-45c5-9880-8db8e4071a67,Pooping/Diarrhea Sounds,Noisy Bits,_5jbnUkslCw,https://www.youtube.com/watch?v=_5jbnUkslCw,250,https://i.ytimg.com/vi/_5jbnUkslCw/mqdefault.jpg
9ddde5ec-0f44-42e7-87c3-5bb90c5c3b68,The Poop Song,Teddy Casey - Topic,pU_CBQ4dj5o,https://www.youtube.com/watch?v=pU_CBQ4dj5o,192,https://i.ytimg.com/vi/pU_CBQ4dj5o/mqdefault.jpg
6d097250-b391-478c-b690-87ea74ae1a78,NO POOP JULY IS OVER!!!!! [2023],OkCron,G3FufDgbUyE,https://www.youtube.com/watch?v=G3FufDgbUyE,10,https://i.ytimg.com/vi/G3FufDgbUyE/mqdefault.jpg
c612a495-4ab0-4433-ab96-c2e548e6f9eb,Dropkick Murphys &quot;Who&#39;ll Stand With Us?&quot; Music Video,Dropkick Murphys,5BRHuiRyVEE,https://www.youtube.com/watch?v=5BRHuiRyVEE,255,https://i.ytimg.com/vi/5BRHuiRyVEE/mqdefault.jpg
a4ed4c6e-beb6-4e6b-b8f3-fb5579860019,острые лезвия,билборды,joWaf8eU_RU,https://www.youtube.com/watch?v=joWaf8eU_RU,164,https://i.ytimg.com/vi/joWaf8eU_RU/mqdefault.jpg
7333e5ec-be42-4013-aba4-2c9aaf91dbb4,слишком поздно,билборды,jKIGpHzBWr4,https://www.youtube.com/watch?v=jKIGpHzBWr4,151,https://i.ytimg.com/vi/jKIGpHzBWr4/mqdefault.jpg
7cc72692-4e5f-414e-9e0f-6e96f7be274c,Move,CamilaCabello,si6Ox8IuZeU,https://www.youtube.com/watch?v=si6Ox8IuZeU,181,https://i.ytimg.com/vi/si6Ox8IuZeU/mqdefault.jpg
dfdddbcb-7959-45e7-b4f0-31cf1ed510d0,Dropkick Murphys,I&#39;m Shipping Up To Boston,x-64CaD8GXw,https://www.youtube.com/watch?v=x-64CaD8GXw,165,https://i.ytimg.com/vi/x-64CaD8GXw/mqdefault.jpg
193e49da-4cdd-4233-a576-da211a89095b,RÜFÜS DU SOL ●● You Were Right,RÜFÜS DU SOL,Gp-lWgUDcKk,https://www.youtube.com/watch?v=Gp-lWgUDcKk,239,https://i.ytimg.com/vi/Gp-lWgUDcKk/mqdefault.jpg
af7d6e48-019f-42f8-a760-7813d3f9fd39,Drink To Drown,Stand Atlantic,QJngBaCP_Y0,https://www.youtube.com/watch?v=QJngBaCP_Y0,197,https://i.ytimg.com/vi/QJngBaCP_Y0/mqdefault.jpg
29210e8e-fee0-4806-893b-c74da164a45d,LOVE U ANYWAY,Stand Atlantic - Topic,KLZFTuRB-SM,https://www.youtube.com/watch?v=KLZFTuRB-SM,177,https://i.ytimg.com/vi/KLZFTuRB-SM/mqdefault.jpg
d541ab9f-fe4c-4f6e-857f-c6047038dbb6,Gimme! Gimme! Gimme! (A Man After Midnight),ABBA,XEjLoHdbVeE,https://www.youtube.com/watch?v=XEjLoHdbVeE,197,https://i.ytimg.com/vi/XEjLoHdbVeE/mqdefault.jpg
e3ab21f0-2930-45b9-abed-70dece680f9f,Dancing Queen,ABBA,xFrGuyw1V8s,https://www.youtube.com/watch?v=xFrGuyw1V8s,233,https://i.ytimg.com/vi/xFrGuyw1V8s/mqdefault.jpg
e075d11b-7fbf-491f-b780-414e693799b4,Lay All Your Love On Me,ABBA,ulZQTrV8QlQ,https://www.youtube.com/watch?v=ulZQTrV8QlQ,281,https://i.ytimg.com/vi/ulZQTrV8QlQ/mqdefault.jpg
086ee7eb-2678-483d-afbd-0549294095e7,The Winner Takes It All (1980),ABBA,8tE0GjSQpes,https://www.youtube.com/watch?v=8tE0GjSQpes,267,https://i.ytimg.com/vi/8tE0GjSQpes/mqdefault.jpg
ff5353fd-9f59-4254-8609-5d0dff621947,Stayin&#39; Alive,Bee Gees,fNFzfwLM72c,https://www.youtube.com/watch?v=fNFzfwLM72c,250,https://i.ytimg.com/vi/fNFzfwLM72c/mqdefault.jpg
83f2b0ba-3db9-446c-983c-312d03e02b9a,Stressed Out,twenty one pilots,pXRviuL6vMY,https://www.youtube.com/watch?v=pXRviuL6vMY,226,https://i.ytimg.com/vi/pXRviuL6vMY/mqdefault.jpg
ae70cf89-7cb2-4b92-b725-75e318b49d91,Umbrellaft. JAY-Z,Rihanna,CvBfHwUxHIk,https://www.youtube.com/watch?v=CvBfHwUxHIk,255,https://i.ytimg.com/vi/CvBfHwUxHIk/mqdefault.jpg
75025576-0cb2-40f1-9897-6fd45b312429,Sister Cities,Hop Along,SHs_5z9ikiw,https://www.youtube.com/watch?v=SHs_5z9ikiw,308,https://i.ytimg.com/vi/SHs_5z9ikiw/mqdefault.jpg
1d63d5ea-907f-4350-b885-9ae9d7943ed3,Ride Captain Ride,Blues Image,r8lf7RLYIww,https://www.youtube.com/watch?v=r8lf7RLYIww,224,https://i.ytimg.com/vi/r8lf7RLYIww/mqdefault.jpg
a1a0f04d-140c-4ca1-b21c-bb311c6de73f,Strobe,deadmau5,tKi9Z-f6qX4,https://www.youtube.com/watch?v=tKi9Z-f6qX4,637,https://i.ytimg.com/vi/tKi9Z-f6qX4/mqdefault.jpg
c12d3221-dbe7-4510-b776-4c42e231d02d,Maravilloso,Sidonie,SigGKpz4bTQ,https://www.youtube.com/watch?v=SigGKpz4bTQ,265,https://i.ytimg.com/vi/SigGKpz4bTQ/mqdefault.jpg
395af4e1-74a8-47fe-8919-8a69fb0de34b,"Fascinados ft. Joan Manuel Serrat, Leiva, Vetusta Morla, Ivan Ferreiro, Loquillo",Sidonie,41DH065Lfeo,https://www.youtube.com/watch?v=41DH065Lfeo,285,https://i.ytimg.com/vi/41DH065Lfeo/mqdefault.jpg
dac85f40-2e12-4770-9cfe-004c4ee38250,El incendio-,Sidonie,3H469mvgMKE,https://www.youtube.com/watch?v=3H469mvgMKE,175,https://i.ytimg.com/vi/3H469mvgMKE/mqdefault.jpg
1bb238b2-1012-4da6-a4d5-8342b5b023d3,"Feel the Panic....Force, Mass, Motion",DINNOMAFIA,1DcPwWWv3L4,https://www.youtube.com/watch?v=1DcPwWWv3L4,313,https://i.ytimg.com/vi/1DcPwWWv3L4/mqdefault.jpg
e570376b-174d-4363-9289-f100f095bc45,Culo Con Caca,Sad Goldo - Topic,xWSqXlSf1xU,https://www.youtube.com/watch?v=xWSqXlSf1xU,151,https://i.ytimg.com/vi/xWSqXlSf1xU/mqdefault.jpg
0943046d-3015-4698-9b34-8470e1f13458,The Fox Lyrics (What Does The Fox Say?),Ylvis,BRAWVIX7mv0,https://www.youtube.com/watch?v=BRAWVIX7mv0,218,https://i.ytimg.com/vi/BRAWVIX7mv0/mqdefault.jpg
59e7c817-0c2c-4c59-8d1c-2df8d6f9fae4,Kings Chamber,Synkro - Topic,KnhnwhpmW5Q,https://www.youtube.com/watch?v=KnhnwhpmW5Q,331,https://i.ytimg.com/vi/KnhnwhpmW5Q/mqdefault.jpg
356f15a1-68b8-4de6-b94c-e7bf3fcc04b0,I Wanna Be A Hippy,Technohead,SPX3Se4dlIs,https://www.youtube.com/watch?v=SPX3Se4dlIs,202,https://i.ytimg.com/vi/SPX3Se4dlIs/mqdefault.jpg
b3eff889-acaf-4e9c-a2b6-85bd7d302aba,Hotdog,Manila,PE1f6VzVTwE,https://www.youtube.com/watch?v=PE1f6VzVTwE,192,https://i.ytimg.com/vi/PE1f6VzVTwE/mqdefault.jpg
4b98f105-d060-46d5-9229-731c02d3a0cc,Friday,Rebecca Black,kfVsfOSbJY0,https://www.youtube.com/watch?v=kfVsfOSbJY0,228,https://i.ytimg.com/vi/kfVsfOSbJY0/mqdefault.jpg
5c0ca507-69fa-4fc4-af2e-e23f4fcf661e,"Sonic - 1, 2, 3, 4 Tic-Tok",Ultra,2cxdAK06GGo,https://www.youtube.com/watch?v=2cxdAK06GGo,350,https://i.ytimg.com/vi/2cxdAK06GGo/mqdefault.jpg
df2f0293-92ac-4435-b8a4-c84ee34804c0,Ne-Yo (Lyrics),Together,DEhLOH7sitA,https://www.youtube.com/watch?v=DEhLOH7sitA,270,https://i.ytimg.com/vi/DEhLOH7sitA/mqdefault.jpg
4b038026-2064-4742-b0e0-de43f87d4c65,El Pollito Pio,PULCINO PIO,dhsy6epaJGs,https://www.youtube.com/watch?v=dhsy6epaJGs,166,https://i.ytimg.com/vi/dhsy6epaJGs/mqdefault.jpg
91be19ab-d87f-4f5b-b529-47339195579b,Summertime Clothes,Animal Collective,BAyADMSppaw,https://www.youtube.com/watch?v=BAyADMSppaw,269,https://i.ytimg.com/vi/BAyADMSppaw/mqdefault.jpg
d850ce26-d5fd-45fa-bfc9-ddd165d00bc2,Call Me Maybe (Lyrics),Carly Rae Jepsen,47EG91_XHic,https://www.youtube.com/watch?v=47EG91_XHic,210,https://i.ytimg.com/vi/47EG91_XHic/mqdefault.jpg
29f6e73e-777e-45a7-a1a0-1641910746d2,Las Ketchup,Aserejé (The Ketchup Song) [Spanish Version],arZZw8NyPq8,https://www.youtube.com/watch?v=arZZw8NyPq8,214,https://i.ytimg.com/vi/arZZw8NyPq8/mqdefault.jpg
aee034a3-94c9-451b-bb5a-725443adb4c7,Remind Me,Röyksopp - Topic,yklKIPb38PE,https://www.youtube.com/watch?v=yklKIPb38PE,220,https://i.ytimg.com/vi/yklKIPb38PE/mqdefault.jpg
e2db615f-e52f-42f2-a94c-e1a61050bae1,Sweet Dreams,"Eurythmics, Annie Lennox, Dave Stewart",qeMFqkcPYcg,https://www.youtube.com/watch?v=qeMFqkcPYcg,215,https://i.ytimg.com/vi/qeMFqkcPYcg/mqdefault.jpg
e3697d3f-b96c-4585-ba7e-807ea4ffb2a1,Good,Better Than Ezra,Zhs0JD6XJyQ,https://www.youtube.com/watch?v=Zhs0JD6XJyQ,191,https://i.ytimg.com/vi/Zhs0JD6XJyQ/mqdefault.jpg
ac349faa-aff3-4494-89c5-7c13e07f4bd9,Song To The Siren,This Mortal Coil,HFWKJ2FUiAQ,https://www.youtube.com/watch?v=HFWKJ2FUiAQ,209,https://i.ytimg.com/vi/HFWKJ2FUiAQ/mqdefault.jpg
0753d781-6c77-4650-b4a4-1af4ab9e959a,When I Come Around(Upgrade),Green Day,i8dh9gDzmz8,https://www.youtube.com/watch?v=i8dh9gDzmz8,180,https://i.ytimg.com/vi/i8dh9gDzmz8/mqdefault.jpg
0378f5b2-394c-4e2a-8407-ec5b4b18bc87,Tired of Sex,Weezer,phDuvBk_9ok,https://www.youtube.com/watch?v=phDuvBk_9ok,182,https://i.ytimg.com/vi/phDuvBk_9ok/mqdefault.jpg
486f3274-dd72-44ad-9556-23fb782ddf20,Generator with lyrics,Foo Fighters,oSWuV93N030,https://www.youtube.com/watch?v=oSWuV93N030,230,https://i.ytimg.com/vi/oSWuV93N030/mqdefault.jpg
645e1729-cd97-40fb-8446-8f470dd4cb48,"Monster In Paradise (Feat. Milkie Way, Dave Lombardo, Tyler Bates)",Gunship,Zg6SzDCmsC4,https://www.youtube.com/watch?v=Zg6SzDCmsC4,331,https://i.ytimg.com/vi/Zg6SzDCmsC4/mqdefault.jpg
0de43492-8845-445e-8013-f753b2cafb03,Under Your Skin (Prod Me &amp; Clearo),fakemink,QmsAudPaSxY,https://www.youtube.com/watch?v=QmsAudPaSxY,134,https://i.ytimg.com/vi/QmsAudPaSxY/mqdefault.jpg
e765eef4-840c-4eec-9b98-cfddf5091592,Reunion 2006,Solas : Pastures of plenty,pGcruwhK_es,https://www.youtube.com/watch?v=pGcruwhK_es,219,https://i.ytimg.com/vi/pGcruwhK_es/mqdefault.jpg
4e03a87b-b4ff-444c-bfdb-2ccd846762ed,FORGING TOWARDS THE SUNSET,ANAAL NATHRAKH,kzQpiJjdprQ,https://www.youtube.com/watch?v=kzQpiJjdprQ,227,https://i.ytimg.com/vi/kzQpiJjdprQ/mqdefault.jpg
7df548e6-4cc7-49b9-93d5-8b01ede3a3ca,CAUSTIC,THE HELLP,JBmQzURj15Q,https://www.youtube.com/watch?v=JBmQzURj15Q,307,https://i.ytimg.com/vi/JBmQzURj15Q/mqdefault.jpg
bec5573f-6fa5-45c9-a472-2c0306e5559c,Crush (Prod Ok),fakemink,G8LYedUf1k4,https://www.youtube.com/watch?v=G8LYedUf1k4,107,https://i.ytimg.com/vi/G8LYedUf1k4/mqdefault.jpg
e9322116-ca8f-40e3-9e95-aaa6704f51dc,Baby ft. Ludacris,Justin Bieber,kffacxfA7G4,https://www.youtube.com/watch?v=kffacxfA7G4,220,https://i.ytimg.com/vi/kffacxfA7G4/mqdefault.jpg
c8ac4d70-9084-41ba-9051-e9861b283495,Vavaka LYRICS,POOPY,9uJ496oONOA,https://www.youtube.com/watch?v=9uJ496oONOA,334,https://i.ytimg.com/vi/9uJ496oONOA/mqdefault.jpg
40fad3ab-b247-4560-b315-d90712232cdc,Found Out About You,Gin Blossoms,1qB6XdAkkAo,https://www.youtube.com/watch?v=1qB6XdAkkAo,230,https://i.ytimg.com/vi/1qB6XdAkkAo/mqdefault.jpg
162b883b-1f52-4d59-a8b7-26894b137464,Naveed,Our Lady Peace,VG4KnYSaLZw,https://www.youtube.com/watch?v=VG4KnYSaLZw,284,https://i.ytimg.com/vi/VG4KnYSaLZw/mqdefault.jpg
75e31c21-b38d-4b5f-9d14-caceac7501e8,Willie The Pimp,Frank Zappa - Topic,KHiclrHm-ig,https://www.youtube.com/watch?v=KHiclrHm-ig,564,https://i.ytimg.com/vi/KHiclrHm-ig/mqdefault.jpg
7706a322-5782-4235-af77-4d2af6117f8b,Pain Lies On The Riverside official video,Live,v6_TGfDKpCM,https://www.youtube.com/watch?v=v6_TGfDKpCM,265,https://i.ytimg.com/vi/v6_TGfDKpCM/mqdefault.jpg
725ba711-7bcd-45b6-bd7e-b992bceddf1a,Those Days You Felt Alive,Spitalfield - Topic,NqRXLNzIxwg,https://www.youtube.com/watch?v=NqRXLNzIxwg,231,https://i.ytimg.com/vi/NqRXLNzIxwg/mqdefault.jpg
af0e6ea2-57fa-4adc-846c-3682179b205c,_Step_To_Silence 112,DJ_Matt_Hite_,Z0MmnzG1QtU,https://www.youtube.com/watch?v=Z0MmnzG1QtU,260,https://i.ytimg.com/vi/Z0MmnzG1QtU/mqdefault.jpg
bac66881-985c-4442-8c8a-5b710a9c2e37,&quot;Little Girl&quot;,Tiny Tim,L2Ep7k4OlWM,https://www.youtube.com/watch?v=L2Ep7k4OlWM,145,https://i.ytimg.com/vi/L2Ep7k4OlWM/mqdefault.jpg
f99194a7-f158-4e83-ac15-2a902e79d8ef,Ahmet Yalçın ( Kürtler Vadisi ),KURTLAR VADİSİ HALAY,bzF5HTFVmTs,https://www.youtube.com/watch?v=bzF5HTFVmTs,100,https://i.ytimg.com/vi/bzF5HTFVmTs/mqdefault.jpg
0ee23a73-9ce1-4126-a4ec-39e9a3c77070,Cold as Ice [- Techno Classic Song],Lance Inc.,16eag4LxhY4,https://www.youtube.com/watch?v=16eag4LxhY4,222,https://i.ytimg.com/vi/16eag4LxhY4/mqdefault.jpg
fb7c3d6c-958e-4403-9c84-0997631894b1,Who The Hell Are You,Madison Avenue - Topic,qhHk1aW39ig,https://www.youtube.com/watch?v=qhHk1aW39ig,216,https://i.ytimg.com/vi/qhHk1aW39ig/mqdefault.jpg
f7e83fdf-02fa-4e1d-a971-fa5192cca2d4,Don&#39;t Call Me Baby (Original Mix),Madison Avenue,if8tC0KKWYU,https://www.youtube.com/watch?v=if8tC0KKWYU,470,https://i.ytimg.com/vi/if8tC0KKWYU/mqdefault.jpg
26894534-ce96-410e-b789-f3af52a8396a,Do You Like What You See,Madison Avenue - Topic,U5DWYEVdGFw,https://www.youtube.com/watch?v=U5DWYEVdGFw,228,https://i.ytimg.com/vi/U5DWYEVdGFw/mqdefault.jpg
f25bd568-3163-4fe1-8021-e04d89ad7822,Thanx For Nothin&#39;,OVERKILL,JssocguY1oQ,https://www.youtube.com/watch?v=JssocguY1oQ,238,https://i.ytimg.com/vi/JssocguY1oQ/mqdefault.jpg
a7ea5512-b671-4675-b756-a52aebaf2015,&quot;Animal&quot;,DEF LEPPARD,ecFPU--vvf0,https://www.youtube.com/watch?v=ecFPU--vvf0,245,https://i.ytimg.com/vi/ecFPU--vvf0/mqdefault.jpg
200b322e-7fd4-4040-ba0c-1e996a3b6d16,Walking Wires,High Vis,MSTBwWa0FcQ,https://www.youtube.com/watch?v=MSTBwWa0FcQ,171,https://i.ytimg.com/vi/MSTBwWa0FcQ/mqdefault.jpg
2f97e0ac-46d5-419f-964f-bea5307aed81,Surf (Hedmark Remix),Marcus Price,GtUAo2tC1ug,https://www.youtube.com/watch?v=GtUAo2tC1ug,195,https://i.ytimg.com/vi/GtUAo2tC1ug/mqdefault.jpg
24b8203b-ed85-4b18-8323-f758974bc255,Surf (Hedmark Remix),Marcus Price - Topic,b8Fks57TvjE,https://www.youtube.com/watch?v=b8Fks57TvjE,195,https://i.ytimg.com/vi/b8Fks57TvjE/mqdefault.jpg
2bd132ef-7300-4f35-a455-08047cd7df05,NEVER FIGHT A MAN WITH A PERM,IDLES,dEe4i2osF5A,https://www.youtube.com/watch?v=dEe4i2osF5A,229,https://i.ytimg.com/vi/dEe4i2osF5A/mqdefault.jpg
671f4c4e-ccf4-4673-92b1-c24f58e1a1e4,Alabama Nigga feat. Johnny Rebel &amp; M.I.L.K.,Mando Audio,ppX_S4X7RtM,https://www.youtube.com/watch?v=ppX_S4X7RtM,172,https://i.ytimg.com/vi/ppX_S4X7RtM/mqdefault.jpg
7b2220f6-9abc-4784-ba50-5cdc3cde4c8c,In Da Getto,"J. Balvin, Skrillex",MjlTKXujfwE,https://www.youtube.com/watch?v=MjlTKXujfwE,174,https://i.ytimg.com/vi/MjlTKXujfwE/mqdefault.jpg
5e8e37f4-01a5-47b8-84f3-d4b6bf15fa89,Sem Saída,Odair José - Topic,eUOfmBrIwz0,https://www.youtube.com/watch?v=eUOfmBrIwz0,224,https://i.ytimg.com/vi/eUOfmBrIwz0/mqdefault.jpg
6d029237-a497-41fe-b1b7-51563f7f6234,Shot By Both Sides (Remastered 2007),Magazine - Topic,Qu3R-H5on1s,https://www.youtube.com/watch?v=Qu3R-H5on1s,245,https://i.ytimg.com/vi/Qu3R-H5on1s/mqdefault.jpg
d8af32f9-37e9-46f3-938e-fe64463b2168,Stop Playin(feat Tha Slay Gang),That Girl Lay Lay,C8ZKvnUKE-M,https://www.youtube.com/watch?v=C8ZKvnUKE-M,314,https://i.ytimg.com/vi/C8ZKvnUKE-M/mqdefault.jpg
e161442b-5edc-43a8-96f3-e6fa5d75ba06,- Iceblink Luck,The Cocteau Twins,ecPCQWT0JjA,https://www.youtube.com/watch?v=ecPCQWT0JjA,205,https://i.ytimg.com/vi/ecPCQWT0JjA/mqdefault.jpg
aa420925-1f2c-4689-a74c-415c7e44cd02,Lamak üzereyim,Pat,mhvSWqvNoUU,https://www.youtube.com/watch?v=mhvSWqvNoUU,279,https://i.ytimg.com/vi/mhvSWqvNoUU/mqdefault.jpg
c4f256de-afab-4978-bea5-b7f1548d28bd,Hotel California,Eagles,Br3KkvgMAZY,https://www.youtube.com/watch?v=Br3KkvgMAZY,391,https://i.ytimg.com/vi/Br3KkvgMAZY/mqdefault.jpg
5b3ed6c3-0b95-40a6-a0d0-ab7ab8dee6f3,ATWA,System Of A Down,g3x3qI5ttXg,https://www.youtube.com/watch?v=g3x3qI5ttXg,178,https://i.ytimg.com/vi/g3x3qI5ttXg/mqdefault.jpg
b3346e41-e02e-4ef3-9f49-515cedf7809d,Inner Light with Bob Moses,Elderbrook,4DPCHufDWJQ,https://www.youtube.com/watch?v=4DPCHufDWJQ,259,https://i.ytimg.com/vi/4DPCHufDWJQ/mqdefault.jpg
74df4f56-940c-47b5-9130-67069847ca9f,Cherry Bomb,The Runaways,_EBvXpjudf8,https://www.youtube.com/watch?v=_EBvXpjudf8,141,https://i.ytimg.com/vi/_EBvXpjudf8/mqdefault.jpg
cbf358c0-3dee-4772-8723-33c252474a09,I WILL WAIT,BRI BABINEAUX,FfJUQOThguQ,https://www.youtube.com/watch?v=FfJUQOThguQ,220,https://i.ytimg.com/vi/FfJUQOThguQ/mqdefault.jpg
72f998e9-7112-4b40-8710-77e777e3a084,"Eat, Sleep, Wake (Nothing But You)",Bombay Bicycle Club,zFb86yrodxE,https://www.youtube.com/watch?v=zFb86yrodxE,246,https://i.ytimg.com/vi/zFb86yrodxE/mqdefault.jpg
31180073-c5fb-491c-8e83-97b7b657dc71,"Lights Out, Words Gone",Bombay Bicycle Club,vglxk3JbHnQ,https://www.youtube.com/watch?v=vglxk3JbHnQ,222,https://i.ytimg.com/vi/vglxk3JbHnQ/mqdefault.jpg
d636f46d-1307-4c49-830b-e48f775992ed,Trespasser - 1974,Bad Medicine,Ti5RtONZiXM,https://www.youtube.com/watch?v=Ti5RtONZiXM,349,https://i.ytimg.com/vi/Ti5RtONZiXM/mqdefault.jpg
e244eb16-a093-430e-8a3e-abbc30799959,Derezzed(FULL SONG)(HQ)(2010)TRON SOUNDTRACK,Daft Punk,F4eccPBFEjE,https://www.youtube.com/watch?v=F4eccPBFEjE,251,https://i.ytimg.com/vi/F4eccPBFEjE/mqdefault.jpg
662c619b-ec46-473f-bfc9-a45efcf6525d,I Got MO BASED FREESTYLE *MUSIC VIDEO*EPIC PARTY MUSIC!!! ITS GOING DOWN,Lil B,SKx9TewMaMw,https://www.youtube.com/watch?v=SKx9TewMaMw,210,https://i.ytimg.com/vi/SKx9TewMaMw/mqdefault.jpg
7fc27163-8c38-482e-a17c-4bb67e8b36da,Swamp Thing,The Grid,FFvvLuomw0Y,https://www.youtube.com/watch?v=FFvvLuomw0Y,245,https://i.ytimg.com/vi/FFvvLuomw0Y/mqdefault.jpg
e018e143-b542-4ac7-87e8-089ce63a13d2,Something Good,Utah Saints,Xg9Wqs4vjZM,https://www.youtube.com/watch?v=Xg9Wqs4vjZM,230,https://i.ytimg.com/vi/Xg9Wqs4vjZM/mqdefault.jpg
328889df-eb73-4019-a73d-460f034e133d,Come Away With Me,Norah Jones,9IZ_d6zadGw,https://www.youtube.com/watch?v=9IZ_d6zadGw,200,https://i.ytimg.com/vi/9IZ_d6zadGw/mqdefault.jpg
1494a175-6bce-4ba8-9d6e-57daeb253b3c,Hold Me Now[Remaster],Thompson Twins,TvzVTRK1nOY,https://www.youtube.com/watch?v=TvzVTRK1nOY,284,https://i.ytimg.com/vi/TvzVTRK1nOY/mqdefault.jpg
a0cb609d-d8ce-4fbf-b027-e69eeecd91f5,Blister in the Sun,Violent Femmes,JE-dqW4uBEE,https://www.youtube.com/watch?v=JE-dqW4uBEE,145,https://i.ytimg.com/vi/JE-dqW4uBEE/mqdefault.jpg
4b40cd6c-c746-427a-8ef9-a284dd059b5a,Come Home Now,Day Wave,p12l2vlqeb0,https://www.youtube.com/watch?v=p12l2vlqeb0,251,https://i.ytimg.com/vi/p12l2vlqeb0/mqdefault.jpg
d731df7f-2873-4c98-b19a-715dfea3738c,Full Performance (Live on KEXP),Day Wave,08xrXurmlkY,https://www.youtube.com/watch?v=08xrXurmlkY,1569,https://i.ytimg.com/vi/08xrXurmlkY/mqdefault.jpg
871c12cd-2522-4240-8b31-888df34c25d2,Drag,Day Wave,KMOoNlD_bNg,https://www.youtube.com/watch?v=KMOoNlD_bNg,189,https://i.ytimg.com/vi/KMOoNlD_bNg/mqdefault.jpg
39d9fc9b-40c2-4ce4-a7e4-5652d9ada2ef,As You Are (Visualizer),Day Wave,bdqc31swvjs,https://www.youtube.com/watch?v=bdqc31swvjs,198,https://i.ytimg.com/vi/bdqc31swvjs/mqdefault.jpg
4cd98456-2538-480a-a649-178dc24eb4ec,Before We Knew,Day Wave,KiaIqfRGzzw,https://www.youtube.com/watch?v=KiaIqfRGzzw,212,https://i.ytimg.com/vi/KiaIqfRGzzw/mqdefault.jpg
ce578578-5138-41e1-b247-807ae9843e15,Wasting Time,Day Wave,9ZpDYHcFFd4,https://www.youtube.com/watch?v=9ZpDYHcFFd4,245,https://i.ytimg.com/vi/9ZpDYHcFFd4/mqdefault.jpg
0910343f-0ffe-4a55-937c-29a673b6372d,Hi Ren,Ren,s_nc1IVoMxc,https://www.youtube.com/watch?v=s_nc1IVoMxc,560,https://i.ytimg.com/vi/s_nc1IVoMxc/mqdefault.jpg
ba2e5a65-5606-4ea7-a1b0-7d4e21a789ad,Your Way ft. Day Wave,Jai Wolf,17J_Z_vtNqs,https://www.youtube.com/watch?v=17J_Z_vtNqs,268,https://i.ytimg.com/vi/17J_Z_vtNqs/mqdefault.jpg
786be3e4-de2c-4a5e-960a-0558462b7764,Hack The Planet,Brooklyn Bounce,EPHPu4PV-Bw,https://www.youtube.com/watch?v=EPHPu4PV-Bw,258,https://i.ytimg.com/vi/EPHPu4PV-Bw/mqdefault.jpg
39127ae7-3453-4541-9fc7-fea847726495,War Games (WarGames) (1983),"Crosby, Stills &amp; Nash",Um7OF_ltClc,https://www.youtube.com/watch?v=Um7OF_ltClc,144,https://i.ytimg.com/vi/Um7OF_ltClc/mqdefault.jpg
526a5ebc-3e91-4d07-a6c5-de5ae62a051f,Dance Monkey (Lyrics),Tones and I,1__CAdTJ5JU,https://www.youtube.com/watch?v=1__CAdTJ5JU,209,https://i.ytimg.com/vi/1__CAdTJ5JU/mqdefault.jpg
e9579ee5-142e-497f-b3fe-cb98c8c8933e,Little Red Corvette,Prince,v0KpfrJE4zw,https://www.youtube.com/watch?v=v0KpfrJE4zw,190,https://i.ytimg.com/vi/v0KpfrJE4zw/mqdefault.jpg
64f63cd2-b04b-4ddb-bf34-f5c18a9df64b,Dragon Ball Rap,Porta - Topic,FzokchyHC58,https://www.youtube.com/watch?v=FzokchyHC58,120,https://i.ytimg.com/vi/FzokchyHC58/mqdefault.jpg
7c403191-13be-4ccd-a03a-4b3084add157,PORTA | VIDEO OFICIAL RESUBIDO,DRAGON BALL RAP 1.5,HunKXh1ikes,https://www.youtube.com/watch?v=HunKXh1ikes,320,https://i.ytimg.com/vi/HunKXh1ikes/mqdefault.jpg
bcbafaac-e080-4571-b127-587a071de109,666 the number of the beast,Iron Maiden,dx5KnFr9xSk,https://www.youtube.com/watch?v=dx5KnFr9xSk,290,https://i.ytimg.com/vi/dx5KnFr9xSk/mqdefault.jpg
8164a718-f3d7-43a0-b8ed-45193bf929ec,Mama Roux (2017 Remaster) (Remastered),Dr. John - Topic,2Ee1eQ6Rbnk,https://www.youtube.com/watch?v=2Ee1eQ6Rbnk,181,https://i.ytimg.com/vi/2Ee1eQ6Rbnk/mqdefault.jpg
14a8fc4f-589c-4e29-9461-7ea6891501ac,Joe Cocker,Delta Lady,4LGeoLvNces,https://www.youtube.com/watch?v=4LGeoLvNces,184,https://i.ytimg.com/vi/4LGeoLvNces/mqdefault.jpg
b84f47ca-04d9-4895-9b4d-56955857190c,Going Up The Country (Remastered 2005),Canned Heat - Topic,4eQMA_noRYQ,https://www.youtube.com/watch?v=4eQMA_noRYQ,172,https://i.ytimg.com/vi/4eQMA_noRYQ/mqdefault.jpg
8f336874-a2ab-4029-ac43-14d0410b6faf,&quot;Out in the Country&quot; - Original Stereo LP - HQ,Three Dog Night,s3gGn6t8Bog,https://www.youtube.com/watch?v=s3gGn6t8Bog,200,https://i.ytimg.com/vi/s3gGn6t8Bog/mqdefault.jpg
8812f21e-6d34-4605-86bb-1d9380be1b0f,Crystal Blue Persuasion - 1969,Tommy James &amp; The Shondells,XDl8ZPm3GrU,https://www.youtube.com/watch?v=XDl8ZPm3GrU,242,https://i.ytimg.com/vi/XDl8ZPm3GrU/mqdefault.jpg
99dcded7-ed3c-4307-8748-bf92e68ddc34,Sookie Sookie (1969),Steppenwolf,9aK6qwd4P6o,https://www.youtube.com/watch?v=9aK6qwd4P6o,200,https://i.ytimg.com/vi/9aK6qwd4P6o/mqdefault.jpg
03452977-da84-4907-b1f4-62e6ddba997f,You&#39;re All I&#39;ve Got Tonight,The Cars - Topic,UZ1VZLMJ8D8,https://www.youtube.com/watch?v=UZ1VZLMJ8D8,255,https://i.ytimg.com/vi/UZ1VZLMJ8D8/mqdefault.jpg
ca6651f2-71bc-490a-a777-cce48c127c8e,Midnight Train to Georgia,Gladys Knight &amp; The Pips,A0F9lh8TiSM,https://www.youtube.com/watch?v=A0F9lh8TiSM,279,https://i.ytimg.com/vi/A0F9lh8TiSM/mqdefault.jpg
ae48d44c-6675-47ea-adab-75212e124791,Walking In Your Footsteps,The Police - Topic,trX9gQssm9c,https://www.youtube.com/watch?v=trX9gQssm9c,217,https://i.ytimg.com/vi/trX9gQssm9c/mqdefault.jpg
046e07bd-46bb-48b2-9147-c1f248e551bb,Pretty Ballerina,The Left Banke - Topic,OdUovuUJ0fk,https://www.youtube.com/watch?v=OdUovuUJ0fk,159,https://i.ytimg.com/vi/OdUovuUJ0fk/mqdefault.jpg
00bbf3fe-44cc-4dc0-880f-d1d1ff314e8a,Pretty Ballerina,Left Banke,m-Ep5x-DETc,https://www.youtube.com/watch?v=m-Ep5x-DETc,156,https://i.ytimg.com/vi/m-Ep5x-DETc/mqdefault.jpg
d880d4ef-20d8-4973-be1d-f60fadfc221a,Aunque No Sea Conmigo,Macha Y El Bloque Depresivo - Topic,dFd3sgwlulc,https://www.youtube.com/watch?v=dFd3sgwlulc,189,https://i.ytimg.com/vi/dFd3sgwlulc/mqdefault.jpg
1d4d28dc-d17f-4333-8c86-17f237a9aeac,"Official Video | Meri Kahani | Atif Aslam | Mahmood Rahman, Sameer Shami &amp; Farhad",Meri Kahani,Wh-AgS7PKdM,https://www.youtube.com/watch?v=Wh-AgS7PKdM,219,https://i.ytimg.com/vi/Wh-AgS7PKdM/mqdefault.jpg
07fb2655-a400-4e6c-b86f-9a298eef0074,Propuesta Indecente,Romeo Santos,QFs3PIZb3js,https://www.youtube.com/watch?v=QFs3PIZb3js,269,https://i.ytimg.com/vi/QFs3PIZb3js/mqdefault.jpg
e44fc770-ba2a-4727-a68b-ab5c5ad2120a,Llévame Contigo,Romeo Santos,VafbNsrHnD8,https://www.youtube.com/watch?v=VafbNsrHnD8,229,https://i.ytimg.com/vi/VafbNsrHnD8/mqdefault.jpg
d4fadc9b-03b5-4a65-b013-286c7d94e892,Infiel Sin Querer,ROMEO SANTOS,D3VbXNU0DIA,https://www.youtube.com/watch?v=D3VbXNU0DIA,196,https://i.ytimg.com/vi/D3VbXNU0DIA/mqdefault.jpg
31f9aab8-c671-45fc-aa16-50c513f8f279,Hilito,Romeo Santos,4eCL0l9iD5A,https://www.youtube.com/watch?v=4eCL0l9iD5A,236,https://i.ytimg.com/vi/4eCL0l9iD5A/mqdefault.jpg
b6b7b0e8-3e32-4659-8a94-8512f8c58a02,Boomerang,Romeo Santos,Bs7oESFZYNo,https://www.youtube.com/watch?v=Bs7oESFZYNo,252,https://i.ytimg.com/vi/Bs7oESFZYNo/mqdefault.jpg
8095e69e-f67a-4450-8a5c-83527c6eed9d,&#39;MONEY&#39; EXCLUSIVE PERFORMANCE VIDEO,LISA,dNCWe_6HAM8,https://www.youtube.com/watch?v=dNCWe_6HAM8,171,https://i.ytimg.com/vi/dNCWe_6HAM8/mqdefault.jpg
a2d8bf71-0ff4-4814-9c9d-48413b373f18,Dooron Dooron (Live from The Voice Notes Concert),Paresh Pahuja,9T-Zbxg9X_4,https://www.youtube.com/watch?v=9T-Zbxg9X_4,367,https://i.ytimg.com/vi/9T-Zbxg9X_4/mqdefault.jpg
c00117fe-3cfe-4315-be8d-6fd769190973,Unplugged,Mascara,y3XMq-8Ll1Y,https://www.youtube.com/watch?v=y3XMq-8Ll1Y,61,https://i.ytimg.com/vi/y3XMq-8Ll1Y/mqdefault.jpg
78907704-70ee-4e18-9181-fdefac7dac8f,“Ma Meilleure Ennemie” (from Arcane Season 2),"Stromae, Pomme",j-RpvIuazmc,https://www.youtube.com/watch?v=j-RpvIuazmc,169,https://i.ytimg.com/vi/j-RpvIuazmc/mqdefault.jpg
392b5611-ccae-4807-9fba-0c8973272e7a,Shekhar,"Hairat Full Video | Anjaana Anjaani | Ranbir Kapoor, Priyanka Chopra | Lucky Ali | Vishal",wqTQNs9sO6M,https://www.youtube.com/watch?v=wqTQNs9sO6M,159,https://i.ytimg.com/vi/wqTQNs9sO6M/mqdefault.jpg
c149ce21-d08f-4113-938e-41b6f5d9213b,Eterno Amor,Los Manseros Santiagueños - Topic,nyzz7aFdGwI,https://www.youtube.com/watch?v=nyzz7aFdGwI,222,https://i.ytimg.com/vi/nyzz7aFdGwI/mqdefault.jpg
53bdbd3c-1f13-43c6-9fb0-8bd088f1a8ba,Brainrot NBA Players Vlog 😎,Vazzo,tk_SbVE0Mi4,https://www.youtube.com/watch?v=tk_SbVE0Mi4,14,https://i.ytimg.com/vi/tk_SbVE0Mi4/mqdefault.jpg
2bc9730b-4f98-4f96-b651-1b7eb1b7c373,How Defined (demo),Gal Shaya,ERqCpZSloh0,https://www.youtube.com/watch?v=ERqCpZSloh0,110,https://i.ytimg.com/vi/ERqCpZSloh0/mqdefault.jpg
153d6fb4-98c2-4da2-bcaf-34d604bf19ae,Let It Out,Gal Shaya,_nlBL4RYspM,https://www.youtube.com/watch?v=_nlBL4RYspM,161,https://i.ytimg.com/vi/_nlBL4RYspM/mqdefault.jpg
6b26aef3-b092-4f20-9d4d-4641b76134d0,Long Line,Gal Shaya,6xeCCSfgu2I,https://www.youtube.com/watch?v=6xeCCSfgu2I,188,https://i.ytimg.com/vi/6xeCCSfgu2I/mqdefault.jpg
1f85ee33-f811-4ab1-88a9-15b8fc411ba7,Long Line,Gal Shaya - Topic,mwluUzUHquc,https://www.youtube.com/watch?v=mwluUzUHquc,187,https://i.ytimg.com/vi/mwluUzUHquc/mqdefault.jpg
5950d44c-f6ba-41ed-8fbc-575d032639c4,Honky Cat,Elton John - Topic,iPicSRPwogI,https://www.youtube.com/watch?v=iPicSRPwogI,314,https://i.ytimg.com/vi/iPicSRPwogI/mqdefault.jpg
c65aaea7-e0f0-426a-b561-d72ee15dd94f,USALDUS,ROM,Oo1BaFX1iSI,https://www.youtube.com/watch?v=Oo1BaFX1iSI,180,https://i.ytimg.com/vi/Oo1BaFX1iSI/mqdefault.jpg
45bda8f8-242b-4525-be26-6c018b8d380b,Pusher,Shanti Dope,YwAQ4An8JCI,https://www.youtube.com/watch?v=YwAQ4An8JCI,194,https://i.ytimg.com/vi/YwAQ4An8JCI/mqdefault.jpg
15f4ff74-3c7b-49e2-8493-a29ae5653757,Seizure of Power,Marilyn Manson,ZUNNXecb6nA,https://www.youtube.com/watch?v=ZUNNXecb6nA,231,https://i.ytimg.com/vi/ZUNNXecb6nA/mqdefault.jpg
08b0ce61-6701-4159-ad12-cc5d06c83bae,Break It Down Again,Tears For Fears,x1100QINlo4,https://www.youtube.com/watch?v=x1100QINlo4,286,https://i.ytimg.com/vi/x1100QINlo4/mqdefault.jpg
00c4d0c6-ace8-4703-ba3d-235871d959e4,I Bet You Look Good On The Dancefloor,Arctic Monkeys,pK7egZaT3hs,https://www.youtube.com/watch?v=pK7egZaT3hs,178,https://i.ytimg.com/vi/pK7egZaT3hs/mqdefault.jpg
cc27a76a-dc47-45b3-b8b5-553a352450d8,Misery&#39;s Crown,DARK TRANQUILLITY,NKjzDU7V7es,https://www.youtube.com/watch?v=NKjzDU7V7es,257,https://i.ytimg.com/vi/NKjzDU7V7es/mqdefault.jpg
dd216c21-3612-4205-969c-46daa3ab7891,Atoma,DARK TRANQUILLITY,C_voh9WFbsM,https://www.youtube.com/watch?v=C_voh9WFbsM,263,https://i.ytimg.com/vi/C_voh9WFbsM/mqdefault.jpg
5babc07a-f2c3-4633-a3c0-80b2dfa998fd,Dancing Queen (from ABBA In Concert),ABBA,k2bBTWvmN-8,https://www.youtube.com/watch?v=k2bBTWvmN-8,226,https://i.ytimg.com/vi/k2bBTWvmN-8/mqdefault.jpg
e3ee1822-0f1f-4b13-be92-100160fe20f4,Sira,Ablaye Cissoko - Topic,L9bOGq4IccU,https://www.youtube.com/watch?v=L9bOGq4IccU,460,https://i.ytimg.com/vi/L9bOGq4IccU/mqdefault.jpg
b0b0bafa-e87e-4611-b4d3-775258758ebf,Amanké Dionti,Ablaye Cissoko - Topic,QWyxSTNldRk,https://www.youtube.com/watch?v=QWyxSTNldRk,392,https://i.ytimg.com/vi/QWyxSTNldRk/mqdefault.jpg
59d8d44f-7d45-42c8-9e4e-22d70c8db7ba,Feeling Good,Nina Simone,oHRNrgDIJfo,https://www.youtube.com/watch?v=oHRNrgDIJfo,183,https://i.ytimg.com/vi/oHRNrgDIJfo/mqdefault.jpg
b2e64b48-774e-48b0-b45c-81e198942035,I put a spell on you,Nina Simone,ua2k52n_Bvw,https://www.youtube.com/watch?v=ua2k52n_Bvw,159,https://i.ytimg.com/vi/ua2k52n_Bvw/mqdefault.jpg
704f5b91-9735-4101-aee3-a20ebb1a26c6,Don&#39;t Let Me Be Misunderstood,Nina Simone,JS8LWRCS6do,https://www.youtube.com/watch?v=JS8LWRCS6do,172,https://i.ytimg.com/vi/JS8LWRCS6do/mqdefault.jpg
86db96c4-8781-4beb-b972-4bc91c36c9bc,Sinnerman,Nina Simone,QH3Fx41Jpl4,https://www.youtube.com/watch?v=QH3Fx41Jpl4,621,https://i.ytimg.com/vi/QH3Fx41Jpl4/mqdefault.jpg
608df704-da86-49bb-b2dd-7a7830e30a49,LONELY ROLLING STAR,Saki Kabata - Topic,pI5-LvbE4AE,https://www.youtube.com/watch?v=pI5-LvbE4AE,345,https://i.ytimg.com/vi/pI5-LvbE4AE/mqdefault.jpg
a34ab657-236b-42c7-95b6-6b2815266291,We Love Katamari 「Disco Prince」,TeirusuFX,z80KBGrH3xM,https://www.youtube.com/watch?v=z80KBGrH3xM,470,https://i.ytimg.com/vi/z80KBGrH3xM/mqdefault.jpg
9ffa1d3f-0887-4ec7-9c84-1c5bdefbf199,"Drinkin’ Wine, Spo-Dee-O-Dee",1949 Stick McGhee,0ZATF7fIa6o,https://www.youtube.com/watch?v=0ZATF7fIa6o,194,https://i.ytimg.com/vi/0ZATF7fIa6o/mqdefault.jpg
357ffcfc-514a-468b-990d-238b50a8b97f,Spoonman [HQ],Soundgarden,5O14N7PQAsM,https://www.youtube.com/watch?v=5O14N7PQAsM,247,https://i.ytimg.com/vi/5O14N7PQAsM/mqdefault.jpg
c1be8d35-b10b-4e8d-9572-4c5125107d1a,Watermelon Sugar (Later... With Jools Holland),Harry Styles,Eb0L24QXY4s,https://www.youtube.com/watch?v=Eb0L24QXY4s,181,https://i.ytimg.com/vi/Eb0L24QXY4s/mqdefault.jpg
a1a5554e-a622-4667-8b98-01d906b12c78,The Lover Of Beirut,Anouar Brahem - Topic,Lq0U1305UT4,https://www.youtube.com/watch?v=Lq0U1305UT4,465,https://i.ytimg.com/vi/Lq0U1305UT4/mqdefault.jpg
abb519c4-fb12-4bfb-8940-9d1f98629bd3,Brass Monkey,Beastie Boys,mau4oY6XwT8,https://www.youtube.com/watch?v=mau4oY6XwT8,158,https://i.ytimg.com/vi/mau4oY6XwT8/mqdefault.jpg
5026411a-cc4b-4b18-aac3-ee80d5c327c0,Merry-Go-Round of Life (from Howl’s Moving Castle),Joe Hisaishi,f7SS57LFPco,https://www.youtube.com/watch?v=f7SS57LFPco,312,https://i.ytimg.com/vi/f7SS57LFPco/mqdefault.jpg
c2a7ceab-2a36-4fbc-bba6-061a317976a3,Merry-Go-Round of Life (from “Howl’s Moving Castle”),Joe Hisaishi,2pQKqQ9sG50,https://www.youtube.com/watch?v=2pQKqQ9sG50,166,https://i.ytimg.com/vi/2pQKqQ9sG50/mqdefault.jpg
8d1dfd3e-e28f-4121-aeec-81d9a1831d47,Merry Go Round of Life live Grissini Project + Curieux Orchestra,Howl&#39;s Moving Castle,63OT3_Lfy50,https://www.youtube.com/watch?v=63OT3_Lfy50,363,https://i.ytimg.com/vi/63OT3_Lfy50/mqdefault.jpg
6b3e9ab2-fac3-497b-bb47-4bcc42c551a0,Merry-Go-Round of Life - Joe Hisaishi - Guitar Cover,Howl&#39;s Moving Castle OST,CoeF7sWpgzM,https://www.youtube.com/watch?v=CoeF7sWpgzM,284,https://i.ytimg.com/vi/CoeF7sWpgzM/mqdefault.jpg
25438d80-c6da-44f7-816b-30e07a7f503d,Quelqu&#39;un m&#39;a dit,Carla Bruni,EelX_LwPHbA,https://www.youtube.com/watch?v=EelX_LwPHbA,170,https://i.ytimg.com/vi/EelX_LwPHbA/mqdefault.jpg
65b27f9c-8cce-4df6-a21d-d3e9ccc5c801,Shake It To The Max (FLY) (Remix),Moliy - Topic,awvG6RiENXg,https://www.youtube.com/watch?v=awvG6RiENXg,179,https://i.ytimg.com/vi/awvG6RiENXg/mqdefault.jpg
35bdae0a-c21d-430d-a4f2-a890b009797f,Rock N Roll ft. Ye &amp; Kid Cudi (Visualizer),Pusha T,0vkFnBuGNPA,https://www.youtube.com/watch?v=0vkFnBuGNPA,234,https://i.ytimg.com/vi/0vkFnBuGNPA/mqdefault.jpg
00bc3bb2-d4fd-40cc-961d-c80bb9c52da3,Drug Dealers Anonymous Feat. Jay Z,Pusha T,COCpn1W13Kw,https://www.youtube.com/watch?v=COCpn1W13Kw,254,https://i.ytimg.com/vi/COCpn1W13Kw/mqdefault.jpg
0dc285c1-5f94-463e-b229-d5da3ab7f575,Matter,Anti,BU0KjU2o0lA,https://www.youtube.com/watch?v=BU0KjU2o0lA,207,https://i.ytimg.com/vi/BU0KjU2o0lA/mqdefault.jpg
17acada8-7167-4309-bb1d-cb566ed352e9,Illegal,PinkPantheress,TFWXqLSr4ZM,https://www.youtube.com/watch?v=TFWXqLSr4ZM,153,https://i.ytimg.com/vi/TFWXqLSr4ZM/mqdefault.jpg
826fae47-dd3a-49da-9554-0216a2270f3d,Boy’s a liar Pt. 2,"PinkPantheress, Ice Spice",oftolPu9qp4,https://www.youtube.com/watch?v=oftolPu9qp4,136,https://i.ytimg.com/vi/oftolPu9qp4/mqdefault.jpg
3c8203fa-1f08-4506-88a2-8933e3cbf296,Illegal (Letra/Lyrics),PinkPantheress,8CAOefQ0lVo,https://www.youtube.com/watch?v=8CAOefQ0lVo,150,https://i.ytimg.com/vi/8CAOefQ0lVo/mqdefault.jpg
3754fd76-c629-4d32-a0ef-c9bda0dfb66c,Young Turks[],Rod Stewart,zQ41hqlV0Kk,https://www.youtube.com/watch?v=zQ41hqlV0Kk,270,https://i.ytimg.com/vi/zQ41hqlV0Kk/mqdefault.jpg
2928448d-4808-4a76-a6e1-0546183e5276,Ping Pong,"Little Sis Nora, AronChupa",eycYEnRIwqs,https://www.youtube.com/watch?v=eycYEnRIwqs,141,https://i.ytimg.com/vi/eycYEnRIwqs/mqdefault.jpg
13d0eff6-e898-4127-adf4-722c447930b1,- The Trench Coat Museum (live on The Current),Yard Act,TH3wuIeEyKw,https://www.youtube.com/watch?v=TH3wuIeEyKw,324,https://i.ytimg.com/vi/TH3wuIeEyKw/mqdefault.jpg
3cfdca5a-bf04-4511-a96e-54ee2c015b45,Strawberries Are Growing In My Garden (And It&#39;s Wintertime),The Dentists,b51TQOJawEg,https://www.youtube.com/watch?v=b51TQOJawEg,205,https://i.ytimg.com/vi/b51TQOJawEg/mqdefault.jpg
119760f4-c542-4b46-98db-e79b3a585e82,Emma&#39;s House,The Field Mice,sIppK6kDCUM,https://www.youtube.com/watch?v=sIppK6kDCUM,217,https://i.ytimg.com/vi/sIppK6kDCUM/mqdefault.jpg
44f18bd2-bdfa-471e-a5d2-02893f6247d3,Back to Nowhere,Fastbacks - Topic,LMy0ctJ1jIM,https://www.youtube.com/watch?v=LMy0ctJ1jIM,185,https://i.ytimg.com/vi/LMy0ctJ1jIM/mqdefault.jpg
f7116a79-1775-484b-b634-24229bc43585,Slide Away | SOUNDBOARD RECORDING!! |  First Night,Oasis,zqNsX-dBZ7w,https://www.youtube.com/watch?v=zqNsX-dBZ7w,329,https://i.ytimg.com/vi/zqNsX-dBZ7w/mqdefault.jpg
a077ccad-30a2-4457-9802-4c7771db5d72,Apashe Live,Rampage Renegade 2022,7FpHqTSaN4Q,https://www.youtube.com/watch?v=7FpHqTSaN4Q,3500,https://i.ytimg.com/vi/7FpHqTSaN4Q/mqdefault.jpg
9b3eeffe-8cb4-40e5-ad3e-0528ae2668da,Don&#39;t Stop... (Demo),Oasis,6BPDktJNBwE,https://www.youtube.com/watch?v=6BPDktJNBwE,297,https://i.ytimg.com/vi/6BPDktJNBwE/mqdefault.jpg
fd45af53-f68e-4243-b9e6-8e200614c3bc,Run No More,Fastbacks - Topic,55Cl_ki01ao,https://www.youtube.com/watch?v=55Cl_ki01ao,119,https://i.ytimg.com/vi/55Cl_ki01ao/mqdefault.jpg
86f7c160-b8a2-4cf5-8a8e-a45e5f4206cd,I Was Stolen,Fastbacks - Topic,zhgyU32z0lE,https://www.youtube.com/watch?v=zhgyU32z0lE,233,https://i.ytimg.com/vi/zhgyU32z0lE/mqdefault.jpg
e37af3d6-9209-4c2a-973a-3cf9d02663e5,I&#39;m Ready,Commodores - Topic,yhymixj4Tr0,https://www.youtube.com/watch?v=yhymixj4Tr0,205,https://i.ytimg.com/vi/yhymixj4Tr0/mqdefault.jpg
c1c19e8f-e0aa-421e-a839-8adb3bbdbf1a,I&#39;m Ready (1975),The Commodores,rQefQ7MqSJU,https://www.youtube.com/watch?v=rQefQ7MqSJU,205,https://i.ytimg.com/vi/rQefQ7MqSJU/mqdefault.jpg
e4a21a98-e5ab-478c-84c3-d108f1f1c7e8,Harmony Hall,Vampire Weekend,IlkTVMMkCP4,https://www.youtube.com/watch?v=IlkTVMMkCP4,318,https://i.ytimg.com/vi/IlkTVMMkCP4/mqdefault.jpg
7d8ac28e-f35d-4c4b-8f34-29c015675358,Blue,Eiffel 65,68ugkg9RePc,https://www.youtube.com/watch?v=68ugkg9RePc,220,https://i.ytimg.com/vi/68ugkg9RePc/mqdefault.jpg
48137990-ab63-4ae1-95ad-803d94bbcfc0,Song 2,Blur - Topic,Bz4l9_bzfZM,https://www.youtube.com/watch?v=Bz4l9_bzfZM,122,https://i.ytimg.com/vi/Bz4l9_bzfZM/mqdefault.jpg
6c7d280b-dac8-4690-81ef-390767ccb999,Paracetamolo,Calcutta,UW1DjnCBcSY,https://www.youtube.com/watch?v=UW1DjnCBcSY,189,https://i.ytimg.com/vi/UW1DjnCBcSY/mqdefault.jpg
3985331d-28f4-4706-9598-f384a9b3ea0a,Hero,Mariah Carey,0IA3ZvCkRkQ,https://www.youtube.com/watch?v=0IA3ZvCkRkQ,257,https://i.ytimg.com/vi/0IA3ZvCkRkQ/mqdefault.jpg
49ff99aa-12e6-48b5-b340-71b903ef7cf7,Cold Little Heart,Michael Kiwanuka,nOubjLM9Cbc,https://www.youtube.com/watch?v=nOubjLM9Cbc,381,https://i.ytimg.com/vi/nOubjLM9Cbc/mqdefault.jpg
b8fb1bde-b1f9-4c2d-a5fe-51bf00d96b76,What Will They All Say?,Fastbacks - Topic,X6ks4VROZFU,https://www.youtube.com/watch?v=X6ks4VROZFU,158,https://i.ytimg.com/vi/X6ks4VROZFU/mqdefault.jpg
9a2f5fda-0fc9-47af-a044-c01226f2666e,Cotton Eye Joe[] - RednexMusic com,Rednex,mOYZaiDZ7BM,https://www.youtube.com/watch?v=mOYZaiDZ7BM,195,https://i.ytimg.com/vi/mOYZaiDZ7BM/mqdefault.jpg
19bf13b4-d01f-403d-aaa1-fce92d315c29,{Plus/Minus} @ Mercury Lounge 2/7/14,&quot;You&#39;ve Just Got It All&quot; by +/,obUOfB0XBBI,https://www.youtube.com/watch?v=obUOfB0XBBI,297,https://i.ytimg.com/vi/obUOfB0XBBI/mqdefault.jpg
97a6ceac-3ded-427c-a951-da123aa2124f,In the Buff,Zombie (Cranberries Cover),BAfvINZMkU8,https://www.youtube.com/watch?v=BAfvINZMkU8,179,https://i.ytimg.com/vi/BAfvINZMkU8/mqdefault.jpg
b4ab61a7-980f-44be-baa5-5c7d88b19bc8,ABRASIVE,RATATAT,f7wkRET0hbo,https://www.youtube.com/watch?v=f7wkRET0hbo,255,https://i.ytimg.com/vi/f7wkRET0hbo/mqdefault.jpg
02cde4d8-e2d0-4c76-89a1-34575ad312e3,Sorrow (Acoustic),Bad Religion - Topic,B8K6es6JnG4,https://www.youtube.com/watch?v=B8K6es6JnG4,193,https://i.ytimg.com/vi/B8K6es6JnG4/mqdefault.jpg
972c378d-f6c0-4a5a-a2b9-02f6612f79e7,Montanita,Ratatat - Topic,XrXqKoCPvE0,https://www.youtube.com/watch?v=XrXqKoCPvE0,301,https://i.ytimg.com/vi/XrXqKoCPvE0/mqdefault.jpg
3958a1c5-400f-46c2-8f0c-1252fe9bcf56,WAR PIGS,uKanDanZ,8kVYdLjoyPE,https://www.youtube.com/watch?v=8kVYdLjoyPE,374,https://i.ytimg.com/vi/8kVYdLjoyPE/mqdefault.jpg
e1b967ae-4e04-40d5-9ece-bc68a9099ad5,Dear Coach&#39;s Corner,Propagandhi - Topic,3xva-cdBi8E,https://www.youtube.com/watch?v=3xva-cdBi8E,292,https://i.ytimg.com/vi/3xva-cdBi8E/mqdefault.jpg
8c598fff-505b-44f1-a9a9-73d6b745ff9a,Word Up,Cameo,MZjAantupsA,https://www.youtube.com/watch?v=MZjAantupsA,275,https://i.ytimg.com/vi/MZjAantupsA/mqdefault.jpg
abd2fa4e-f53a-412d-9ed0-66cb450bdd7a,Better Now (feat. Mayer Hawthorne),SebastiAn,4zXD1DRzSeE,https://www.youtube.com/watch?v=4zXD1DRzSeE,273,https://i.ytimg.com/vi/4zXD1DRzSeE/mqdefault.jpg
29cd3fe5-ef8d-461e-b526-950589e85642,Aerials,System Of A Down,L-iepu3EtyE,https://www.youtube.com/watch?v=L-iepu3EtyE,244,https://i.ytimg.com/vi/L-iepu3EtyE/mqdefault.jpg
a40fe4ff-bae8-42d5-9ca8-c9c652bcf602,Riptide (Lyrics),Vance Joy,lYoWuaw5nSk,https://www.youtube.com/watch?v=lYoWuaw5nSk,230,https://i.ytimg.com/vi/lYoWuaw5nSk/mqdefault.jpg
6d23fa04-620e-425a-ae7c-0550fb2191f6,We Three,The Ink Spots - Topic,3QxoSkribbU,https://www.youtube.com/watch?v=3QxoSkribbU,204,https://i.ytimg.com/vi/3QxoSkribbU/mqdefault.jpg
94bf90a3-71e4-4edd-83f7-3a5ecc858de9,Black Hole Sun,Soundgarden,3mbBbFH9fAg,https://www.youtube.com/watch?v=3mbBbFH9fAg,321,https://i.ytimg.com/vi/3mbBbFH9fAg/mqdefault.jpg
0a8043fb-d967-4f2a-a25f-3af486d60da7,idfc (Lyrics),blackbear,v0pjeUTad2I,https://www.youtube.com/watch?v=v0pjeUTad2I,270,https://i.ytimg.com/vi/v0pjeUTad2I/mqdefault.jpg
d8838590-bfe3-4aba-a929-eece97c2395d,me &amp; ur ghost,blackbear,HQM_T-ijA_I,https://www.youtube.com/watch?v=HQM_T-ijA_I,202,https://i.ytimg.com/vi/HQM_T-ijA_I/mqdefault.jpg
22169afc-518f-4229-802c-c709c97356a3,@ my worst,blackbear,xIOjqTRYZwg,https://www.youtube.com/watch?v=xIOjqTRYZwg,202,https://i.ytimg.com/vi/xIOjqTRYZwg/mqdefault.jpg
afdb0d3d-3e25-4508-ae4e-4f5487dfbbd0,SWEAR TO GOD/HATE MY GUTS/DEAD TO ME (Medley),blackbear,oF0--5rrEos,https://www.youtube.com/watch?v=oF0--5rrEos,486,https://i.ytimg.com/vi/oF0--5rrEos/mqdefault.jpg
09553877-f213-45f6-8fb1-96112329f23f,Sun Shower,Theo Stomp - Topic,c0776B3qjHM,https://www.youtube.com/watch?v=c0776B3qjHM,356,https://i.ytimg.com/vi/c0776B3qjHM/mqdefault.jpg
7bd09e2b-726a-4cb8-bf8b-ffd05680e28e,BBHF 「バック」Lyric Video,BBHF,dW7cXxKw_m0,https://www.youtube.com/watch?v=dW7cXxKw_m0,229,https://i.ytimg.com/vi/dW7cXxKw_m0/mqdefault.jpg
7be5484b-6f94-4784-8b8b-3743d32ba7e5,【#歌枠 】最近的天氣跟心情一樣陰晴不定 #初見歓迎,Ovi奧薇_紅髮精靈,dZnkrLzZKyU,https://www.youtube.com/watch?v=dZnkrLzZKyU,6227,https://i.ytimg.com/vi/dZnkrLzZKyU/mqdefault.jpg
4df3627a-cf50-406a-97fd-02f6b4041e8f,Did I Say Too Much,The Beaches,6me2DFshDmE,https://www.youtube.com/watch?v=6me2DFshDmE,189,https://i.ytimg.com/vi/6me2DFshDmE/mqdefault.jpg
4a467730-6ea6-46c0-be47-4d8fa5fbcebc,Morfondre,Apostrophe Sombre - Topic,RQhpsMO6fgA,https://www.youtube.com/watch?v=RQhpsMO6fgA,141,https://i.ytimg.com/vi/RQhpsMO6fgA/mqdefault.jpg
66845bb8-5caf-406a-9016-eb7afdb53733,"MUSTAFA ZAHID | AWARAPAN | EMRAAN HASHMI | PRITAM, SAYEED QUADRI",TERA MERA RISHTA PURANA (LYRICS),3gQozRwTFzI,https://www.youtube.com/watch?v=3gQozRwTFzI,314,https://i.ytimg.com/vi/3gQozRwTFzI/mqdefault.jpg
ae6b873f-f802-4aaa-b639-495bc39e2125,Lin 《在月蝕裡抱緊我 Hold Me Close》Official Music Video,林俊傑 JJ Lin &amp; A,E6WMrCdC_rs,https://www.youtube.com/watch?v=E6WMrCdC_rs,263,https://i.ytimg.com/vi/E6WMrCdC_rs/mqdefault.jpg
c35161da-ec35-4bd1-b4be-2370a51da8ca,Quem De Nós Dois (La Mia Storia Tra Le Dita),Ana Carolina,z4j9BhlmSSU,https://www.youtube.com/watch?v=z4j9BhlmSSU,304,https://i.ytimg.com/vi/z4j9BhlmSSU/mqdefault.jpg
58dfef46-ea1a-48a0-b64c-3e1799fcc2c1,‘HANDS UP’ M/V,MEOVV(미야오),sL0pCS6K9bc,https://www.youtube.com/watch?v=sL0pCS6K9bc,205,https://i.ytimg.com/vi/sL0pCS6K9bc/mqdefault.jpg
eec41999-e7e8-4c72-b3c3-fe1f5c71c31f,Parampara,"Full Video: Raanjhan | Do Patti | Kriti Sanon, Shaheer Sheikh | Parampara Tandon | Sachet",lBvbNxiVmZA,https://www.youtube.com/watch?v=lBvbNxiVmZA,253,https://i.ytimg.com/vi/lBvbNxiVmZA/mqdefault.jpg
a03a3181-23fd-4346-ab30-46df3bb70ef8,[MV] IU(아이유) _ BBIBBI(삐삐),1theK (원더케이),nM0xDI5R50E,https://www.youtube.com/watch?v=nM0xDI5R50E,209,https://i.ytimg.com/vi/nM0xDI5R50E/mqdefault.jpg
0bc09d1f-e76c-4125-a91e-1ac9faaf847f,three(스물셋),[MV] IU(아이유) _ Twenty,42Gtm4-Ax2U,https://www.youtube.com/watch?v=42Gtm4-Ax2U,235,https://i.ytimg.com/vi/42Gtm4-Ax2U/mqdefault.jpg
36d52768-d6e7-4028-81a7-e4b7eaa8724b,Without Me,Eminem,YVkUvmDQ3HY,https://www.youtube.com/watch?v=YVkUvmDQ3HY,298,https://i.ytimg.com/vi/YVkUvmDQ3HY/mqdefault.jpg
0a682492-0dea-4573-9d48-040959884470,U Make Me Wanna,Blue,koHo5-0DVlI,https://www.youtube.com/watch?v=koHo5-0DVlI,229,https://i.ytimg.com/vi/koHo5-0DVlI/mqdefault.jpg
a25172d5-28ef-4e68-bc7b-60b7b84b71e7,Sorry Seems To Be The Hardest Word,Blue Featuring Elton John,GvbQzRAi4wM,https://www.youtube.com/watch?v=GvbQzRAi4wM,216,https://i.ytimg.com/vi/GvbQzRAi4wM/mqdefault.jpg
cab3e123-8448-494f-bbe3-ea38e550e873,S3RL feat Sara,Feel The Melody,fNWghDrW_UU,https://www.youtube.com/watch?v=fNWghDrW_UU,238,https://i.ytimg.com/vi/fNWghDrW_UU/mqdefault.jpg
1679567b-3424-4d65-a1b8-5c0517d42c70,S3RL,Pika Girl,H7k3ma7YNmo,https://www.youtube.com/watch?v=H7k3ma7YNmo,226,https://i.ytimg.com/vi/H7k3ma7YNmo/mqdefault.jpg
507b2b23-92f7-4a7f-a8f1-01a8b3d3d040,i feel bad,blackbear,JfGZABXYFF4,https://www.youtube.com/watch?v=JfGZABXYFF4,177,https://i.ytimg.com/vi/JfGZABXYFF4/mqdefault.jpg
d0c113a3-d538-45e7-baa6-f975eeb74f55,Come Together,The Beatles,45cYwDMibGo,https://www.youtube.com/watch?v=45cYwDMibGo,259,https://i.ytimg.com/vi/45cYwDMibGo/mqdefault.jpg
6d07a33f-57ef-47a2-b9b4-d8d35f36aa57,Kobe [Finally Rich (Deluxe Edition)] [HQ],Chief Keef,amuDJ9IEytQ,https://www.youtube.com/watch?v=amuDJ9IEytQ,212,https://i.ytimg.com/vi/amuDJ9IEytQ/mqdefault.jpg
b5b0c2fe-a8c8-4f0f-9e16-ba06f43bc9d0,Road Runner ft. OG Junior (OG Maco EP),OG Maco,-y2K61wqEa8,https://www.youtube.com/watch?v=-y2K61wqEa8,220,https://i.ytimg.com/vi/-y2K61wqEa8/mqdefault.jpg
d5b216ad-8db9-4130-aefa-a51eddc2345b,"Air Force Ones ft. Kyjuan, Ali, Murphy Lee",Nelly,BfzsMQGqrt0,https://www.youtube.com/watch?v=BfzsMQGqrt0,296,https://i.ytimg.com/vi/BfzsMQGqrt0/mqdefault.jpg
92dafd73-6a43-433c-8ca9-4ce413e7e799,The Price,Wax Mannequin - Topic,U8JUueSakiA,https://www.youtube.com/watch?v=U8JUueSakiA,289,https://i.ytimg.com/vi/U8JUueSakiA/mqdefault.jpg
b5d26ca5-5054-4664-8733-696ffb634a07,Tiny Desk Concert,Sabrina Carpenter,BEoGvTlJMyY,https://www.youtube.com/watch?v=BEoGvTlJMyY,1571,https://i.ytimg.com/vi/BEoGvTlJMyY/mqdefault.jpg
410b8f21-0c7f-4426-a06f-2c6ef1037eab,Be Quiet And Drive[Remaster],Deftones,KvknOXGPzCQ,https://www.youtube.com/watch?v=KvknOXGPzCQ,211,https://i.ytimg.com/vi/KvknOXGPzCQ/mqdefault.jpg
22f103b9-20e5-4959-8e14-63f3ce56d62c,Better Together,Jack Johnson - Topic,fqxNYjDFJUk,https://www.youtube.com/watch?v=fqxNYjDFJUk,208,https://i.ytimg.com/vi/fqxNYjDFJUk/mqdefault.jpg
739a51b3-3ea6-4d9c-87ff-ab2d1c3dd103,Upside Down,Jack Johnson,dqUdI4AIDF0,https://www.youtube.com/watch?v=dqUdI4AIDF0,188,https://i.ytimg.com/vi/dqUdI4AIDF0/mqdefault.jpg
6e9388ed-54ec-4f01-a60a-f1a29c042a78,Coming In Hot,Lecrae &amp; Andy Mineo,uLS-WE4K8q0,https://www.youtube.com/watch?v=uLS-WE4K8q0,201,https://i.ytimg.com/vi/uLS-WE4K8q0/mqdefault.jpg
165d8e1e-1956-40c2-b798-2827d66d3a07,Coming In Hot (Lyrics),"Andy Mineo, Lecrae",h7WR8-aLRS8,https://www.youtube.com/watch?v=h7WR8-aLRS8,201,https://i.ytimg.com/vi/h7WR8-aLRS8/mqdefault.jpg
27c5ba6c-faef-41f9-afc0-0fbf4eeda7c2,O Mundo É um Moinho,Ney Matogrosso,dy2TsEk-ZfA,https://www.youtube.com/watch?v=dy2TsEk-ZfA,206,https://i.ytimg.com/vi/dy2TsEk-ZfA/mqdefault.jpg
2fc12f5c-8d9c-4642-9ef2-73daf55a3b88,"Sankranthiki Vasthunam | Venkatesh,Aishwarya | Anil Ravipudi | Bheems C",Full Video: Godari Gattu,Apj9ISyXr_s,https://www.youtube.com/watch?v=Apj9ISyXr_s,233,https://i.ytimg.com/vi/Apj9ISyXr_s/mqdefault.jpg
f8664b18-a357-475f-b376-9cda8fe9917e,Enya (with lyrics),Orinoco Flow (Sail Away),2zkjQVh5KmQ,https://www.youtube.com/watch?v=2zkjQVh5KmQ,268,https://i.ytimg.com/vi/2zkjQVh5KmQ/mqdefault.jpg
d3cf3345-a477-4c93-ab18-031d83906ea9,Blood Money | Official Music Video | Kunal Khemu | Mustafa Zahid,Jo Tere Sang,GEgxl_kpPpc,https://www.youtube.com/watch?v=GEgxl_kpPpc,204,https://i.ytimg.com/vi/GEgxl_kpPpc/mqdefault.jpg
e3e0dfea-13a6-4995-9430-7b0d15e6fc95,"DJ Cruz R | Blood Money | Kunal Khemu, Amrita | Mustafa Zahid | 2024",Jo Tere Sang (Remix),TVoB0ByOlxU,https://www.youtube.com/watch?v=TVoB0ByOlxU,283,https://i.ytimg.com/vi/TVoB0ByOlxU/mqdefault.jpg
7c7964e5-d5f7-4345-ad28-c196305d3be2,DJ Chetas,"Mera Wala Dance Lyrical | Simmba | Ranveer Singh, Sara Ali Khan | Neha K,Nakash A,Lijo G",aa_MlHmb4QQ,https://www.youtube.com/watch?v=aa_MlHmb4QQ,214,https://i.ytimg.com/vi/aa_MlHmb4QQ/mqdefault.jpg
19b40a34-f1d9-45e2-be04-3a93d50ce1bb,Jo Tere Sang,"Jeet Gannguli, Mustafa Zahid",DeYRsOhrxy0,https://www.youtube.com/watch?v=DeYRsOhrxy0,288,https://i.ytimg.com/vi/DeYRsOhrxy0/mqdefault.jpg
91ecc31d-5e0d-4f03-a3c8-2a203cdc010f,Ambition For Cash,Key Glock,cAmiuLeSlEU,https://www.youtube.com/watch?v=cAmiuLeSlEU,193,https://i.ytimg.com/vi/cAmiuLeSlEU/mqdefault.jpg
bad683ab-ec4e-4f33-ad3f-00eeb933e318,Penny,Key Glock,5ttImpkCWVw,https://www.youtube.com/watch?v=5ttImpkCWVw,135,https://i.ytimg.com/vi/5ttImpkCWVw/mqdefault.jpg
1c51060b-fdaf-491a-9fae-530cb55dc0c4,Russian Cream,Key Glock,kFJITWouJ8o,https://www.youtube.com/watch?v=kFJITWouJ8o,144,https://i.ytimg.com/vi/kFJITWouJ8o/mqdefault.jpg
d9754261-dae6-43af-9517-d519efb90fce,Let&#39;s Go,Key Glock,edWai5oPMoQ,https://www.youtube.com/watch?v=edWai5oPMoQ,141,https://i.ytimg.com/vi/edWai5oPMoQ/mqdefault.jpg
299c56f5-2cbf-47ba-bf19-f4ea4e02b390,No Sweat,Key Glock,sgbceCg2OJs,https://www.youtube.com/watch?v=sgbceCg2OJs,146,https://i.ytimg.com/vi/sgbceCg2OJs/mqdefault.jpg
33c96b23-2fa4-4f26-ab79-fd6a5b24f041,Mr. Glock,Key Glock,qfBtPySlU-M,https://www.youtube.com/watch?v=qfBtPySlU-M,154,https://i.ytimg.com/vi/qfBtPySlU-M/mqdefault.jpg
30609de1-ed27-46a2-b345-6e40169d0906,Glockoma 2 Full [Deluxe Songs Only],Key Glock,_A5ecfhR0kU,https://www.youtube.com/watch?v=_A5ecfhR0kU,1053,https://i.ytimg.com/vi/_A5ecfhR0kU/mqdefault.jpg
cd48205b-e17b-4830-b160-ef97d3f2c8b5,&#39;&#39;Mayhem&#39;&#39;,[FREE] Key Glock &amp; BigXthaPlug Type Beat,YIRR0scOwS8,https://www.youtube.com/watch?v=YIRR0scOwS8,155,https://i.ytimg.com/vi/YIRR0scOwS8/mqdefault.jpg
68830678-246b-41ce-9f2e-c372cbe3c704,Word on the Streets,Key Glock,V0RMH1sIrpQ,https://www.youtube.com/watch?v=V0RMH1sIrpQ,209,https://i.ytimg.com/vi/V0RMH1sIrpQ/mqdefault.jpg
63234ee7-727b-473b-992e-01dbb0aefbfd,Made A Way,Key Glock,2ee_fMULbm4,https://www.youtube.com/watch?v=2ee_fMULbm4,141,https://i.ytimg.com/vi/2ee_fMULbm4/mqdefault.jpg
ec939013-5491-42d8-a84d-66dff8340816,Mr. Glock [Yellow Tape],Key Glock,ptG3b0BMTvk,https://www.youtube.com/watch?v=ptG3b0BMTvk,150,https://i.ytimg.com/vi/ptG3b0BMTvk/mqdefault.jpg
7372252d-584b-450c-adc2-089822db08d6,1997,Key Glock,WDswowAFsXk,https://www.youtube.com/watch?v=WDswowAFsXk,144,https://i.ytimg.com/vi/WDswowAFsXk/mqdefault.jpg
aeb8d690-7b8d-4e5a-86b6-c556abbf09f6,Dough [Yellow Tape],Key Glock,IlPtu5t3xuI,https://www.youtube.com/watch?v=IlPtu5t3xuI,202,https://i.ytimg.com/vi/IlPtu5t3xuI/mqdefault.jpg
ebce56c4-6f1e-46ce-b84d-ef2e33bda12b,Crash [Yellow Tape],Key Glock,66kgs2enusE,https://www.youtube.com/watch?v=66kgs2enusE,154,https://i.ytimg.com/vi/66kgs2enusE/mqdefault.jpg
38ad0bd3-8006-40bf-8f2c-5138ef0e3bed,林家謙 Terence Lam《夏日之子》Boundless,林家謙 Terence Lam,Dgd8sUGEFR8,https://www.youtube.com/watch?v=Dgd8sUGEFR8,216,https://i.ytimg.com/vi/Dgd8sUGEFR8/mqdefault.jpg
c69a701f-e708-40e6-b7fb-b1aad4f7e4f9,Collapsing World,Lightscape - Topic,3MMosney1Iw,https://www.youtube.com/watch?v=3MMosney1Iw,191,https://i.ytimg.com/vi/3MMosney1Iw/mqdefault.jpg
07207858-639d-4eba-b05e-5192770928ce,李白(Live)『要是能重来 我要选李白 创作也能到那么高端 被那么多人崇拜。』『动态歌词MV』,单依纯,J-3vn6bVuDk,https://www.youtube.com/watch?v=J-3vn6bVuDk,269,https://i.ytimg.com/vi/J-3vn6bVuDk/mqdefault.jpg
eb971c48-313e-4f6b-aa66-8c416f391e1b,Martina Høbelar x 120bpm studio (157BPM+),Martina Hobelar,n2j-JuCR4as,https://www.youtube.com/watch?v=n2j-JuCR4as,3686,https://i.ytimg.com/vi/n2j-JuCR4as/mqdefault.jpg
c5647eb4-4a65-4e74-a77c-7d2a3b3dd7bb,DJ Jazzy Jeff Boiler Room x Budweiser Philadelphia DJ Set,Boiler Room,IvPdwoppGw4,https://www.youtube.com/watch?v=IvPdwoppGw4,6958,https://i.ytimg.com/vi/IvPdwoppGw4/mqdefault.jpg
332a3180-46ca-45cb-8eb0-e28854729fff,Bed Of Roses,Bon Jovi,NvR60Wg9R7Q,https://www.youtube.com/watch?v=NvR60Wg9R7Q,403,https://i.ytimg.com/vi/NvR60Wg9R7Q/mqdefault.jpg
d56eebd0-9952-4ba4-b7df-dd1023904232,I Will Not Bow,Breaking Benjamin,7qrRzNidzIc,https://www.youtube.com/watch?v=7qrRzNidzIc,219,https://i.ytimg.com/vi/7qrRzNidzIc/mqdefault.jpg
07f111db-c3fb-4fc1-b798-4243ab425961,"B*tch, Don&#39;t Kill My Vibe (Explicit)",Kendrick Lamar,B_Jrvniz_VA,https://www.youtube.com/watch?v=B_Jrvniz_VA,312,https://i.ytimg.com/vi/B_Jrvniz_VA/mqdefault.jpg
6bd6e2d9-a533-4281-a716-fb4d1909ca88,The Sound Of Silence[UPGRADE],Disturbed,u9Dg-g7t2l4,https://www.youtube.com/watch?v=u9Dg-g7t2l4,263,https://i.ytimg.com/vi/u9Dg-g7t2l4/mqdefault.jpg
3645f752-e860-4c4f-af1f-2be783d5d8a6,Linkin Park,The Emptiness Machine,SRXH9AbT280,https://www.youtube.com/watch?v=SRXH9AbT280,201,https://i.ytimg.com/vi/SRXH9AbT280/mqdefault.jpg
da177c99-cf14-4ac1-b361-8688d5a72880,Run Down,Ghost Coach - Topic,GystYP3nbFg,https://www.youtube.com/watch?v=GystYP3nbFg,221,https://i.ytimg.com/vi/GystYP3nbFg/mqdefault.jpg
46a47ad1-1925-49e7-a1ab-c8cda4900e78,海鷗 ◖但願那海風再起海鷗落在那礁石，我終於對著大海放聲喊出你的名字◗官方動態歌詞版,逃跑計劃 (Escape Plan),z2K9W-MRCiM,https://www.youtube.com/watch?v=z2K9W-MRCiM,227,https://i.ytimg.com/vi/z2K9W-MRCiM/mqdefault.jpg
06058f45-3a37-4c90-b3f7-bf5d52a69dc6,test drive,Ariana Grande,1zNYZd94ui8,https://www.youtube.com/watch?v=1zNYZd94ui8,123,https://i.ytimg.com/vi/1zNYZd94ui8/mqdefault.jpg
3dc421bd-8719-483f-b434-42d0a34ac289,Amsterdam,Guster,W0TQVbiWeEs,https://www.youtube.com/watch?v=W0TQVbiWeEs,221,https://i.ytimg.com/vi/W0TQVbiWeEs/mqdefault.jpg
a19c3477-e3e9-485c-85f2-1c3c0c0de53f,Bad Bunny x Jowell &amp; Randy x Ñengo Flow (Letra/Lyrics),Safaera,gdoKSuV8XyY,https://www.youtube.com/watch?v=gdoKSuV8XyY,296,https://i.ytimg.com/vi/gdoKSuV8XyY/mqdefault.jpg
52ab5663-4f0b-484a-ae34-a249f8d3db5d,Cosmic Girl,Jamiroquai,D-NvQ6VJYtE,https://www.youtube.com/watch?v=D-NvQ6VJYtE,241,https://i.ytimg.com/vi/D-NvQ6VJYtE/mqdefault.jpg
2e6aa7d4-535e-4fe1-90a6-71576a30cedd,Death Diviner,SOILWORK,6nPhoAscZdI,https://www.youtube.com/watch?v=6nPhoAscZdI,311,https://i.ytimg.com/vi/6nPhoAscZdI/mqdefault.jpg
96e2bde4-de79-4803-b494-4f04194d2bfe,Cloud 9,Jamiroquai,fVMtKQMAZqw,https://www.youtube.com/watch?v=fVMtKQMAZqw,321,https://i.ytimg.com/vi/fVMtKQMAZqw/mqdefault.jpg
ec6418a0-75ee-4cf9-bf1f-319a4b392194,Navy Blue,Fancy Hagood,sZkOoWKraKw,https://www.youtube.com/watch?v=sZkOoWKraKw,268,https://i.ytimg.com/vi/sZkOoWKraKw/mqdefault.jpg
c7905ec7-1993-4c86-9372-f58be2f68798,It Ain&#39;t Easy,Teddy Swims,g1YdCp9-eRE,https://www.youtube.com/watch?v=g1YdCp9-eRE,246,https://i.ytimg.com/vi/g1YdCp9-eRE/mqdefault.jpg
af3cf936-7d56-4c88-9a42-3710d0184fdf,It Ain&#39;t Easy | Lyrics,Teddy Swims,NTTDd7OLAGw,https://www.youtube.com/watch?v=NTTDd7OLAGw,246,https://i.ytimg.com/vi/NTTDd7OLAGw/mqdefault.jpg
6b0c73bd-93d9-4028-b1c4-07c41880bfd0,Thunder [Walmart Live 2023],Imagine Dragons,fXCY8GW27Vw,https://www.youtube.com/watch?v=fXCY8GW27Vw,283,https://i.ytimg.com/vi/fXCY8GW27Vw/mqdefault.jpg
d5a00789-6884-42f2-8fb7-827fac4ff2ee,"Thunder @ Sziget Festival 2023, Budapest, 11.08.2023",Imagine Dragons,rx12bFISqsQ,https://www.youtube.com/watch?v=rx12bFISqsQ,345,https://i.ytimg.com/vi/rx12bFISqsQ/mqdefault.jpg
1bfdf0df-5ad6-4631-bc43-1b16f9e01fc6,Virtual Insanity,Jamiroquai,Lm6DS3BeTdM,https://www.youtube.com/watch?v=Lm6DS3BeTdM,235,https://i.ytimg.com/vi/Lm6DS3BeTdM/mqdefault.jpg
aee7acab-045a-461b-ac04-e3d6537f298c,Mad About You,Hooverphonic,xVKGXgHDMvQ,https://www.youtube.com/watch?v=xVKGXgHDMvQ,233,https://i.ytimg.com/vi/xVKGXgHDMvQ/mqdefault.jpg
1a21a7d1-c2db-4e59-a515-99e977698a10,É Ele (Ao Vivo) • DROPS,drops,L3b2gRB7YVc,https://www.youtube.com/watch?v=L3b2gRB7YVc,496,https://i.ytimg.com/vi/L3b2gRB7YVc/mqdefault.jpg
ea52fe77-3829-4740-93ee-05682159b030,Feed the Machine,Poor Man's Poison - Topic,BlnVP2_dIb4,https://www.youtube.com/watch?v=BlnVP2_dIb4,184,https://i.ytimg.com/vi/BlnVP2_dIb4/mqdefault.jpg
1e2dc838-defd-42be-89d1-625fb99781a9,Canção de Simeão (Ao Vivo no Rio de Janeiro) • DROPS,drops,rVJxohBP59c,https://www.youtube.com/watch?v=rVJxohBP59c,461,https://i.ytimg.com/vi/rVJxohBP59c/mqdefault.jpg
166ab360-69fd-4468-a77b-820b8ddc651a,Dancing On My Own (Lyrics) &quot;I&#39;m in the corner watching you kiss her&quot;,Robyn,rPdg4MuPNNg,https://www.youtube.com/watch?v=rPdg4MuPNNg,285,https://i.ytimg.com/vi/rPdg4MuPNNg/mqdefault.jpg
e5b5ac45-a30a-44e3-a937-c55c285a1d9d,golden hour,JVKE,PEM0Vs8jf1w,https://www.youtube.com/watch?v=PEM0Vs8jf1w,232,https://i.ytimg.com/vi/PEM0Vs8jf1w/mqdefault.jpg
53108e9d-ac8b-40dc-9ef8-a482da8f5bb6,Super Trouper,ABBA,BshxCIjNEjY,https://www.youtube.com/watch?v=BshxCIjNEjY,251,https://i.ytimg.com/vi/BshxCIjNEjY/mqdefault.jpg
41366e46-0c19-4f96-956f-ac927b145d57,Johnny Cash,"Cry, Cry, Cry",XHaVmFKnK7w,https://www.youtube.com/watch?v=XHaVmFKnK7w,186,https://i.ytimg.com/vi/XHaVmFKnK7w/mqdefault.jpg
8edf77e8-0008-4a48-8632-0648fd8bbe50,Sussudio[Upgrade],Phil Collins,r0qBaBb1Y-U,https://www.youtube.com/watch?v=r0qBaBb1Y-U,318,https://i.ytimg.com/vi/r0qBaBb1Y-U/mqdefault.jpg
bc81d137-e6b3-4083-9089-63f5e4c832de,this is what falling in love feels like,JVKE,BOyO8sZOaOQ,https://www.youtube.com/watch?v=BOyO8sZOaOQ,155,https://i.ytimg.com/vi/BOyO8sZOaOQ/mqdefault.jpg
61955d9a-e65c-4ef2-9b78-f588f5de6542,Julia Mestre ao vivo no Samambaia,bolopsicadelico,YqviZck8TAM,https://www.youtube.com/watch?v=YqviZck8TAM,5159,https://i.ytimg.com/vi/YqviZck8TAM/mqdefault.jpg
447e88a4-b243-44fb-802e-c5ae40ccc573,Sentimento Blues,Vandré Na Base Da Fé - Topic,Us5WNDQz__4,https://www.youtube.com/watch?v=Us5WNDQz__4,274,https://i.ytimg.com/vi/Us5WNDQz__4/mqdefault.jpg
acc083cd-8358-47b0-843c-b8c839cdf38e,Sentimento E Blues,Tadeu Mathias - Topic,gsrTYDi2JI0,https://www.youtube.com/watch?v=gsrTYDi2JI0,259,https://i.ytimg.com/vi/gsrTYDi2JI0/mqdefault.jpg
e373529d-4c3c-45da-a105-2b41098144f1,The Less I Know The Better,Tame Impala,2SUwOgmvzK4,https://www.youtube.com/watch?v=2SUwOgmvzK4,218,https://i.ytimg.com/vi/2SUwOgmvzK4/mqdefault.jpg
fa156975-af4c-4dbb-9eb9-cc1f290f5354,Snake Eater,Release - Topic,m2OR_JaXDaM,https://www.youtube.com/watch?v=m2OR_JaXDaM,178,https://i.ytimg.com/vi/m2OR_JaXDaM/mqdefault.jpg
46e11429-6267-448b-ae15-5d8c36d94a45,Snake Eater,Metal Gear Solid 3 Snake Eater Soundtrack,9aHQnDTd1y4,https://www.youtube.com/watch?v=9aHQnDTd1y4,178,https://i.ytimg.com/vi/9aHQnDTd1y4/mqdefault.jpg
6d5ef7e1-40e1-4e4d-8836-0c2a7dacb399,Big Band Version ft. Tiffany Mann (The 8-Bit Big Band),Snake Eater,sGuFZ_a7RU0,https://www.youtube.com/watch?v=sGuFZ_a7RU0,238,https://i.ytimg.com/vi/sGuFZ_a7RU0/mqdefault.jpg
47fa154e-a73e-46a5-923d-846fbfd35e49,Reverse Skydiving (feat. Anabel Englund),Hot Natured - Topic,GARcvHqqbRo,https://www.youtube.com/watch?v=GARcvHqqbRo,331,https://i.ytimg.com/vi/GARcvHqqbRo/mqdefault.jpg
477cdc18-367e-4ccd-86cf-450db207a75e,Santa Monica,Everclear,MW6E_TNgCsY,https://www.youtube.com/watch?v=MW6E_TNgCsY,193,https://i.ytimg.com/vi/MW6E_TNgCsY/mqdefault.jpg
2d1841c2-ee71-4e0f-8a32-f37e0e81e10e,Money For Nothing,Dire Straits,JRDgihVDEko,https://www.youtube.com/watch?v=JRDgihVDEko,503,https://i.ytimg.com/vi/JRDgihVDEko/mqdefault.jpg
c87b34fa-f271-4847-8fe9-e4efba2aea78,Never Meant,American Football - Topic,p-SWkpGKdP8,https://www.youtube.com/watch?v=p-SWkpGKdP8,269,https://i.ytimg.com/vi/p-SWkpGKdP8/mqdefault.jpg
93320495-6715-46a9-9db7-74f0f9dcbe9e,Fear of the Dark (2015 Remaster),Iron Maiden - Topic,bePCRKGUwAY,https://www.youtube.com/watch?v=bePCRKGUwAY,439,https://i.ytimg.com/vi/bePCRKGUwAY/mqdefault.jpg
cef9c87b-0b5a-4991-a14e-2c1cbb29681a,The Trooper,Iron Maiden,X4bgXH3sJ2Q,https://www.youtube.com/watch?v=X4bgXH3sJ2Q,264,https://i.ytimg.com/vi/X4bgXH3sJ2Q/mqdefault.jpg
f03e9398-e9ea-403b-ad9f-dabcad1b2e23,tuki.『晩餐歌』Official Music Video,tuki.(16),oZpYEEcvu5I,https://www.youtube.com/watch?v=oZpYEEcvu5I,220,https://i.ytimg.com/vi/oZpYEEcvu5I/mqdefault.jpg
5b7c91a4-b4a7-45f2-abc5-29bd4847c9f6,All Along The Watchtower,The Jimi Hendrix Experience,TLV4_xaYynY,https://www.youtube.com/watch?v=TLV4_xaYynY,242,https://i.ytimg.com/vi/TLV4_xaYynY/mqdefault.jpg
fce26eed-04d2-4f5f-a3e9-fa8a830c690f,Pokemon Gold/Silver/Crystal Soundtrack HQ STEREO COMPLETE OST &amp; FANFARES,Random video editor #17,Uquvi61gm2E,https://www.youtube.com/watch?v=Uquvi61gm2E,7196,https://i.ytimg.com/vi/Uquvi61gm2E/mqdefault.jpg
33638498-d6e4-4df5-bea5-df0960419549,Lofi],"Pokemon Chill &amp; Relaxing Music | Pokemon Nostalgia 🌙 To Study, Sleep &amp; Focus [BGM",j2hetdkCiyM,https://www.youtube.com/watch?v=j2hetdkCiyM,3431,https://i.ytimg.com/vi/j2hetdkCiyM/mqdefault.jpg
d29d4d80-7931-415c-a04d-bc15ad35cf58,Fortress 2 Blue Theme song(포트리스 2 블루 BGM 배경음악),There&#39;s Something About Supertank,M8VvGsmb4dU,https://www.youtube.com/watch?v=M8VvGsmb4dU,199,https://i.ytimg.com/vi/M8VvGsmb4dU/mqdefault.jpg
d8abfee4-6d3a-439b-93c4-ea1ea8a9608f,밸리 // Fortress2 Blue BGM - The velly of city,포트리스2 블루 BGM,layDTzNI9D4,https://www.youtube.com/watch?v=layDTzNI9D4,199,https://i.ytimg.com/vi/layDTzNI9D4/mqdefault.jpg
5eeeddb1-8d33-4376-bc58-3c2d5d34c2e2,Fortress 2 Blue Theme song(포트리스 2 블루 BGM 배경음악),Be Higher,uhbtSRbx0K0,https://www.youtube.com/watch?v=uhbtSRbx0K0,319,https://i.ytimg.com/vi/uhbtSRbx0K0/mqdefault.jpg
2bf82c25-afc4-43a9-bf71-80f0b02e4441,Fortress 2 Blue Theme song(포트리스 2 블루 BGM 배경음악),Once In A Life Time,DUGXpMyrDOY,https://www.youtube.com/watch?v=DUGXpMyrDOY,142,https://i.ytimg.com/vi/DUGXpMyrDOY/mqdefault.jpg
cf1051b3-f071-4fdd-b7a0-e5d9f2e88870,옛날 메이플 브금 모음,행음소 :: HAPPY,Hnq_N9OXvYA,https://www.youtube.com/watch?v=Hnq_N9OXvYA,8045,https://i.ytimg.com/vi/Hnq_N9OXvYA/mqdefault.jpg
063c5d91-c131-4afe-9a20-3390ab142df5,[Playlist] 진짜 진짜 잔잔한 메이플스토리 BGM 모음집,저녁의치킨,IHVmzPUqims,https://www.youtube.com/watch?v=IHVmzPUqims,5638,https://i.ytimg.com/vi/IHVmzPUqims/mqdefault.jpg
1902ded1-7cad-476c-94d3-452f35375cef,Thunderstruck,AC/DC,v2AC41dglnM,https://www.youtube.com/watch?v=v2AC41dglnM,293,https://i.ytimg.com/vi/v2AC41dglnM/mqdefault.jpg
80a97fa3-4aff-4530-b4a7-6e8aadd56d87,Rasputin,Boney M.,Nl_Eo2QzqU4,https://www.youtube.com/watch?v=Nl_Eo2QzqU4,268,https://i.ytimg.com/vi/Nl_Eo2QzqU4/mqdefault.jpg
6e3129ef-5d3b-492a-8de3-f49be2160f90,Snooze,SZA,Sv5yCzPCkv8,https://www.youtube.com/watch?v=Sv5yCzPCkv8,204,https://i.ytimg.com/vi/Sv5yCzPCkv8/mqdefault.jpg
dbcd9205-cad8-422f-9309-ac6401c6d7c1,熱愛105°C的你【動態歌詞】「Super Idol的笑容 都沒你的甜」♪,阿肆,iJAxeafvn8Y,https://www.youtube.com/watch?v=iJAxeafvn8Y,196,https://i.ytimg.com/vi/iJAxeafvn8Y/mqdefault.jpg
479176dd-dafd-4944-b6b0-8b6e95e4c0ae,热爱105°C的你,阿肆 - Topic,_FVvA1lUkQ8,https://www.youtube.com/watch?v=_FVvA1lUkQ8,196,https://i.ytimg.com/vi/_FVvA1lUkQ8/mqdefault.jpg
f8db2064-aa91-41ee-929e-4ff5ee417b4a,STAY,"The Kid LAROI, Justin Bieber",kTJczUoc26U,https://www.youtube.com/watch?v=kTJczUoc26U,158,https://i.ytimg.com/vi/kTJczUoc26U/mqdefault.jpg
8aa2aa2c-964b-45b1-8482-0dca016fd8ea,Around The World,Daft Punk,K0HSD_i2DvA,https://www.youtube.com/watch?v=K0HSD_i2DvA,242,https://i.ytimg.com/vi/K0HSD_i2DvA/mqdefault.jpg
980a2317-af13-4373-98ee-7945983db5a0,Firestarter,The Prodigy,wmin5WkOuPw,https://www.youtube.com/watch?v=wmin5WkOuPw,226,https://i.ytimg.com/vi/wmin5WkOuPw/mqdefault.jpg
0b683ce1-efb8-4176-b376-36531eba0321,Tubthumping,Chumbawamba,2H5uWRjFsGc,https://www.youtube.com/watch?v=2H5uWRjFsGc,214,https://i.ytimg.com/vi/2H5uWRjFsGc/mqdefault.jpg
e6324faa-dabf-4548-9158-99b1508f1cf2,Hey Boy Hey Girl (Extended Mix),The Chemical Brothers,Z7Lf358uXs4,https://www.youtube.com/watch?v=Z7Lf358uXs4,672,https://i.ytimg.com/vi/Z7Lf358uXs4/mqdefault.jpg
6563a5f2-a04c-4299-b68b-27f1ecd91420,We Are The Night,The Chemical Brothers - Topic,lcFpqfv1Mng,https://www.youtube.com/watch?v=lcFpqfv1Mng,394,https://i.ytimg.com/vi/lcFpqfv1Mng/mqdefault.jpg
e2a94012-e1fc-4dad-b070-46f274bbb6df,Birdy Nam Nam Trans Boulogne Express,Sébastien Pereira,MF2Be8ra0zU,https://www.youtube.com/watch?v=MF2Be8ra0zU,213,https://i.ytimg.com/vi/MF2Be8ra0zU/mqdefault.jpg
3232f9b6-74f6-4b88-bdfc-45c145bf3300,Eat Your Young,Hozier,e6LM0sIA_Eg,https://www.youtube.com/watch?v=e6LM0sIA_Eg,256,https://i.ytimg.com/vi/e6LM0sIA_Eg/mqdefault.jpg
31bf4cd0-da21-40bc-8029-ddcabd7957fa,I Will Survive,CAKE,f9rCUQjmkxU,https://www.youtube.com/watch?v=f9rCUQjmkxU,247,https://i.ytimg.com/vi/f9rCUQjmkxU/mqdefault.jpg
6a066d42-22c1-4511-a8ef-da3db4608685,Seven Nation Army,The White Stripes,0J2QdDbelmY,https://www.youtube.com/watch?v=0J2QdDbelmY,239,https://i.ytimg.com/vi/0J2QdDbelmY/mqdefault.jpg
af498c16-adcf-4051-b5fc-2f621edaa6e7,I&#39;m Gonna Be,The Proclaimers,tbNlMtqrYS0,https://www.youtube.com/watch?v=tbNlMtqrYS0,219,https://i.ytimg.com/vi/tbNlMtqrYS0/mqdefault.jpg
b8bfd82d-f1cc-4a47-b37c-06d587c48016,Highway to Hell,AC/DC,l482T0yNkeo,https://www.youtube.com/watch?v=l482T0yNkeo,208,https://i.ytimg.com/vi/l482T0yNkeo/mqdefault.jpg
0866841d-db7d-48ca-9e29-642a63b5679c,Hell Ain&#39;t a Bad Place to Be,AC/DC - Topic,qNfpkK5Uzqg,https://www.youtube.com/watch?v=qNfpkK5Uzqg,255,https://i.ytimg.com/vi/qNfpkK5Uzqg/mqdefault.jpg
78cc82ab-5380-40f7-b6ab-fa53ad53440b,NERA| Def Jam India | Latest Malayalam Rap Song,ARJN X KDS X RONN,hipB2vhwj_Y,https://www.youtube.com/watch?v=hipB2vhwj_Y,224,https://i.ytimg.com/vi/hipB2vhwj_Y/mqdefault.jpg
443ccba8-4cc0-4840-bc2f-7d5870646773,"Title Song | R Madhvan, Dia Mirza | Sonu Nigam, Kavita K | 2000s Bollywood",Rehnaa Hai Terre Dil Mein,2K-LGLs1LRU,https://www.youtube.com/watch?v=2K-LGLs1LRU,265,https://i.ytimg.com/vi/2K-LGLs1LRU/mqdefault.jpg
856ebb3c-51bb-40d5-8fd1-0613d0a37996,Supernova Love,"IVE, David Guetta",Xq-eunLqtfU,https://www.youtube.com/watch?v=Xq-eunLqtfU,199,https://i.ytimg.com/vi/Xq-eunLqtfU/mqdefault.jpg
b4c062cd-9a08-45dd-822a-45a253f3213d,Plug in Baby,Muse - Topic,Kler5kYbRqM,https://www.youtube.com/watch?v=Kler5kYbRqM,218,https://i.ytimg.com/vi/Kler5kYbRqM/mqdefault.jpg
1b467f62-012f-4416-9c29-8bcc406575a2,Foggy Mountain Breakdown,Smokey River Boys - Topic,ZeBKgxqfvN0,https://www.youtube.com/watch?v=ZeBKgxqfvN0,161,https://i.ytimg.com/vi/ZeBKgxqfvN0/mqdefault.jpg
fd061daa-0ce6-41fd-882d-8eba1cee2b9c,You Go Before Me,Angelica Smith - Topic,kjZnDfqoUGA,https://www.youtube.com/watch?v=kjZnDfqoUGA,234,https://i.ytimg.com/vi/kjZnDfqoUGA/mqdefault.jpg
c94be96a-c44d-4dcd-ae57-6c0900285d9f,Remembrance (Radio Edit),Angelica Smith - Topic,397SmCDz8Oc,https://www.youtube.com/watch?v=397SmCDz8Oc,232,https://i.ytimg.com/vi/397SmCDz8Oc/mqdefault.jpg
0ce215d8-47bd-4484-9b6e-f96d8419aa62,Open Your Eyes W/lyrics,Guano Apes,Yry2X-oObds,https://www.youtube.com/watch?v=Yry2X-oObds,189,https://i.ytimg.com/vi/Yry2X-oObds/mqdefault.jpg
f171f282-215f-4ac4-a376-768507470987,Open Your Heart[],Madonna,snsTmi9N9Gs,https://www.youtube.com/watch?v=snsTmi9N9Gs,272,https://i.ytimg.com/vi/snsTmi9N9Gs/mqdefault.jpg
8fa692b8-c0a4-4231-a4b4-d56cb698cd03,Presque à l&#39;heure (Prod. Crown),Le Fond D&#39;la Classe,35HpqRGOpa4,https://www.youtube.com/watch?v=35HpqRGOpa4,187,https://i.ytimg.com/vi/35HpqRGOpa4/mqdefault.jpg
e6dc4165-63ed-4568-9ad4-27b5cf0e245e,Sweet Dreams (Are Made Of This) (Alt. Version),Marilyn Manson,QUvVdTlA23w,https://www.youtube.com/watch?v=QUvVdTlA23w,298,https://i.ytimg.com/vi/QUvVdTlA23w/mqdefault.jpg
e500a8e0-b203-4b30-90ee-ac068d5582e0,We like to Party! (The Vengabus),Vengaboys,6Zbi0XmGtMw,https://www.youtube.com/watch?v=6Zbi0XmGtMw,225,https://i.ytimg.com/vi/6Zbi0XmGtMw/mqdefault.jpg
f07aa77d-ad27-4f13-a12d-21c8e9779630,Rumours [Full Album],Fleetwood Mac,-uFU79MGj00,https://www.youtube.com/watch?v=-uFU79MGj00,2669,https://i.ytimg.com/vi/-uFU79MGj00/mqdefault.jpg
5d8bb37d-8c45-4e5a-bafd-52c2c1237806,&quot;Shinunoga E-Wa&quot; Live at Nippon Budokan (2020),Fujii Kaze,lRVJuPI5IXI,https://www.youtube.com/watch?v=lRVJuPI5IXI,255,https://i.ytimg.com/vi/lRVJuPI5IXI/mqdefault.jpg
48140125-782a-4ec7-9bd0-e4fbea19f917,Freed from desire,GALA,p3l7fgvrEKM,https://www.youtube.com/watch?v=p3l7fgvrEKM,214,https://i.ytimg.com/vi/p3l7fgvrEKM/mqdefault.jpg
8bbe0806-00bd-4fce-80e9-70d372f61fce,Sandstorm,Darude,y6120QOlsfU,https://www.youtube.com/watch?v=y6120QOlsfU,233,https://i.ytimg.com/vi/y6120QOlsfU/mqdefault.jpg
5deffc75-c6da-4280-b68c-63e39bc885bb,LOSE CONTROL (Mashup) | Alex Warren x Teddy Swims | #mashup #ordinary #losecontrol,ORDINARY,7O7pIS_QTmM,https://www.youtube.com/watch?v=7O7pIS_QTmM,146,https://i.ytimg.com/vi/7O7pIS_QTmM/mqdefault.jpg
aa815393-46a9-4694-afbe-9e5d716d27d6,Per Vachaalum Vaikkaama Video | Santhanam | Yuvan Shankar Raja | Karthik Yogi,Dikkiloona,-BUDo3mow00,https://www.youtube.com/watch?v=-BUDo3mow00,275,https://i.ytimg.com/vi/-BUDo3mow00/mqdefault.jpg
259f2e83-c7bc-44b0-838d-728f7f8a9d8b,Papon - Coke Studio @ MTV Season 3,Khumaar,5KT2D-L283k,https://www.youtube.com/watch?v=5KT2D-L283k,403,https://i.ytimg.com/vi/5KT2D-L283k/mqdefault.jpg
af494d6c-d338-42fe-9e5d-e474bae4a8ac,MALINDA and Rachel Hardy (Lord of the Rings cover),Into the West,h_-AHeGO-bE,https://www.youtube.com/watch?v=h_-AHeGO-bE,283,https://i.ytimg.com/vi/h_-AHeGO-bE/mqdefault.jpg
f8af4a25-ce75-47af-8c42-cdabe8758b3e,Hayley Westenra 720P(((STEREO))),I DREAMED A DREAM,ZSwx2MdUKzw,https://www.youtube.com/watch?v=ZSwx2MdUKzw,219,https://i.ytimg.com/vi/ZSwx2MdUKzw/mqdefault.jpg
8e01fcad-1d9b-4ba0-a888-045c40ec3ab0,PLAYER],I.N &quot;HALLUCINATION&quot; | [Stray Kids : SKZ,n5B5q1Hwt_U,https://www.youtube.com/watch?v=n5B5q1Hwt_U,176,https://i.ytimg.com/vi/n5B5q1Hwt_U/mqdefault.jpg
9b431408-d870-4855-9df3-db992cc71084,The Chemistry Of Love,Michael Franks - Topic,xuhD8vZDzI8,https://www.youtube.com/watch?v=xuhD8vZDzI8,263,https://i.ytimg.com/vi/xuhD8vZDzI8/mqdefault.jpg
5e689ee2-5c9a-440a-bbb9-51c52d02c42c,Rhubarb,Aphex Twin,_AWIqXzvX-U,https://www.youtube.com/watch?v=_AWIqXzvX-U,465,https://i.ytimg.com/vi/_AWIqXzvX-U/mqdefault.jpg
3b278a79-4571-4bd9-b5cb-b01db963d597,Play Marbles,Momose Yasunaga - Topic,7ljlAKdL0so,https://www.youtube.com/watch?v=7ljlAKdL0so,288,https://i.ytimg.com/vi/7ljlAKdL0so/mqdefault.jpg
c6d509a2-0ad1-4987-9e84-ffac07bf3fde,"Heal, from Ico (Extended)",αλώβητος κανένας,KJBTgIaS4dc,https://www.youtube.com/watch?v=KJBTgIaS4dc,900,https://i.ytimg.com/vi/KJBTgIaS4dc/mqdefault.jpg
3f8e4e35-b057-48ba-87d1-a3c8b65e6f9f,Swimming Pool,Jacob Kirkegaard,qcmYE407tvg,https://www.youtube.com/watch?v=qcmYE407tvg,813,https://i.ytimg.com/vi/qcmYE407tvg/mqdefault.jpg
bf08b504-4278-47c0-9985-54bb5bd6bdc5,"Boreal Kiss, Part 1",Tim Hecker,aDuCRWRmeXA,https://www.youtube.com/watch?v=aDuCRWRmeXA,209,https://i.ytimg.com/vi/aDuCRWRmeXA/mqdefault.jpg
44bf69bb-7c9c-4669-b9d3-2c0555553ac5,The Revenant Main Theme - (The Revenant Original Motion Picture Soundtrack),Ryuichi Sakamoto,8BRPWwGbElI,https://www.youtube.com/watch?v=8BRPWwGbElI,157,https://i.ytimg.com/vi/8BRPWwGbElI/mqdefault.jpg
7af431a6-d018-4bbc-8b1c-42367f2ca96b,Who Would Jesus Bomb?,Jordan Smart,gMPAHL4K-FA,https://www.youtube.com/watch?v=gMPAHL4K-FA,192,https://i.ytimg.com/vi/gMPAHL4K-FA/mqdefault.jpg
57c86bf1-b380-48d1-9bcd-cf35880873d7,William Basinski,Disintegration Loop 1.1,0v8BBNgFOfg,https://www.youtube.com/watch?v=0v8BBNgFOfg,116,https://i.ytimg.com/vi/0v8BBNgFOfg/mqdefault.jpg
e65e5f82-3235-49c5-8d12-a4c904667927,War Isn&#39;t Murder,Jesse Welles - Topic,EAMMZsr--vE,https://www.youtube.com/watch?v=EAMMZsr--vE,196,https://i.ytimg.com/vi/EAMMZsr--vE/mqdefault.jpg
f6e26a20-ce1b-4618-93a7-59f773badb39,Rivers of Sand,Fennesz,D8Q9R1aTcYU,https://www.youtube.com/watch?v=D8Q9R1aTcYU,269,https://i.ytimg.com/vi/D8Q9R1aTcYU/mqdefault.jpg
27356c53-2d4a-4230-8b6c-5aacafd19875,"Requiem for Dying Mothers, Pt. 2",Stars of the Lid - Topic,_8aYF9PtQjA,https://www.youtube.com/watch?v=_8aYF9PtQjA,458,https://i.ytimg.com/vi/_8aYF9PtQjA/mqdefault.jpg
53c1112f-19cc-4329-934b-f22d6e668dfa,peak chroma,claire rousay,IWTvRAV7DYg,https://www.youtube.com/watch?v=IWTvRAV7DYg,401,https://i.ytimg.com/vi/IWTvRAV7DYg/mqdefault.jpg
f742b8cc-da46-48e4-a669-09aea315a02c,Under the Water It Glowed,Eluvium,fNrpZGl7du4,https://www.youtube.com/watch?v=fNrpZGl7du4,310,https://i.ytimg.com/vi/fNrpZGl7du4/mqdefault.jpg
17dec54c-4c43-4ba3-86f4-57a152942a2a,Staircases,Christina Vantzou,L5js-vbuCrM,https://www.youtube.com/watch?v=L5js-vbuCrM,249,https://i.ytimg.com/vi/L5js-vbuCrM/mqdefault.jpg
fc0d337f-0ca6-42f4-8f04-9af5f8962d97,Nazi (Live),Chumbawamba - Topic,GlMAN5IKtUM,https://www.youtube.com/watch?v=GlMAN5IKtUM,93,https://i.ytimg.com/vi/GlMAN5IKtUM/mqdefault.jpg
b57e649e-b227-49b0-8e5f-0f2fcd5d7b84,&quot;Times Like These&quot; (Acoustic Version),Steve Earle,YLITH6ZsDdw,https://www.youtube.com/watch?v=YLITH6ZsDdw,179,https://i.ytimg.com/vi/YLITH6ZsDdw/mqdefault.jpg
2c0c8d49-60e6-47db-ba23-51aa0785a4da,End Up on the Screen,Lefty Fish - Topic,jXyf4CSgQ3o,https://www.youtube.com/watch?v=jXyf4CSgQ3o,62,https://i.ytimg.com/vi/jXyf4CSgQ3o/mqdefault.jpg
32a2a16e-3f85-4a8e-8889-c31bbafb8099,See Dem Fake Leaders by Ziggy Marley (2017),Ziggy Marley,K8uwGaREhmY,https://www.youtube.com/watch?v=K8uwGaREhmY,253,https://i.ytimg.com/vi/K8uwGaREhmY/mqdefault.jpg
2f720370-3685-4d4b-abef-720271f335ce,Come Clean[],Hilary Duff,4a-SEPT8DeE,https://www.youtube.com/watch?v=4a-SEPT8DeE,213,https://i.ytimg.com/vi/4a-SEPT8DeE/mqdefault.jpg
6decb4d7-5639-49e5-899c-05979cae549c,Sorry You&#39;re Not A Winner,Enter Shikari,P4MiC67seUY,https://www.youtube.com/watch?v=P4MiC67seUY,247,https://i.ytimg.com/vi/P4MiC67seUY/mqdefault.jpg
781e0c41-c348-46a6-b178-c11bd79e0393,Leadbelly,Mr. Hitler,VQva5wKSfzM,https://www.youtube.com/watch?v=VQva5wKSfzM,275,https://i.ytimg.com/vi/VQva5wKSfzM/mqdefault.jpg
2ac206e7-206a-4127-a191-5b7827a8bb34,MP5,Honningbarna - Topic,DW7a-Pp1fQE,https://www.youtube.com/watch?v=DW7a-Pp1fQE,166,https://i.ytimg.com/vi/DW7a-Pp1fQE/mqdefault.jpg
e48f6c3d-ac6d-4d98-b70f-6f2acc0b72e9,Iris,The Goo Goo Dolls - Topic,CUbJQGqFoi0,https://www.youtube.com/watch?v=CUbJQGqFoi0,290,https://i.ytimg.com/vi/CUbJQGqFoi0/mqdefault.jpg
627a0b88-c34a-443c-a0a5-bc6c52a31c1d,Enter Shikari &quot;Mothership&quot;,[PIAS],9dINT3_Fjn4,https://www.youtube.com/watch?v=9dINT3_Fjn4,288,https://i.ytimg.com/vi/9dINT3_Fjn4/mqdefault.jpg
95194e8e-6223-4d9a-ba1e-99b80fec31f5,I Wanna Be Loved,Elvis Costello &amp; The Attractions,UOdi7-vpRG4,https://www.youtube.com/watch?v=UOdi7-vpRG4,305,https://i.ytimg.com/vi/UOdi7-vpRG4/mqdefault.jpg
adce9068-2211-429c-84bf-581363c1275b,God Help Me Bury This Fucking Light,Venus Twins - Topic,mIczw4m2RzU,https://www.youtube.com/watch?v=mIczw4m2RzU,119,https://i.ytimg.com/vi/mIczw4m2RzU/mqdefault.jpg
b072ec63-9ff6-48f6-baec-bd8f3538a7fc,The Communists Have the Music,They Might Be Giants,7A2-ACZhg_g,https://www.youtube.com/watch?v=7A2-ACZhg_g,156,https://i.ytimg.com/vi/7A2-ACZhg_g/mqdefault.jpg
df616641-a4ec-4edf-bebd-edc05e2a4528,Arrest The President,Ice Cube,y9oUnC8JtXY,https://www.youtube.com/watch?v=y9oUnC8JtXY,235,https://i.ytimg.com/vi/y9oUnC8JtXY/mqdefault.jpg
e9084fec-99f1-4479-82a6-c06fea2d26cd,Iris,Goo Goo Dolls,zDOILKOOUCo,https://www.youtube.com/watch?v=zDOILKOOUCo,290,https://i.ytimg.com/vi/zDOILKOOUCo/mqdefault.jpg
ab88feb7-a571-47ad-9ca1-6cf19325b9be,When Life Hand You Grenade,Piri Reis,cQKXobL_RQk,https://www.youtube.com/watch?v=cQKXobL_RQk,218,https://i.ytimg.com/vi/cQKXobL_RQk/mqdefault.jpg
8ce7252e-083a-4304-9eb2-cb8f58b7fd1a,(We Don&#39;t Need This) Fascist Groove Thang,Heaven 17,uWs1-2foKoo,https://www.youtube.com/watch?v=uWs1-2foKoo,266,https://i.ytimg.com/vi/uWs1-2foKoo/mqdefault.jpg
99d981df-3168-4eb0-9726-c7084731f133,Haunting,Closet Witch - Topic,3OqE6wfP8cs,https://www.youtube.com/watch?v=3OqE6wfP8cs,42,https://i.ytimg.com/vi/3OqE6wfP8cs/mqdefault.jpg
2bc61ef4-f5d2-4bf2-bbf5-2965b20a9759,My Greatest Treasure,To Be Gentle - Topic,NxnzEwiWhJ4,https://www.youtube.com/watch?v=NxnzEwiWhJ4,170,https://i.ytimg.com/vi/NxnzEwiWhJ4/mqdefault.jpg
07cfe8a5-8c8d-4e59-a7ed-abedf11768ce,Iris[Remaster],Goo Goo Dolls,NdYWuo9OFAw,https://www.youtube.com/watch?v=NdYWuo9OFAw,216,https://i.ytimg.com/vi/NdYWuo9OFAw/mqdefault.jpg
57f4bc99-e92f-4b8b-967f-476bffd84350,"Baby, I Had An Abortion",Petrol Girls,iMp4mgZbhA8,https://www.youtube.com/watch?v=iMp4mgZbhA8,193,https://i.ytimg.com/vi/iMp4mgZbhA8/mqdefault.jpg
68926a6e-174a-46c7-bb31-2c3543e67943,ON WEDNESDAYS I AM GOING TO MAKE IT / TOASTING WITH AUNT MARY &amp; UNCLE JULIUS,Vantana Row - Topic,gzF-fUcpDXw,https://www.youtube.com/watch?v=gzF-fUcpDXw,76,https://i.ytimg.com/vi/gzF-fUcpDXw/mqdefault.jpg
5c4c55e7-afff-4666-80d3-aa1e790857f2,- State of Being,Acid Synthesis,lKYlN6LESDA,https://www.youtube.com/watch?v=lKYlN6LESDA,632,https://i.ytimg.com/vi/lKYlN6LESDA/mqdefault.jpg
4583cdc3-f4f6-4fad-bed3-0f6acaea8e23,Singing out the Days,Chumbawamba - Topic,kgCYvTwz9aI,https://www.youtube.com/watch?v=kgCYvTwz9aI,139,https://i.ytimg.com/vi/kgCYvTwz9aI/mqdefault.jpg
7f9caa83-c133-483e-8361-2156adc208a6,rage,DEZI - Topic,zIaHqjjgW_Q,https://www.youtube.com/watch?v=zIaHqjjgW_Q,169,https://i.ytimg.com/vi/zIaHqjjgW_Q/mqdefault.jpg
85b06d48-1248-4f00-b2c0-1984d8e2ca5f,Sónar 2025 - ARTE Concert,Ángel Molina,tH2FAmZJ2iQ,https://www.youtube.com/watch?v=tH2FAmZJ2iQ,7293,https://i.ytimg.com/vi/tH2FAmZJ2iQ/mqdefault.jpg
900f2a93-9a21-43de-92c1-811696956269,Phil Ochs Draft Dodger Rag,farmboy10001,tFFOUkipI4U,https://www.youtube.com/watch?v=tFFOUkipI4U,134,https://i.ytimg.com/vi/tFFOUkipI4U/mqdefault.jpg
a7675ae2-c303-4d16-8982-2e3488fae545,Outside Of A Small Circle Of Friends,Phil Ochs - Topic,CjRwMgHvrhQ,https://www.youtube.com/watch?v=CjRwMgHvrhQ,224,https://i.ytimg.com/vi/CjRwMgHvrhQ/mqdefault.jpg
04bf65b8-1850-413a-af26-341832906b1f,GUILTY,Madison McFerrin,yXDrpaJNVqw,https://www.youtube.com/watch?v=yXDrpaJNVqw,162,https://i.ytimg.com/vi/yXDrpaJNVqw/mqdefault.jpg
000ce04d-9ad7-4a49-9793-1a15323041a9,Dinosaur for President,2Krispii - Topic,x_kAdfeCzZ4,https://www.youtube.com/watch?v=x_kAdfeCzZ4,102,https://i.ytimg.com/vi/x_kAdfeCzZ4/mqdefault.jpg
57c76d79-172a-4a24-8b90-7f44b3faebb6,Heterophobic,2Krispii - Topic,o_AgiD14fCA,https://www.youtube.com/watch?v=o_AgiD14fCA,120,https://i.ytimg.com/vi/o_AgiD14fCA/mqdefault.jpg
88994f1c-aa50-4dde-81e5-847a8396fa20,All Hat No Cattle,The Doohickeys,cB7oIZjgW8A,https://www.youtube.com/watch?v=cB7oIZjgW8A,253,https://i.ytimg.com/vi/cB7oIZjgW8A/mqdefault.jpg
65f39b92-2142-4450-a1eb-5732bdb6c684,Ugly Nasty Commie B*tch,Carsie Blanton,EXFToM4UYgo,https://www.youtube.com/watch?v=EXFToM4UYgo,59,https://i.ytimg.com/vi/EXFToM4UYgo/mqdefault.jpg
911e6213-1a44-4e73-98ff-c91fb65bf914,You Ain&#39;t Done Nothing (If You Ain&#39;t Been Called a Red),Carsie Blanton - Topic,OfQzegXwsac,https://www.youtube.com/watch?v=OfQzegXwsac,152,https://i.ytimg.com/vi/OfQzegXwsac/mqdefault.jpg
fcf5ed24-43bf-4941-b3cb-bf273ca018f4,"Just For Being English, These Days",Rain McMey - Topic,tOP1twjhYgs,https://www.youtube.com/watch?v=tOP1twjhYgs,154,https://i.ytimg.com/vi/tOP1twjhYgs/mqdefault.jpg
48088415-748c-4ffd-ae7a-eae505beaf3b,Crucible (Perc Trax),Scalameriya,t62Rty9yCoY,https://www.youtube.com/watch?v=t62Rty9yCoY,290,https://i.ytimg.com/vi/t62Rty9yCoY/mqdefault.jpg
e65bab32-4032-4bba-b00d-a6f5fcd9d701,Palestine,Christy Moore - Topic,HDKOm-cYd7c,https://www.youtube.com/watch?v=HDKOm-cYd7c,174,https://i.ytimg.com/vi/HDKOm-cYd7c/mqdefault.jpg
07bc5e1d-2adc-43d6-9657-1137e3b3acb3,Fuck You,Lily Allen,KUHqFhnen0U,https://www.youtube.com/watch?v=KUHqFhnen0U,226,https://i.ytimg.com/vi/KUHqFhnen0U/mqdefault.jpg
495dc451-a000-4304-9fbc-4791b175799c,Terms and Conditions,Seb Lowe - Topic,wPLJ5Udr87g,https://www.youtube.com/watch?v=wPLJ5Udr87g,203,https://i.ytimg.com/vi/wPLJ5Udr87g/mqdefault.jpg
be6e591a-1b07-4e05-ab00-f739d3cac6bb,GERM,Kate Nash,q2MoQJP-PhA,https://www.youtube.com/watch?v=q2MoQJP-PhA,313,https://i.ytimg.com/vi/q2MoQJP-PhA/mqdefault.jpg
51d8fcfa-bc2c-416b-8e92-13ea24cfb288,Deportees- Woody Guthrie Center Award,Springsteen,c4KXBzmNlmI,https://www.youtube.com/watch?v=c4KXBzmNlmI,282,https://i.ytimg.com/vi/c4KXBzmNlmI/mqdefault.jpg
1f645c0c-b4e0-4756-897d-068a7bec5181,Tear the Fascists Down,Woody Guthrie - Topic,NGBpHW4voJA,https://www.youtube.com/watch?v=NGBpHW4voJA,128,https://i.ytimg.com/vi/NGBpHW4voJA/mqdefault.jpg
ce73c2ea-e986-464d-a1ec-e1b2677b4aaf,Resistencia,Los de Abajo - Topic,W3zntqv9C-k,https://www.youtube.com/watch?v=W3zntqv9C-k,300,https://i.ytimg.com/vi/W3zntqv9C-k/mqdefault.jpg
b9002a25-bd04-4fcd-8d83-d79c1535c458,If I Had A Rocket Launcher (Live 8 2005),Bruce Cockburn,_AG7g0eCtcI,https://www.youtube.com/watch?v=_AG7g0eCtcI,326,https://i.ytimg.com/vi/_AG7g0eCtcI/mqdefault.jpg
26da18b5-50d1-49f7-8877-3acbcebdc6c4,Heron - Revolution Will Not Be Televised,Gil Scott,vwSRqaZGsPw,https://www.youtube.com/watch?v=vwSRqaZGsPw,188,https://i.ytimg.com/vi/vwSRqaZGsPw/mqdefault.jpg
377a012e-df62-47d9-92ff-f8c21612c394,Ohio,"Crosby, Stills & Nash - Topic",J9INnMMwvnk,https://www.youtube.com/watch?v=J9INnMMwvnk,180,https://i.ytimg.com/vi/J9INnMMwvnk/mqdefault.jpg
6a6788c1-7e4f-4b79-92ee-a25c61b0f811,Revolution Drinking Song (Live),Willowbrook - Topic,2r25aH72lgQ,https://www.youtube.com/watch?v=2r25aH72lgQ,153,https://i.ytimg.com/vi/2r25aH72lgQ/mqdefault.jpg
6a92d922-3696-4ddc-bca6-016174021ecd,J&#39;me radicalise,Tania Wyss - Topic,gjTe2nLUzhE,https://www.youtube.com/watch?v=gjTe2nLUzhE,217,https://i.ytimg.com/vi/gjTe2nLUzhE/mqdefault.jpg
7049f8ff-889a-4045-b077-450b507f038d,Living in the Future,Rita Nelson - Topic,X51PPQ___wc,https://www.youtube.com/watch?v=X51PPQ___wc,179,https://i.ytimg.com/vi/X51PPQ___wc/mqdefault.jpg
58c6bb46-190d-45e2-a5d6-7ca16060da36,Common People,Pulp,yuTMWgOduFM,https://www.youtube.com/watch?v=yuTMWgOduFM,245,https://i.ytimg.com/vi/yuTMWgOduFM/mqdefault.jpg
11303b8d-5a62-4751-b528-a220697d4100,Vertical Visualizer,“Make Me Buy A Gun”,jcKcxa-mDU4,https://www.youtube.com/watch?v=jcKcxa-mDU4,243,https://i.ytimg.com/vi/jcKcxa-mDU4/mqdefault.jpg
061dc8c6-611e-44af-96e5-0f9929b1b46c,Common People (Full Length Version),Pulp - Topic,TZOdKdxP8Wk,https://www.youtube.com/watch?v=TZOdKdxP8Wk,353,https://i.ytimg.com/vi/TZOdKdxP8Wk/mqdefault.jpg
720299da-beab-4f4c-8ff2-4bcfe070be84,AND THE KIDS SAY,The Neighborhood Kids,SHU-2DHSJmg,https://www.youtube.com/watch?v=SHU-2DHSJmg,206,https://i.ytimg.com/vi/SHU-2DHSJmg/mqdefault.jpg
739bfafa-fcb9-4e1b-b8aa-c24a797dcc9a,Chacarron,El Chombo,MlW7T0SUH0E,https://www.youtube.com/watch?v=MlW7T0SUH0E,168,https://i.ytimg.com/vi/MlW7T0SUH0E/mqdefault.jpg
40e1383f-6359-4e49-853f-31e54b9019a5,Bark at the Moon,Ozzy Osbourne,LplPi2CxNHI,https://www.youtube.com/watch?v=LplPi2CxNHI,264,https://i.ytimg.com/vi/LplPi2CxNHI/mqdefault.jpg
d8134dc8-4d8d-437a-9e63-783d4d02c1cc,Shadow (Kettenkarussell Remix),Chromatics,oQhQhbqGST0,https://www.youtube.com/watch?v=oQhQhbqGST0,371,https://i.ytimg.com/vi/oQhQhbqGST0/mqdefault.jpg
f2b36210-2a01-4e93-928c-a7e840812007,Smile,Portobello Bones,DkQX8hPT2VA,https://www.youtube.com/watch?v=DkQX8hPT2VA,233,https://i.ytimg.com/vi/DkQX8hPT2VA/mqdefault.jpg
05ac8e54-90c6-421a-9e9d-5218b9ef622c,Man? - Theme from Eeviac,Man or Astro,NUN0TyTmQ4s,https://www.youtube.com/watch?v=NUN0TyTmQ4s,199,https://i.ytimg.com/vi/NUN0TyTmQ4s/mqdefault.jpg
b1443d7d-c25d-4682-a295-2d8a30445e91,Man? - Defcon 5 (Live on KEXP),Man Or Astro,Dxc65Vxrbns,https://www.youtube.com/watch?v=Dxc65Vxrbns,228,https://i.ytimg.com/vi/Dxc65Vxrbns/mqdefault.jpg
9b8708a9-b497-4e96-8d32-d2a795d532a8,ZIKIN (LIVE),EZEZEZ,c38qI9ph4fI,https://www.youtube.com/watch?v=c38qI9ph4fI,203,https://i.ytimg.com/vi/c38qI9ph4fI/mqdefault.jpg
db7d0406-e1e3-491b-82a7-264fde293f4f,Laberinto Club (live),EZEZEZ,hyAqfD78yUg,https://www.youtube.com/watch?v=hyAqfD78yUg,180,https://i.ytimg.com/vi/hyAqfD78yUg/mqdefault.jpg
d596463d-4194-44eb-b95e-a8d9500c7791,The Mystery Lights &quot;What Happens When You Turn The Devil Down?&quot;,Live From The House of Soul,Vs0BUKTNjKA,https://www.youtube.com/watch?v=Vs0BUKTNjKA,318,https://i.ytimg.com/vi/Vs0BUKTNjKA/mqdefault.jpg
e34d0de6-fc19-4743-9f16-fde384fdeed4,Before You Realize It,The Mystery Lights,eJeoXBrZk6M,https://www.youtube.com/watch?v=eJeoXBrZk6M,122,https://i.ytimg.com/vi/eJeoXBrZk6M/mqdefault.jpg
5198c512-b30d-4f63-84e1-d94864ae8133,Where The Action Was,THE MAHARAJAS,TuPDjJ_4lWI,https://www.youtube.com/watch?v=TuPDjJ_4lWI,130,https://i.ytimg.com/vi/TuPDjJ_4lWI/mqdefault.jpg
855b2927-0db3-467b-aa14-4fae09ad90dc,For Your Love,THE MAHARAJAS,CvmRgbgwMbQ,https://www.youtube.com/watch?v=CvmRgbgwMbQ,164,https://i.ytimg.com/vi/CvmRgbgwMbQ/mqdefault.jpg
cfb1fc6f-fb51-4e74-a45a-e8fc28485167,All Star,Smash Mouth,L_jWHffIx5E,https://www.youtube.com/watch?v=L_jWHffIx5E,237,https://i.ytimg.com/vi/L_jWHffIx5E/mqdefault.jpg
40aa92b2-20da-4894-8df1-5afcc13bde14,The Dreaming Tree,Dave Matthews Band - Topic,OQJlfx7g4Z4,https://www.youtube.com/watch?v=OQJlfx7g4Z4,529,https://i.ytimg.com/vi/OQJlfx7g4Z4/mqdefault.jpg
2c233c69-8f3f-450c-8fb1-3ded5c1f3c8c,Neon Tiger,The Killers - Topic,ws2-j9meNbw,https://www.youtube.com/watch?v=ws2-j9meNbw,185,https://i.ytimg.com/vi/ws2-j9meNbw/mqdefault.jpg
36772983-a468-40e2-be4a-8fe3301c53dc,"Thuli Thuli Video | Karthi, Tamannah | Yuvan Shankar Raja",Paiya,v-hL3sks2qI,https://www.youtube.com/watch?v=v-hL3sks2qI,270,https://i.ytimg.com/vi/v-hL3sks2qI/mqdefault.jpg
7235d921-03fc-4173-8e3c-38dc9eb8a701,"Fitoor | Aditya Roy Kapur, Katrina Kaif | Amit Trivedi | love song",Pashmina,uxTXp0-iZrY,https://www.youtube.com/watch?v=uxTXp0-iZrY,192,https://i.ytimg.com/vi/uxTXp0-iZrY/mqdefault.jpg
0767f168-8626-47e2-b402-eb915acf547e,ME! (feat. Brendon Urie of Panic! At The Disco) ft. Brendon Urie,Taylor Swift,FuXNumBwDOM,https://www.youtube.com/watch?v=FuXNumBwDOM,249,https://i.ytimg.com/vi/FuXNumBwDOM/mqdefault.jpg
4ee394ed-7e4e-491a-9963-eab36ed7b655,Seventeen Going Under,Sam Fender,WAifgn2Cvo8,https://www.youtube.com/watch?v=WAifgn2Cvo8,235,https://i.ytimg.com/vi/WAifgn2Cvo8/mqdefault.jpg
04abe71e-7a1a-4039-aa5f-c57b23bb9dea,Lose Control,Teddy Swims,vhNujgPvIdw,https://www.youtube.com/watch?v=vhNujgPvIdw,210,https://i.ytimg.com/vi/vhNujgPvIdw/mqdefault.jpg
9b56c389-1688-4e99-9e98-c020e5a6238d,Lyrical | Kedarnath | Sushant Rajput | Sara Ali Khan | Amit Trivedi | Amitabh B,Namo Namo,dx4Teh-nv3A,https://www.youtube.com/watch?v=dx4Teh-nv3A,329,https://i.ytimg.com/vi/dx4Teh-nv3A/mqdefault.jpg
d3d544d1-7d86-4ba7-b1f2-3952902019a0,Heart Shaped Box,Nirvana,by6lyNC3D9Y,https://www.youtube.com/watch?v=by6lyNC3D9Y,281,https://i.ytimg.com/vi/by6lyNC3D9Y/mqdefault.jpg
5aa4d571-22db-470f-81da-f1a775d956c7,Solitude (2009 Remaster),Black Sabbath - Topic,lejk2BmBbvk,https://www.youtube.com/watch?v=lejk2BmBbvk,302,https://i.ytimg.com/vi/lejk2BmBbvk/mqdefault.jpg
d9df0b38-3e67-4d1e-80f8-234c5e816da4,Teacher Don&#39;t Teach Me Nonsense (LP),Fela Kuti,i99w2T8nQB4,https://www.youtube.com/watch?v=i99w2T8nQB4,4736,https://i.ytimg.com/vi/i99w2T8nQB4/mqdefault.jpg
62f34929-488d-4753-baeb-a171811112a0,Could We Be More (Full Album),Kokoroko,__ebFZ4HxEk,https://www.youtube.com/watch?v=__ebFZ4HxEk,2925,https://i.ytimg.com/vi/__ebFZ4HxEk/mqdefault.jpg
b2af5fbe-1e22-491a-b276-9546c607836b,Full Performance (Live on KEXP),Bab L&#39; Bluz,8IMiWgP5618,https://www.youtube.com/watch?v=8IMiWgP5618,2239,https://i.ytimg.com/vi/8IMiWgP5618/mqdefault.jpg
e93ad17a-c79e-486f-bff6-c543ddd8ce12,Water no get enemy,Fela Kuti,IQBC5URoF0s,https://www.youtube.com/watch?v=IQBC5URoF0s,594,https://i.ytimg.com/vi/IQBC5URoF0s/mqdefault.jpg
7eb2719f-0d34-4395-9f59-cc356ac74be4,Cuando el jaguar no viene,Release - Topic,GVQkONMqRjA,https://www.youtube.com/watch?v=GVQkONMqRjA,222,https://i.ytimg.com/vi/GVQkONMqRjA/mqdefault.jpg
0d6db401-5271-4808-b811-1ee046fa726a,Aayiram Pathasarangal | Kayambookannil | Manjilayil Mungi Thurthi,Top 100 Songs of G Devarajan,bwKWT_CiGe4,https://www.youtube.com/watch?v=bwKWT_CiGe4,20972,https://i.ytimg.com/vi/bwKWT_CiGe4/mqdefault.jpg
d5af21a4-6531-4b4c-b159-13d5e6575cac,Old is Gold | Malayalam Movie Songs |  |Evergreen Malayalam Hits,ഓർമകളെ പൊന്നാക്കി മാറ്റിയ ഗാനങ്ങൾ,uEYqTg-ZgMU,https://www.youtube.com/watch?v=uEYqTg-ZgMU,13561,https://i.ytimg.com/vi/uEYqTg-ZgMU/mqdefault.jpg
0a12267d-771f-4f07-8882-b5356967ccad,90s പഴയ പാട്ടുകൾ | Malayalam Film Video Songs,80s,xkKrOAjoxHI,https://www.youtube.com/watch?v=xkKrOAjoxHI,2438,https://i.ytimg.com/vi/xkKrOAjoxHI/mqdefault.jpg
26078e54-5059-4055-bd97-ff84219a7b2d,90s കാലഘട്ടത്തിലെ നിങ്ങളുടെ ഇഷ്ട്ട ഗാനങ്ങൾ | KJ Yesudas |KS Chithra | #malayalamevergreensongs,80s,pZQ3oXEIUL4,https://www.youtube.com/watch?v=pZQ3oXEIUL4,4471,https://i.ytimg.com/vi/pZQ3oXEIUL4/mqdefault.jpg
48d32af3-2604-47cc-ba25-4f0a04353e39,Devil&#39;s Lullaby (ft. Scarlett),Jim Yosef,5tAS_-eGbHY,https://www.youtube.com/watch?v=5tAS_-eGbHY,176,https://i.ytimg.com/vi/5tAS_-eGbHY/mqdefault.jpg
11dc9f30-cf68-44bc-8e45-61ce9976c130,HOLY NIGHTZ,QB9,8aRsGVvwk4Y,https://www.youtube.com/watch?v=8aRsGVvwk4Y,232,https://i.ytimg.com/vi/8aRsGVvwk4Y/mqdefault.jpg
b2573b7b-10fb-4c45-a722-0f317ca5f6ca,Billie Jean,Michael Jackson - Topic,7CTJcHjkq0E,https://www.youtube.com/watch?v=7CTJcHjkq0E,294,https://i.ytimg.com/vi/7CTJcHjkq0E/mqdefault.jpg
2a46a7d4-ba62-4981-8cae-c8bfd18253d8,Daldeejen,TOPPOP: Normaal,-bF4AAVSfwA,https://www.youtube.com/watch?v=-bF4AAVSfwA,199,https://i.ytimg.com/vi/-bF4AAVSfwA/mqdefault.jpg
fb1c0dc1-2c71-46bd-a978-c63cfb614234,GLUE,BICEP,A7ZxRs45tTg,https://www.youtube.com/watch?v=A7ZxRs45tTg,285,https://i.ytimg.com/vi/A7ZxRs45tTg/mqdefault.jpg
5a1abc60-09c8-4137-a624-341f5310f485,MINH HUỆ FREESTYLE,xuanpacdontlie,yWbYJQZJ_FU,https://www.youtube.com/watch?v=yWbYJQZJ_FU,306,https://i.ytimg.com/vi/yWbYJQZJ_FU/mqdefault.jpg
acbbac76-30ce-4df3-9a78-edae33f5aff9,Permanence,David Guetta &amp; MORTEN,U33VOkH-iOs,https://www.youtube.com/watch?v=U33VOkH-iOs,233,https://i.ytimg.com/vi/U33VOkH-iOs/mqdefault.jpg
ddb870a8-c306-409f-8ac9-4290be55ed0e,Full ALBUM 2021,DYING HYDRA &quot;Of Lowly Origin&quot;,hLg9DvK76HU,https://www.youtube.com/watch?v=hLg9DvK76HU,3102,https://i.ytimg.com/vi/hLg9DvK76HU/mqdefault.jpg
15919bcc-0f97-45db-906a-3db5442209d9,Best Of Marco Carola (1998-2002),Marco Carola,DPLnJYzUXdM,https://www.youtube.com/watch?v=DPLnJYzUXdM,3557,https://i.ytimg.com/vi/DPLnJYzUXdM/mqdefault.jpg
6a9dd06c-2346-4f74-9d5e-a953a752bf27,portobello bones salle de l&#39;aubrière fondettes  le 20 avril 1994,pascal buet,1LC-EhceneU,https://www.youtube.com/watch?v=1LC-EhceneU,1498,https://i.ytimg.com/vi/1LC-EhceneU/mqdefault.jpg
b3633b1b-dbc9-4a17-bfff-bd2b0fa7308f,man? - Live Full Concert (2011),Man or Astro,TItKS7GSrS0,https://www.youtube.com/watch?v=TItKS7GSrS0,2866,https://i.ytimg.com/vi/TItKS7GSrS0/mqdefault.jpg
433f08c6-c8a9-4ae0-917c-43c70e4fda85,Guns for Hire (from the series Arcane League of Legends),Woodkid - Topic,mKJSK8KWK9k,https://www.youtube.com/watch?v=mKJSK8KWK9k,227,https://i.ytimg.com/vi/mKJSK8KWK9k/mqdefault.jpg
e1d210f1-d85c-4ffa-b057-5e737a1751fe,BoxXX Infamous,Blerp,YCR-_PVcynY,https://www.youtube.com/watch?v=YCR-_PVcynY,143,https://i.ytimg.com/vi/YCR-_PVcynY/mqdefault.jpg
77bcd9dc-6f82-4c7c-8136-deba9f725112,&quot;VIEWS (feat. ROUSSO)&quot; [Live] - Kids Against The Machine Vol. 1,Noga Erez,VzE0XV4AMiA,https://www.youtube.com/watch?v=VzE0XV4AMiA,180,https://i.ytimg.com/vi/VzE0XV4AMiA/mqdefault.jpg
947067a5-1b2d-4db1-a296-cd53263428b3,05 - Lonely Rolling Star,Katamari Damacy Soundtrack,7_QydNXI_ok,https://www.youtube.com/watch?v=7_QydNXI_ok,345,https://i.ytimg.com/vi/7_QydNXI_ok/mqdefault.jpg
c4b52cf1-6963-400a-ba74-87c33436afb2,Love Again,Dua Lipa,BC19kwABFwc,https://www.youtube.com/watch?v=BC19kwABFwc,263,https://i.ytimg.com/vi/BC19kwABFwc/mqdefault.jpg
889d1f23-ccdb-4a5f-b54d-98a85e82c734,Pinball Wizard,The Who,4AKbUm8GrbM,https://www.youtube.com/watch?v=4AKbUm8GrbM,183,https://i.ytimg.com/vi/4AKbUm8GrbM/mqdefault.jpg
3d14ac0b-80ae-48e8-8d28-092638c193a0,One Vision,Queen,0_1IMZmJe-U,https://www.youtube.com/watch?v=0_1IMZmJe-U,262,https://i.ytimg.com/vi/0_1IMZmJe-U/mqdefault.jpg
9d50fb64-6c77-4f5a-9091-2bbd9466e0e2,Wardrums at Dawn on the Day of my Death,Blackbraid,zoRdJ3ktGQw,https://www.youtube.com/watch?v=zoRdJ3ktGQw,296,https://i.ytimg.com/vi/zoRdJ3ktGQw/mqdefault.jpg
7f95c770-78be-40c2-8d55-54f455564449,Betweens - Streets of your Town,The Go,8M_P_xX9Cmw,https://www.youtube.com/watch?v=8M_P_xX9Cmw,219,https://i.ytimg.com/vi/8M_P_xX9Cmw/mqdefault.jpg
1f9aa89c-178f-4e33-bc06-a230614b2374,Count Your Blessings,Mattiel - Topic,3nmAERiw0Bc,https://www.youtube.com/watch?v=3nmAERiw0Bc,197,https://i.ytimg.com/vi/3nmAERiw0Bc/mqdefault.jpg
577a2454-0072-4cf6-a88d-13d0c812ad28,1ste Liebeft. Joy Denalane,Max Herre,ChWgrlg0JSE,https://www.youtube.com/watch?v=ChWgrlg0JSE,276,https://i.ytimg.com/vi/ChWgrlg0JSE/mqdefault.jpg
069ec243-cb93-4fd0-b1a7-c3b81e4d9d6d,&quot;Count Your Blessings&quot; - Acme Radio Session,Mattiel,z-PW1_dqkH0,https://www.youtube.com/watch?v=z-PW1_dqkH0,199,https://i.ytimg.com/vi/z-PW1_dqkH0/mqdefault.jpg
a671333d-7230-49ea-a192-4e1d80c0b9b9,Esperanto (MTV Unplugged) ft. Joy Denalane,Max Herre,uV2qHMSSzAY,https://www.youtube.com/watch?v=uV2qHMSSzAY,302,https://i.ytimg.com/vi/uV2qHMSSzAY/mqdefault.jpg
c8c81a29-8d44-4b1c-8082-ff8a38d4ea23,Nicht Vorbei (Bis Es Vorbei ist) (Live | Summerjam | Cologne | 2025),Max &amp; Joy,djZYWUQRDzg,https://www.youtube.com/watch?v=djZYWUQRDzg,234,https://i.ytimg.com/vi/djZYWUQRDzg/mqdefault.jpg
2ea496d3-09d7-4cca-a9c7-1009061cb120,Can&#39;t Do Without You,CARIBOU,BI2Et19vDCM,https://www.youtube.com/watch?v=BI2Et19vDCM,237,https://i.ytimg.com/vi/BI2Et19vDCM/mqdefault.jpg
90218961-a78c-497f-a0c5-53308f9b1d51,It&#39;s a Sin to Go Away,We All Together - Topic,TgyNWzyAY6E,https://www.youtube.com/watch?v=TgyNWzyAY6E,237,https://i.ytimg.com/vi/TgyNWzyAY6E/mqdefault.jpg
6a3b6b23-0ab7-4abe-a6e2-96a77c9d1025,Teil vomne Ganze (1848),GREIS,kOU2cbyCS0U,https://www.youtube.com/watch?v=kOU2cbyCS0U,294,https://i.ytimg.com/vi/kOU2cbyCS0U/mqdefault.jpg
6b0eee44-9f35-4c28-bc6e-869c95176c18,JUNGLE (LIVE BEDROOM RECORDING),TASH SULTANA,Vn8phH0k5HI,https://www.youtube.com/watch?v=Vn8phH0k5HI,475,https://i.ytimg.com/vi/Vn8phH0k5HI/mqdefault.jpg
66316889-ac79-4463-9342-4908d8d2b47d,Somebody&#39;s Watching Me,Rockwell,7YvAYIJSSZY,https://www.youtube.com/watch?v=7YvAYIJSSZY,216,https://i.ytimg.com/vi/7YvAYIJSSZY/mqdefault.jpg
ec63a3c4-6cb9-493f-9753-6621366b3ab3,Somebody&#39;s Watching Me,Rockwell - Topic,yRRqxnjslb0,https://www.youtube.com/watch?v=yRRqxnjslb0,238,https://i.ytimg.com/vi/yRRqxnjslb0/mqdefault.jpg
e694b262-dbe4-40c3-9c26-1c6172be7d69,RUNRUNRUN,Dutch Melrose,g1BaGm7syr4,https://www.youtube.com/watch?v=g1BaGm7syr4,141,https://i.ytimg.com/vi/g1BaGm7syr4/mqdefault.jpg
473a1c2f-f2fa-49e6-9033-d907d3e10b01,Snap Yo Fingers,Lil Jon,AoA-ByjIf2M,https://www.youtube.com/watch?v=AoA-ByjIf2M,273,https://i.ytimg.com/vi/AoA-ByjIf2M/mqdefault.jpg
40ee4f06-8e38-4ba7-85af-7fb6cef1b99b,The Color Violet,Tory Lanez,07fhkAoCnig,https://www.youtube.com/watch?v=07fhkAoCnig,227,https://i.ytimg.com/vi/07fhkAoCnig/mqdefault.jpg
7b6bda2c-dae2-4ed6-8c18-91f87d221e5d,War Pigs (2009 Remaster),Black Sabbath - Topic,f-e8-DUqt0I,https://www.youtube.com/watch?v=f-e8-DUqt0I,477,https://i.ytimg.com/vi/f-e8-DUqt0I/mqdefault.jpg
f6fd1f29-db06-4109-9e91-92188dd465d7,What You Won&#39;t Do for Love,Bobby Caldwell - Topic,n9DmdAwUbxc,https://www.youtube.com/watch?v=n9DmdAwUbxc,287,https://i.ytimg.com/vi/n9DmdAwUbxc/mqdefault.jpg
c5f04150-5e0f-4755-af6c-b2f823d934c0,Vulfpeck Live in France,Vulf,0oIIRc0zc_U,https://www.youtube.com/watch?v=0oIIRc0zc_U,6498,https://i.ytimg.com/vi/0oIIRc0zc_U/mqdefault.jpg
07678936-6e1d-47b2-84ad-39e84f77556f,VULFPECK /// Clarity of Cal (Live Studio Album),Vulf,8bLinctYcno,https://www.youtube.com/watch?v=8bLinctYcno,2707,https://i.ytimg.com/vi/8bLinctYcno/mqdefault.jpg
10fadfab-4401-4b16-8925-75e809de6c17,VULFPECK /// New Beastly (From Clarity of Cal),Vulf,hvYnw9Fse2U,https://www.youtube.com/watch?v=hvYnw9Fse2U,260,https://i.ytimg.com/vi/hvYnw9Fse2U/mqdefault.jpg
eda95ace-63c8-4ee5-83ea-f789a728a9f1,Pluku Ne La Florojn,La Perdita Generacio - Topic,5KP0HmI52ZA,https://www.youtube.com/watch?v=5KP0HmI52ZA,197,https://i.ytimg.com/vi/5KP0HmI52ZA/mqdefault.jpg
9fb86d23-0a24-437e-8015-6077581aa91a,VULFPECK /// 1612,Vulf,jRHQPG1xd9o,https://www.youtube.com/watch?v=jRHQPG1xd9o,222,https://i.ytimg.com/vi/jRHQPG1xd9o/mqdefault.jpg
a246f04a-0fc4-4a1f-bc6d-f080ca272a32,Gordjöss en Esperanto,Esperantigitaj Videoj,RtT_SrQ4mIE,https://www.youtube.com/watch?v=RtT_SrQ4mIE,217,https://i.ytimg.com/vi/RtT_SrQ4mIE/mqdefault.jpg
8599ec18-88d9-481f-8c8a-0af2539a93b6,Ba Moin En Ti Bo (Clip officiel),La Compagnie Créole,KGU_vPssFKM,https://www.youtube.com/watch?v=KGU_vPssFKM,239,https://i.ytimg.com/vi/KGU_vPssFKM/mqdefault.jpg
5d3df573-4383-4175-ab50-0247f9457270,New Beastly,Vulfpeck - Topic,3yHll64Mf1c,https://www.youtube.com/watch?v=3yHll64Mf1c,252,https://i.ytimg.com/vi/3yHll64Mf1c/mqdefault.jpg
abcc697c-a1da-486f-93de-f008daa0d95e,VULFPECK /// This Is Not The Song I Wrote,Vulf,7Nf-cQj_SLE,https://www.youtube.com/watch?v=7Nf-cQj_SLE,212,https://i.ytimg.com/vi/7Nf-cQj_SLE/mqdefault.jpg
9cf6daa8-8cb2-4720-a898-a55b2aaccae2,Dean Town,Vulfpeck - Topic,FRX1VbNQrEc,https://www.youtube.com/watch?v=FRX1VbNQrEc,214,https://i.ytimg.com/vi/FRX1VbNQrEc/mqdefault.jpg
c869f81f-1fa8-4c86-9352-58c74e608f9d,VULFPECK /// Wait for the Moment,Vulf,r4G0nbpLySI,https://www.youtube.com/watch?v=r4G0nbpLySI,249,https://i.ytimg.com/vi/r4G0nbpLySI/mqdefault.jpg
a5db1854-742e-41dd-908b-4a7e0cc1329f,Physical (on screen love edition),Indiana,5Ep7pVBF_9o,https://www.youtube.com/watch?v=5Ep7pVBF_9o,222,https://i.ytimg.com/vi/5Ep7pVBF_9o/mqdefault.jpg
81bbaa23-3229-4295-bf6d-97ab4a09dcd0,Love On A Real Train (From &#39;Risky Business&#39; Original Motion Picture Soundtrack),Tangerine Dream - Topic,sBhB9gAM1J4,https://www.youtube.com/watch?v=sBhB9gAM1J4,240,https://i.ytimg.com/vi/sBhB9gAM1J4/mqdefault.jpg
30a95193-10e4-4917-acb7-10849a0a2b80,Back From The Dead,Jake Hill &amp; Josh A,cYWvYm5olLo,https://www.youtube.com/watch?v=cYWvYm5olLo,140,https://i.ytimg.com/vi/cYWvYm5olLo/mqdefault.jpg
2edd3c2f-0d9d-4a23-a9b9-5963312f69fd,Stronger Than Me (Plus Fort Que Moi)(Vulfpeck - Disco Ulysses cover)(live),3 Ling Set,K4axt2FNuSg,https://www.youtube.com/watch?v=K4axt2FNuSg,240,https://i.ytimg.com/vi/K4axt2FNuSg/mqdefault.jpg
815a6b7d-6f3e-4375-96c1-b3121710446d,I&#39;d Rather Go Blind,Etta James - Topic,Bcus42ihkTI,https://www.youtube.com/watch?v=Bcus42ihkTI,157,https://i.ytimg.com/vi/Bcus42ihkTI/mqdefault.jpg
52539272-1e55-463c-b9cf-08ea1c29093e,Marvin Gaye &quot;What&#39;s Going On / What&#39;s Happening Brother&quot;,brainchild9,Y9KC7uhMY9s,https://www.youtube.com/watch?v=Y9KC7uhMY9s,546,https://i.ytimg.com/vi/Y9KC7uhMY9s/mqdefault.jpg
7cca1359-d112-4235-8a7e-df6be8912f9b,i think about you (dj koze mix),heiko voss,SH5OIGXasEY,https://www.youtube.com/watch?v=SH5OIGXasEY,411,https://i.ytimg.com/vi/SH5OIGXasEY/mqdefault.jpg
f68ac036-60dc-4d29-8a5b-146d3bd44549,Parrot (Visualizer),Nicolas Michaux,kvAsKzRnjI0,https://www.youtube.com/watch?v=kvAsKzRnjI0,219,https://i.ytimg.com/vi/kvAsKzRnjI0/mqdefault.jpg
4e235c28-ffc5-403f-aea3-34dd11b05c1b,Parrot - Live At The Freehouse,Nicolas Michaux,42EN1N2IZ7E,https://www.youtube.com/watch?v=42EN1N2IZ7E,308,https://i.ytimg.com/vi/42EN1N2IZ7E/mqdefault.jpg
b94dc0a1-b581-470f-96d7-42387471e461,Jessie&#39;s Girl,Rick Springfield,qYkbTyHXwbs,https://www.youtube.com/watch?v=qYkbTyHXwbs,196,https://i.ytimg.com/vi/qYkbTyHXwbs/mqdefault.jpg
b48aff35-4fae-4a10-9086-a296208950bf,Truth (Director&#39;s Cut),Kamasi Washington,rtW1S5EbHgU,https://www.youtube.com/watch?v=rtW1S5EbHgU,844,https://i.ytimg.com/vi/rtW1S5EbHgU/mqdefault.jpg
f037d313-be5f-4704-b464-e5fed1bda745,Squirrel And Biscuits,Ott,em_Iy8YJ82k,https://www.youtube.com/watch?v=em_Iy8YJ82k,363,https://i.ytimg.com/vi/em_Iy8YJ82k/mqdefault.jpg
51fe9aa7-627a-4293-a8fb-f25c7919c746,Naima (2020 Remaster),John Coltrane,bPAC6zt_1ZM,https://www.youtube.com/watch?v=bPAC6zt_1ZM,266,https://i.ytimg.com/vi/bPAC6zt_1ZM/mqdefault.jpg
72098a0b-4063-4199-9905-2ad3d9b3e66b,Without Me (Lyrics),Eminem,-8xhmV3JoG4,https://www.youtube.com/watch?v=-8xhmV3JoG4,292,https://i.ytimg.com/vi/-8xhmV3JoG4/mqdefault.jpg
87328a0e-a939-4d2f-ac2f-0d3c54a73b1a,Daði Freyr,Daði Freyr,VFZNvj-HfBU,https://www.youtube.com/watch?v=VFZNvj-HfBU,246,https://i.ytimg.com/vi/VFZNvj-HfBU/mqdefault.jpg
8ea2c90b-6e0f-4aa2-88bc-a12bffa28cf5,Cory Wong (Live @ Brooklyn Steel FEB 2022),&quot;Meditation&quot;,-GRwcKlyfp4,https://www.youtube.com/watch?v=-GRwcKlyfp4,881,https://i.ytimg.com/vi/-GRwcKlyfp4/mqdefault.jpg
5e0f7e63-cf8b-4c23-93ba-fac2642cc02e,The Creator Has A Master Plan,Pharoah Sanders,QZ6lB7FKxi8,https://www.youtube.com/watch?v=QZ6lB7FKxi8,1966,https://i.ytimg.com/vi/QZ6lB7FKxi8/mqdefault.jpg
97e28b89-9eb2-480b-950c-648f64959d29,Journey In Satchidananda,Alice Coltrane ft. Pharoah Sanders,TQtEFdyhgdE,https://www.youtube.com/watch?v=TQtEFdyhgdE,400,https://i.ytimg.com/vi/TQtEFdyhgdE/mqdefault.jpg
89d30186-c157-4c6e-9258-d900c428ccb6,Blue In Green,Miles Davis,TLDflhhdPCg,https://www.youtube.com/watch?v=TLDflhhdPCg,339,https://i.ytimg.com/vi/TLDflhhdPCg/mqdefault.jpg
9271520e-a743-4dcc-9e96-aa103e18158f,Black Focus (Full Album Upload),Yussef Kamaal,4D8YPDdsxYU,https://www.youtube.com/watch?v=4D8YPDdsxYU,2628,https://i.ytimg.com/vi/4D8YPDdsxYU/mqdefault.jpg
97bee868-5c3c-4f81-a36a-d767798b1694,Pace (Mercury Prize 2021),Nubya Garcia,Euhq3t7WRDM,https://www.youtube.com/watch?v=Euhq3t7WRDM,235,https://i.ytimg.com/vi/Euhq3t7WRDM/mqdefault.jpg
b7091b1e-6aab-4105-8b22-e9d8ada62c35,Together (Special Edition),Matthew Halsall - Topic,kDA-VwBcjC4,https://www.youtube.com/watch?v=kDA-VwBcjC4,673,https://i.ytimg.com/vi/kDA-VwBcjC4/mqdefault.jpg
e4d6ee10-d446-42be-ab36-6fd27b3dd6c7,Dream Weaver,"The Charles Lloyd Quartet (Usa, 1966)",xrHZbbc50r8,https://www.youtube.com/watch?v=xrHZbbc50r8,698,https://i.ytimg.com/vi/xrHZbbc50r8/mqdefault.jpg
996d7036-ea5e-457a-9e41-612fe1294854,Enlightenment,Sun Ra,RHgNtAwg2B4,https://www.youtube.com/watch?v=RHgNtAwg2B4,327,https://i.ytimg.com/vi/RHgNtAwg2B4/mqdefault.jpg
9814aeed-9622-4fac-ad76-b36902378f1f,Line,Portico Quartet,yM6hPuui-l8,https://www.youtube.com/watch?v=yM6hPuui-l8,523,https://i.ytimg.com/vi/yM6hPuui-l8/mqdefault.jpg
bf45d51c-c55a-4104-b56a-8f05f31e75b6,Apple Blossom,Esperanza Spalding - Topic,hYHxOXQjhTY,https://www.youtube.com/watch?v=hYHxOXQjhTY,363,https://i.ytimg.com/vi/hYHxOXQjhTY/mqdefault.jpg
ccf9d5ea-2d59-4ce0-a810-b96a571c59d5,In These Times,Makaya McCraven,bM3bLcNi3vM,https://www.youtube.com/watch?v=bM3bLcNi3vM,430,https://i.ytimg.com/vi/bM3bLcNi3vM/mqdefault.jpg
65fbe4f0-055f-499c-a88b-fd8ca9424d82,Hard Blues,Julius Hemphill,G_ZVpCUULzg,https://www.youtube.com/watch?v=G_ZVpCUULzg,1211,https://i.ytimg.com/vi/G_ZVpCUULzg/mqdefault.jpg
8d824413-83ca-4351-aa72-856ded667b16,Otherside[UPGRADE],Red Hot Chili Peppers,rn_YodiJO6k,https://www.youtube.com/watch?v=rn_YodiJO6k,258,https://i.ytimg.com/vi/rn_YodiJO6k/mqdefault.jpg
123ebd29-5b0c-46ec-9ccc-580896a9b450,Alpha and Omega,Brian Blade - Topic,_Cwl9CZiaNU,https://www.youtube.com/watch?v=_Cwl9CZiaNU,89,https://i.ytimg.com/vi/_Cwl9CZiaNU/mqdefault.jpg
9cd395f9-3a01-48fd-bf43-10f4825f4429,Hopopono[Gondwana Records],GoGo Penguin,-UtAV_azaBc,https://www.youtube.com/watch?v=-UtAV_azaBc,243,https://i.ytimg.com/vi/-UtAV_azaBc/mqdefault.jpg
5efa0ae2-da10-488e-b7b6-dba1f21419e4,Rising Son,Takuya Kuroda,_mUymaxWmMw,https://www.youtube.com/watch?v=_mUymaxWmMw,203,https://i.ytimg.com/vi/_mUymaxWmMw/mqdefault.jpg
72b1e591-6843-4cfb-8cc2-4e9f26a0f09d,Z - Empire State Of Mind ft. Alicia Keys,JAY,vk6014HuxcE,https://www.youtube.com/watch?v=vk6014HuxcE,282,https://i.ytimg.com/vi/vk6014HuxcE/mqdefault.jpg
df6a0c53-dc60-44c5-a104-ab878944fa09,"Theme From New York, New York (2008 Remastered)",Frank Sinatra - Topic,le1QF3uoQNg,https://www.youtube.com/watch?v=le1QF3uoQNg,205,https://i.ytimg.com/vi/le1QF3uoQNg/mqdefault.jpg
81bed004-e186-46c6-ad88-233735b1d159,Deli,Ice Spice,UqmUxkRPBS0,https://www.youtube.com/watch?v=UqmUxkRPBS0,128,https://i.ytimg.com/vi/UqmUxkRPBS0/mqdefault.jpg
8e217f96-b1d4-41b7-8092-c0f7eb128fb7,Did It First,"Ice Spice, Central Cee",N2neoYs8niw,https://www.youtube.com/watch?v=N2neoYs8niw,127,https://i.ytimg.com/vi/N2neoYs8niw/mqdefault.jpg
343616e2-c1b3-4733-9b9e-0b22946bece3,Princess Diana,Ice Spice &amp; Nicki Minaj,gMq-I0dejjE,https://www.youtube.com/watch?v=gMq-I0dejjE,182,https://i.ytimg.com/vi/gMq-I0dejjE/mqdefault.jpg
2a8fe513-e6dc-4530-bad3-485da867a39f,All Too Well,TaylorSwift,sRxrwjOtIag,https://www.youtube.com/watch?v=sRxrwjOtIag,613,https://i.ytimg.com/vi/sRxrwjOtIag/mqdefault.jpg
ab8e4db2-d486-48a9-8d96-26d80f1d96f7,MMMBop | Live &quot;25 Years Later&quot;,HANSON,mhf3kHeKwMw,https://www.youtube.com/watch?v=mhf3kHeKwMw,218,https://i.ytimg.com/vi/mhf3kHeKwMw/mqdefault.jpg
303a290b-c1da-4e7e-b536-83606a5ef88b,Against the Tide (Original Game Soundtrack),Wuthering Waves - Topic,Yr1RlcoqXTg,https://www.youtube.com/watch?v=Yr1RlcoqXTg,277,https://i.ytimg.com/vi/Yr1RlcoqXTg/mqdefault.jpg
08965c3c-5b8a-413b-8056-39b45503888e,Die Official Gameplay Teaser (Asdf&#39;s Endless Muffin Time),biltro 🎶,SqUEHRWuOdQ,https://www.youtube.com/watch?v=SqUEHRWuOdQ,105,https://i.ytimg.com/vi/SqUEHRWuOdQ/mqdefault.jpg
82855ce4-9a8a-48fc-9471-10df76731fc5,Victoria Moore,Model Edit,v-XdUbffO00,https://www.youtube.com/watch?v=v-XdUbffO00,146,https://i.ytimg.com/vi/v-XdUbffO00/mqdefault.jpg
a7ccde6e-8e7a-420b-81c7-031960d99687,Sexy Victoria Moore Video with Partybreak Music,Gekuleta Saiyajino,AXQXat_l1J8,https://www.youtube.com/watch?v=AXQXat_l1J8,182,https://i.ytimg.com/vi/AXQXat_l1J8/mqdefault.jpg
c6d8a58a-05f4-4a3d-834e-db6098204ab2,Blinding Lights| Napalm Records,FEUERSCHWANZ,sXAGEmBeeDs,https://www.youtube.com/watch?v=sXAGEmBeeDs,237,https://i.ytimg.com/vi/sXAGEmBeeDs/mqdefault.jpg
7e6aa116-44b2-466f-a04f-8160b7faee58,Spirited Away (Piano),The Name Of Life,U9RxGijXy4g,https://www.youtube.com/watch?v=U9RxGijXy4g,352,https://i.ytimg.com/vi/U9RxGijXy4g/mqdefault.jpg
14d1d1f3-831b-4fe0-9bf9-cc97ad2c53b0,Superstar Rajinikanth | A R Rahman | Muthu (1995) Tamil Song,Oruvan Oruvan,PDzXTMVKRYw,https://www.youtube.com/watch?v=PDzXTMVKRYw,295,https://i.ytimg.com/vi/PDzXTMVKRYw/mqdefault.jpg
b1deb0b7-2063-4720-9cb0-6e8baad53c46,Fireballft. John Ryan,Pitbull,HMqgVXSvwGo,https://www.youtube.com/watch?v=HMqgVXSvwGo,242,https://i.ytimg.com/vi/HMqgVXSvwGo/mqdefault.jpg
0dd5d1e2-8e14-49b9-b3cf-b71b04beb481,Unterfickt und geistig behindert,K.I.Z - Topic,rDuSRbb2vQI,https://www.youtube.com/watch?v=rDuSRbb2vQI,306,https://i.ytimg.com/vi/rDuSRbb2vQI/mqdefault.jpg
71d9fdab-d400-47d9-88b1-820d37996221,K.I.Z. Neuruppin (interaktiv),MHwnE,eamoKuDWInI,https://www.youtube.com/watch?v=eamoKuDWInI,321,https://i.ytimg.com/vi/eamoKuDWInI/mqdefault.jpg
8e6da3c4-d8e3-430f-884b-2d67e95d21ac,Southside Festival 2024 | LIVE,K.I.Z,iEl-a11-i1c,https://www.youtube.com/watch?v=iEl-a11-i1c,5194,https://i.ytimg.com/vi/iEl-a11-i1c/mqdefault.jpg
d89244b9-4a0b-4ed5-b37c-1fdb2d8cdbe7,It Leads to This,The Pineapple Thief,lbTx2GzAKkc,https://www.youtube.com/watch?v=lbTx2GzAKkc,284,https://i.ytimg.com/vi/lbTx2GzAKkc/mqdefault.jpg
c869667b-7090-46ab-99d8-83f6b7b6ee67,Wait and Bleed,Slipknot - Topic,IBy7TCSY2wk,https://www.youtube.com/watch?v=IBy7TCSY2wk,148,https://i.ytimg.com/vi/IBy7TCSY2wk/mqdefault.jpg
2e891c9a-b8cb-4fc9-841b-1ac3736cf269,Like Him,"Tyler, The Creator - Topic",dgUHE8wWhiE,https://www.youtube.com/watch?v=dgUHE8wWhiE,279,https://i.ytimg.com/vi/dgUHE8wWhiE/mqdefault.jpg
5ee55f44-e4ca-418b-8053-65043e02ff44,Efendim İşitmedim (Gassal 2. Sezon Soundtrack),Bayhan,q_CExssrGWY,https://www.youtube.com/watch?v=q_CExssrGWY,188,https://i.ytimg.com/vi/q_CExssrGWY/mqdefault.jpg
393ea6ef-5297-406a-b41c-c951dd2a0f5d,Rah Tah Tah (Lyrics),"Tyler, The Creator",0r4RRhA9NZo,https://www.youtube.com/watch?v=0r4RRhA9NZo,207,https://i.ytimg.com/vi/0r4RRhA9NZo/mqdefault.jpg
c051e556-a07b-4a0b-a41e-b0f1e5b49792,Living Dead Girl,Rob Zombie,BvsMPOfblfg,https://www.youtube.com/watch?v=BvsMPOfblfg,203,https://i.ytimg.com/vi/BvsMPOfblfg/mqdefault.jpg
686055cd-25e7-4fef-9cde-ce2f5e60243b,Living Dead Girl,Rob Zombie,p4zGKdCmWac,https://www.youtube.com/watch?v=p4zGKdCmWac,203,https://i.ytimg.com/vi/p4zGKdCmWac/mqdefault.jpg
e07f7083-2451-4b21-9eb4-ff3ecb01d224,Something Newft. Chris Brown,Zendaya,IALcdK1fThs,https://www.youtube.com/watch?v=IALcdK1fThs,213,https://i.ytimg.com/vi/IALcdK1fThs/mqdefault.jpg
055bcea1-e789-4d5f-b9a5-6e86653bf21d,Jimi Hendrix | Guitar Loop Cover,Little Wing,zJME0Tp2kCA,https://www.youtube.com/watch?v=zJME0Tp2kCA,312,https://i.ytimg.com/vi/zJME0Tp2kCA/mqdefault.jpg
af731a0a-af79-4d92-9024-e1e88eb18b40,May You Never,John Martyn,LOi_wxypeGc,https://www.youtube.com/watch?v=LOi_wxypeGc,212,https://i.ytimg.com/vi/LOi_wxypeGc/mqdefault.jpg
093a4e31-b052-4752-8af0-951d0a41aedc,Over The Hill,John Martyn,PwjL3ipBAhg,https://www.youtube.com/watch?v=PwjL3ipBAhg,176,https://i.ytimg.com/vi/PwjL3ipBAhg/mqdefault.jpg
34ae58f4-cafe-4c8e-b62c-92e4cba82590,Fiputino. Versio en Esperanto (Cover) de &quot;Zorra&quot;. Originale de Nebulossa,PangeaEldonejo,TaaGH0i8E64,https://www.youtube.com/watch?v=TaaGH0i8E64,190,https://i.ytimg.com/vi/TaaGH0i8E64/mqdefault.jpg
f049a6bb-fb30-4f7b-8f56-1dbc53dfa000,&quot;Pantagruél&quot; PoP_X,Superblutone,otr7nkteGao,https://www.youtube.com/watch?v=otr7nkteGao,212,https://i.ytimg.com/vi/otr7nkteGao/mqdefault.jpg
009fe133-b4ee-4643-8107-a6b1acfbd188,GHIACCIO SIBERIA,P38,ijUvWmh-bjk,https://www.youtube.com/watch?v=ijUvWmh-bjk,218,https://i.ytimg.com/vi/ijUvWmh-bjk/mqdefault.jpg
b34e443f-e7df-436a-8ab9-3676af70eda7,Cello &amp; Piano [BEST WEDDING VERSION],Canon in D (Pachelbel&#39;s Canon),Ptk_1Dc2iPY,https://www.youtube.com/watch?v=Ptk_1Dc2iPY,303,https://i.ytimg.com/vi/Ptk_1Dc2iPY/mqdefault.jpg
bc2b8fec-3d59-4cdb-8a88-86a8a95817a2,Hamid Askari Taneh with lyrics,iylmb,jnEr9pK8gEM,https://www.youtube.com/watch?v=jnEr9pK8gEM,284,https://i.ytimg.com/vi/jnEr9pK8gEM/mqdefault.jpg
8b788da7-f87b-43dc-b5d0-658b7a0370a7,Runnin&#39; Down A Dream,Tom Petty And The Heartbreakers,Y1D3a5eDJIs,https://www.youtube.com/watch?v=Y1D3a5eDJIs,280,https://i.ytimg.com/vi/Y1D3a5eDJIs/mqdefault.jpg
1176c6d5-b72a-4368-97b2-ec326ab33682,IX) - Pink Floyd,Shine On You Crazy Diamond (Full Length: Parts I,8UXircX3VdM,https://www.youtube.com/watch?v=8UXircX3VdM,1534,https://i.ytimg.com/vi/8UXircX3VdM/mqdefault.jpg
8d17ca99-714c-4113-84ed-4b56467bf40c,Toxic (Lyrics),Britney Spears,dm0ndgjk9V4,https://www.youtube.com/watch?v=dm0ndgjk9V4,199,https://i.ytimg.com/vi/dm0ndgjk9V4/mqdefault.jpg
f6db7ba0-5033-4ffe-b3dd-f10022121760,On The River,Beats By AI - Topic,0bYjMkAvB6Q,https://www.youtube.com/watch?v=0bYjMkAvB6Q,125,https://i.ytimg.com/vi/0bYjMkAvB6Q/mqdefault.jpg
a9b551bc-6617-4697-927e-a90f99ea6729,Drop It Like It&#39;s Hotft. Pharrell Williams,Snoop Dogg,GtUVQei3nX4,https://www.youtube.com/watch?v=GtUVQei3nX4,264,https://i.ytimg.com/vi/GtUVQei3nX4/mqdefault.jpg
3fe63733-aefd-4bbd-b8f9-e0b196288db9,Still D.R.E. ft. Snoop Dogg,Dr. Dre,_CL6n0FJZpk,https://www.youtube.com/watch?v=_CL6n0FJZpk,291,https://i.ytimg.com/vi/_CL6n0FJZpk/mqdefault.jpg
544040da-f36a-4c78-a1c7-10a5fa16f6de,Maps,Yeah Yeah Yeahs,oIIxlgcuQRU,https://www.youtube.com/watch?v=oIIxlgcuQRU,261,https://i.ytimg.com/vi/oIIxlgcuQRU/mqdefault.jpg
c0e4573d-8d6b-41e9-bb4d-c39ffba0b613,Chiquitita (Spanish Version),ABBA - Topic,2_O00E6Nq1A,https://www.youtube.com/watch?v=2_O00E6Nq1A,331,https://i.ytimg.com/vi/2_O00E6Nq1A/mqdefault.jpg
9fe6b09e-8065-4bf4-ac43-780d1ad96cf1,"Full Show : {Ultra} : The Salt Shed : Chicago, IL : 8/23/2024",UMPHREY&#39;S McGEE,GMj2adox1qU,https://www.youtube.com/watch?v=GMj2adox1qU,8142,https://i.ytimg.com/vi/GMj2adox1qU/mqdefault.jpg
c94fd56d-23f0-4b27-89b1-854eb0da1b94,vasos vacios(HQ).flv,los fabulosos con celia cruz,0vICh9NuDE0,https://www.youtube.com/watch?v=0vICh9NuDE0,282,https://i.ytimg.com/vi/0vICh9NuDE0/mqdefault.jpg
9ec74e58-cc41-4091-bd9d-1a6569e37604,Las Flores,Café Tacvba,gJ0mp6oNdiY,https://www.youtube.com/watch?v=gJ0mp6oNdiY,141,https://i.ytimg.com/vi/gJ0mp6oNdiY/mqdefault.jpg
879d5c66-f49c-4b77-afe8-bacfbb42efb5,Piel Canela,Lisa Ono - Topic,36WZehAAuUI,https://www.youtube.com/watch?v=36WZehAAuUI,155,https://i.ytimg.com/vi/36WZehAAuUI/mqdefault.jpg
4f3461da-6578-4d2f-84de-d2f6b2c8c05d,Jefe De Jefes,Los Tigres Del Norte,tKQwOuTiY-A,https://www.youtube.com/watch?v=tKQwOuTiY-A,218,https://i.ytimg.com/vi/tKQwOuTiY-A/mqdefault.jpg
11744d91-134c-4175-a0b5-e0946cab4a56,Tiene Sabor - feat. Omara Portuondo,Buena Vista Social Club,_s3Pp1w-ZLc,https://www.youtube.com/watch?v=_s3Pp1w-ZLc,201,https://i.ytimg.com/vi/_s3Pp1w-ZLc/mqdefault.jpg
904a2d2f-4dab-4dac-9ac2-33ce5ee14fec,Samba Na Sola,Céu - Topic,bgHhkbgEB5M,https://www.youtube.com/watch?v=bgHhkbgEB5M,188,https://i.ytimg.com/vi/bgHhkbgEB5M/mqdefault.jpg
4f446f30-4da5-4138-9bba-97660f3bc739,Luna (MTV Unplugged),Zoé,6W4L2O-JQ-w,https://www.youtube.com/watch?v=6W4L2O-JQ-w,302,https://i.ytimg.com/vi/6W4L2O-JQ-w/mqdefault.jpg
7f3a55cc-70d4-4edd-a8ec-548018462757,Mas Que Nada,Sergio Mendes feat. Black Eyed Peas,Tfa6fRjPlUE,https://www.youtube.com/watch?v=Tfa6fRjPlUE,263,https://i.ytimg.com/vi/Tfa6fRjPlUE/mqdefault.jpg
aed3453d-a8ce-4fe8-b382-198762c2fc22,Play That Funky Music,Wild Cherry,JTvlujbJ5vg,https://www.youtube.com/watch?v=JTvlujbJ5vg,303,https://i.ytimg.com/vi/JTvlujbJ5vg/mqdefault.jpg
64e011c9-958b-4c06-8acc-ecbccfc98d5d,Say It Too,Death Valley Girls,JG0b95qTIWg,https://www.youtube.com/watch?v=JG0b95qTIWg,228,https://i.ytimg.com/vi/JG0b95qTIWg/mqdefault.jpg
c2447ea2-70fd-446d-a5cc-127c8f1f2b29,ギミチョコ！！- Gimme chocolate!!,BABYMETAL,WIKqgE4BwAY,https://www.youtube.com/watch?v=WIKqgE4BwAY,244,https://i.ytimg.com/vi/WIKqgE4BwAY/mqdefault.jpg
29fbf2cd-725a-4766-a05a-51814789c72d,Victory Lap Two,Fred again.. - Topic,H02wdJM3odc,https://www.youtube.com/watch?v=H02wdJM3odc,154,https://i.ytimg.com/vi/H02wdJM3odc/mqdefault.jpg
94842a89-6369-489f-8be9-432bae857fae,Dusk,Chelsea Wolfe,am-ABKqCuKU,https://www.youtube.com/watch?v=am-ABKqCuKU,271,https://i.ytimg.com/vi/am-ABKqCuKU/mqdefault.jpg
f05e2d73-8264-4f87-a997-7bf3904cd1fd,Dust,Haelos,uXTFP4wcjdA,https://www.youtube.com/watch?v=uXTFP4wcjdA,287,https://i.ytimg.com/vi/uXTFP4wcjdA/mqdefault.jpg
0a537c96-780d-424a-951e-d762ca202d2f,Blind And Frozen,BEAST IN BLACK,2N4tXf3Ensw,https://www.youtube.com/watch?v=2N4tXf3Ensw,317,https://i.ytimg.com/vi/2N4tXf3Ensw/mqdefault.jpg
dfa5d7a3-5b22-4789-b514-4b984ec33190,Enter The Behelit,BEAST IN BLACK,nxFW6ggUqu0,https://www.youtube.com/watch?v=nxFW6ggUqu0,232,https://i.ytimg.com/vi/nxFW6ggUqu0/mqdefault.jpg
57de6284-2c0d-4545-83e6-66afae1cca91,Power Of The Beast,BEAST IN BLACK,Ui_eoW3BXGI,https://www.youtube.com/watch?v=Ui_eoW3BXGI,314,https://i.ytimg.com/vi/Ui_eoW3BXGI/mqdefault.jpg
1cad5457-4c48-412f-b2a9-33348e47141c,Sweet True Lies,BEAST IN BLACK,4waVZXKE0GU,https://www.youtube.com/watch?v=4waVZXKE0GU,207,https://i.ytimg.com/vi/4waVZXKE0GU/mqdefault.jpg
4c430902-8389-4e0b-9f8c-6f7623ed0b7b,Scornful Woman,Oliver Anthony Music,_DH6npClQ_s,https://www.youtube.com/watch?v=_DH6npClQ_s,182,https://i.ytimg.com/vi/_DH6npClQ_s/mqdefault.jpg
a5d1c335-f9ae-4baa-a857-ca202d130b5e,Done for Me (feat. Kehlani),Charlie Puth - Topic,3tYajkHNK58,https://www.youtube.com/watch?v=3tYajkHNK58,181,https://i.ytimg.com/vi/3tYajkHNK58/mqdefault.jpg
c5f39446-e553-4d4d-9586-5247322bd41b,Low Rider,War - Topic,qMkwuz0iXQg,https://www.youtube.com/watch?v=qMkwuz0iXQg,191,https://i.ytimg.com/vi/qMkwuz0iXQg/mqdefault.jpg
9b8d5c6f-7232-453a-ada3-2c1003e9afd1,There But for the Grace of God Go I (Original Version),Machine,YGBDAxCDLs4,https://www.youtube.com/watch?v=YGBDAxCDLs4,318,https://i.ytimg.com/vi/YGBDAxCDLs4/mqdefault.jpg
1ead17b2-f5c7-43f6-8f81-b26309316fa9,Never Ending Game,Angel Du$t,z0g0Rx6PVBg,https://www.youtube.com/watch?v=z0g0Rx6PVBg,166,https://i.ytimg.com/vi/z0g0Rx6PVBg/mqdefault.jpg
cd7eb454-2b2f-40c6-a6fe-cae8f28e28cb,What They Say  (Original Mix),Maya Jane Coles,jgBWeoJdbhA,https://www.youtube.com/watch?v=jgBWeoJdbhA,402,https://i.ytimg.com/vi/jgBWeoJdbhA/mqdefault.jpg
72e69b2e-5ec1-4b5d-9734-a571620b5532,If (Kaytranada Remix),Janet Jackson,WERGtxSU-Ww,https://www.youtube.com/watch?v=WERGtxSU-Ww,238,https://i.ytimg.com/vi/WERGtxSU-Ww/mqdefault.jpg
666ecac8-1708-4076-8430-c0ecb6197dba,CREAM ON CHROME,RATATAT,xlcywgEMuGI,https://www.youtube.com/watch?v=xlcywgEMuGI,236,https://i.ytimg.com/vi/xlcywgEMuGI/mqdefault.jpg
a00e5961-986f-4001-9881-1b94e5ab89a6,LIKE WEEZY,Playboi Carti,C217vygclrk,https://www.youtube.com/watch?v=C217vygclrk,117,https://i.ytimg.com/vi/C217vygclrk/mqdefault.jpg
0e7d93c0-482d-4855-a7a9-c57ea833d566,LIKE WEEZY,Playboi Carti,ynecLJYrZaA,https://www.youtube.com/watch?v=ynecLJYrZaA,116,https://i.ytimg.com/vi/ynecLJYrZaA/mqdefault.jpg
97d5bd2a-57c8-4335-95a0-5cfdf77e3802,FOMDJ,Playboi Carti,N5dOy9FGtDg,https://www.youtube.com/watch?v=N5dOy9FGtDg,200,https://i.ytimg.com/vi/N5dOy9FGtDg/mqdefault.jpg
eb58c5b4-b2fa-4545-8a57-88c4fba13a16,Rambling Man (Glastonbury 2017),Laura Marling,J9LdtNYuglk,https://www.youtube.com/watch?v=J9LdtNYuglk,221,https://i.ytimg.com/vi/J9LdtNYuglk/mqdefault.jpg
9789303d-9dce-4231-a8f3-6c958d8589c5,Pass The Dutchie,Musical Youth,EsyUa63NM1E,https://www.youtube.com/watch?v=EsyUa63NM1E,203,https://i.ytimg.com/vi/EsyUa63NM1E/mqdefault.jpg
72349158-1413-4756-9e77-10ac90705d0b,Here Comes The Rain Again (Remastered),"Eurythmics, Annie Lennox, Dave Stewart",TzFnYcIqj6I,https://www.youtube.com/watch?v=TzFnYcIqj6I,284,https://i.ytimg.com/vi/TzFnYcIqj6I/mqdefault.jpg
a6803552-7a0b-45b7-8bf6-9416cb190acb,Kannada Hit Songs | Sanjit Hegde | Kannada New Songs |,Sanjit Hegde Hit Songs,xmQBkXYiRAg,https://www.youtube.com/watch?v=xmQBkXYiRAg,1646,https://i.ytimg.com/vi/xmQBkXYiRAg/mqdefault.jpg
007a4364-facf-4911-ad81-787c91659a93,Top 30 Songs | Naguva Nayana | Aakaasha Deepavu Neenu,S.P. Balasubrahmanyam &amp; S. Janaki,ygk__Cr93yM,https://www.youtube.com/watch?v=ygk__Cr93yM,7832,https://i.ytimg.com/vi/ygk__Cr93yM/mqdefault.jpg
c9614385-30a3-4498-87a2-6ac37233bf50,Ilaiyaraaja Kannada All Time Hit Songs,Maestro Ilaiyaraaja Kannada Super Hits Audio Songs Jukebox,8ZcQSGya8V0,https://www.youtube.com/watch?v=8ZcQSGya8V0,2493,https://i.ytimg.com/vi/8ZcQSGya8V0/mqdefault.jpg
74ac0672-adf2-4824-bf08-2403d3ccec3f,Ilaiyaraaja Hit Songs | Kannada Movies Selected Songs | #anandaudiokannada,ಇಳಯರಾಜ ಹಿಟ್ ಹಾಡುಗಳು,SG_Zd6QvRJk,https://www.youtube.com/watch?v=SG_Zd6QvRJk,3786,https://i.ytimg.com/vi/SG_Zd6QvRJk/mqdefault.jpg
60d1f3fc-3524-4e39-b982-e833642650c9,| DVG Manku Thimmana Kagga Part 1 || Kannada Folk Songs,Folk Songs Kannada,oAkyBwr_Ims,https://www.youtube.com/watch?v=oAkyBwr_Ims,3636,https://i.ytimg.com/vi/oAkyBwr_Ims/mqdefault.jpg
c8637d62-3b0d-4d77-a837-b6e5f0399ff2,Manku Thimmana Kagga Vol-2 | Kaggamaale | D.V Gundappa | H.S Lakshminarayana Bhatta |,Kaggothsava,_rnGNIWk8Fk,https://www.youtube.com/watch?v=_rnGNIWk8Fk,3499,https://i.ytimg.com/vi/_rnGNIWk8Fk/mqdefault.jpg
8d83035c-26ab-42a7-a688-6037922e33c5,Full Album ...,John Coltrane &quot;My Favorite Things&quot;,4tncD1oA6i4,https://www.youtube.com/watch?v=4tncD1oA6i4,2439,https://i.ytimg.com/vi/4tncD1oA6i4/mqdefault.jpg
528119f5-b530-4d40-acd0-2328d4ff6ee8,Tubthumping (I Get Knocked Down) Lyrics,ZomOwl,LODkVkpaVQA,https://www.youtube.com/watch?v=LODkVkpaVQA,214,https://i.ytimg.com/vi/LODkVkpaVQA/mqdefault.jpg
6f8c674c-6ae3-4aa0-a19d-91e0469f9922,Rhythm Is A Dancer,SNAP!,JYIaWeVL1JM,https://www.youtube.com/watch?v=JYIaWeVL1JM,221,https://i.ytimg.com/vi/JYIaWeVL1JM/mqdefault.jpg
67b66997-6238-49ed-b4cd-5dc50d425c37,Bulletproof,La Roux,Kk8eJh4i8Lo,https://www.youtube.com/watch?v=Kk8eJh4i8Lo,208,https://i.ytimg.com/vi/Kk8eJh4i8Lo/mqdefault.jpg
ede329e5-e36a-4c72-ae8c-f6f2edb79cd0,Disparate Youth,Santigold,GTVSe5eYOio,https://www.youtube.com/watch?v=GTVSe5eYOio,285,https://i.ytimg.com/vi/GTVSe5eYOio/mqdefault.jpg
13bf4970-59ab-414d-a85c-9c782c949b03,Work It Out (Original Mix),Karizma,w9yvom5vkO0,https://www.youtube.com/watch?v=w9yvom5vkO0,293,https://i.ytimg.com/vi/w9yvom5vkO0/mqdefault.jpg
6afbd753-ebaa-4564-a8ff-34d28e4a7018,Everybody&#39;s Free (To Feel Good),Rozalla,95_dAQHui94,https://www.youtube.com/watch?v=95_dAQHui94,209,https://i.ytimg.com/vi/95_dAQHui94/mqdefault.jpg
d0ac9b28-b8e1-4dae-8eea-4228e8b2b2aa,From the Planet Moon,The Zoomers - Topic,qZfxFndhI-w,https://www.youtube.com/watch?v=qZfxFndhI-w,177,https://i.ytimg.com/vi/qZfxFndhI-w/mqdefault.jpg
157fd407-4f0f-4b42-a54b-82abfe4fdc6c,Paper Planes,M.I.A.,ewRjZoRtu0Y,https://www.youtube.com/watch?v=ewRjZoRtu0Y,205,https://i.ytimg.com/vi/ewRjZoRtu0Y/mqdefault.jpg
f1189e70-4182-493f-839d-c4422f9831b3,Heartbeat,Biscits - Topic,4mqdab2N2tQ,https://www.youtube.com/watch?v=4mqdab2N2tQ,183,https://i.ytimg.com/vi/4mqdab2N2tQ/mqdefault.jpg
f3a90636-98d7-4415-8dca-3ffc84e7d094,Raw,MPH,k4JD7sUdyYo,https://www.youtube.com/watch?v=k4JD7sUdyYo,241,https://i.ytimg.com/vi/k4JD7sUdyYo/mqdefault.jpg
7a52bd32-f55a-4616-8cd2-719f12a3ede2,Limbo Jazz,Marian McPartland - Topic,XJGf57GFeP8,https://www.youtube.com/watch?v=XJGf57GFeP8,163,https://i.ytimg.com/vi/XJGf57GFeP8/mqdefault.jpg
50147cc3-5448-43ed-b53c-b4d4d93d4ad7,Hesitation Blues by Steely Dan &amp; Marian McPartland,Mrismagic,z-zo0FggV3c,https://www.youtube.com/watch?v=z-zo0FggV3c,207,https://i.ytimg.com/vi/z-zo0FggV3c/mqdefault.jpg
2df900c7-30a8-4a4e-a3b6-46fc14da4a38,Little Spoon,MiiNDS - Topic,GV1DE0e91SM,https://www.youtube.com/watch?v=GV1DE0e91SM,182,https://i.ytimg.com/vi/GV1DE0e91SM/mqdefault.jpg
e8c9fce3-905b-4821-9076-17588bb1cbd3,Crawl Space,Art Farmer - Topic,6IpSz4XYIJ8,https://www.youtube.com/watch?v=6IpSz4XYIJ8,532,https://i.ytimg.com/vi/6IpSz4XYIJ8/mqdefault.jpg
2af5cb97-3c07-40d9-a3cd-a426cae89758,Haggis Express,The Haggis Horns,ICuDw9OuNRk,https://www.youtube.com/watch?v=ICuDw9OuNRk,241,https://i.ytimg.com/vi/ICuDw9OuNRk/mqdefault.jpg
cd2187ba-61e5-4ba0-8b29-c76f4cd8002e,Bring The Funk Back,Nigel Hey - Topic,5Tir_bemE8Q,https://www.youtube.com/watch?v=5Tir_bemE8Q,167,https://i.ytimg.com/vi/5Tir_bemE8Q/mqdefault.jpg
cd49e20f-758a-43d1-9a3b-1cec3e754c5a,The Notorious B.I.G. -  Hypnotize (Mistrix Dub) | House On Wheels 🚌,blanc,stGnTPtuikI,https://www.youtube.com/watch?v=stGnTPtuikI,461,https://i.ytimg.com/vi/stGnTPtuikI/mqdefault.jpg
2fb67b14-7cb9-4aed-a4bc-8bf6f51072b2,Heiko,Die Bullen - Topic,XdfVKKQfUHQ,https://www.youtube.com/watch?v=XdfVKKQfUHQ,295,https://i.ytimg.com/vi/XdfVKKQfUHQ/mqdefault.jpg
4dba7cf0-c028-4731-b1d7-d176cd70a9da,Running On Line (feat. Brian Auger),Dennis Chambers - Topic,0xf-stZ5vOQ,https://www.youtube.com/watch?v=0xf-stZ5vOQ,393,https://i.ytimg.com/vi/0xf-stZ5vOQ/mqdefault.jpg
d3938d34-a9a7-4b43-943e-29b585402a9c,Stay High feat. Cory Henry,Eric Krasno &amp; Stanton Moore,dWfDxIuTcvI,https://www.youtube.com/watch?v=dWfDxIuTcvI,194,https://i.ytimg.com/vi/dWfDxIuTcvI/mqdefault.jpg
c36a8751-35c9-4ed6-a40c-ece205e1022e,Discount Records,Ben Sidran,EB-yWIh9Ax8,https://www.youtube.com/watch?v=EB-yWIh9Ax8,216,https://i.ytimg.com/vi/EB-yWIh9Ax8/mqdefault.jpg
9c4e9ade-f79f-4e52-8f1d-356dae5efc5a,Decida,Milionário & José Rico - Topic,pZa9bfFkl2w,https://www.youtube.com/watch?v=pZa9bfFkl2w,255,https://i.ytimg.com/vi/pZa9bfFkl2w/mqdefault.jpg
b24c4739-e720-4409-9485-6a93d009fc10,"LIQUID : LAB Vol. 12 (Adriatique, Prospa, WhoMadeWho) at Vemork",KREAM Presents,LUeHFSkbLlo,https://www.youtube.com/watch?v=LUeHFSkbLlo,3856,https://i.ytimg.com/vi/LUeHFSkbLlo/mqdefault.jpg
008c89c2-1b40-45e2-bf4a-9512e81cd7da,Nicea,PRO8L3M,846ml4oPRiU,https://www.youtube.com/watch?v=846ml4oPRiU,219,https://i.ytimg.com/vi/846ml4oPRiU/mqdefault.jpg
535a5570-03ed-4243-8f2c-18efca190ea2,Che Gusto C&#39;è,"Fabri Fibra, Tredici Pietro",lhnN-bi-bT4,https://www.youtube.com/watch?v=lhnN-bi-bT4,426,https://i.ytimg.com/vi/lhnN-bi-bT4/mqdefault.jpg
8a9aeae8-09ae-43f5-b21c-7488bb361682,Che Gusto C&#39;è,"Fabri Fibra, Tredici Pietro",d9xTB97-FLI,https://www.youtube.com/watch?v=d9xTB97-FLI,183,https://i.ytimg.com/vi/d9xTB97-FLI/mqdefault.jpg
b884c1ef-fb6e-4a7c-8676-86103ddf3f80,Nebulous,EIJER,VqTXjEKtDYU,https://www.youtube.com/watch?v=VqTXjEKtDYU,263,https://i.ytimg.com/vi/VqTXjEKtDYU/mqdefault.jpg
30786a6c-4420-4632-ad86-f35fc74e3d04,Ripple,Grateful Dead,5yJmBC7cMTM,https://www.youtube.com/watch?v=5yJmBC7cMTM,270,https://i.ytimg.com/vi/5yJmBC7cMTM/mqdefault.jpg
f73c0d76-9e80-4385-b244-78523c29133e,Space Freak,EIJER,B1OpduphOgQ,https://www.youtube.com/watch?v=B1OpduphOgQ,245,https://i.ytimg.com/vi/B1OpduphOgQ/mqdefault.jpg
cb00524e-ee32-4f41-a0a5-96b02c09a790,Between The Gap,EIJER,kua9A1WOW4o,https://www.youtube.com/watch?v=kua9A1WOW4o,243,https://i.ytimg.com/vi/kua9A1WOW4o/mqdefault.jpg
cbe594cd-81b3-4d17-bb39-d657695c01a7,Strip Back,EIJER,Ro-1wVhtX-0,https://www.youtube.com/watch?v=Ro-1wVhtX-0,245,https://i.ytimg.com/vi/Ro-1wVhtX-0/mqdefault.jpg
9dd909f1-40aa-498c-9dac-f3256254d891,Break The Silence,EIJER,m-R1ca2iUhY,https://www.youtube.com/watch?v=m-R1ca2iUhY,275,https://i.ytimg.com/vi/m-R1ca2iUhY/mqdefault.jpg
01d6e850-063b-4ecc-ad27-d3ca087c01d6,Seventh Star,EIJER,cSb51gN4R_8,https://www.youtube.com/watch?v=cSb51gN4R_8,257,https://i.ytimg.com/vi/cSb51gN4R_8/mqdefault.jpg
d6d4bbc5-e8ac-4f39-a079-a5847e811697,October 1974 (Winterland) Pro-Shot &quot;Full set&quot;  [Set 2] -- 1080p Remaster.,Grateful Dead,vV4uGNZmPTI,https://www.youtube.com/watch?v=vV4uGNZmPTI,5671,https://i.ytimg.com/vi/vV4uGNZmPTI/mqdefault.jpg
351263ca-ac1f-4c4f-88cc-b37bbeb9b026,Fairytale of Berlin,Klangphonics,ANW-10nWEyI,https://www.youtube.com/watch?v=ANW-10nWEyI,303,https://i.ytimg.com/vi/ANW-10nWEyI/mqdefault.jpg
bf7e7f7d-b003-4a3f-a350-9c5a4f2aa1a0,White Flower (Live Techno),KLANGPHONICS,QmylKCLhVsU,https://www.youtube.com/watch?v=QmylKCLhVsU,431,https://i.ytimg.com/vi/QmylKCLhVsU/mqdefault.jpg
01c15b3e-3c20-442b-91f0-3fbdc5f9cc61,Against The Wind| Napalm Records,AVANTASIA,xN-AAIYw3Fs,https://www.youtube.com/watch?v=xN-AAIYw3Fs,282,https://i.ytimg.com/vi/xN-AAIYw3Fs/mqdefault.jpg
0ec6f206-408d-4fac-a9e1-531eddf3fbc0,Dying For An Angel (feat. Scorpions&#39; Klaus Meine),AVANTASIA,quH_vUCdy2o,https://www.youtube.com/watch?v=quH_vUCdy2o,273,https://i.ytimg.com/vi/quH_vUCdy2o/mqdefault.jpg
f2043330-92cb-47a5-9a7b-2b99e6542d12,Madone,Kyo,05SetW_jBCM,https://www.youtube.com/watch?v=05SetW_jBCM,199,https://i.ytimg.com/vi/05SetW_jBCM/mqdefault.jpg
0208c1fb-3080-453f-957b-6d331ba0da41,It Takes a Thief. [Full Album Stream],Thievery Corporation,ewHRPWaipBQ,https://www.youtube.com/watch?v=ewHRPWaipBQ,4149,https://i.ytimg.com/vi/ewHRPWaipBQ/mqdefault.jpg
07b020cd-676c-4339-8bf8-08a3836c168d,Full Performance (Live on KEXP),Thievery Corporation,5eK6SYVyZRk,https://www.youtube.com/watch?v=5eK6SYVyZRk,1866,https://i.ytimg.com/vi/5eK6SYVyZRk/mqdefault.jpg
b14782cf-1b3c-4d80-9a9e-e583cb89087c,Don&#39;t Cry,Elijah,g4h9vngA_eQ,https://www.youtube.com/watch?v=g4h9vngA_eQ,227,https://i.ytimg.com/vi/g4h9vngA_eQ/mqdefault.jpg
966e3c79-c88b-4c26-b58e-52f23ccf632b,Hypnotized,"Purple Disco Machine, Sophie and the Giants",UbYQErtM9Zk,https://www.youtube.com/watch?v=UbYQErtM9Zk,196,https://i.ytimg.com/vi/UbYQErtM9Zk/mqdefault.jpg
8b30243c-ef32-4324-b556-7e91eec0c3c7,Cirrus,Bonobo,WF34N4gJAKE,https://www.youtube.com/watch?v=WF34N4gJAKE,203,https://i.ytimg.com/vi/WF34N4gJAKE/mqdefault.jpg
aa5f002d-0cd3-4655-9c11-fc28251f548d,Bring Me To Life,Evanescence,3YxaaGgTQYM,https://www.youtube.com/watch?v=3YxaaGgTQYM,254,https://i.ytimg.com/vi/3YxaaGgTQYM/mqdefault.jpg
66afe260-00c7-4190-85dd-0422539bc815,Come Home,Jace June,D1Y1B0E4wuk,https://www.youtube.com/watch?v=D1Y1B0E4wuk,169,https://i.ytimg.com/vi/D1Y1B0E4wuk/mqdefault.jpg
199cc93f-efc1-41cd-82a5-1603aec6e477,BEHEMOTH MACHINE,Stefan Powell - Topic,GltlhLTPLcM,https://www.youtube.com/watch?v=GltlhLTPLcM,2182,https://i.ytimg.com/vi/GltlhLTPLcM/mqdefault.jpg
fad374d5-9e13-44f1-a99c-c4e0e9cbecf5,Autonomous Drone Lullabies (Full Album),Stefan Powell - Topic,6iLDln961-k,https://www.youtube.com/watch?v=6iLDln961-k,2968,https://i.ytimg.com/vi/6iLDln961-k/mqdefault.jpg
33022005-cfe0-4342-b3c6-0da150868fd9,Wonderwall,Oasis,6hzrDeceEKc,https://www.youtube.com/watch?v=6hzrDeceEKc,280,https://i.ytimg.com/vi/6hzrDeceEKc/mqdefault.jpg
678841a6-22ed-42eb-a07f-34b4b4799a83,Arise (Live),Don Moen,LD-QBrhi0qg,https://www.youtube.com/watch?v=LD-QBrhi0qg,366,https://i.ytimg.com/vi/LD-QBrhi0qg/mqdefault.jpg
df67c9bc-cc3e-4961-b538-957bc5fae188,A Moment Apart,ODESZA,xarC5jAiO7w,https://www.youtube.com/watch?v=xarC5jAiO7w,234,https://i.ytimg.com/vi/xarC5jAiO7w/mqdefault.jpg
a9f1b8c3-3e63-4543-b887-e09086734fd6,A Moment Apart (Full Album),ODESZA,tKmwR2jo0zw,https://www.youtube.com/watch?v=tKmwR2jo0zw,3575,https://i.ytimg.com/vi/tKmwR2jo0zw/mqdefault.jpg
8d384748-3d15-4290-8f68-9492432836c9,Pour que tu m&#39;aimes encore (Vidéo officielle remasterisée en),Céline Dion,AzaTyxMduH4,https://www.youtube.com/watch?v=AzaTyxMduH4,251,https://i.ytimg.com/vi/AzaTyxMduH4/mqdefault.jpg
f02af705-9a89-4526-ab20-1437f4ec4f4c,Together (Extended),David Guetta - Topic,vHzYycdfBNc,https://www.youtube.com/watch?v=vHzYycdfBNc,226,https://i.ytimg.com/vi/vHzYycdfBNc/mqdefault.jpg
ad04e210-439b-4236-b462-33218636ba33,Top hits 2024 playlist  ~ Trending music 2024 ~ Best songs 2024 updated weekly (Playlist Hits),Melody Chill Mix,U0ZoqmyGJo8,https://www.youtube.com/watch?v=U0ZoqmyGJo8,3797,https://i.ytimg.com/vi/U0ZoqmyGJo8/mqdefault.jpg
0698eb17-aea7-4f63-b8b4-c7238d2b1b4e,Vous les femmes /Pobre Diablo/ (Doumëa Remix),Julio Iglesias,gMes0xd8FoU,https://www.youtube.com/watch?v=gMes0xd8FoU,177,https://i.ytimg.com/vi/gMes0xd8FoU/mqdefault.jpg
ade7b5fd-c8de-40f2-ab26-5482e8da3531,Le bal masqué (Clip officiel),La Compagnie Créole,j-48Xg2cKyg,https://www.youtube.com/watch?v=j-48Xg2cKyg,229,https://i.ytimg.com/vi/j-48Xg2cKyg/mqdefault.jpg
8306bac7-495c-49dc-a691-97c32d514ee1,It Is What It Is,Jenna Raine,-p8Behv6ji0,https://www.youtube.com/watch?v=-p8Behv6ji0,148,https://i.ytimg.com/vi/-p8Behv6ji0/mqdefault.jpg
9e06bdf4-2361-45ef-b5f9-407cdffdc5bc,Off the Wall,Michael Jackson,_BfcRjZn6y4,https://www.youtube.com/watch?v=_BfcRjZn6y4,248,https://i.ytimg.com/vi/_BfcRjZn6y4/mqdefault.jpg
15fa24c4-66f0-484f-81d2-295777cd92bd,Blessings,"Calvin Harris, Clementine Douglas",JEmbyx8NLxA,https://www.youtube.com/watch?v=JEmbyx8NLxA,220,https://i.ytimg.com/vi/JEmbyx8NLxA/mqdefault.jpg
7bc726dc-1544-4e0e-aca8-43b3e0c31cb0,Dance Again,Selena Gomez,9vBFuIeC5qI,https://www.youtube.com/watch?v=9vBFuIeC5qI,172,https://i.ytimg.com/vi/9vBFuIeC5qI/mqdefault.jpg
da314beb-809c-4df4-aeaf-f77997f6c33b,a me mi piace,"Alfa, Manu Chao",angcmZKUGl8,https://www.youtube.com/watch?v=angcmZKUGl8,161,https://i.ytimg.com/vi/angcmZKUGl8/mqdefault.jpg
e0a8b51e-6987-41e0-a4bb-ffd7791a3472,Side To Sideft. Nicki Minaj,Ariana Grande ft. Nicki Minaj,SXiSVQZLje8,https://www.youtube.com/watch?v=SXiSVQZLje8,238,https://i.ytimg.com/vi/SXiSVQZLje8/mqdefault.jpg
ed7dcfee-336b-481a-908a-a2bc3543c58f,Body Talk,Issey Cross,avBhHzQ7sqQ,https://www.youtube.com/watch?v=avBhHzQ7sqQ,195,https://i.ytimg.com/vi/avBhHzQ7sqQ/mqdefault.jpg
2ad4519a-13c3-4e28-829d-5f5717fc829d,"Top 10 Rap Français 2024 | Gims, Keblack, Franglish, Jungeli, Lynda",Mix Rap Français,Twih2FtZ1ks,https://www.youtube.com/watch?v=Twih2FtZ1ks,1151,https://i.ytimg.com/vi/Twih2FtZ1ks/mqdefault.jpg
e1a0f76c-2fe6-4d1a-8871-1b2301fb9e02,Charles Aznavour - Diane Tell - Delpech - Axelle Red,DJ Live Set @RadioFGofficiel  FRENCH REMIXES,k3waKbouDDU,https://www.youtube.com/watch?v=k3waKbouDDU,1714,https://i.ytimg.com/vi/k3waKbouDDU/mqdefault.jpg
c9762ecb-ca6a-424e-b729-583727cbac5d,ha - Take On Me[],a,djV11Xbc914,https://www.youtube.com/watch?v=djV11Xbc914,244,https://i.ytimg.com/vi/djV11Xbc914/mqdefault.jpg
05eae733-cc55-4b52-8d24-346607bc622f,MX,Deftones - Topic,usQ_fVClgtE,https://www.youtube.com/watch?v=usQ_fVClgtE,2239,https://i.ytimg.com/vi/usQ_fVClgtE/mqdefault.jpg
f065cf24-9b90-49f4-8b43-ef4672e4d5de,Creepy Green Light,Type O Negative - Topic,jQJ3DjQVrdg,https://www.youtube.com/watch?v=jQJ3DjQVrdg,417,https://i.ytimg.com/vi/jQJ3DjQVrdg/mqdefault.jpg
93688214-6073-487a-bcc9-187e4aefefbb,No Excuses,Alice In Chains,r80HF68KM8g,https://www.youtube.com/watch?v=r80HF68KM8g,254,https://i.ytimg.com/vi/r80HF68KM8g/mqdefault.jpg
e401ff1f-f30b-49bb-acec-e53ae18d78e9,Marcelo D2 (Feat. Claudia),Desabafo/Deixa Eu Dizer,M0laSFy3dq4,https://www.youtube.com/watch?v=M0laSFy3dq4,177,https://i.ytimg.com/vi/M0laSFy3dq4/mqdefault.jpg
297af645-bd0c-4b55-8288-b5f7eb536027,Scary Goldings,Cornish Hen (ft. John Scofield &amp; MonoNeon),WvBrm3IqlG4,https://www.youtube.com/watch?v=WvBrm3IqlG4,315,https://i.ytimg.com/vi/WvBrm3IqlG4/mqdefault.jpg
bd303cd3-e043-40ed-91cc-107d51c69e75,Tchfunkta,Stanton Moore - Topic,67U65RIWlog,https://www.youtube.com/watch?v=67U65RIWlog,257,https://i.ytimg.com/vi/67U65RIWlog/mqdefault.jpg
3d4edd9f-77a1-40ee-be24-cac4eec5b2bb,I&#39;m Not Okay (I Promise),My Chemical Romance,dhZTNgAs4Fc,https://www.youtube.com/watch?v=dhZTNgAs4Fc,206,https://i.ytimg.com/vi/dhZTNgAs4Fc/mqdefault.jpg
f3d970ec-1c24-4937-81bf-535198781082,Tessie,Dropkick Murphys,jR4tTQVjHUI,https://www.youtube.com/watch?v=jR4tTQVjHUI,342,https://i.ytimg.com/vi/jR4tTQVjHUI/mqdefault.jpg
64965dc1-0c56-4e64-bb0e-2a246466764b,The Darkness That You Fear,The Chemical Brothers - Topic,e-IK-MRe3h4,https://www.youtube.com/watch?v=e-IK-MRe3h4,366,https://i.ytimg.com/vi/e-IK-MRe3h4/mqdefault.jpg
b7dcf14c-3d7e-4a0d-ad75-454e09127459,Purge (feat. Glenn Ferris),Jean-Philippe Scali - Topic,dN7kM_F553I,https://www.youtube.com/watch?v=dN7kM_F553I,389,https://i.ytimg.com/vi/dN7kM_F553I/mqdefault.jpg
fa18e922-9cdc-48a0-afae-3b9288dd3508,Corruption On Earth,Lowen,-HKQcB4NHxU,https://www.youtube.com/watch?v=-HKQcB4NHxU,404,https://i.ytimg.com/vi/-HKQcB4NHxU/mqdefault.jpg
ec06a0e1-a911-4837-8e54-9aa44df74818,Hold Your Colour (FULL ALBUM),Pendulum,uv1XG1A9dUU,https://www.youtube.com/watch?v=uv1XG1A9dUU,4588,https://i.ytimg.com/vi/uv1XG1A9dUU/mqdefault.jpg
4c3b0b3b-ddd6-4fe5-a81b-943b22dc1f75,Wait And Bleed[],Slipknot,B1zCN0YhW1s,https://www.youtube.com/watch?v=B1zCN0YhW1s,168,https://i.ytimg.com/vi/B1zCN0YhW1s/mqdefault.jpg
eefe0a7a-4937-4d84-970a-12a9d18f0884,Asleep In The Deep,Mastodon,zBXWBj7hIzg,https://www.youtube.com/watch?v=zBXWBj7hIzg,374,https://i.ytimg.com/vi/zBXWBj7hIzg/mqdefault.jpg
d32cda9b-6bef-4eaa-9f62-fa2782a2664f,Pink Pony Club (Live From The 67th Grammy Awards),Chappell Roan,i79Gly1ZM5w,https://www.youtube.com/watch?v=i79Gly1ZM5w,277,https://i.ytimg.com/vi/i79Gly1ZM5w/mqdefault.jpg
50d735a4-7c03-4050-bb21-8c3a116cf534,Insomnia,Faithless,P8JEm4d6Wu4,https://www.youtube.com/watch?v=P8JEm4d6Wu4,215,https://i.ytimg.com/vi/P8JEm4d6Wu4/mqdefault.jpg
82ccc0e5-2f2d-41d6-9e9c-0b17dedfa27d,Violence,SOEN,iVqVPkC9C0o,https://www.youtube.com/watch?v=iVqVPkC9C0o,261,https://i.ytimg.com/vi/iVqVPkC9C0o/mqdefault.jpg
e24435c7-3f2b-4548-bc94-73449b2b36bc,Hand Of Fate (Remastered),The Rolling Stones - Topic,3RGhtDjup38,https://www.youtube.com/watch?v=3RGhtDjup38,269,https://i.ytimg.com/vi/3RGhtDjup38/mqdefault.jpg
deccf43e-3190-4c4c-9638-233777590164,Come Along,Salty Dog,VaDNPI7eGfM,https://www.youtube.com/watch?v=VaDNPI7eGfM,301,https://i.ytimg.com/vi/VaDNPI7eGfM/mqdefault.jpg
f3fc8d2e-a443-4378-a187-1e71bca9c3ae,The Quireboys ~ 7 O&#39;Clock,STV,KcutzDBC9aQ,https://www.youtube.com/watch?v=KcutzDBC9aQ,216,https://i.ytimg.com/vi/KcutzDBC9aQ/mqdefault.jpg
7d95421c-c59e-4d9a-907b-daced25203df,Im Not Your Man,Tommy Conwell and THRODDLE,hPNf1RmeCOE,https://www.youtube.com/watch?v=hPNf1RmeCOE,302,https://i.ytimg.com/vi/hPNf1RmeCOE/mqdefault.jpg
4cbc8e46-18ff-4a8c-9721-a99e1051f8bc,Never Been Any Reason (HQ),Head East,QgD-NwCtvrA,https://www.youtube.com/watch?v=QgD-NwCtvrA,312,https://i.ytimg.com/vi/QgD-NwCtvrA/mqdefault.jpg
d0825026-7967-4864-8712-87ac0b4724ae,Don&#39;t ask me no questions,Lynyrd Skynyrd,DCfWmNJt4D4,https://www.youtube.com/watch?v=DCfWmNJt4D4,207,https://i.ytimg.com/vi/DCfWmNJt4D4/mqdefault.jpg
97e6541c-5f75-452f-b42d-b4da42ef65bb,"Mouna Ragam Tamil Movie Song | Mohan, Revathi | Ilaiyaraaja",Mandram Vantha Thendralukku Video Song,roW8mMKAnBo,https://www.youtube.com/watch?v=roW8mMKAnBo,428,https://i.ytimg.com/vi/roW8mMKAnBo/mqdefault.jpg
c7a53a72-0220-459d-91e3-071da1b509f9,Keep Your Hands to Yourself (45 Version),Georgia Satellites - Topic,NCL5JNbJFR0,https://www.youtube.com/watch?v=NCL5JNbJFR0,208,https://i.ytimg.com/vi/NCL5JNbJFR0/mqdefault.jpg
41bf031a-0f88-4783-9984-787e9f374b70,翼をください,Megumi Hayashibara - Topic,PLAHsB7EJpA,https://www.youtube.com/watch?v=PLAHsB7EJpA,291,https://i.ytimg.com/vi/PLAHsB7EJpA/mqdefault.jpg
909ef257-f5ca-4c4e-adb6-402fbcc8929a,Waka Waka,Shakira,pRpeEdMmmQ0,https://www.youtube.com/watch?v=pRpeEdMmmQ0,211,https://i.ytimg.com/vi/pRpeEdMmmQ0/mqdefault.jpg
acb4ba07-9d8d-4765-b912-c69390ea4fc7,ASAP (ASAP),STAYC - Topic,aHR8zak8Xsc,https://www.youtube.com/watch?v=aHR8zak8Xsc,195,https://i.ytimg.com/vi/aHR8zak8Xsc/mqdefault.jpg
23d88234-5a6f-4a46-b73f-237c79f2d3d6,Here Without You,3 Doors Down,kPBzTxZQG5Q,https://www.youtube.com/watch?v=kPBzTxZQG5Q,236,https://i.ytimg.com/vi/kPBzTxZQG5Q/mqdefault.jpg
74596a29-dd5a-470b-a029-940b61109fa1,Heartless,The Weeknd,1DpH-icPpl0,https://www.youtube.com/watch?v=1DpH-icPpl0,250,https://i.ytimg.com/vi/1DpH-icPpl0/mqdefault.jpg
da8f2bd2-cec3-46fc-8693-d89cf77d093b,I Feel It Coming,The Weeknd - Topic,iIWoYaJRryw,https://www.youtube.com/watch?v=iIWoYaJRryw,270,https://i.ytimg.com/vi/iIWoYaJRryw/mqdefault.jpg
4d3432a6-7e07-40cf-96dd-a93b8fe3527e,"All Of The Lights ft. Rihanna, Kid Cudi",Kanye West,HAfFfqiYLp0,https://www.youtube.com/watch?v=HAfFfqiYLp0,328,https://i.ytimg.com/vi/HAfFfqiYLp0/mqdefault.jpg
b1438a70-ccc2-4f68-9d8a-31ab07a9ecd4,Let There Be Rock,AC/DC,3f2g4RMfhS0,https://www.youtube.com/watch?v=3f2g4RMfhS0,369,https://i.ytimg.com/vi/3f2g4RMfhS0/mqdefault.jpg
d84ad359-caf3-402c-9421-164d31c3259e,Shelter,Porter Robinson &amp; Madeon,HQnC1UHBvWA,https://www.youtube.com/watch?v=HQnC1UHBvWA,218,https://i.ytimg.com/vi/HQnC1UHBvWA/mqdefault.jpg
29382be0-7552-4616-b0fa-52e6b07e7562,sama Sings &quot;Shelter&quot; by Porter Robinson &amp; Madeon [Neuro-sama Karaoke],Neuro,FJwObgRhlJc,https://www.youtube.com/watch?v=FJwObgRhlJc,220,https://i.ytimg.com/vi/FJwObgRhlJc/mqdefault.jpg
31b10ab1-be4b-40eb-84ab-c032e62f2b4c,サマージャム &#39;95(Cover) / KMNZ,スチャダラパー,VFkUSaO8cqQ,https://www.youtube.com/watch?v=VFkUSaO8cqQ,314,https://i.ytimg.com/vi/VFkUSaO8cqQ/mqdefault.jpg
7e6a2ef1-6c85-4bfc-b3ef-040cbf236803,Starboy,The Weeknd - Topic,plnfIj7dkJE,https://www.youtube.com/watch?v=plnfIj7dkJE,231,https://i.ytimg.com/vi/plnfIj7dkJE/mqdefault.jpg
7eb4f9d5-a6be-4ce1-8779-c78ff8fa752d,Love It If We Made It (Lyrics),The 1975,wfC1qxJ59dM,https://www.youtube.com/watch?v=wfC1qxJ59dM,254,https://i.ytimg.com/vi/wfC1qxJ59dM/mqdefault.jpg
7980c2de-1db7-493c-b0b4-706c96e29906,Starboy ft. Daft Punk,The Weeknd,34Na4j8AVgA,https://www.youtube.com/watch?v=34Na4j8AVgA,274,https://i.ytimg.com/vi/34Na4j8AVgA/mqdefault.jpg
f4a4e5f6-5d9f-4506-be73-7ba7d70e2841,Cigarettes After Sex,Affection,5soixb2U6xM,https://www.youtube.com/watch?v=5soixb2U6xM,312,https://i.ytimg.com/vi/5soixb2U6xM/mqdefault.jpg
0d83a728-4fdf-441a-bdbf-cd29e879e0c1,"Loyalft. Lil Wayne, Tyga",Chris Brown,JXRN_LkCa_o,https://www.youtube.com/watch?v=JXRN_LkCa_o,271,https://i.ytimg.com/vi/JXRN_LkCa_o/mqdefault.jpg
014492ed-8065-4416-8b86-401963e67a0f,Never Say Never ft. Jaden,Justin Bieber,_Z5-P9v3F8w,https://www.youtube.com/watch?v=_Z5-P9v3F8w,230,https://i.ytimg.com/vi/_Z5-P9v3F8w/mqdefault.jpg
27567c8e-d638-4664-8c9e-1d21318f073b,Hymn For The Weekend,Coldplay,YykjpeuMNEk,https://www.youtube.com/watch?v=YykjpeuMNEk,261,https://i.ytimg.com/vi/YykjpeuMNEk/mqdefault.jpg
78ced41a-bfab-4f28-aec9-ef42a53d450b,Life Sublime,End It,D4n7jwTTsFI,https://www.youtube.com/watch?v=D4n7jwTTsFI,139,https://i.ytimg.com/vi/D4n7jwTTsFI/mqdefault.jpg
a5726cd5-9549-4b29-87f9-c161089a34e3,Promise,Kid Ink ft. Fetty Wap,wHhPuy-lCfI,https://www.youtube.com/watch?v=wHhPuy-lCfI,227,https://i.ytimg.com/vi/wHhPuy-lCfI/mqdefault.jpg
d4ba2015-701c-4418-94c8-2aed01a42a66,About You,The 1975,tGv7CUutzqU,https://www.youtube.com/watch?v=tGv7CUutzqU,327,https://i.ytimg.com/vi/tGv7CUutzqU/mqdefault.jpg
16037506-b524-4bfb-8b68-47f134bd2804,WITHOUT YOU,The Kid LAROI,SJOKlqJho8U,https://www.youtube.com/watch?v=SJOKlqJho8U,183,https://i.ytimg.com/vi/SJOKlqJho8U/mqdefault.jpg
a47558a7-c55a-4977-a6eb-3bb3991b38bf,Rather Be ft. Jess Glynne,Clean Bandit,m-M1AtrxztU,https://www.youtube.com/watch?v=m-M1AtrxztU,269,https://i.ytimg.com/vi/m-M1AtrxztU/mqdefault.jpg
f42e56c3-cd77-40b2-98d6-ab1c2eead6ed,Ease My Mind with Niki &amp; The Dove,Skrillex,hwsXo6fsmso,https://www.youtube.com/watch?v=hwsXo6fsmso,303,https://i.ytimg.com/vi/hwsXo6fsmso/mqdefault.jpg
4b98904b-32f3-4554-b0d7-d09b056ac14b,Hit the ground ( Lyrics ),Justin Bieber,DSiKL5iG4EY,https://www.youtube.com/watch?v=DSiKL5iG4EY,234,https://i.ytimg.com/vi/DSiKL5iG4EY/mqdefault.jpg
3bc7a719-d1aa-4371-b2dc-e12cf0451990,6 Feet From The Edge,Creed,ajSt1RWGKik,https://www.youtube.com/watch?v=ajSt1RWGKik,239,https://i.ytimg.com/vi/ajSt1RWGKik/mqdefault.jpg
42bf7a97-806e-48fd-8046-9fd2ecb31ce8,New Song,Hit the Ground Justin Bieber,g_YUdAFbuqw,https://www.youtube.com/watch?v=g_YUdAFbuqw,242,https://i.ytimg.com/vi/g_YUdAFbuqw/mqdefault.jpg
5c110ad1-3990-4a32-a2ef-794b3ae6b038,ကမ်းမမြင်လမ်းမမြင်,ကြက်ဖ + အေသင်ချိုဆွေ,VBfmA07fxAk,https://www.youtube.com/watch?v=VBfmA07fxAk,283,https://i.ytimg.com/vi/VBfmA07fxAk/mqdefault.jpg
f89bc9ea-5a11-4ef0-9abd-bc1c9e5f2c2c,Upgrade,BG18 Record Label,vUOKNcKC0yM,https://www.youtube.com/watch?v=vUOKNcKC0yM,214,https://i.ytimg.com/vi/vUOKNcKC0yM/mqdefault.jpg
99f47abc-85ea-4765-aaaa-9279262598b9,ချစ်မိသူက အရှုံး (Feat. Yung Hugo),JCZ,S1nzRz6Lsf0,https://www.youtube.com/watch?v=S1nzRz6Lsf0,214,https://i.ytimg.com/vi/S1nzRz6Lsf0/mqdefault.jpg
f45613b8-d189-4ce9-8520-6818808d6bca,My Demons,Starset,nkll0StZJLA,https://www.youtube.com/watch?v=nkll0StZJLA,223,https://i.ytimg.com/vi/nkll0StZJLA/mqdefault.jpg
5ce3da3d-43a1-4b2b-aed9-25c678bbdaa3,My Demons,STARSET,p-N_y1bZtRw,https://www.youtube.com/watch?v=p-N_y1bZtRw,230,https://i.ytimg.com/vi/p-N_y1bZtRw/mqdefault.jpg
ba5abc4f-b60c-4b07-a597-870a941b59eb,Circle With Me,Spiritbox,I0WzT0OJ-E0,https://www.youtube.com/watch?v=I0WzT0OJ-E0,234,https://i.ytimg.com/vi/I0WzT0OJ-E0/mqdefault.jpg
ec50a6b4-0cab-4dd8-ba99-479399484503,NEVER DIE YOUNG,kegøn - Topic,YhY9URKFaJw,https://www.youtube.com/watch?v=YhY9URKFaJw,141,https://i.ytimg.com/vi/YhY9URKFaJw/mqdefault.jpg
139c98c8-8b20-4fdf-9872-01fa2f8bb744,I Like Me Better (Lyrics),Lauv,bnVkf-z28YU,https://www.youtube.com/watch?v=bnVkf-z28YU,198,https://i.ytimg.com/vi/bnVkf-z28YU/mqdefault.jpg
002bd242-faf9-49f3-8b28-e2a2a83fa823,Never Gonna Stop,Rick Astley,qWNQUvIk954,https://www.youtube.com/watch?v=qWNQUvIk954,201,https://i.ytimg.com/vi/qWNQUvIk954/mqdefault.jpg
d3a089aa-7a78-45c0-9221-ccd421f202a3,Take Me to Your Heart(Remaster),Rick Astley,eYuUAGXN0KM,https://www.youtube.com/watch?v=eYuUAGXN0KM,212,https://i.ytimg.com/vi/eYuUAGXN0KM/mqdefault.jpg
b355d8d1-4d7c-4004-b2d6-8c0409b1d774,"Taki Taki ft. Selena Gomez, Ozuna, Cardi B",DJ Snake,ixkoVwKQaJg,https://www.youtube.com/watch?v=ixkoVwKQaJg,232,https://i.ytimg.com/vi/ixkoVwKQaJg/mqdefault.jpg
0803b3b9-dc10-4b81-8687-73ebfc011f03,Boten Anna,Basshunter,1XK5-n4rR7Q,https://www.youtube.com/watch?v=1XK5-n4rR7Q,208,https://i.ytimg.com/vi/1XK5-n4rR7Q/mqdefault.jpg
55cba2f5-d25f-4d2c-8e1b-570fa7b21765,In The End (Mellen Gi &amp; Tommee Profitt Remix),Linkin Park,WNeLUngb-Xg,https://www.youtube.com/watch?v=WNeLUngb-Xg,219,https://i.ytimg.com/vi/WNeLUngb-Xg/mqdefault.jpg
741b0d89-ae51-4ce0-a9f7-76493b8ad99f,In the End (Lyrics),Linkin Park,d_toKURCt10,https://www.youtube.com/watch?v=d_toKURCt10,216,https://i.ytimg.com/vi/d_toKURCt10/mqdefault.jpg
df6b9a75-70cf-4a7e-b960-8529e333f333,Linkin Park,In The End (Live),ZWhK8zfquBo,https://www.youtube.com/watch?v=ZWhK8zfquBo,213,https://i.ytimg.com/vi/ZWhK8zfquBo/mqdefault.jpg
a98c9b0f-01dc-444d-b384-a49f14408909,In the End,Linkin Park - Topic,gB9P0kpc1O4,https://www.youtube.com/watch?v=gB9P0kpc1O4,217,https://i.ytimg.com/vi/gB9P0kpc1O4/mqdefault.jpg
6fd38b2a-a6ca-421f-923d-5748803c02ca,Tommee Profitt,In The End [Mellen Gi Remix] feat. Fleurie,VHAYLOM0yEA,https://www.youtube.com/watch?v=VHAYLOM0yEA,230,https://i.ytimg.com/vi/VHAYLOM0yEA/mqdefault.jpg
f52a3b77-84dc-4185-976f-385fa0ec6ad4,In The End Ft. Mellen Gi &amp; Tommee Profitt Remix | Belyrics,Linkin Park,nExImHpSFuY,https://www.youtube.com/watch?v=nExImHpSFuY,219,https://i.ytimg.com/vi/nExImHpSFuY/mqdefault.jpg
4b0a853a-f838-47d6-8fc4-860e750f4661,HOT SAUCE,BABYMONSTER - Topic,Zb2NO07e_zI,https://www.youtube.com/watch?v=Zb2NO07e_zI,148,https://i.ytimg.com/vi/Zb2NO07e_zI/mqdefault.jpg
8a806adc-94d3-4fd3-97b3-518911c0aab1,"Relaxing Sleep Music for Meditation, Stress Relief &amp; Relaxation by Peder B. Helland",Flying,1ZYbU82GVz4,https://www.youtube.com/watch?v=1ZYbU82GVz4,10822,https://i.ytimg.com/vi/1ZYbU82GVz4/mqdefault.jpg
30c70f14-4df4-4f5c-89da-85621876d630,"Stop Overthinking, Stress Relief Music, Sleep Music, Calming Music #242",Beautiful Relaxing Music,z-qigE1ym40,https://www.youtube.com/watch?v=z-qigE1ym40,13799,https://i.ytimg.com/vi/z-qigE1ym40/mqdefault.jpg
4de05ade-095a-4505-959f-f940ee784833,"Beautiful Relaxing Music for Stress Relief ~ Calming Music ~ Meditation, Relaxation, Sleep, Spa",Meditation Relax,lFcSrYw-ARY,https://www.youtube.com/watch?v=lFcSrYw-ARY,10886,https://i.ytimg.com/vi/lFcSrYw-ARY/mqdefault.jpg
ff10534b-7b20-4036-aa30-666e4b079bae,"1940&#39;s Jazz Classics [Jazz, Jazz Classics, Smooth Jazz]",PLAYaudio - Smooth Jazz and more,-bBzIgIaPS4,https://www.youtube.com/watch?v=-bBzIgIaPS4,13862,https://i.ytimg.com/vi/-bBzIgIaPS4/mqdefault.jpg
e12fc34b-7e49-40aa-a00f-9b5ac83d4a3f,光,Chen Li - Topic,EQmT3e4IGy4,https://www.youtube.com/watch?v=EQmT3e4IGy4,144,https://i.ytimg.com/vi/EQmT3e4IGy4/mqdefault.jpg
13c4317b-cd5e-413e-be89-ff60b86caa25,六週年嘉年華-第一階段代幣位置,SKY光遇,8xuqPxg82QY,https://www.youtube.com/watch?v=8xuqPxg82QY,175,https://i.ytimg.com/vi/8xuqPxg82QY/mqdefault.jpg
164f487a-4fd3-4956-b56d-25115061db5a,Track 11. 光 (PG ONE),#ANSW1R,69xh1JPlwIQ,https://www.youtube.com/watch?v=69xh1JPlwIQ,157,https://i.ytimg.com/vi/69xh1JPlwIQ/mqdefault.jpg
f5a540ef-2603-4991-9ba4-189c8ed56c48,Historia Triste,Eskorbuto,l7XrKzb1hXc,https://www.youtube.com/watch?v=l7XrKzb1hXc,195,https://i.ytimg.com/vi/l7XrKzb1hXc/mqdefault.jpg
6397a0d9-544c-4944-958e-95931d7bdcdd,Adios Reina Mia,Eskorbuto - Topic,j9yzRbzMmDY,https://www.youtube.com/watch?v=j9yzRbzMmDY,268,https://i.ytimg.com/vi/j9yzRbzMmDY/mqdefault.jpg
4399627e-effa-4307-b19d-eaf5d63fa2ba,Anti Todo,Eskorbuto - Topic,gdNZYsI19L8,https://www.youtube.com/watch?v=gdNZYsI19L8,107,https://i.ytimg.com/vi/gdNZYsI19L8/mqdefault.jpg
08186488-d30e-4107-9c6f-34b05d3c4d47,「おちゃめ機能」FUKKIRETA 【.256k.Kara】,ろん,kuNixp-wvWM,https://www.youtube.com/watch?v=kuNixp-wvWM,91,https://i.ytimg.com/vi/kuNixp-wvWM/mqdefault.jpg
d8688969-822d-4c6e-85d5-421dff0a270d,Stellar Stellar,Hoshimachi Suisei - Topic,eq4aExkkuTs,https://www.youtube.com/watch?v=eq4aExkkuTs,302,https://i.ytimg.com/vi/eq4aExkkuTs/mqdefault.jpg
c7e5a0a8-91ae-4ef9-b412-f42e72495bea,Analog Detox,kamome sano,KxE7VsXbM3o,https://www.youtube.com/watch?v=KxE7VsXbM3o,224,https://i.ytimg.com/vi/KxE7VsXbM3o/mqdefault.jpg
c0612535-31a8-4234-b4a3-971f94f7d0ba,kamome sano,I/O,LaX6EIkk_pQ,https://www.youtube.com/watch?v=LaX6EIkk_pQ,186,https://i.ytimg.com/vi/LaX6EIkk_pQ/mqdefault.jpg
48233130-32c8-448f-b330-3a77f9479821,I Can Do It With A Broken Heart,Taylor Swift,Sl6en1NPTYM,https://www.youtube.com/watch?v=Sl6en1NPTYM,223,https://i.ytimg.com/vi/Sl6en1NPTYM/mqdefault.jpg
a64ff80f-63da-4b8a-87af-1ef4f0648aaf,You Need To Calm Down,Taylor Swift,Dkk9gvTmCXY,https://www.youtube.com/watch?v=Dkk9gvTmCXY,211,https://i.ytimg.com/vi/Dkk9gvTmCXY/mqdefault.jpg
1ff62d09-5115-4543-bf5d-91eb211b66d3,We&#39;re In This Love Together,Al Jarreau,otVH5cv9z1A,https://www.youtube.com/watch?v=otVH5cv9z1A,223,https://i.ytimg.com/vi/otVH5cv9z1A/mqdefault.jpg
dd39b365-ba75-4bc7-8922-36e773919653,Roof Garden,Al Jarreau,AD7PQySHAZc,https://www.youtube.com/watch?v=AD7PQySHAZc,253,https://i.ytimg.com/vi/AD7PQySHAZc/mqdefault.jpg
8503573a-5a8f-4bee-9257-1f9fc8c3fbb2,The End Is Here,Alter Bridge - Topic,L7ZcLMHcEAg,https://www.youtube.com/watch?v=L7ZcLMHcEAg,298,https://i.ytimg.com/vi/L7ZcLMHcEAg/mqdefault.jpg
f356872f-f1e5-4717-8ce4-ce12815235c4,Arlandria,Foo Fighters,Gt3j_nm25LU,https://www.youtube.com/watch?v=Gt3j_nm25LU,268,https://i.ytimg.com/vi/Gt3j_nm25LU/mqdefault.jpg
3a2a4f4c-f2cc-43b0-9b8b-4bd8929e976e,Enter Sandman,Motörhead,kwJTpJjLJi4,https://www.youtube.com/watch?v=kwJTpJjLJi4,313,https://i.ytimg.com/vi/kwJTpJjLJi4/mqdefault.jpg
04267d6b-d35a-4d7f-a144-bf70e6381268,The Diver,Anja Garbarek - Topic,R_HOmiiMgm8,https://www.youtube.com/watch?v=R_HOmiiMgm8,247,https://i.ytimg.com/vi/R_HOmiiMgm8/mqdefault.jpg
04568d17-761c-4097-aaba-36c1520006f5,Like A Circle,Ben Abraham,1pmDkh7mb7A,https://www.youtube.com/watch?v=1pmDkh7mb7A,189,https://i.ytimg.com/vi/1pmDkh7mb7A/mqdefault.jpg
4cd87887-9adf-4859-a482-2f7d1defba78,On Her Majesty&#39;s Secret Service (From “On Her Majesty’s Secret Service” Soundtrack /...,John Barry - Topic,AFaJWqVcv8k,https://www.youtube.com/watch?v=AFaJWqVcv8k,156,https://i.ytimg.com/vi/AFaJWqVcv8k/mqdefault.jpg
1f6fd11b-7548-4229-8014-54869eda794c,L&#39;amour des escargots,Bruno Coulais - Topic,sgOsIsrWnqk,https://www.youtube.com/watch?v=sgOsIsrWnqk,135,https://i.ytimg.com/vi/sgOsIsrWnqk/mqdefault.jpg
02c63e53-43ed-4808-8174-278d7b2f2ad6,"Les Triplettes de Belleville Barbier Cieco, Cieco",abrkadybre,c1GNmG7FIGg,https://www.youtube.com/watch?v=c1GNmG7FIGg,105,https://i.ytimg.com/vi/c1GNmG7FIGg/mqdefault.jpg
a2f26ebf-5d19-466b-97a3-237094e57732,More Than a Feeling,Boston,t4QK8RxCAwo,https://www.youtube.com/watch?v=t4QK8RxCAwo,217,https://i.ytimg.com/vi/t4QK8RxCAwo/mqdefault.jpg
bada7a14-0b9b-4c5c-80ce-fc04acf4cf2a,The Robots,Kraftwerk,D_8Pma1vHmw,https://www.youtube.com/watch?v=D_8Pma1vHmw,221,https://i.ytimg.com/vi/D_8Pma1vHmw/mqdefault.jpg
9a1f9686-73c0-40be-bf0e-240bf9b8f69c,Radioactivity (French Tv 1978),Kraftwerk,OPhUWrQx1zY,https://www.youtube.com/watch?v=OPhUWrQx1zY,211,https://i.ytimg.com/vi/OPhUWrQx1zY/mqdefault.jpg
2d237a78-d496-4023-b3ef-1854a585742f,Wir Sind die Roboter,Kraftwerk,0hoa9tXnZX8,https://www.youtube.com/watch?v=0hoa9tXnZX8,272,https://i.ytimg.com/vi/0hoa9tXnZX8/mqdefault.jpg
28b57c71-d3d7-46af-bce7-fe15cd6d8e4d,Tour De France- 60 FPS.,Kraftwerk,rTe7U92ecX8,https://www.youtube.com/watch?v=rTe7U92ecX8,193,https://i.ytimg.com/vi/rTe7U92ecX8/mqdefault.jpg
89de04d3-cbc8-478e-8d58-fc43d270929f,Dancehall Sings Riddim Mix (Love Edition) - February 2015 Vybz Kartel/Popcaan/Mavado,GazaPriince,EYTu-VfcaUM,https://www.youtube.com/watch?v=EYTu-VfcaUM,1646,https://i.ytimg.com/vi/EYTu-VfcaUM/mqdefault.jpg
98a8e23e-65b4-447c-9465-d30b0728ab5a,Hour DJ Blackout Set | #party #vibes #dancehall #90sdancehall,90s &amp; 2000s Dancehall Classics 🔥 1,8Z2bSqCOhN4,https://www.youtube.com/watch?v=8Z2bSqCOhN4,3737,https://i.ytimg.com/vi/8Z2bSqCOhN4/mqdefault.jpg
70a74e96-162c-41ee-8ca3-ebae79b073bd,Photograph,Jamie Cullum,hUN_ZrvU9EM,https://www.youtube.com/watch?v=hUN_ZrvU9EM,255,https://i.ytimg.com/vi/hUN_ZrvU9EM/mqdefault.jpg
fcadba0a-27ea-4848-9fb7-7f2513631d82,1975,Nino Ferrer : Le Sud,FgxwKEuy-pM,https://www.youtube.com/watch?v=FgxwKEuy-pM,272,https://i.ytimg.com/vi/FgxwKEuy-pM/mqdefault.jpg
238c60d5-fd2b-4e95-a5a5-8f4467e74f81,The Spirit Carries On (from Distant Memories - Live in London),Dream Theater,JfTganSU_qE,https://www.youtube.com/watch?v=JfTganSU_qE,401,https://i.ytimg.com/vi/JfTganSU_qE/mqdefault.jpg
0718643e-3b79-4a29-8e44-c88b5b6ba6bd,The Spirit Carries On,Scene Eight,7NuiVUxZQfs,https://www.youtube.com/watch?v=7NuiVUxZQfs,399,https://i.ytimg.com/vi/7NuiVUxZQfs/mqdefault.jpg
c0e0d2a6-4966-4120-a668-fd9163d725ac,Mai Phương Thảo ft Cổ Thạch Xuyên,Tân Cổ Tìm Em Nơi Đâu,QXTwoZzYJBU,https://www.youtube.com/watch?v=QXTwoZzYJBU,692,https://i.ytimg.com/vi/QXTwoZzYJBU/mqdefault.jpg
d181e2a2-8be6-4db6-bb9d-d52db0e55b35,Bongo Bong / Je ne t&#39;aime plus,Manu Chao,cfLIlP-GAmg,https://www.youtube.com/watch?v=cfLIlP-GAmg,253,https://i.ytimg.com/vi/cfLIlP-GAmg/mqdefault.jpg
b3bd9fd5-19b9-4f09-8bf4-4c4f8469bdd9,My All,Mariah Carey,mIhI23gBBPQ,https://www.youtube.com/watch?v=mIhI23gBBPQ,231,https://i.ytimg.com/vi/mIhI23gBBPQ/mqdefault.jpg
c340fd90-515d-47c2-8883-a5db2afe91f2,అందమె ఆనందం Video Lyric Andame Anandam ANR Ghantasala Samudrala Bratuku Teruvu,Telugu Pearls,iCDlwiYq50g,https://www.youtube.com/watch?v=iCDlwiYq50g,190,https://i.ytimg.com/vi/iCDlwiYq50g/mqdefault.jpg
73f21131-b8cb-44e9-aafd-011637a5e9fb,موال سوريا الأسد,7edrh,lbwC8Ix7nxU,https://www.youtube.com/watch?v=lbwC8Ix7nxU,39,https://i.ytimg.com/vi/lbwC8Ix7nxU/mqdefault.jpg
46aab3fc-3ed7-4668-9b70-e17c7763eab2,LETTERA ALL&#39;ARMA,P38,-ZrB2c6GhgA,https://www.youtube.com/watch?v=-ZrB2c6GhgA,133,https://i.ytimg.com/vi/-ZrB2c6GhgA/mqdefault.jpg
fff79b0e-079f-417d-acdf-9f9e0dad7820,Born as a Winner,"O.B.F, Rider Shafique &amp; Mikey General",LCT8sm6vT44,https://www.youtube.com/watch?v=LCT8sm6vT44,485,https://i.ytimg.com/vi/LCT8sm6vT44/mqdefault.jpg
a84ad0a0-e4f3-4f00-b44b-e5367fe2ede4,Aca&#39; Toro ft. Ska-P,Punkreas,hpo7XYFAt_A,https://www.youtube.com/watch?v=hpo7XYFAt_A,178,https://i.ytimg.com/vi/hpo7XYFAt_A/mqdefault.jpg
ae73e403-3b70-4aa8-a91d-3f7cec0912aa,Dub O&#39;Clock,STAND HIGH PATROL,Xrpf-N3RJxE,https://www.youtube.com/watch?v=Xrpf-N3RJxE,235,https://i.ytimg.com/vi/Xrpf-N3RJxE/mqdefault.jpg
1e544e58-e0c0-476c-b72d-9352230668f5,Più Sbirri Morti PSM2,Tear Me Down,VRGtq3d5lKM,https://www.youtube.com/watch?v=VRGtq3d5lKM,185,https://i.ytimg.com/vi/VRGtq3d5lKM/mqdefault.jpg
dd9bcf2d-2fa7-49e7-8d65-65da8e16fb73,OMICIDIO DI STATO,SIGNOR K,oT4WeLtuFCY,https://www.youtube.com/watch?v=oT4WeLtuFCY,209,https://i.ytimg.com/vi/oT4WeLtuFCY/mqdefault.jpg
7dd04164-6109-4b7c-a3a8-b2cd57f49d8b,Rossa Palestina,Umberto Fiora - Topic,PpljlanSNIM,https://www.youtube.com/watch?v=PpljlanSNIM,153,https://i.ytimg.com/vi/PpljlanSNIM/mqdefault.jpg
382229da-a567-4aba-a6b9-7014e527456e,Two Waves,The Prams - Topic,BlCjcoCTO_k,https://www.youtube.com/watch?v=BlCjcoCTO_k,225,https://i.ytimg.com/vi/BlCjcoCTO_k/mqdefault.jpg
69877b45-845c-4b3a-b36c-83bcdf6cadf0,Rise Above (Aesthetic Perfection Remix),00tz 00tz,ybxMSP1SeVw,https://www.youtube.com/watch?v=ybxMSP1SeVw,269,https://i.ytimg.com/vi/ybxMSP1SeVw/mqdefault.jpg
bddfd5dc-7bba-49c4-a52f-239e7284d5ec,Stronghold,00tz 00tz - Topic,Rq9__kaIvpI,https://www.youtube.com/watch?v=Rq9__kaIvpI,201,https://i.ytimg.com/vi/Rq9__kaIvpI/mqdefault.jpg
ba15752b-e094-466d-80ee-37ea6f5857d7,Eyes,00tz 00tz,D-ol03c-KKY,https://www.youtube.com/watch?v=D-ol03c-KKY,243,https://i.ytimg.com/vi/D-ol03c-KKY/mqdefault.jpg
76bbf4d3-81c8-4874-8180-12a79046efa0,00tz - Frequency Damage - 01 - Metamorphosis,00tz,EKQMP6WEYHY,https://www.youtube.com/watch?v=EKQMP6WEYHY,313,https://i.ytimg.com/vi/EKQMP6WEYHY/mqdefault.jpg
0a27b6b0-dc8c-467b-bd12-f6d7bffd19c2,Tonight (vox),00tz 00tz - Topic,VRl75NloyGY,https://www.youtube.com/watch?v=VRl75NloyGY,260,https://i.ytimg.com/vi/VRl75NloyGY/mqdefault.jpg
fa2aac3f-393a-4e08-bd82-60ff62727109,change the world,00tz 00tz,-9E_eBr6fGk,https://www.youtube.com/watch?v=-9E_eBr6fGk,235,https://i.ytimg.com/vi/-9E_eBr6fGk/mqdefault.jpg
58cf7847-2f15-440f-87e9-6236c5be259e,Longing,00tz 00tz - Topic,zHtMSfSZEbY,https://www.youtube.com/watch?v=zHtMSfSZEbY,311,https://i.ytimg.com/vi/zHtMSfSZEbY/mqdefault.jpg
ff8b7c32-7743-403f-9bf2-d8a94feed7b4,00tz - Frequency Damage - 09 - Cyber Zombies,00tz,HKM-Oao5cqY,https://www.youtube.com/watch?v=HKM-Oao5cqY,272,https://i.ytimg.com/vi/HKM-Oao5cqY/mqdefault.jpg
fa60b41c-7c83-4efd-8ba7-2e53226e87ad,00tz - Death By Numbers - 03 - Tonight (We Die Together),00tz,tCKLBeWygZQ,https://www.youtube.com/watch?v=tCKLBeWygZQ,256,https://i.ytimg.com/vi/tCKLBeWygZQ/mqdefault.jpg
3930b00e-2caa-49b5-9020-b84006b85918,00tz - Frequency Damage - 06 - Human Condition,00tz,jhO4sfgcnUg,https://www.youtube.com/watch?v=jhO4sfgcnUg,244,https://i.ytimg.com/vi/jhO4sfgcnUg/mqdefault.jpg
8de25002-4568-4f58-b573-c0dcf327e4ae,00tz - Death By Numbers - 01 - Mortar Heart,00tz,aDNv22BGlFk,https://www.youtube.com/watch?v=aDNv22BGlFk,305,https://i.ytimg.com/vi/aDNv22BGlFk/mqdefault.jpg
a4e5ecb9-7d7b-4777-92ac-d7cee22f2c1f,Welcome to My World,00tz 00tz - Topic,6n8AkTw_Beo,https://www.youtube.com/watch?v=6n8AkTw_Beo,240,https://i.ytimg.com/vi/6n8AkTw_Beo/mqdefault.jpg
47cd5b7f-1c4a-422b-8a01-94a10cf45263,The Haunt,00tz 00tz,HLm13UsazNA,https://www.youtube.com/watch?v=HLm13UsazNA,252,https://i.ytimg.com/vi/HLm13UsazNA/mqdefault.jpg
9ebfd451-8737-4fcc-bb82-d59552c23476,Death Before Dishonor,00tz 00tz - Topic,NwoIK2FECmc,https://www.youtube.com/watch?v=NwoIK2FECmc,273,https://i.ytimg.com/vi/NwoIK2FECmc/mqdefault.jpg
fc83979e-8970-4ae2-ba01-58f13e8eb512,Septic,Absurd Minds - Topic,SVB4idWtLo4,https://www.youtube.com/watch?v=SVB4idWtLo4,296,https://i.ytimg.com/vi/SVB4idWtLo4/mqdefault.jpg
15cd1c3d-3b74-4050-8e2d-ce0535e4b9d3,Dreary,Absurd Minds - Topic,CncrmIqTEyA,https://www.youtube.com/watch?v=CncrmIqTEyA,266,https://i.ytimg.com/vi/CncrmIqTEyA/mqdefault.jpg
5d29be70-154b-4441-9a39-739394053e2b,Creators,Absurd Minds - Topic,hdC7CJjw4jo,https://www.youtube.com/watch?v=hdC7CJjw4jo,249,https://i.ytimg.com/vi/hdC7CJjw4jo/mqdefault.jpg
93cb8184-ea72-4cb8-8f0b-7ef95c1b068d,Die Stimme,Absurd Minds - Topic,03jekHIJhLc,https://www.youtube.com/watch?v=03jekHIJhLc,263,https://i.ytimg.com/vi/03jekHIJhLc/mqdefault.jpg
edd5b6e9-b820-4712-929b-1366b91ae073,Absurd Minds  The Gash,Winston Churchill,zLorbPUosQg,https://www.youtube.com/watch?v=zLorbPUosQg,247,https://i.ytimg.com/vi/zLorbPUosQg/mqdefault.jpg
285d4f3d-ea3e-4b63-b3da-add97b1deba9,Absurd Minds  Restrictive Delusion,Winston Churchill,ra7kBV1M7Vo,https://www.youtube.com/watch?v=ra7kBV1M7Vo,224,https://i.ytimg.com/vi/ra7kBV1M7Vo/mqdefault.jpg
f5bb3a5b-dc4e-4947-a5cf-f1051a5d0327,Absurd Minds   Fairy Stories,Winston Churchill,wKuKFCmqIVE,https://www.youtube.com/watch?v=wKuKFCmqIVE,313,https://i.ytimg.com/vi/wKuKFCmqIVE/mqdefault.jpg
53f5a48b-6a89-4c62-b13e-3f90df553e24,venture inward,Absurd minds,--kIBvOMcZQ,https://www.youtube.com/watch?v=--kIBvOMcZQ,203,https://i.ytimg.com/vi/--kIBvOMcZQ/mqdefault.jpg
e5013a44-9520-43bc-994e-788b6284306e,Dreamgame,Absurd Minds - Topic,GSWcCnvzngQ,https://www.youtube.com/watch?v=GSWcCnvzngQ,216,https://i.ytimg.com/vi/GSWcCnvzngQ/mqdefault.jpg
a0d941c5-142b-4049-a0e7-de46f783f233,Toscana Fanboys (feat. Adriano Celentano),Peter Fox - Topic,xYd6dnS58dE,https://www.youtube.com/watch?v=xYd6dnS58dE,150,https://i.ytimg.com/vi/xYd6dnS58dE/mqdefault.jpg
a5109082-324c-4cb7-b96a-7a217e34a3c6,Dancing On My Own,Merina Gris - Topic,Cgcpfbb4WzU,https://www.youtube.com/watch?v=Cgcpfbb4WzU,272,https://i.ytimg.com/vi/Cgcpfbb4WzU/mqdefault.jpg
28a69db4-e198-4ad9-990d-1e382c0c8913,ZULOA (Full Album Visualizer) ╬ ▼ ¤ § ☼ Δ,Merina Gris,hkkt3z1YbRs,https://www.youtube.com/watch?v=hkkt3z1YbRs,2216,https://i.ytimg.com/vi/hkkt3z1YbRs/mqdefault.jpg
782a2441-5b4c-4551-9e7c-a4a7639925ec,Live at Can Ginebreda,Merina Gris,z6E69S6jLfw,https://www.youtube.com/watch?v=z6E69S6jLfw,668,https://i.ytimg.com/vi/z6E69S6jLfw/mqdefault.jpg
d366377a-166e-40b2-ad33-6f68715ac263,ALMAR ft. Delaporte,MERINA GRIS,nAGMnlAkV1I,https://www.youtube.com/watch?v=nAGMnlAkV1I,213,https://i.ytimg.com/vi/nAGMnlAkV1I/mqdefault.jpg
0eec497c-4f49-478c-bc52-d594fafd3e21,Buzzcut Season,Lorde,pstVCGyaUBM,https://www.youtube.com/watch?v=pstVCGyaUBM,247,https://i.ytimg.com/vi/pstVCGyaUBM/mqdefault.jpg
8fec39b2-40a7-4e77-ab0e-4a482bb62b2e,Main Squeeze,Chuck Mangione - Topic,cLu8jABaza4,https://www.youtube.com/watch?v=cLu8jABaza4,330,https://i.ytimg.com/vi/cLu8jABaza4/mqdefault.jpg
5d50d704-297c-43c7-9c7c-174c54b2f058,So It Is (Live on KEXP),Preservation Hall Jazz Band,f43EKMYJF_M,https://www.youtube.com/watch?v=f43EKMYJF_M,270,https://i.ytimg.com/vi/f43EKMYJF_M/mqdefault.jpg
5fd28820-44fd-4861-9cc1-1d11b9b5e52a,Big Noise (From Winnetka),Kyle Eastwood - Topic,_NA4oyiqM-Y,https://www.youtube.com/watch?v=_NA4oyiqM-Y,219,https://i.ytimg.com/vi/_NA4oyiqM-Y/mqdefault.jpg
ccdfca4d-f672-47fa-8d67-c3108b4b8271,Bold Changes,Kyle Eastwood,ep6HweDuxuQ,https://www.youtube.com/watch?v=ep6HweDuxuQ,293,https://i.ytimg.com/vi/ep6HweDuxuQ/mqdefault.jpg
74abc5c2-464a-408d-8f93-2f84e27b2a1a,Kyle Eastwood &quot;Café Calypso&quot; @Jazz_in_Marciac 2012,Jazz In Marciac,fTvJ8kNcrUs,https://www.youtube.com/watch?v=fTvJ8kNcrUs,196,https://i.ytimg.com/vi/fTvJ8kNcrUs/mqdefault.jpg
3c2e3117-61da-4f6d-939a-51ba15ecb1f7,Greasy Granny,The Charlie Hunter Trio,oXVSYykrxx4,https://www.youtube.com/watch?v=oXVSYykrxx4,297,https://i.ytimg.com/vi/oXVSYykrxx4/mqdefault.jpg
e5ca966a-e9ed-4820-a40d-0c9a7b2c66af,Love Hurts,Julian Lage - Topic,NOw5I-IztRI,https://www.youtube.com/watch?v=NOw5I-IztRI,286,https://i.ytimg.com/vi/NOw5I-IztRI/mqdefault.jpg
5ee8cbdc-95f4-45c2-99c8-dd3186d8b832,Sweet Caroline,Neil Diamond,4F_RCWVoL4s,https://www.youtube.com/watch?v=4F_RCWVoL4s,201,https://i.ytimg.com/vi/4F_RCWVoL4s/mqdefault.jpg
5c1bc3c5-f092-4b1d-92a5-9dda9d180328,Got My Mind Set On You (Version II),George Harrison,_71w4UA2Oxo,https://www.youtube.com/watch?v=_71w4UA2Oxo,232,https://i.ytimg.com/vi/_71w4UA2Oxo/mqdefault.jpg
8b0d14d2-e19d-4325-9d1e-bfb03620b1b3,Same Jeans,The View,ALwIh6nugaU,https://www.youtube.com/watch?v=ALwIh6nugaU,218,https://i.ytimg.com/vi/ALwIh6nugaU/mqdefault.jpg
a79b8eaa-11d0-408f-a90b-513a82cd4f83,Christopher Wong《珍惜這一晚》Official 官方完整版 [首播] [MV],黃凱芹,UikwJpFJQA4,https://www.youtube.com/watch?v=UikwJpFJQA4,274,https://i.ytimg.com/vi/UikwJpFJQA4/mqdefault.jpg
4a5dd044-5c58-47eb-b177-f5535b772158,I wanna be strong Official MV - 官方完整版,方皓玟 Charmaine Fong,uOnddwyXXMA,https://www.youtube.com/watch?v=uOnddwyXXMA,221,https://i.ytimg.com/vi/uOnddwyXXMA/mqdefault.jpg
0b4e640b-af6f-4dcc-a34b-901f1838fc22,方皓玟 Charmaine Fong,步兵記,nR5l7fOYGfg,https://www.youtube.com/watch?v=nR5l7fOYGfg,224,https://i.ytimg.com/vi/nR5l7fOYGfg/mqdefault.jpg
c1a437ec-fc4d-4ede-9d1f-0cd4f29274eb,All We Have Is Now,Charmaine Fong - Topic,t8VsolCJfAE,https://www.youtube.com/watch?v=t8VsolCJfAE,263,https://i.ytimg.com/vi/t8VsolCJfAE/mqdefault.jpg
fcabdcfe-c6ea-44cd-9689-e3e724365418,《方皓玟 Charmaine Fong》-《KKday 周國賢 x 方皓玟 The Parallel Live 音樂會》 25 June 2024,【神算】,SZUWnTTS_EE,https://www.youtube.com/watch?v=SZUWnTTS_EE,189,https://i.ytimg.com/vi/SZUWnTTS_EE/mqdefault.jpg
3d279b16-7e17-472e-a47e-b6e2b256f8e0,Kalimutan Ka,Skusta Clee,eOAEpMOo-pA,https://www.youtube.com/watch?v=eOAEpMOo-pA,321,https://i.ytimg.com/vi/eOAEpMOo-pA/mqdefault.jpg
e3639741-706e-4131-845d-b313d889f7df,Never Gonna Give You Up (2022 Remaster),Rick Astley - Topic,3BFTio5296w,https://www.youtube.com/watch?v=3BFTio5296w,214,https://i.ytimg.com/vi/3BFTio5296w/mqdefault.jpg
bb87fe00-ed99-4ea2-9821-9d7931ab8f0a,Neighborhood #1 (Tunnels),Arcade Fire,VU_2R1rjbD8,https://www.youtube.com/watch?v=VU_2R1rjbD8,288,https://i.ytimg.com/vi/VU_2R1rjbD8/mqdefault.jpg
91daa40f-ca03-4d42-861f-556c09a19f42,Anson Lo 盧瀚霆 《你都有今日》（The Time Is Always Now）Official Music Video,MIRROR,8CSDHJKznjQ,https://www.youtube.com/watch?v=8CSDHJKznjQ,269,https://i.ytimg.com/vi/8CSDHJKznjQ/mqdefault.jpg
b454c3fa-1a17-4fbd-a17f-79975cee1e1f,我們什麼都不是 It’s nothing,馬天佑Mayao,aARDJdC40oQ,https://www.youtube.com/watch?v=aARDJdC40oQ,281,https://i.ytimg.com/vi/aARDJdC40oQ/mqdefault.jpg
6f7b8e26-19e5-41e1-bbfc-df18fb287955,我們什麼都不是… but we are everything,馬天佑 - Topic,eRLgWy0bREk,https://www.youtube.com/watch?v=eRLgWy0bREk,239,https://i.ytimg.com/vi/eRLgWy0bREk/mqdefault.jpg
314bf40e-0ab1-4a64-ac13-21c5f610a882,Anson Kong 江𤒹生《⼼死了幾百次》( Dead a Hundred Times ) Official Music Video,MIRROR,gvZa1j4pYio,https://www.youtube.com/watch?v=gvZa1j4pYio,265,https://i.ytimg.com/vi/gvZa1j4pYio/mqdefault.jpg
36794035-744b-4362-b22d-757e5033922c,下一位參賽者 MV,RubberBand,PfP7MjLR1H4,https://www.youtube.com/watch?v=PfP7MjLR1H4,244,https://i.ytimg.com/vi/PfP7MjLR1H4/mqdefault.jpg
2d97a3a5-27aa-4cf1-a52c-16a8c59f927d,謝安琪 Kay Tse [ 50/50 ] Official Music Video,Kay Tse 謝安琪,1BNXyZjym7w,https://www.youtube.com/watch?v=1BNXyZjym7w,283,https://i.ytimg.com/vi/1BNXyZjym7w/mqdefault.jpg
5b7376e5-87d5-4d64-a917-04769dccb13c,Keung To 姜濤 《On a SunnyDay》  Official Music Video,MIRROR,5v3SL8DTUKc,https://www.youtube.com/watch?v=5v3SL8DTUKc,239,https://i.ytimg.com/vi/5v3SL8DTUKc/mqdefault.jpg
89ab4ff7-efe5-4919-9d24-ffdcff5204e4,Rambling Man (I Speak Because I Can),Laura Marling,lj2Ioj0Amtw,https://www.youtube.com/watch?v=lj2Ioj0Amtw,190,https://i.ytimg.com/vi/lj2Ioj0Amtw/mqdefault.jpg
cdedc979-4e4b-470a-9691-5d191cf2d339,&quot;The Glen Road to Carrick&quot;,FullSet,67HYCMLJlQo,https://www.youtube.com/watch?v=67HYCMLJlQo,214,https://i.ytimg.com/vi/67HYCMLJlQo/mqdefault.jpg
46cb0e62-3c82-4ca6-8ddb-f3eb9471a9c4,Katie Cruel (Agnes Obel Cover),Norwegian Blue,_f_TWOccjFw,https://www.youtube.com/watch?v=_f_TWOccjFw,250,https://i.ytimg.com/vi/_f_TWOccjFw/mqdefault.jpg
c0f40a2d-7706-40c1-bf64-4c17be7d33c5,Daffodil Mulligan,Lankum with Barry Gleeson,cMP_hUp1Sb8,https://www.youtube.com/watch?v=cMP_hUp1Sb8,218,https://i.ytimg.com/vi/cMP_hUp1Sb8/mqdefault.jpg
d7d1929f-e131-4d87-97f7-0a425a79d372,Lighthouse Daughter,I Draw Slow - Topic,unj--Hs0rc8,https://www.youtube.com/watch?v=unj--Hs0rc8,351,https://i.ytimg.com/vi/unj--Hs0rc8/mqdefault.jpg
1b8a5fba-bc8d-4d67-af24-1b244a43f227,Love Interruption (Jack White Cover for 6 Music Live October 2014),First Aid Kit,3tBnuBJgYs4,https://www.youtube.com/watch?v=3tBnuBJgYs4,236,https://i.ytimg.com/vi/3tBnuBJgYs4/mqdefault.jpg
60fc9ee3-478f-49f9-81ec-e876fd4f7115,Paint A Picture,The Hives,UXtk9z-eOJg,https://www.youtube.com/watch?v=UXtk9z-eOJg,171,https://i.ytimg.com/vi/UXtk9z-eOJg/mqdefault.jpg
3828f893-b56f-4b54-a888-2e49d083d515,Virtual Insanity (Lyrics),Jamiroquai,9IoShfX75eo,https://www.youtube.com/watch?v=9IoShfX75eo,227,https://i.ytimg.com/vi/9IoShfX75eo/mqdefault.jpg
24ed300c-bcc3-4e23-a078-c65067f4f8db,Turn the Page,Bob Seger,3khH9ih2XJg,https://www.youtube.com/watch?v=3khH9ih2XJg,304,https://i.ytimg.com/vi/3khH9ih2XJg/mqdefault.jpg
3be1222b-049c-479c-ba16-176177a746ba,How many miles,Mk.gee,xVsa7whnDfU,https://www.youtube.com/watch?v=xVsa7whnDfU,142,https://i.ytimg.com/vi/xVsa7whnDfU/mqdefault.jpg
20a4439d-77d2-4e9e-9c4a-28e9d5113b38,Are You Looking Up,Mk.gee,DxdKr5PmlPw,https://www.youtube.com/watch?v=DxdKr5PmlPw,167,https://i.ytimg.com/vi/DxdKr5PmlPw/mqdefault.jpg
fe2c1b60-8ce2-4001-abda-933527c97c82,Original Pokemon Theme Singer Jason Paige In Studio Full Pokemon Theme Song,Jason Paige,fCkeLBGSINs,https://www.youtube.com/watch?v=fCkeLBGSINs,199,https://i.ytimg.com/vi/fCkeLBGSINs/mqdefault.jpg
9a271510-382c-47d5-bd0a-1888332b5455,Attack on Titan full theme song,BeetzDeetz,sdxaNeRn1GA,https://www.youtube.com/watch?v=sdxaNeRn1GA,212,https://i.ytimg.com/vi/sdxaNeRn1GA/mqdefault.jpg
ddda6386-a665-4854-91af-54f68dbb339d,A Breath of Spring,Sam Reid - Topic,POehHomirqM,https://www.youtube.com/watch?v=POehHomirqM,268,https://i.ytimg.com/vi/POehHomirqM/mqdefault.jpg
157abdee-92eb-4d38-bbec-d9d22e546c67,Reflections of Passion,Yanni - Topic,PyVoZphHnPA,https://www.youtube.com/watch?v=PyVoZphHnPA,273,https://i.ytimg.com/vi/PyVoZphHnPA/mqdefault.jpg
f9d44aa1-3e1e-45c6-a743-7d08f0317200,Gurman Maan | G Guri | Kamalpreet Johny | Latest Punjabi Songs 2021|,Gangajal,BcfBRmaahYI,https://www.youtube.com/watch?v=BcfBRmaahYI,280,https://i.ytimg.com/vi/BcfBRmaahYI/mqdefault.jpg
12acafff-cff1-4d99-9c59-1039ef2e7353,Lost On You (Live),LP,wDjeBNv6ip0,https://www.youtube.com/watch?v=wDjeBNv6ip0,309,https://i.ytimg.com/vi/wDjeBNv6ip0/mqdefault.jpg
b9542049-7498-4cf6-be02-15ad68453352,Lost On You,LP,boeuk8N_Gsw,https://www.youtube.com/watch?v=boeuk8N_Gsw,267,https://i.ytimg.com/vi/boeuk8N_Gsw/mqdefault.jpg
be542ddc-2535-4b6a-aa20-25f7f7c4a4dd,Money Aujla Feat Nesdi Jones &amp; Yo Yo Honey Singh | Latest Punjabi Song 2020,London,nO4OvpPZIJ0,https://www.youtube.com/watch?v=nO4OvpPZIJ0,270,https://i.ytimg.com/vi/nO4OvpPZIJ0/mqdefault.jpg
1ff33c8f-9b8b-4588-9951-4fb912cbc5e9,Miss Princy | New Haryanvi Song Haryanavi 2025,Dhokha (Ek College Wala Pyar) Masoom Sharma,PoamkwLigjY,https://www.youtube.com/watch?v=PoamkwLigjY,176,https://i.ytimg.com/vi/PoamkwLigjY/mqdefault.jpg
70e64f6a-ca84-472a-89f4-776dd689c118,Alesis,Mk.gee,er3C8_FlQi4,https://www.youtube.com/watch?v=er3C8_FlQi4,199,https://i.ytimg.com/vi/er3C8_FlQi4/mqdefault.jpg
04d004d3-e92e-4655-a520-8376e32e2200,Within Attraction,Yanni - Topic,NgvgD770CNA,https://www.youtube.com/watch?v=NgvgD770CNA,250,https://i.ytimg.com/vi/NgvgD770CNA/mqdefault.jpg
584bfe2f-d7a6-4627-b58b-2b3d04ed0dbe,Santorini,Yanni - Topic,Di19q1i6ElI,https://www.youtube.com/watch?v=Di19q1i6ElI,275,https://i.ytimg.com/vi/Di19q1i6ElI/mqdefault.jpg
f4a1a149-228a-49be-853a-8af89e72104e,The Rain Must Fall,Yanni - Topic,-5n1ge3eDjg,https://www.youtube.com/watch?v=-5n1ge3eDjg,281,https://i.ytimg.com/vi/-5n1ge3eDjg/mqdefault.jpg
28b41175-e075-4c71-b9b9-630e08fa3315,Fire (Radio Edit),Flo Flux - Topic,jLw9t-XA-Ts,https://www.youtube.com/watch?v=jLw9t-XA-Ts,217,https://i.ytimg.com/vi/jLw9t-XA-Ts/mqdefault.jpg
ca1ec43c-5001-4aeb-8697-7919dc0b48bd,Leaving Hogwarts,John Williams - Topic,PmQ1XTWg74M,https://www.youtube.com/watch?v=PmQ1XTWg74M,134,https://i.ytimg.com/vi/PmQ1XTWg74M/mqdefault.jpg
1c3ce5f1-bd90-4f59-80b5-574448a07c39,Orinoco Flow (2009 Remaster),Enya - Topic,JSwQ-b3zE1M,https://www.youtube.com/watch?v=JSwQ-b3zE1M,269,https://i.ytimg.com/vi/JSwQ-b3zE1M/mqdefault.jpg
98147f09-688f-41dc-a6a6-497c79ab9e7e,Watermark (Full Album),Enya,vNi7yznvMTY,https://www.youtube.com/watch?v=vNi7yznvMTY,2619,https://i.ytimg.com/vi/vNi7yznvMTY/mqdefault.jpg
91d6e845-b8aa-4828-8ea2-71e4079eed90,Isn&#39;t She Lovely,Stevie Wonder - Topic,oE56g61mW44,https://www.youtube.com/watch?v=oE56g61mW44,200,https://i.ytimg.com/vi/oE56g61mW44/mqdefault.jpg
07d65637-009d-4e25-9166-4e0f727cff31,Lately,Stevie Wonder,bozH0O_cVhY,https://www.youtube.com/watch?v=bozH0O_cVhY,247,https://i.ytimg.com/vi/bozH0O_cVhY/mqdefault.jpg
e2540815-9423-442c-9ae8-747c4cb76fc3,Overjoyed,Stevie Wonder - Topic,678STgx-Esw,https://www.youtube.com/watch?v=678STgx-Esw,223,https://i.ytimg.com/vi/678STgx-Esw/mqdefault.jpg
c946829a-61cb-4057-bcea-00dc962374a1,You Are The Sunshine Of My Life,Stevie Wonder - Topic,sp6hzycBsTI,https://www.youtube.com/watch?v=sp6hzycBsTI,179,https://i.ytimg.com/vi/sp6hzycBsTI/mqdefault.jpg
1fe450f4-6f74-4079-9d6e-e445204b3dbc,I never dreamed you&#39;d leave in summer (lyrics),Stevie Wonder,5_LbATof27U,https://www.youtube.com/watch?v=5_LbATof27U,183,https://i.ytimg.com/vi/5_LbATof27U/mqdefault.jpg
b4f99d19-c7d8-4705-9d9c-9739d6fbfff5,My Cherie Amour,Stevie Wonder - Topic,Fjufjv4rH0s,https://www.youtube.com/watch?v=Fjufjv4rH0s,174,https://i.ytimg.com/vi/Fjufjv4rH0s/mqdefault.jpg
c256b488-651a-4a81-be4e-e446b547114a,Ribbon In The Sky,Stevie Wonder,m3J4TbADygU,https://www.youtube.com/watch?v=m3J4TbADygU,340,https://i.ytimg.com/vi/m3J4TbADygU/mqdefault.jpg
917bed5f-e474-41b1-9d3e-fafe61d3ad47,Birdhouse In Your Soul,They Might Be Giants,vn_or9gEB6g,https://www.youtube.com/watch?v=vn_or9gEB6g,197,https://i.ytimg.com/vi/vn_or9gEB6g/mqdefault.jpg
e4915807-1f9d-44da-87aa-fd28568ddef5,"Layla (Live at Royal Albert Hall, 1991) (Orchestral Version)",Eric Clapton,-KG2O5PSCSs,https://www.youtube.com/watch?v=-KG2O5PSCSs,489,https://i.ytimg.com/vi/-KG2O5PSCSs/mqdefault.jpg
22eca5e9-a92c-4805-a3b3-6fcf820cc3ec,Superstition,Stevie Wonder - Topic,ftdZ363R9kQ,https://www.youtube.com/watch?v=ftdZ363R9kQ,267,https://i.ytimg.com/vi/ftdZ363R9kQ/mqdefault.jpg
bed527f6-3219-408c-8650-3e62e16fe5ad,Audio,"Los Apodos, Los Hispanos Y Los Graduados",wrXxOsXKUSU,https://www.youtube.com/watch?v=wrXxOsXKUSU,167,https://i.ytimg.com/vi/wrXxOsXKUSU/mqdefault.jpg
0bfa1b18-2d52-475e-89a4-679b46fb3046,Calaveras y Diablitos,Los Fabulosos Cadillacs,S8Ty8wPSsv8,https://www.youtube.com/watch?v=S8Ty8wPSsv8,263,https://i.ytimg.com/vi/S8Ty8wPSsv8/mqdefault.jpg
9ef25242-5adc-4b5e-9c84-f5e378227c0e,FELIZ CUMPLEAÑOS CEPILLIN .wmv,alizzy705,PrinugKEa1o,https://www.youtube.com/watch?v=PrinugKEa1o,132,https://i.ytimg.com/vi/PrinugKEa1o/mqdefault.jpg
a2d36670-f061-4d21-a434-558df96dff69,CEPILLIN 15 ÉXITOS (CD original),YouTube Canal,Dg89vHz1iRU,https://www.youtube.com/watch?v=Dg89vHz1iRU,2382,https://i.ytimg.com/vi/Dg89vHz1iRU/mqdefault.jpg
a0764ea4-7f4e-4cdd-b9c8-2d5cc5bad827,Solo canciones Otto Serge y Rafael Ricardo Letra,Sabor Vallenato,g1F_jiUPVMo,https://www.youtube.com/watch?v=g1F_jiUPVMo,279,https://i.ytimg.com/vi/g1F_jiUPVMo/mqdefault.jpg
5d7b0888-183b-46f9-b9a3-819ebbecb61d,La vida es un carnaval,Celia Cruz,xayJqNPehn0,https://www.youtube.com/watch?v=xayJqNPehn0,277,https://i.ytimg.com/vi/xayJqNPehn0/mqdefault.jpg
e5730f68-4535-4d00-9ec3-c96eafac21ce,Sober Intentions,Apes of the State - Topic,QZHAAMCJquI,https://www.youtube.com/watch?v=QZHAAMCJquI,104,https://i.ytimg.com/vi/QZHAAMCJquI/mqdefault.jpg
9a166d4a-3e67-41af-87ca-6fc0cd08193e,Ojalá que llueva café,Café Tacvba - Topic,PyBqsFs1m4o,https://www.youtube.com/watch?v=PyBqsFs1m4o,208,https://i.ytimg.com/vi/PyBqsFs1m4o/mqdefault.jpg
1e47f071-ab50-423d-898d-017bd0e23aab,Morenamia,Miguel Bose,MKaeF-bYOLk,https://www.youtube.com/watch?v=MKaeF-bYOLk,243,https://i.ytimg.com/vi/MKaeF-bYOLk/mqdefault.jpg
3cc1ca58-8c9c-431a-85f0-beadf80d4ec9,Fotografia ft. Nelly Furtado,Juanes,flr8vDQ9Wuc,https://www.youtube.com/watch?v=flr8vDQ9Wuc,245,https://i.ytimg.com/vi/flr8vDQ9Wuc/mqdefault.jpg
2684a490-2baf-444d-8325-fa1e8db5df39,Joe Arroyo con Fruko y sus Tesos,El ausente,YifuJQEsJlE,https://www.youtube.com/watch?v=YifuJQEsJlE,240,https://i.ytimg.com/vi/YifuJQEsJlE/mqdefault.jpg
a644b7f5-7234-422b-9749-f50532e01c36,El Ausente,Pastor Lopez - Topic,8Ov2NL_qEAk,https://www.youtube.com/watch?v=8Ov2NL_qEAk,204,https://i.ytimg.com/vi/8Ov2NL_qEAk/mqdefault.jpg
36d98ed4-4594-46e8-a5b4-a0b7884e189a,El Ausente (Letra Oficial),Antonio Aguilar,oZCHFXxkoQc,https://www.youtube.com/watch?v=oZCHFXxkoQc,116,https://i.ytimg.com/vi/oZCHFXxkoQc/mqdefault.jpg
5cd2a417-7fb6-4631-96f2-2d7b8b2915bc,A Different Way,"DJ Snake, Lauv",UuCq8mtK8J4,https://www.youtube.com/watch?v=UuCq8mtK8J4,238,https://i.ytimg.com/vi/UuCq8mtK8J4/mqdefault.jpg
03c00a88-a137-4543-9baf-78acdbce8893,Let Me Love You ft. Justin Bieber,DJ Snake,euCqAq6BRa4,https://www.youtube.com/watch?v=euCqAq6BRa4,206,https://i.ytimg.com/vi/euCqAq6BRa4/mqdefault.jpg
b8ffaec2-c771-4c56-84d0-5f38ad596b8c,Middle ft. Bipolar Sunshine,DJ Snake,IvPT2QuCIOA,https://www.youtube.com/watch?v=IvPT2QuCIOA,301,https://i.ytimg.com/vi/IvPT2QuCIOA/mqdefault.jpg
70203cba-5790-4440-8dcf-cac3136356cd,Love More (Explicit) ft. Nicki Minaj,Chris Brown,Tff2oE31Mlw,https://www.youtube.com/watch?v=Tff2oE31Mlw,255,https://i.ytimg.com/vi/Tff2oE31Mlw/mqdefault.jpg
c43d9aa4-8365-43cc-ab87-9702dc2c8380,Little Things,Ella Mai - Topic,mWl3_d3IsXg,https://www.youtube.com/watch?v=mWl3_d3IsXg,173,https://i.ytimg.com/vi/mWl3_d3IsXg/mqdefault.jpg
3d9e6047-d3aa-4715-b70b-66c113fc004f,Cherry ချယ်ရီ,Doublej,P5W_OuKnvBQ,https://www.youtube.com/watch?v=P5W_OuKnvBQ,332,https://i.ytimg.com/vi/P5W_OuKnvBQ/mqdefault.jpg
73e16ee6-708d-46ed-9f32-f30fc91754aa,Still Think of You,melvitto &amp; Gabzy,W1NwB4IW8co,https://www.youtube.com/watch?v=W1NwB4IW8co,224,https://i.ytimg.com/vi/W1NwB4IW8co/mqdefault.jpg
32781bac-6b05-4806-9fc2-2ac3f3618952,Verified,BoyWithUke &quot;Trauma&quot; Official Lyrics &amp; Meaning,zdworpwmoiw,https://www.youtube.com/watch?v=zdworpwmoiw,281,https://i.ytimg.com/vi/zdworpwmoiw/mqdefault.jpg
8b2e8459-511f-4569-bb8d-ef52369caf45,Technicolor,Madeon,Vois0RMtPHE,https://www.youtube.com/watch?v=Vois0RMtPHE,388,https://i.ytimg.com/vi/Vois0RMtPHE/mqdefault.jpg
dda7220f-316e-4577-bb29-7a916ffc86d2,Kiss It Better,Rihanna - Topic,np30lwvSoPY,https://www.youtube.com/watch?v=np30lwvSoPY,254,https://i.ytimg.com/vi/np30lwvSoPY/mqdefault.jpg
46923a04-3396-460f-bfcc-534cd99ba394,U Are My High (Feat. Future),DJ Snake,isWT4n8Hk1U,https://www.youtube.com/watch?v=isWT4n8Hk1U,211,https://i.ytimg.com/vi/isWT4n8Hk1U/mqdefault.jpg
3a986e88-8d79-4376-8b34-852601ea722e,How Do I Breathe,Mario,hcie4MOU-wQ,https://www.youtube.com/watch?v=hcie4MOU-wQ,219,https://i.ytimg.com/vi/hcie4MOU-wQ/mqdefault.jpg
d5824958-e597-4cca-ad3c-02eba0641d56,ခ်စ္ရတဲ့သူ သွ်ိဳင္းေအာင္ ၁၉၈၇,NYEINCHAN AYE,DC0IVV_morI,https://www.youtube.com/watch?v=DC0IVV_morI,188,https://i.ytimg.com/vi/DC0IVV_morI/mqdefault.jpg
3ffe822e-4d23-4f06-b576-36ffedcbf4e5,For You,Abra Cadabra,F2uO_InN86c,https://www.youtube.com/watch?v=F2uO_InN86c,151,https://i.ytimg.com/vi/F2uO_InN86c/mqdefault.jpg
ba0fb356-af5d-46e2-9777-2bfebc921ed4,The Whisperer (Feat. Sia),David Guetta,RT_vnj4qKew,https://www.youtube.com/watch?v=RT_vnj4qKew,235,https://i.ytimg.com/vi/RT_vnj4qKew/mqdefault.jpg
d181b935-bbfe-4c71-93ef-087187620651,Lips Of An Angel,Hinder,1Ut7XsJrY7I,https://www.youtube.com/watch?v=1Ut7XsJrY7I,262,https://i.ytimg.com/vi/1Ut7XsJrY7I/mqdefault.jpg
61d4f069-0430-46c9-8d23-43662368adc7,NPR Music Tiny Desk Concert,Timber Timbre,cSl4AZNwI94,https://www.youtube.com/watch?v=cSl4AZNwI94,919,https://i.ytimg.com/vi/cSl4AZNwI94/mqdefault.jpg
9c1818f1-f47f-4dd7-ab1e-90bb9d6b0075,Chicken Attack (Clean),The Gregory Brothers - Topic,aoUGta_QGJw,https://www.youtube.com/watch?v=aoUGta_QGJw,154,https://i.ytimg.com/vi/aoUGta_QGJw/mqdefault.jpg
17baa93b-28fd-4e5a-9008-07b35e45fc8d,Be Good or Be Gone,Fionn Regan - Topic,eQvn7NnxEqY,https://www.youtube.com/watch?v=eQvn7NnxEqY,200,https://i.ytimg.com/vi/eQvn7NnxEqY/mqdefault.jpg
7f330f96-f279-44ec-9fd0-1cea9859af95,The City Sleeps,Mc 900 Ft Jesus,fKbPu4OCax4,https://www.youtube.com/watch?v=fKbPu4OCax4,333,https://i.ytimg.com/vi/fKbPu4OCax4/mqdefault.jpg
a2ece5e2-c589-4ad7-b2fe-686a4858d006,The Distance,Cake,Yxthhkub89c,https://www.youtube.com/watch?v=Yxthhkub89c,181,https://i.ytimg.com/vi/Yxthhkub89c/mqdefault.jpg
6c542b29-0c71-4362-b0a7-5dd195c55253,It&#39;s Not Unusual,Tom Jones - Topic,k-HdGnzYdFQ,https://www.youtube.com/watch?v=k-HdGnzYdFQ,120,https://i.ytimg.com/vi/k-HdGnzYdFQ/mqdefault.jpg
fd7ad283-5861-44da-bc10-56d1bbcec7a8,I Wonder,Rodriguez (Sixto Rodriguez) - Topic,gVWmKG_eBPo,https://www.youtube.com/watch?v=gVWmKG_eBPo,155,https://i.ytimg.com/vi/gVWmKG_eBPo/mqdefault.jpg
652915dc-2f56-447b-8b9d-5899f720556d,Video | Ranadheera Movie | Ravichandran | Kushbu | Hamsalekha,Baa Baaro Ranadheera Song,oSN2I4240QQ,https://www.youtube.com/watch?v=oSN2I4240QQ,282,https://i.ytimg.com/vi/oSN2I4240QQ/mqdefault.jpg
39580262-5bd4-4836-9775-6187c393acc3,Video Song | Ranadheera | Ravichandran | Kushbu | Hamsalekha,Baa Baaro Ranadheera,yOomFCyvEJU,https://www.youtube.com/watch?v=yOomFCyvEJU,144,https://i.ytimg.com/vi/yOomFCyvEJU/mqdefault.jpg
a5f883f0-bac3-4f68-8e69-cc45c285f399,Debaser,Pixies - Topic,HvldypUz9w8,https://www.youtube.com/watch?v=HvldypUz9w8,172,https://i.ytimg.com/vi/HvldypUz9w8/mqdefault.jpg
e98c6af1-e36e-4dc4-9c9e-33785ec2c9fe,Teoria bat,Gorka Urbizu,32OnN08lH5g,https://www.youtube.com/watch?v=32OnN08lH5g,177,https://i.ytimg.com/vi/32OnN08lH5g/mqdefault.jpg
964d3c1f-a22d-457f-b9d2-8924ad9159d9,Herri Txiki,Gorka Urbizu,432Gitaz83Y,https://www.youtube.com/watch?v=432Gitaz83Y,247,https://i.ytimg.com/vi/432Gitaz83Y/mqdefault.jpg
31b5be7e-52f2-4c95-9497-4178e91e9fbf,Etorkizuna Ginenean,Gorka Urbizu - Topic,WoqM0QMYelA,https://www.youtube.com/watch?v=WoqM0QMYelA,186,https://i.ytimg.com/vi/WoqM0QMYelA/mqdefault.jpg
1f3380bd-6e38-4a62-8c8a-92fb39090378,Lisboa,"Anne Lukin, Gorka Urbizu",HCJmm1ESQPQ,https://www.youtube.com/watch?v=HCJmm1ESQPQ,312,https://i.ytimg.com/vi/HCJmm1ESQPQ/mqdefault.jpg
71850d06-72c8-47c7-94bd-e28e464dd9d4,Maitasun Bat,Gorka Urbizu,8xxcSODaxo8,https://www.youtube.com/watch?v=8xxcSODaxo8,209,https://i.ytimg.com/vi/8xxcSODaxo8/mqdefault.jpg
2452ed28-e35b-451f-b2ec-7f8f00c24625,Toki bat,Gorka Urbizu,_igHRIffJPQ,https://www.youtube.com/watch?v=_igHRIffJPQ,137,https://i.ytimg.com/vi/_igHRIffJPQ/mqdefault.jpg
a2c327ee-5752-424e-9aab-d6d46c5a57d7,Janela bat,Gorka Urbizu,DfMboG_wzNk,https://www.youtube.com/watch?v=DfMboG_wzNk,213,https://i.ytimg.com/vi/DfMboG_wzNk/mqdefault.jpg
3bc33d7b-4a3b-46b3-bac0-570b2be441cf,Tren bat,Gorka Urbizu,00H9VkLlEgg,https://www.youtube.com/watch?v=00H9VkLlEgg,170,https://i.ytimg.com/vi/00H9VkLlEgg/mqdefault.jpg
6daff54b-14e8-48a6-b4a6-7e45a8750b77,Besterik ez,Gorka Urbizu,FlXWgesmkxA,https://www.youtube.com/watch?v=FlXWgesmkxA,356,https://i.ytimg.com/vi/FlXWgesmkxA/mqdefault.jpg
08822c26-8796-4da6-a005-11fdb4be6c37,Kolore bat,Gorka Urbizu,wigIDm2T3l4,https://www.youtube.com/watch?v=wigIDm2T3l4,209,https://i.ytimg.com/vi/wigIDm2T3l4/mqdefault.jpg
a000223b-9b74-4f77-a211-bc134cb0ad04,Sute bat,Gorka Urbizu,YJZtbIZABzQ,https://www.youtube.com/watch?v=YJZtbIZABzQ,208,https://i.ytimg.com/vi/YJZtbIZABzQ/mqdefault.jpg
95437176-2751-450f-8f66-690cdf804795,"Deep House, Vocal House, Nu Disco, Chillout by Deep Melodies #1",Deep House Mix 2024,K7d-c9BhWUc,https://www.youtube.com/watch?v=K7d-c9BhWUc,4701,https://i.ytimg.com/vi/K7d-c9BhWUc/mqdefault.jpg
6f9c4dcd-064d-40a2-a3fd-2de7c6bb2934,Mega Hits 2025 🌱 The Best Of Vocal Deep House Music Mix 2025 🌱 Summer Music Mix 2025 #4,Helios Deep,N6DW31S_oyI,https://www.youtube.com/watch?v=N6DW31S_oyI,12495,https://i.ytimg.com/vi/N6DW31S_oyI/mqdefault.jpg
cb6f1b29-4efc-44b9-9239-67a6bf78257d,Mixed By TSG,Deep House Mix 2020 Vol.1,cnVPm1dGQJc,https://www.youtube.com/watch?v=cnVPm1dGQJc,2657,https://i.ytimg.com/vi/cnVPm1dGQJc/mqdefault.jpg
f688506d-2e5f-4ae2-9a55-986797c1c4ab,Dunkelheit,Burzum,DPyOhP1GTRQ,https://www.youtube.com/watch?v=DPyOhP1GTRQ,422,https://i.ytimg.com/vi/DPyOhP1GTRQ/mqdefault.jpg
b369f4f5-f889-4b4c-8cdc-71e7a4c01c3d,Heart-Shaped Box,Nirvana,n6P0SitRwy8,https://www.youtube.com/watch?v=n6P0SitRwy8,283,https://i.ytimg.com/vi/n6P0SitRwy8/mqdefault.jpg
c8b26759-41fb-4756-b2c6-7c6d67a9aa28,The Man Who Sold The World (MTV Unplugged),Nirvana,fregObNcHC8,https://www.youtube.com/watch?v=fregObNcHC8,218,https://i.ytimg.com/vi/fregObNcHC8/mqdefault.jpg
31216b4f-34ca-4578-965f-6f7a78a4a187,Paint The Town Red (Lyrics),Doja Cat,EiAMmYbr3vA,https://www.youtube.com/watch?v=EiAMmYbr3vA,232,https://i.ytimg.com/vi/EiAMmYbr3vA/mqdefault.jpg
7c4a2b2d-4faa-451a-a68a-a84acbc638ee,Odyssey (The Mixtape),POLO &amp; PAN,C9k0_rNyK-E,https://www.youtube.com/watch?v=C9k0_rNyK-E,4100,https://i.ytimg.com/vi/C9k0_rNyK-E/mqdefault.jpg
f589039f-fb71-4007-a296-8f5a61ca7846,Petite Etoile feat. Beth Ditto,POLO &amp; PAN,6ACTrTqnSHU,https://www.youtube.com/watch?v=6ACTrTqnSHU,279,https://i.ytimg.com/vi/6ACTrTqnSHU/mqdefault.jpg
f34b2387-7afc-4760-a4b1-4a8cddbbb4f2,Dorothy,POLO &amp; PAN,hVW63Z_8deE,https://www.youtube.com/watch?v=hVW63Z_8deE,271,https://i.ytimg.com/vi/hVW63Z_8deE/mqdefault.jpg
c9ca903a-005f-40f7-b354-8602cf1b5813,Home Sweet Home (the mixtape),POLO &amp; PAN,uxnUeZ8QQYg,https://www.youtube.com/watch?v=uxnUeZ8QQYg,3462,https://i.ytimg.com/vi/uxnUeZ8QQYg/mqdefault.jpg
fe6150ab-b428-44bb-8eeb-f4b79cf76163,Canopée,POLO &amp; PAN,_om0W6xzQd8,https://www.youtube.com/watch?v=_om0W6xzQd8,277,https://i.ytimg.com/vi/_om0W6xzQd8/mqdefault.jpg
38f380b2-04f3-4753-a153-29e0fad9ecf7,"Polo &amp; Pan live for Cercle at Serre Monumentale in Paris, France",Cercle,CsGauHXioos,https://www.youtube.com/watch?v=CsGauHXioos,4625,https://i.ytimg.com/vi/CsGauHXioos/mqdefault.jpg
f0c4945c-b6f9-4728-88b4-458e32d25b20,Ani Kuni,POLO &amp; PAN,ootQs7sVulY,https://www.youtube.com/watch?v=ootQs7sVulY,202,https://i.ytimg.com/vi/ootQs7sVulY/mqdefault.jpg
8ae3102d-d926-4d36-8b35-8712ee7971b3,Say So (Lyrics) &quot;Why dont you say so?&quot;,Doja Cat,Amsbv8GlEBk,https://www.youtube.com/watch?v=Amsbv8GlEBk,235,https://i.ytimg.com/vi/Amsbv8GlEBk/mqdefault.jpg
57c4fadf-531c-401c-b93a-6d4533f40e85,Indianendans,DD Company - Topic,q9xbJJuF_tE,https://www.youtube.com/watch?v=q9xbJJuF_tE,189,https://i.ytimg.com/vi/q9xbJJuF_tE/mqdefault.jpg
226a7112-e308-402b-b7d5-9d14f79dbb0e,In Zaire (1976) • TopPop,Johnny Wakelin,GUpGRXT18R8,https://www.youtube.com/watch?v=GUpGRXT18R8,196,https://i.ytimg.com/vi/GUpGRXT18R8/mqdefault.jpg
46ff78ce-b9b0-46ee-9d29-32dea749fb6e,Delicate,Taylor Swift,tCXGJQYZ9JA,https://www.youtube.com/watch?v=tCXGJQYZ9JA,235,https://i.ytimg.com/vi/tCXGJQYZ9JA/mqdefault.jpg
e1869d32-4b87-47df-97c2-4204403c338d,Mont Blanc (Visualizer),Mind Enterprises,oS6w3bc1E3Q,https://www.youtube.com/watch?v=oS6w3bc1E3Q,417,https://i.ytimg.com/vi/oS6w3bc1E3Q/mqdefault.jpg
a95a218a-a391-421c-b129-2a3427722288,Chains &amp; Whips,"Clipse, Kendrick Lamar, Pusha T, Malice",qyrr02a4vwY,https://www.youtube.com/watch?v=qyrr02a4vwY,244,https://i.ytimg.com/vi/qyrr02a4vwY/mqdefault.jpg
1d8d9111-b985-40d3-a2ac-eec585c653f6,Idol,Mind Enterprises,WAKLwFY3i50,https://www.youtube.com/watch?v=WAKLwFY3i50,253,https://i.ytimg.com/vi/WAKLwFY3i50/mqdefault.jpg
0a736d14-fb28-4dfa-84ee-fb622ab6da9e,S.H.A.K.E,Mind Enterprises,ImH5smnrOSs,https://www.youtube.com/watch?v=ImH5smnrOSs,249,https://i.ytimg.com/vi/ImH5smnrOSs/mqdefault.jpg
f1442eaf-13cb-461b-9454-6e775c83346b,Up &amp; Down (Don&#39;t Fall in Love with Me) (Extended),Mind Enterprises - Topic,uYY1sCkaNuk,https://www.youtube.com/watch?v=uYY1sCkaNuk,288,https://i.ytimg.com/vi/uYY1sCkaNuk/mqdefault.jpg
17f5c938-3d0c-49cf-a93c-f10a1ccc18ad,Wrecking Ball,Miley Cyrus,mRFHAvdwXXs,https://www.youtube.com/watch?v=mRFHAvdwXXs,225,https://i.ytimg.com/vi/mRFHAvdwXXs/mqdefault.jpg
874b54ca-d417-44ed-b06a-bcfca882ffde,Snap -,Rosa Linn,Lo4_K4relMg,https://www.youtube.com/watch?v=Lo4_K4relMg,196,https://i.ytimg.com/vi/Lo4_K4relMg/mqdefault.jpg
d3066b6d-a448-4d6d-a5fd-b77b69656c96,Galvanize,The Chemical Brothers,Xu3FTEmN-eg,https://www.youtube.com/watch?v=Xu3FTEmN-eg,224,https://i.ytimg.com/vi/Xu3FTEmN-eg/mqdefault.jpg
c25ac0e0-8c11-4ef8-8846-a19acb0e7061,Brandend Zand,Anneke Grönloh - Topic,sbPQAzVLOJo,https://www.youtube.com/watch?v=sbPQAzVLOJo,187,https://i.ytimg.com/vi/sbPQAzVLOJo/mqdefault.jpg
0a130523-2f4c-4117-ad08-9842860efd21,Brandend zand,Anneke Grönloh - Topic,6tfRMkyDeWc,https://www.youtube.com/watch?v=6tfRMkyDeWc,177,https://i.ytimg.com/vi/6tfRMkyDeWc/mqdefault.jpg
52f946df-c2f8-4b6f-87b5-4a9a70ffedc4,Will Tura ik ben zo eenzaam zonder jou,Orgejo Onemanband,vLTdQKnmXf4,https://www.youtube.com/watch?v=vLTdQKnmXf4,148,https://i.ytimg.com/vi/vLTdQKnmXf4/mqdefault.jpg
1481d250-5b1c-4465-b2dc-15684fc1f996,Pink Skies,Zach Bryan,fs49xFmmHCo,https://www.youtube.com/watch?v=fs49xFmmHCo,195,https://i.ytimg.com/vi/fs49xFmmHCo/mqdefault.jpg
fbcb9038-15ab-4f27-8075-39c1eef05eae,Heading South,Zach Bryan,d9bmS1UkFBs,https://www.youtube.com/watch?v=d9bmS1UkFBs,166,https://i.ytimg.com/vi/d9bmS1UkFBs/mqdefault.jpg
e017a60e-74d7-471e-bcb4-eb4f529b4714,Something In The Orange (Lyrics),Zach Bryan,sDOxeU02NUM,https://www.youtube.com/watch?v=sDOxeU02NUM,229,https://i.ytimg.com/vi/sDOxeU02NUM/mqdefault.jpg
2356c925-6616-4d06-b039-8a3c93c3d001,Killeagh,Kingfishr - Topic,M8czeVzQzbE,https://www.youtube.com/watch?v=M8czeVzQzbE,150,https://i.ytimg.com/vi/M8czeVzQzbE/mqdefault.jpg
ebe52b43-5418-4f32-a02e-a8c209fc6b0e,Sick Boi,Ren,3Q6uCrpzbPY,https://www.youtube.com/watch?v=3Q6uCrpzbPY,194,https://i.ytimg.com/vi/3Q6uCrpzbPY/mqdefault.jpg
ec6bb2c3-3431-4d60-8a44-e625e449789e,I Shot The Sheriff  (Bob Marley Cover),Ren,iJaJyUivzVg,https://www.youtube.com/watch?v=iJaJyUivzVg,310,https://i.ytimg.com/vi/iJaJyUivzVg/mqdefault.jpg
e5bc0d6f-058e-4d5c-8c01-c294be2ae183,Violet&#39;s Tale,Ren,a4R9Vk5_CbU,https://www.youtube.com/watch?v=a4R9Vk5_CbU,359,https://i.ytimg.com/vi/a4R9Vk5_CbU/mqdefault.jpg
a7f25bed-9812-4318-b756-45ca2cc6d92d,Money Game,Ren,0ivQwwgW4OY,https://www.youtube.com/watch?v=0ivQwwgW4OY,349,https://i.ytimg.com/vi/0ivQwwgW4OY/mqdefault.jpg
40b0e845-0cce-406d-ad56-3e8ff901b06a,Using Again,Benjamin Tod - Topic,aWdK1ITkIKQ,https://www.youtube.com/watch?v=aWdK1ITkIKQ,164,https://i.ytimg.com/vi/aWdK1ITkIKQ/mqdefault.jpg
7868e313-762b-4e50-a0a8-ace88161d43f,"Benjamin Tod, &quot;Sorry for the Things,&quot; // GemsOnVHS™",GemsOnVHS,4ErHNWzJPI4,https://www.youtube.com/watch?v=4ErHNWzJPI4,223,https://i.ytimg.com/vi/4ErHNWzJPI4/mqdefault.jpg
4cf2e34e-ca33-48c7-85fe-eb12f3eda6f7,I Will Rise,Benjamin Tod - Topic,JD_KK7Jg8ws,https://www.youtube.com/watch?v=JD_KK7Jg8ws,278,https://i.ytimg.com/vi/JD_KK7Jg8ws/mqdefault.jpg
309829df-40b6-444d-ad5a-b1117bfa43e6,"Lost Dog Street Band, &quot;War Inside of Me,&quot; // GemsOnVHS™",GemsOnVHS,yQERX63Ot08,https://www.youtube.com/watch?v=yQERX63Ot08,263,https://i.ytimg.com/vi/yQERX63Ot08/mqdefault.jpg
8ada7166-1faf-4d9b-9ad2-8924277a609d,Long Gone,Benjamin Tod - Topic,0VnbQ8C0nRM,https://www.youtube.com/watch?v=0VnbQ8C0nRM,202,https://i.ytimg.com/vi/0VnbQ8C0nRM/mqdefault.jpg
0cd96d58-48bc-445a-ad97-9aade58dcf26,Shooting Star,Benjamin Tod,i1yFd-Y348I,https://www.youtube.com/watch?v=i1yFd-Y348I,283,https://i.ytimg.com/vi/i1yFd-Y348I/mqdefault.jpg
e69b4ba9-f562-4958-8806-a1e6f74f82e2,"Lost Dog Street Band, &quot;September Doves,&quot; // GemsOnVHS™",GemsOnVHS,Eh47m0dUdbc,https://www.youtube.com/watch?v=Eh47m0dUdbc,336,https://i.ytimg.com/vi/Eh47m0dUdbc/mqdefault.jpg
2619f964-d9d6-4a07-b9c2-363edad4a5d5,&quot;Survived&quot;,Lost Dog Street Band,BY2WKjBm88E,https://www.youtube.com/watch?v=BY2WKjBm88E,353,https://i.ytimg.com/vi/BY2WKjBm88E/mqdefault.jpg
c44c6ae1-781b-4eb4-be3f-dd2bcbf2f3b7,I Wanna Know,Joe,dJ8VjyPw0qY,https://www.youtube.com/watch?v=dJ8VjyPw0qY,316,https://i.ytimg.com/vi/dJ8VjyPw0qY/mqdefault.jpg
da48f5ff-e8b5-4b90-97d6-32afbd4fc356,Don&#39;t Matter,Akon,JWA5hJl4Dv0,https://www.youtube.com/watch?v=JWA5hJl4Dv0,244,https://i.ytimg.com/vi/JWA5hJl4Dv0/mqdefault.jpg
fdd61094-40da-4694-8a4d-ac0c27cabe2a,Never Really Matteredft. SIMIEN,Akon,4S0_Xj4L4mo,https://www.youtube.com/watch?v=4S0_Xj4L4mo,203,https://i.ytimg.com/vi/4S0_Xj4L4mo/mqdefault.jpg
a9a8e1f1-33a4-4a2e-a9d3-3575b84d46ca,Lonely,Akon,6EEW-9NDM5k,https://www.youtube.com/watch?v=6EEW-9NDM5k,264,https://i.ytimg.com/vi/6EEW-9NDM5k/mqdefault.jpg
650f00bd-9d45-4b61-8ec0-56493f258d30,Toute Première Fois (Visualizer),"Bon Entendeur, Jeanne Mas",G-EWrKUHxZ4,https://www.youtube.com/watch?v=G-EWrKUHxZ4,192,https://i.ytimg.com/vi/G-EWrKUHxZ4/mqdefault.jpg
fd8e64f8-3554-4930-b413-4cb34f817d6c,DJ SET at CHÂTEAU DE VERSAILLES,BON ENTENDEUR,Yb1D3OQKaUY,https://www.youtube.com/watch?v=Yb1D3OQKaUY,4509,https://i.ytimg.com/vi/Yb1D3OQKaUY/mqdefault.jpg
e59dc7ae-7868-47e8-82b5-90d9a14853cf,Decade Mixtape 2000&#39;s,Bon Entendeur,FtDZj42WPjg,https://www.youtube.com/watch?v=FtDZj42WPjg,4312,https://i.ytimg.com/vi/FtDZj42WPjg/mqdefault.jpg
a3aa79fc-1c98-43b9-a063-fbb10ebd1194,Monaco,Bon Entendeur,bKUMaibnQKU,https://www.youtube.com/watch?v=bKUMaibnQKU,272,https://i.ytimg.com/vi/bKUMaibnQKU/mqdefault.jpg
9a3b4997-6534-4c38-9842-c28e7f6ed592,Decade Mixtape 90&#39;s,Bon Entendeur,fi8zS36pROY,https://www.youtube.com/watch?v=fi8zS36pROY,3662,https://i.ytimg.com/vi/fi8zS36pROY/mqdefault.jpg
653b6d94-1027-4c5a-9342-874e0ce0772d,5 Minutes,Mainframe,A0WGlMOZVIM,https://www.youtube.com/watch?v=A0WGlMOZVIM,238,https://i.ytimg.com/vi/A0WGlMOZVIM/mqdefault.jpg
c9f61ce8-692e-4b95-bd84-8f838072b8f4,Can&#39;t stop running 1983,Space Monkey,8A40GT7pHAQ,https://www.youtube.com/watch?v=8A40GT7pHAQ,195,https://i.ytimg.com/vi/8A40GT7pHAQ/mqdefault.jpg
1bb3e7e4-4f20-4f83-a483-06bdaed4bed2,Suzanne (Lyrics),"Mark Ronson, RAYE",tp9rwkFVCfE,https://www.youtube.com/watch?v=tp9rwkFVCfE,236,https://i.ytimg.com/vi/tp9rwkFVCfE/mqdefault.jpg
02e0ca4c-90a1-484a-97fa-b3024205db3e,The Giver (Live On Saturday Night Live),Chappell Roan,9nFIqtf3XN4,https://www.youtube.com/watch?v=9nFIqtf3XN4,224,https://i.ytimg.com/vi/9nFIqtf3XN4/mqdefault.jpg
81b598e2-88fa-4a88-9ece-81c9c73da302,"Reasons To Be Cheerful, Pt. 3",Ian Dury and The Blockheads,CIMNXogXnvE,https://www.youtube.com/watch?v=CIMNXogXnvE,302,https://i.ytimg.com/vi/CIMNXogXnvE/mqdefault.jpg
2bb7c154-bf9a-429e-bdd5-6ea7f978def8,Joystick (Extended 7&#39;&#39; Mix),Dazz Band - Topic,uP6uGVg_YZ8,https://www.youtube.com/watch?v=uP6uGVg_YZ8,305,https://i.ytimg.com/vi/uP6uGVg_YZ8/mqdefault.jpg
7d874b91-e580-41ad-842f-cbff4cf1854d,Dr. Mabuse Original 12 inch Version 1984,Propaganda,_hLSAXwCCFY,https://www.youtube.com/watch?v=_hLSAXwCCFY,620,https://i.ytimg.com/vi/_hLSAXwCCFY/mqdefault.jpg
18661a33-ecb5-497d-8167-aba3197288b5,Classical Music for Relaxation,The Best of Chopin,oJojZVdCLcs,https://www.youtube.com/watch?v=oJojZVdCLcs,8799,https://i.ytimg.com/vi/oJojZVdCLcs/mqdefault.jpg
861549d8-ba2d-44a9-84ba-1f6b61e55322,15 Of The Most Relaxing Chopin Pieces,Calm Chopin,QQE6-Z6YB8c,https://www.youtube.com/watch?v=QQE6-Z6YB8c,3767,https://i.ytimg.com/vi/QQE6-Z6YB8c/mqdefault.jpg
48f24466-879a-498c-9701-5150ab69de37,Can&#39;t Get You Out Of My Head (),Kylie Minogue,YPwtJ89jes4,https://www.youtube.com/watch?v=YPwtJ89jes4,232,https://i.ytimg.com/vi/YPwtJ89jes4/mqdefault.jpg
a728ac18-2c4d-4cfe-894c-6635161a196e,One Vision (Extended) 1985,Queen,-OGd4gplxQM,https://www.youtube.com/watch?v=-OGd4gplxQM,391,https://i.ytimg.com/vi/-OGd4gplxQM/mqdefault.jpg
cf444789-e672-4f71-9e57-20fed5d156e1,After Last Night w/ Thundercat &amp; Bootsy,"Bruno Mars, Anderson .Paak, Silk Sonic",-cy_tDQPXHk,https://www.youtube.com/watch?v=-cy_tDQPXHk,250,https://i.ytimg.com/vi/-cy_tDQPXHk/mqdefault.jpg
baf8af0d-fefc-4c0a-9e2c-59c0e0ba796d,This Town Ain&#39;t Big Enough For Both Of Us,Sparks,eUJ_ifjKopM,https://www.youtube.com/watch?v=eUJ_ifjKopM,184,https://i.ytimg.com/vi/eUJ_ifjKopM/mqdefault.jpg
d010b725-6d87-4153-83ab-1f157b3ab48f,Ghost Town,The Specials,RZ2oXzrnti4,https://www.youtube.com/watch?v=RZ2oXzrnti4,223,https://i.ytimg.com/vi/RZ2oXzrnti4/mqdefault.jpg
eac5c689-5ecd-4b25-a8a1-a1df08c7e472,Fields of the Nephilim Last Exit For the Lost,WolvesInferno,G8NMayki4Uc,https://www.youtube.com/watch?v=G8NMayki4Uc,621,https://i.ytimg.com/vi/G8NMayki4Uc/mqdefault.jpg
116515b4-e350-458a-a130-6ed619b4cf07,Summer Madness,Kool &amp; The Gang,2SFt7JHwJeg,https://www.youtube.com/watch?v=2SFt7JHwJeg,256,https://i.ytimg.com/vi/2SFt7JHwJeg/mqdefault.jpg
aefc3376-a230-40f2-a0eb-c2bd5b6a099f,This Woman&#39;s Work - Official Music Video,Kate Bush,UXzx--YefD8,https://www.youtube.com/watch?v=UXzx--YefD8,217,https://i.ytimg.com/vi/UXzx--YefD8/mqdefault.jpg
bca5148b-f9cc-464b-b7f1-31083369f110,Hurt,Johnny Cash,8AHCfZTRGiI,https://www.youtube.com/watch?v=8AHCfZTRGiI,229,https://i.ytimg.com/vi/8AHCfZTRGiI/mqdefault.jpg
7881de6d-d0e2-4e8c-b5a7-d4ca7a6056c8,Lose My Mind (feat. Doja Cat),Don Toliver - Topic,jQJWsL6Gscc,https://www.youtube.com/watch?v=jQJWsL6Gscc,210,https://i.ytimg.com/vi/jQJWsL6Gscc/mqdefault.jpg
3e796936-e09b-42a5-b1bd-99afa145f1e6,Caliente | Official Music Video,INNA,Rpc8pTvNHwA,https://www.youtube.com/watch?v=Rpc8pTvNHwA,209,https://i.ytimg.com/vi/Rpc8pTvNHwA/mqdefault.jpg
77ae01ce-f79a-4d03-9876-fc032c33d671,Shape of You (Lyrics),Ed Sheeran,liTfD88dbCo,https://www.youtube.com/watch?v=liTfD88dbCo,232,https://i.ytimg.com/vi/liTfD88dbCo/mqdefault.jpg
3111f4c9-db93-4080-b7bd-f9f547e6df8a,Thinking Out Loud,Ed Sheeran,lp-EO5I60KA,https://www.youtube.com/watch?v=lp-EO5I60KA,290,https://i.ytimg.com/vi/lp-EO5I60KA/mqdefault.jpg
b3349360-a106-4dfd-8e1e-4d5c0dcb4544,Perfect,Ed Sheeran,cNGjD0VG4R8,https://www.youtube.com/watch?v=cNGjD0VG4R8,264,https://i.ytimg.com/vi/cNGjD0VG4R8/mqdefault.jpg
2185480d-016e-4a72-9296-52f9a841096f,Shape of You,Ed Sheeran,JGwWNGJdvx8,https://www.youtube.com/watch?v=JGwWNGJdvx8,264,https://i.ytimg.com/vi/JGwWNGJdvx8/mqdefault.jpg
ec3074d3-8d0c-4d97-acbe-867d04a6ab3a,Robbers(Explicit),The 1975,Iyy3YOpxL2k,https://www.youtube.com/watch?v=Iyy3YOpxL2k,272,https://i.ytimg.com/vi/Iyy3YOpxL2k/mqdefault.jpg
97a76727-db79-4ef9-ab0c-24deea007241,Hit or Miss - 1970 [],Odetta,ENzLb85b1Do,https://www.youtube.com/watch?v=ENzLb85b1Do,235,https://i.ytimg.com/vi/ENzLb85b1Do/mqdefault.jpg
ec697f87-cf94-4870-826f-fb945818928b,"The Doo Bop Song (extended mix), 1992",Miles Davis,L3M-MmOVKDk,https://www.youtube.com/watch?v=L3M-MmOVKDk,415,https://i.ytimg.com/vi/L3M-MmOVKDk/mqdefault.jpg
d041ee67-452d-47dc-83a4-8fd1c4990dd4,Mr. Wendal -,Arrested Development,QCDUsMA7O80,https://www.youtube.com/watch?v=QCDUsMA7O80,209,https://i.ytimg.com/vi/QCDUsMA7O80/mqdefault.jpg
d96b152d-9f4b-4ee7-808c-7f7b183862eb,Hausch (Original Mix),andhim,Fz430sFvZg4,https://www.youtube.com/watch?v=Fz430sFvZg4,447,https://i.ytimg.com/vi/Fz430sFvZg4/mqdefault.jpg
c174fccb-7df8-4d5d-aa7c-725166ed88e3,Twinset,Sunny (feat. Barnaby),sJRQpZprQ94,https://www.youtube.com/watch?v=sJRQpZprQ94,332,https://i.ytimg.com/vi/sJRQpZprQ94/mqdefault.jpg
6795922d-5259-48ff-b5f5-df64d56be451,Way Down We Go (Live on 89.3 The Current),Kaleo,sZ5SI6n1Ljs,https://www.youtube.com/watch?v=sZ5SI6n1Ljs,210,https://i.ytimg.com/vi/sZ5SI6n1Ljs/mqdefault.jpg
ac765146-eb7a-4c88-9e81-935632a35645,I Can&#39;t Go on Without You (live on 89.3 The Current),Kaleo,NcXsK_u4ixI,https://www.youtube.com/watch?v=NcXsK_u4ixI,426,https://i.ytimg.com/vi/NcXsK_u4ixI/mqdefault.jpg
0140a6c0-dad6-42aa-a364-61c20d54e722,All The Pretty Girls (Live on The Current),Kaleo,OQSwub4jgxQ,https://www.youtube.com/watch?v=OQSwub4jgxQ,326,https://i.ytimg.com/vi/OQSwub4jgxQ/mqdefault.jpg
0c5a920d-649a-4fa3-913a-ffc943d10c22,Every Little Thing I Do (Album Version) HQ,Soul For Real,ijMD9SbUzXk,https://www.youtube.com/watch?v=ijMD9SbUzXk,260,https://i.ytimg.com/vi/ijMD9SbUzXk/mqdefault.jpg
f132eee6-7568-4f7d-a7ec-bb07b18b2b5a,Sweet Thing - lyrics,Mick Jagger,gvZVVd8DH7s,https://www.youtube.com/watch?v=gvZVVd8DH7s,406,https://i.ytimg.com/vi/gvZVVd8DH7s/mqdefault.jpg
207ce17e-1575-4c57-b50a-7f45a59f5875,She Cleans Up,Father John Misty,pVzu0M0LWTM,https://www.youtube.com/watch?v=pVzu0M0LWTM,271,https://i.ytimg.com/vi/pVzu0M0LWTM/mqdefault.jpg
a23e6365-eb76-4695-b6bf-c9902550e8ea,Solomon Burke (Lyrics) Dirty Dancing 1987 OST,Cry To Me,LLNEMQPecso,https://www.youtube.com/watch?v=LLNEMQPecso,150,https://i.ytimg.com/vi/LLNEMQPecso/mqdefault.jpg
2a770d9f-3f9e-4945-a279-a499d9abeccb,Without You “Audio” ft. Sandro Cavazza,Avicii,WRz2MxhAdJo,https://www.youtube.com/watch?v=WRz2MxhAdJo,184,https://i.ytimg.com/vi/WRz2MxhAdJo/mqdefault.jpg
561c0f41-437d-4322-93f8-f6253ec422f9,I Could Be The One (Nicktim),Avicii vs Nicky Romero,bek1y2uiQGA,https://www.youtube.com/watch?v=bek1y2uiQGA,286,https://i.ytimg.com/vi/bek1y2uiQGA/mqdefault.jpg
1fb9d16d-3f00-47df-a4cd-c6abebf7c5ee,Unsquare Dance,Dave Brubeck - Topic,tomsUo5m1CA,https://www.youtube.com/watch?v=tomsUo5m1CA,120,https://i.ytimg.com/vi/tomsUo5m1CA/mqdefault.jpg
c0a62e16-de6d-4c12-830c-c5cb33528346,Make Luv (Fullquality),Room 5 Feat. Oliver Cheatham ‎,7FrrdkaiwPk,https://www.youtube.com/watch?v=7FrrdkaiwPk,210,https://i.ytimg.com/vi/7FrrdkaiwPk/mqdefault.jpg
75ece770-5352-40e3-b29c-2aac59239bf2,Tukka Yoot&#39;s Riddim&#39; (Blue Note 1993).,US3,lNLCWYt9xFg,https://www.youtube.com/watch?v=lNLCWYt9xFg,225,https://i.ytimg.com/vi/lNLCWYt9xFg/mqdefault.jpg
cb724ea9-f87b-48a1-867e-efbcbb710ee7,Goodnight Moon,Shivaree,tCXeYq6KYZc,https://www.youtube.com/watch?v=tCXeYq6KYZc,245,https://i.ytimg.com/vi/tCXeYq6KYZc/mqdefault.jpg
4b578bac-24a4-4897-92c2-fcf56b958f19,Iko Iko by the Dixie Cups,Lance Loiselle,BcLZULyMjPc,https://www.youtube.com/watch?v=BcLZULyMjPc,124,https://i.ytimg.com/vi/BcLZULyMjPc/mqdefault.jpg
65f5cbe8-9c1d-47f0-a7ed-332342b94d8e,Wanderer,A R I Z O N A,FHyEZvW52Is,https://www.youtube.com/watch?v=FHyEZvW52Is,210,https://i.ytimg.com/vi/FHyEZvW52Is/mqdefault.jpg
fb901f4b-3d26-4ef2-b546-af73376e5d75,X JAPAN 『Silent Jealousy』（）,X Japan,Oj9bvmzTR2A,https://www.youtube.com/watch?v=Oj9bvmzTR2A,477,https://i.ytimg.com/vi/Oj9bvmzTR2A/mqdefault.jpg
ef3fc077-489e-4c34-866c-37cc690a7d03,Halcyon On and On,Orbital,bV-hSgL1R74,https://www.youtube.com/watch?v=bV-hSgL1R74,568,https://i.ytimg.com/vi/bV-hSgL1R74/mqdefault.jpg
e6b4e525-4b92-46ba-99f2-b4c129dc3eb0,Debaser,Pixies,PVyS9JwtFoQ,https://www.youtube.com/watch?v=PVyS9JwtFoQ,175,https://i.ytimg.com/vi/PVyS9JwtFoQ/mqdefault.jpg
0c509159-ac03-40ea-ac5c-753979f8f25b,Where Is My Mind?,Pixies,OJ62RzJkYUo,https://www.youtube.com/watch?v=OJ62RzJkYUo,230,https://i.ytimg.com/vi/OJ62RzJkYUo/mqdefault.jpg
babd42a1-d94f-45cf-bdad-616806168e6c,&quot;Stickin&#39; In My Eye&quot;,NOFX,A2vn18DVSbU,https://www.youtube.com/watch?v=A2vn18DVSbU,150,https://i.ytimg.com/vi/A2vn18DVSbU/mqdefault.jpg
39e0f3ee-ae08-4811-beba-5a31b3cdd52c,Bob,Nofx,LyUIJIdwEuA,https://www.youtube.com/watch?v=LyUIJIdwEuA,139,https://i.ytimg.com/vi/LyUIJIdwEuA/mqdefault.jpg
522f8ff0-12a5-440c-b68b-65cf21b15db7,&quot;Linoleum&quot; (Full Album Stream),NOFX,d9ORimXBXLw,https://www.youtube.com/watch?v=d9ORimXBXLw,131,https://i.ytimg.com/vi/d9ORimXBXLw/mqdefault.jpg
ba38a1c4-d813-4cd1-a801-4d05114db160,Dust in the Wind,Kansas - Topic,zVokojoF_lY,https://www.youtube.com/watch?v=zVokojoF_lY,206,https://i.ytimg.com/vi/zVokojoF_lY/mqdefault.jpg
33906a05-d495-40d5-a834-5454c7109ed1,Dust in the Wind,Kansas,tH2w6Oxx0kQ,https://www.youtube.com/watch?v=tH2w6Oxx0kQ,200,https://i.ytimg.com/vi/tH2w6Oxx0kQ/mqdefault.jpg
ac50ae98-bc01-41cd-a4ce-8507d417d3f6,Destinazione Mare,Tiziano Ferro,zrDEJvq6-ME,https://www.youtube.com/watch?v=zrDEJvq6-ME,204,https://i.ytimg.com/vi/zrDEJvq6-ME/mqdefault.jpg
c78395d8-dd25-4cf0-bd52-4aeaa1e660cb,I Maschi (Amiche in Arena),"Gianna Nannini, Emma &amp; Irene Grandi",zM1NwHYPxMg,https://www.youtube.com/watch?v=zM1NwHYPxMg,258,https://i.ytimg.com/vi/zM1NwHYPxMg/mqdefault.jpg
0373c630-7e4f-46f2-8fcb-d5b64f4fee4f,Susanna (),Adriano Celentano,TN6-oHPI968,https://www.youtube.com/watch?v=TN6-oHPI968,288,https://i.ytimg.com/vi/TN6-oHPI968/mqdefault.jpg
69081480-5029-47eb-b523-7551bf9d4d1f,1997- EROS RAMAZZOTTI TINA TURNER official,COSAS DE LA VIDA,jZIoxw0ca9E,https://www.youtube.com/watch?v=jZIoxw0ca9E,292,https://i.ytimg.com/vi/jZIoxw0ca9E/mqdefault.jpg
6e878c16-667c-44fc-8b45-b1bf282b74bb,*FELICIDAD* = AL BANO Ft. ROMINA POWER = 1982 (REMASTERIZADO),PRIVADO 80s,RHd7CrVHUx8,https://www.youtube.com/watch?v=RHd7CrVHUx8,217,https://i.ytimg.com/vi/RHd7CrVHUx8/mqdefault.jpg
320520ec-6fa0-4fb1-8c49-86cb11fea04d,Carbonara,Spliff - Topic,y52bQT5J8HA,https://www.youtube.com/watch?v=y52bQT5J8HA,238,https://i.ytimg.com/vi/y52bQT5J8HA/mqdefault.jpg
7034324b-ec3e-4dc6-b7c0-57423b959698,Tutta L&#39;Italia,Gabry Ponte,iUC9eebtpvI,https://www.youtube.com/watch?v=iUC9eebtpvI,180,https://i.ytimg.com/vi/iUC9eebtpvI/mqdefault.jpg
bd5b6efd-90b7-4625-b92c-b78037b2c229,Senza una donna (Without a woman),Zucchero &amp; Paul Young,V69vs8JmXYM,https://www.youtube.com/watch?v=V69vs8JmXYM,274,https://i.ytimg.com/vi/V69vs8JmXYM/mqdefault.jpg
b6202edd-0f3f-4768-afb4-e4971063aeee,El vino de tu boca,Alejandro Sanz,Ek4bQ4HEhJc,https://www.youtube.com/watch?v=Ek4bQ4HEhJc,171,https://i.ytimg.com/vi/Ek4bQ4HEhJc/mqdefault.jpg
ac67871c-f02f-4f26-8892-2f57c806f8dd,Senza e Te  - Video Ufficiale 2024,Susy Graziano,GHvIP02EExo,https://www.youtube.com/watch?v=GHvIP02EExo,197,https://i.ytimg.com/vi/GHvIP02EExo/mqdefault.jpg
ae78d43e-0508-4e4a-9e25-e7aa315b9410,Senza noi,Gigi Finizio - Topic,UDvPXv7mALM,https://www.youtube.com/watch?v=UDvPXv7mALM,262,https://i.ytimg.com/vi/UDvPXv7mALM/mqdefault.jpg
6ed277ba-1bbc-4e40-a8d9-6354ca7675e8,"Grazie, Addio","Silent Bob, Sick Budd",u2sdlCtDlYE,https://www.youtube.com/watch?v=u2sdlCtDlYE,157,https://i.ytimg.com/vi/u2sdlCtDlYE/mqdefault.jpg
6752eaff-0195-492d-bb5c-204e4e8ed27d,That&#39;s Amore,Dean Martin,RUz1pZ_LujU,https://www.youtube.com/watch?v=RUz1pZ_LujU,188,https://i.ytimg.com/vi/RUz1pZ_LujU/mqdefault.jpg
063b978c-7774-4f12-b95e-58bbdcbe2251,Sarà perché ti amo (Thommys Popshow extra 17.12.1983),Ricchi E Poveri,Nn1IeHL5DHY,https://www.youtube.com/watch?v=Nn1IeHL5DHY,192,https://i.ytimg.com/vi/Nn1IeHL5DHY/mqdefault.jpg
db25a541-ac24-437e-b4fb-37281563d5c6,L&#39;emozione non ha voce - Official Video (With Lyrics/Parole in descrizione),Adriano Celentano,hZsLAhvuBzo,https://www.youtube.com/watch?v=hZsLAhvuBzo,245,https://i.ytimg.com/vi/hZsLAhvuBzo/mqdefault.jpg
1890b261-060f-47fc-a32e-fba493fa4453,Adolphson &amp; Falk,Blinkar Blå,hSi7XdpcLHY,https://www.youtube.com/watch?v=hSi7XdpcLHY,340,https://i.ytimg.com/vi/hSi7XdpcLHY/mqdefault.jpg
11fd7a44-ec11-4ae5-90e9-17fdd006cced,Remastered),Soloviolin (Akustisk Version,s4b-zJAOZOM,https://www.youtube.com/watch?v=s4b-zJAOZOM,278,https://i.ytimg.com/vi/s4b-zJAOZOM/mqdefault.jpg
d2026e68-c6b3-49cb-9d10-95898106d0c0,Building the Crate,John Powell - Topic,apsrbm_PJa8,https://www.youtube.com/watch?v=apsrbm_PJa8,214,https://i.ytimg.com/vi/apsrbm_PJa8/mqdefault.jpg
898f7911-8c98-4d4c-a817-a4c3a4eaed2b,GRAVITY WEAPON,Ada Rook - Topic,FHgtl-XyVc4,https://www.youtube.com/watch?v=FHgtl-XyVc4,218,https://i.ytimg.com/vi/FHgtl-XyVc4/mqdefault.jpg
64eceb97-c540-45a2-9b66-c55373f57477,Five Hours[LE7ELS],Deorro,K_yBUfMGvzc,https://www.youtube.com/watch?v=K_yBUfMGvzc,330,https://i.ytimg.com/vi/K_yBUfMGvzc/mqdefault.jpg
f614d907-3fa8-496a-8ae0-6e78c0f31b3d,Voltaic,rook&amp;nomie,rqjrVjsMcCY,https://www.youtube.com/watch?v=rqjrVjsMcCY,239,https://i.ytimg.com/vi/rqjrVjsMcCY/mqdefault.jpg
c6a495b1-c4fd-4026-8097-40bdeb30c9c3,Turbo Killer,Carpenter Brut,wy9r2qeouiQ,https://www.youtube.com/watch?v=wy9r2qeouiQ,209,https://i.ytimg.com/vi/wy9r2qeouiQ/mqdefault.jpg
993a8c17-c74b-4d5d-8c28-4c4c9744ffa5,Candy Coated Lie$,Hot Milk,6-i3___ZJ_Q,https://www.youtube.com/watch?v=6-i3___ZJ_Q,210,https://i.ytimg.com/vi/6-i3___ZJ_Q/mqdefault.jpg
d727c931-c6d6-4eb5-b587-8116b2c612c5,Tommy The Cat,Primus - Topic,uHUWw5y-6Kk,https://www.youtube.com/watch?v=uHUWw5y-6Kk,255,https://i.ytimg.com/vi/uHUWw5y-6Kk/mqdefault.jpg
dad08838-de84-49fc-bd53-f217678dfa3c,Come On Eileen (Single Edit),Dexys Midnight Runners - Topic,HwVnX4ZgliY,https://www.youtube.com/watch?v=HwVnX4ZgliY,206,https://i.ytimg.com/vi/HwVnX4ZgliY/mqdefault.jpg
4b8df105-01ab-4dea-8718-90d6fd63e314,HAPPY BIVOUAC,the pillows - Topic,uDJNQGy9EmA,https://www.youtube.com/watch?v=uDJNQGy9EmA,211,https://i.ytimg.com/vi/uDJNQGy9EmA/mqdefault.jpg
46034ba2-2102-4eec-9555-720d31178069,Dead Puppies Aren&#39;t Much Fun,Bill Frenzer,N5sKpG6JIug,https://www.youtube.com/watch?v=N5sKpG6JIug,153,https://i.ytimg.com/vi/N5sKpG6JIug/mqdefault.jpg
6d5d9233-991c-4719-8d46-11750d5ba581,Homenaje al Gran Ricardo González ♫ Plim Plim ♫ Canciones Infantiles,La Feria de Cepillín,zWak_N_h-2k,https://www.youtube.com/watch?v=zWak_N_h-2k,210,https://i.ytimg.com/vi/zWak_N_h-2k/mqdefault.jpg
aad7a85d-6a56-4c30-956a-0b50a914f432,Party Animal remix,"Maluma , Charly Black",ithDlC1wKf0,https://www.youtube.com/watch?v=ithDlC1wKf0,223,https://i.ytimg.com/vi/ithDlC1wKf0/mqdefault.jpg
519481d1-391a-4914-85e4-f24c2107f4bd,ANIME OPENING | Official Music Video,BRAINROT,KZoipAb2fo4,https://www.youtube.com/watch?v=KZoipAb2fo4,113,https://i.ytimg.com/vi/KZoipAb2fo4/mqdefault.jpg
2aeb1dd5-c8a9-40f8-ada4-f1ebb92e8969,"Get Luckyft. Pharrell Williams, Nile Rodgers",Daft Punk,5NV6Rdv1a3I,https://www.youtube.com/watch?v=5NV6Rdv1a3I,249,https://i.ytimg.com/vi/5NV6Rdv1a3I/mqdefault.jpg
5a330b0f-a943-4a94-bf5f-6458a3ed6618,Anxiety (Lyrics),Doechii,1EF0VOd3WGA,https://www.youtube.com/watch?v=1EF0VOd3WGA,250,https://i.ytimg.com/vi/1EF0VOd3WGA/mqdefault.jpg
52b82043-67f1-4dc5-9ce1-c3ec3c3a58df,American Pie,Don McLean,PRpiBpDy7MQ,https://www.youtube.com/watch?v=PRpiBpDy7MQ,513,https://i.ytimg.com/vi/PRpiBpDy7MQ/mqdefault.jpg
f9b07e4f-8656-4902-b5b2-0725ca142d3d,Bat Out of Hell,Meat Loaf - Topic,x7ES7ueI7p0,https://www.youtube.com/watch?v=x7ES7ueI7p0,590,https://i.ytimg.com/vi/x7ES7ueI7p0/mqdefault.jpg
636aba0e-a02b-426c-bd0b-521363319d24,November Rain,Guns N&#39; Roses,8SbUC-UaAxE,https://www.youtube.com/watch?v=8SbUC-UaAxE,557,https://i.ytimg.com/vi/8SbUC-UaAxE/mqdefault.jpg
d80b8fc3-5508-4eae-a33b-8944eebf8e09,Training Season (Live from the Royal Albert Hall),Dua Lipa,3DcoC8p9az8,https://www.youtube.com/watch?v=3DcoC8p9az8,214,https://i.ytimg.com/vi/3DcoC8p9az8/mqdefault.jpg
aa965900-2d4b-4935-a4d0-fb0f58553e1b,Cold Heart,"Elton John, Dua Lipa",qod03PVTLqk,https://www.youtube.com/watch?v=qod03PVTLqk,255,https://i.ytimg.com/vi/qod03PVTLqk/mqdefault.jpg
a8f78e78-635d-477c-953b-0db558baf5d7,Don&#39;t Start Now,Dua Lipa,oygrmJFKYZY,https://www.youtube.com/watch?v=oygrmJFKYZY,182,https://i.ytimg.com/vi/oygrmJFKYZY/mqdefault.jpg
7cda0b5b-3566-4beb-a3d1-d10be3baccf7,Houdini,Dua Lipa,suAR1PYFNYA,https://www.youtube.com/watch?v=suAR1PYFNYA,189,https://i.ytimg.com/vi/suAR1PYFNYA/mqdefault.jpg
01cd5375-57e2-4681-b00c-26aa2cd64238,DESPECHÁ,ROSALÍA,5g2hT4GmAGU,https://www.youtube.com/watch?v=5g2hT4GmAGU,159,https://i.ytimg.com/vi/5g2hT4GmAGU/mqdefault.jpg
91fb04bb-e69e-4b72-abc9-7a7e1ea12b13,Con Alturaft. El Guincho,"ROSALÍA, J Balvin",p7bfOZek9t4,https://www.youtube.com/watch?v=p7bfOZek9t4,165,https://i.ytimg.com/vi/p7bfOZek9t4/mqdefault.jpg
76107155-155a-40b4-9f2d-54d253c0a19e,Calma,"Pedro Capó, Farruko",1_zgKRBrT0Y,https://www.youtube.com/watch?v=1_zgKRBrT0Y,238,https://i.ytimg.com/vi/1_zgKRBrT0Y/mqdefault.jpg
cfb8b996-a1f6-43d4-94de-a255b365db6e,Ghostbusters,"Ray Parker, Jr. - Topic",TaV1r341wYk,https://www.youtube.com/watch?v=TaV1r341wYk,246,https://i.ytimg.com/vi/TaV1r341wYk/mqdefault.jpg
8da54fce-cddf-4276-91f1-1fdb79011427,BOOM,X Ambassadors,mXLRy1cNMWs,https://www.youtube.com/watch?v=mXLRy1cNMWs,166,https://i.ytimg.com/vi/mXLRy1cNMWs/mqdefault.jpg
b43a4241-e765-419e-82e1-f4058ae64046,Uptown Funkft. Bruno Mars,Mark Ronson,OPf0YbXqDm0,https://www.youtube.com/watch?v=OPf0YbXqDm0,271,https://i.ytimg.com/vi/OPf0YbXqDm0/mqdefault.jpg
f3d6ca1f-91fd-4b78-83b2-5c5d9a852e6c,"Party Rock Anthem ft. Lauren Bennett, GoonRock",LMFAO,KQ6zr6kCPj8,https://www.youtube.com/watch?v=KQ6zr6kCPj8,376,https://i.ytimg.com/vi/KQ6zr6kCPj8/mqdefault.jpg
7b501d73-18b2-48ff-97b1-ae9ebc8635fc,Sunflower,"Post Malone, Swae Lee",ApXoWvfEYVU,https://www.youtube.com/watch?v=ApXoWvfEYVU,162,https://i.ytimg.com/vi/ApXoWvfEYVU/mqdefault.jpg
8178a67c-73c2-481a-864b-ca28d2865930,Agua (Music From &quot;Sponge On The Run&quot; Movie),"Tainy, J. Balvin",QLz9VaksClg,https://www.youtube.com/watch?v=QLz9VaksClg,177,https://i.ytimg.com/vi/QLz9VaksClg/mqdefault.jpg
8c867981-179b-4cc4-9f0c-b3d13c910e1a,Extended [By me],The World&#39;s Greatest Actor,wm9_6yNd2sI,https://www.youtube.com/watch?v=wm9_6yNd2sI,106,https://i.ytimg.com/vi/wm9_6yNd2sI/mqdefault.jpg
6f0dec5c-2560-4664-ae0a-b091de1488e4,Mi Gente,"J Balvin, Willy William",wnJ6LuUFpMo,https://www.youtube.com/watch?v=wnJ6LuUFpMo,186,https://i.ytimg.com/vi/wnJ6LuUFpMo/mqdefault.jpg
1185ed56-46f3-4079-9a41-d15478242a54,Dopamine,Sum 41,yYk2BTwuQnM,https://www.youtube.com/watch?v=yYk2BTwuQnM,196,https://i.ytimg.com/vi/yYk2BTwuQnM/mqdefault.jpg
89c23d1e-c1ce-46d5-bdaa-c3894da36dfa,Dog Days Are Over,Florence + The Machine,iWOyfLBYtuU,https://www.youtube.com/watch?v=iWOyfLBYtuU,220,https://i.ytimg.com/vi/iWOyfLBYtuU/mqdefault.jpg
35fcee88-adf5-427a-84db-768096f0cd9f,You Could Be Mine (Visualizer),Guns N&#39; Roses,6Sp1bLrBAuQ,https://www.youtube.com/watch?v=6Sp1bLrBAuQ,344,https://i.ytimg.com/vi/6Sp1bLrBAuQ/mqdefault.jpg
4f757ca5-ba2d-466b-b9b5-0464a9e1a1c9,The Wine Song,The Cat Empire,detOIeKuQwU,https://www.youtube.com/watch?v=detOIeKuQwU,443,https://i.ytimg.com/vi/detOIeKuQwU/mqdefault.jpg
31e242cd-7ee3-4b11-8800-1d471d76b9b1,THUNDERCATS ⚡🐱 Metal Cover 🤘,MetaLWarrioR,xGfqHjOn8yM,https://www.youtube.com/watch?v=xGfqHjOn8yM,123,https://i.ytimg.com/vi/xGfqHjOn8yM/mqdefault.jpg
3b9f25a4-ac6e-4f7c-ae67-5faa89539478,Bye Bye Bye (Lyrics) (Deadpool 3 Soundtrack),*NSYNC,2ydCvkxuNm4,https://www.youtube.com/watch?v=2ydCvkxuNm4,201,https://i.ytimg.com/vi/2ydCvkxuNm4/mqdefault.jpg
27c6eb8e-65b2-408c-bc03-7a6504c2d050,SexyBackft. Timbaland,Justin Timberlake,3gOHvDP_vCs,https://www.youtube.com/watch?v=3gOHvDP_vCs,266,https://i.ytimg.com/vi/3gOHvDP_vCs/mqdefault.jpg
f3e415f2-3c83-4ee1-88f2-47a39f22c786,Sexy Back (lyrics),Justin Timberlake,X0l7UHLL8kk,https://www.youtube.com/watch?v=X0l7UHLL8kk,245,https://i.ytimg.com/vi/X0l7UHLL8kk/mqdefault.jpg
37cdd0de-d332-421a-8ab9-72be9dc0687b,Tailor Swif,A$AP Rocky,5URefVYaJrA,https://www.youtube.com/watch?v=5URefVYaJrA,195,https://i.ytimg.com/vi/5URefVYaJrA/mqdefault.jpg
d9cfb4e3-a425-4f10-8d8d-dfe489a03c62,Shipping up to Boston,The Boc´s,77gZWmdkdxE,https://www.youtube.com/watch?v=77gZWmdkdxE,146,https://i.ytimg.com/vi/77gZWmdkdxE/mqdefault.jpg
207d662e-f7ed-453e-897b-4ca9afd24556,Unbroken Chain (2013 Remaster),Grateful Dead - Topic,T5FN06LFfHk,https://www.youtube.com/watch?v=T5FN06LFfHk,406,https://i.ytimg.com/vi/T5FN06LFfHk/mqdefault.jpg
721f0788-0559-44fc-aa00-bea4c5c865fb,20 performances spanning 46 years,WAR PIGS by Black Sabbath,y4N7V8kLW4w,https://www.youtube.com/watch?v=y4N7V8kLW4w,479,https://i.ytimg.com/vi/y4N7V8kLW4w/mqdefault.jpg
4206158d-775b-4205-811f-0175f8ef7a6f,Masters of War,The Roots,U0q8BQXPo9c,https://www.youtube.com/watch?v=U0q8BQXPo9c,604,https://i.ytimg.com/vi/U0q8BQXPo9c/mqdefault.jpg
09540d9a-03c7-4348-86e1-5ba9e6e1c224,Aces,Delvon Lamarr Organ Trio,3FJpMrOsUWs,https://www.youtube.com/watch?v=3FJpMrOsUWs,282,https://i.ytimg.com/vi/3FJpMrOsUWs/mqdefault.jpg
37e9d7c4-732b-4f58-8d00-f3c7691493a3,Full Performance (Live on KEXP),The True Loves,TD2hNsY6G7E,https://www.youtube.com/watch?v=TD2hNsY6G7E,1873,https://i.ytimg.com/vi/TD2hNsY6G7E/mqdefault.jpg
f83a6796-38fb-4ebc-82a6-f3f6182442d6,Giant Steps (2020 Remaster) [Full Album],John Coltrane,xy_fxxj1mMY,https://www.youtube.com/watch?v=xy_fxxj1mMY,2253,https://i.ytimg.com/vi/xy_fxxj1mMY/mqdefault.jpg
6468052c-9888-4ae0-b1c4-7ee626369180,John Coltrane Greatest Hits Playlist,Best John Coltrane Songs,UJ1Iaquxyyg,https://www.youtube.com/watch?v=UJ1Iaquxyyg,5340,https://i.ytimg.com/vi/UJ1Iaquxyyg/mqdefault.jpg
1e87baf3-3a2d-4d30-8425-3bfa9a9ec4e5,Better Place,Saint Asonia,wAOfEP2OrLU,https://www.youtube.com/watch?v=wAOfEP2OrLU,221,https://i.ytimg.com/vi/wAOfEP2OrLU/mqdefault.jpg
4a6d3bd2-10ce-4248-9769-c987b318cde1,Adara Mal Wala,Navarathna Gamage,2vKSeYCbeEU,https://www.youtube.com/watch?v=2vKSeYCbeEU,211,https://i.ytimg.com/vi/2vKSeYCbeEU/mqdefault.jpg
476b59a0-8faf-49ac-811a-6f3b0c1702f6,All I Want (Lyrics),Kodaline,NRhmmqsZIpw,https://www.youtube.com/watch?v=NRhmmqsZIpw,301,https://i.ytimg.com/vi/NRhmmqsZIpw/mqdefault.jpg
6db80a22-b576-4170-90b9-85cf9ce04f7a,BRIGHTSIDE,The Lumineers,9KWOTBhWhyU,https://www.youtube.com/watch?v=9KWOTBhWhyU,270,https://i.ytimg.com/vi/9KWOTBhWhyU/mqdefault.jpg
5b1d4557-7d67-4ae0-830b-b85d4bdab13c,NPR Music Tiny Desk Concert,The Lumineers,ysdjtyV_DuY,https://www.youtube.com/watch?v=ysdjtyV_DuY,1480,https://i.ytimg.com/vi/ysdjtyV_DuY/mqdefault.jpg
1ec88ac0-899d-4ec1-8553-9a446109aad2,&quot;Stubborn Love&quot;,The Lumineers,UJWk_KNbDHo,https://www.youtube.com/watch?v=UJWk_KNbDHo,280,https://i.ytimg.com/vi/UJWk_KNbDHo/mqdefault.jpg
5042ab0a-dfde-4e0b-aa43-15bbfa7922f0,Sleep On The Floor,The Lumineers,v4pi1LxuDHc,https://www.youtube.com/watch?v=v4pi1LxuDHc,286,https://i.ytimg.com/vi/v4pi1LxuDHc/mqdefault.jpg
89d328bc-73c5-4996-89e8-786fef37e56a,Ho Hey,The Lumineers,zvCBSSwgtg4,https://www.youtube.com/watch?v=zvCBSSwgtg4,162,https://i.ytimg.com/vi/zvCBSSwgtg4/mqdefault.jpg
9dcc29b1-63a9-4224-84dc-09103e2ccf18,Cleopatra,The Lumineers,aN5s9N_pTUs,https://www.youtube.com/watch?v=aN5s9N_pTUs,229,https://i.ytimg.com/vi/aN5s9N_pTUs/mqdefault.jpg
a524975b-29a1-4199-b373-6fb77af049ce,Ophelia,The Lumineers,pTOC_q0NLTk,https://www.youtube.com/watch?v=pTOC_q0NLTk,163,https://i.ytimg.com/vi/pTOC_q0NLTk/mqdefault.jpg
97185109-e052-4062-b7b9-906c9dfa2561,SUPERMODEL,Måneskin,jODrVofka54,https://www.youtube.com/watch?v=jODrVofka54,186,https://i.ytimg.com/vi/jODrVofka54/mqdefault.jpg
08e8a7f6-f7df-41db-b421-1beda8e604e2,DON&#39;T WANNA SLEEP,Måneskin,q7xpwbdHAKM,https://www.youtube.com/watch?v=q7xpwbdHAKM,156,https://i.ytimg.com/vi/q7xpwbdHAKM/mqdefault.jpg
3d6fee65-2590-4114-bbbc-c0c9a571ba72,GOSSIP ft. Tom Morello,Måneskin,XrsbfrFPATs,https://www.youtube.com/watch?v=XrsbfrFPATs,285,https://i.ytimg.com/vi/XrsbfrFPATs/mqdefault.jpg
e260a0ff-1218-400c-9a03-6a030228935e,HONEY,Måneskin,HZnNt9nnEhw,https://www.youtube.com/watch?v=HZnNt9nnEhw,180,https://i.ytimg.com/vi/HZnNt9nnEhw/mqdefault.jpg
80f8cac8-f562-43a3-9fa5-5475b718757b,THE LONELIEST,Måneskin,fC1uROpxNrQ,https://www.youtube.com/watch?v=fC1uROpxNrQ,248,https://i.ytimg.com/vi/fC1uROpxNrQ/mqdefault.jpg
4d3b7b16-2a68-428d-8f4b-a65d6892f9c0,Rock and Roll,Led Zeppelin,D2lSwosw9xY,https://www.youtube.com/watch?v=D2lSwosw9xY,221,https://i.ytimg.com/vi/D2lSwosw9xY/mqdefault.jpg
f3746e96-dec8-4367-9c83-77ce2fa33182,Back In Black,AC/DC,pAgnJDJN4VA,https://www.youtube.com/watch?v=pAgnJDJN4VA,254,https://i.ytimg.com/vi/pAgnJDJN4VA/mqdefault.jpg
df3bc56c-0c8d-4c80-ae5c-02b0d8a4c6c0,"Highway to Hell (Live At River Plate, December 2009)",AC/DC,gEPmA3USJdI,https://www.youtube.com/watch?v=gEPmA3USJdI,285,https://i.ytimg.com/vi/gEPmA3USJdI/mqdefault.jpg
daf832a0-c978-4a91-bf07-fa0aa51b436c,Scar Tissue[UPGRADE],Red Hot Chili Peppers,mzJj5-lubeM,https://www.youtube.com/watch?v=mzJj5-lubeM,221,https://i.ytimg.com/vi/mzJj5-lubeM/mqdefault.jpg
eac50b8a-5e7e-43e2-a72d-fd3aeb53b874,Californication[UPGRADE],Red Hot Chili Peppers,YlUKcNNmywk,https://www.youtube.com/watch?v=YlUKcNNmywk,322,https://i.ytimg.com/vi/YlUKcNNmywk/mqdefault.jpg
a1fea7b8-2df1-4a53-915e-7345a7d30669,War Pigs,Black Sabbath - Topic,bc5Nk1DXyEY,https://www.youtube.com/watch?v=bc5Nk1DXyEY,475,https://i.ytimg.com/vi/bc5Nk1DXyEY/mqdefault.jpg
9fda7e4c-33d8-412c-b086-f5da4d8762b3,mememe {OFFICIAL MUSIC VIDEO},100 gecs,1Bw2dTY3SsQ,https://www.youtube.com/watch?v=1Bw2dTY3SsQ,168,https://i.ytimg.com/vi/1Bw2dTY3SsQ/mqdefault.jpg
e02d3197-e6d3-41b9-86a6-0bb7c25daa27,Bohemian Rhapsody (Lyrics),Queen,yk3prd8GER4,https://www.youtube.com/watch?v=yk3prd8GER4,363,https://i.ytimg.com/vi/yk3prd8GER4/mqdefault.jpg
14705299-68a9-4b5a-b6c4-11649bbdbedc,Don&#39;t Stop Believin&#39;,Journey,1k8craCGpgs,https://www.youtube.com/watch?v=1k8craCGpgs,251,https://i.ytimg.com/vi/1k8craCGpgs/mqdefault.jpg
9ce3c939-c5ed-42d0-90b7-32f1a0988a6e,Cutting Crew -,CuttingCrew,6dOwHzCHfgA,https://www.youtube.com/watch?v=6dOwHzCHfgA,272,https://i.ytimg.com/vi/6dOwHzCHfgA/mqdefault.jpg
c56fd666-9afc-4ea2-862d-1e2088f89b54,I Want To Know What Love Is,Foreigner,r3Pr1_v7hsw,https://www.youtube.com/watch?v=r3Pr1_v7hsw,301,https://i.ytimg.com/vi/r3Pr1_v7hsw/mqdefault.jpg
fcec411a-e418-4690-b894-6c11a658f154,Bonnie and Clyde HQ1080p,Serge Gainsbourg Brigitte Bardot,6GPm5_X3Ykg,https://www.youtube.com/watch?v=6GPm5_X3Ykg,253,https://i.ytimg.com/vi/6GPm5_X3Ykg/mqdefault.jpg
dfa2465a-f4b0-473c-a22c-f2f83d17c89b,Full Performance (Live on KEXP),Dengue Fever,C6XmTuivuZs,https://www.youtube.com/watch?v=C6XmTuivuZs,2013,https://i.ytimg.com/vi/C6XmTuivuZs/mqdefault.jpg
b5df4a0c-4f4e-48ad-94b9-ab927ac5fdd3,Khruangbin Boiler Room London Live Set,Boiler Room,YgWnrIC8X-k,https://www.youtube.com/watch?v=YgWnrIC8X-k,3236,https://i.ytimg.com/vi/YgWnrIC8X-k/mqdefault.jpg
2cba450a-34ca-4146-8bd0-b62115716e83,24/7 stream),Astrix @ Ozora Festival 2023 (Full Set Movie,1-ccS5614j0,https://www.youtube.com/watch?v=1-ccS5614j0,0,https://i.ytimg.com/vi/1-ccS5614j0/mqdefault_live.jpg
526152bc-fc23-4173-8fdb-6d4c918e73bd,Young and Beautiful,Lana Del Rey,o_1aF54DO60,https://www.youtube.com/watch?v=o_1aF54DO60,239,https://i.ytimg.com/vi/o_1aF54DO60/mqdefault.jpg
e0ba2420-6c50-4d67-bb7a-e8a9d46d6667,Dominion[],Sisters of Mercy,4FrxFYfNNe0,https://www.youtube.com/watch?v=4FrxFYfNNe0,263,https://i.ytimg.com/vi/4FrxFYfNNe0/mqdefault.jpg
b4e9f098-3517-4715-8edf-ccc4328b516e,Chinese Translation,M Ward,cUfIKX5ReKQ,https://www.youtube.com/watch?v=cUfIKX5ReKQ,242,https://i.ytimg.com/vi/cUfIKX5ReKQ/mqdefault.jpg
38a24476-821e-404f-8483-6766c7c12456,&quot;PUSH IT TO THE LIMIT&quot; - ft. Jamey Jasta of Hatebreed (The Pre-Fix For Death Album),NECRO,kmCMgpjjr5s,https://www.youtube.com/watch?v=kmCMgpjjr5s,212,https://i.ytimg.com/vi/kmCMgpjjr5s/mqdefault.jpg
f788027b-1ede-48fd-ac8f-a95fd8f4cb59,Emborracharme,Lori Meyers,bt-92dlspc4,https://www.youtube.com/watch?v=bt-92dlspc4,229,https://i.ytimg.com/vi/bt-92dlspc4/mqdefault.jpg
9c8f7865-a8a9-4d3c-8837-ed5dad13c072,FANFARE [Full Album HQ 2017],tokyotender,VFMGnSxF9yg,https://www.youtube.com/watch?v=VFMGnSxF9yg,1872,https://i.ytimg.com/vi/VFMGnSxF9yg/mqdefault.jpg
8a2601d7-d3ed-4cbe-8490-c0f3820b7032,Full Song | Nitin Mukesh | Lata Mangeshkar | Kranti (1981),Zindagi Ki Na Toote Ladi,5AfhgY_yj3o,https://www.youtube.com/watch?v=5AfhgY_yj3o,423,https://i.ytimg.com/vi/5AfhgY_yj3o/mqdefault.jpg
d518b0b0-7465-4c74-a2a5-16b2563cf1e8,John Barleycorn,Sam Lee,EQdfuDWdqgI,https://www.youtube.com/watch?v=EQdfuDWdqgI,304,https://i.ytimg.com/vi/EQdfuDWdqgI/mqdefault.jpg
234d5b99-5775-4a7a-9c4b-62ceb86812fc,‘뛰어(JUMP)’ M/V,BLACKPINK,CgCVZdcKcqY,https://www.youtube.com/watch?v=CgCVZdcKcqY,194,https://i.ytimg.com/vi/CgCVZdcKcqY/mqdefault.jpg
f7b6adaa-fde2-4b03-ad19-aed5ab58e5ae,Vroom Vroom (부릉부릉(Vroom Vroom)),LEE CHANGSUB - Topic,H6XsM2LK2qE,https://www.youtube.com/watch?v=H6XsM2LK2qE,191,https://i.ytimg.com/vi/H6XsM2LK2qE/mqdefault.jpg
ef8ec68b-b1de-4e8c-bc78-ef8c3a111b61,Fags,I Dreamed I Dream - Topic,NuIgjfiGxfE,https://www.youtube.com/watch?v=NuIgjfiGxfE,268,https://i.ytimg.com/vi/NuIgjfiGxfE/mqdefault.jpg
f3bd799f-7deb-4b09-92b6-ec6e09759156,"Lukrative, Night Grind, COSMIC, NOIXES, Noax, vowl., théos, SYNC &amp; hyperforms",ANTHEM II,hG2SCu1HXpE,https://www.youtube.com/watch?v=hG2SCu1HXpE,478,https://i.ytimg.com/vi/hG2SCu1HXpE/mqdefault.jpg
037dca52-2c28-46cc-ad0e-cbfcd425a733,Snooze (Lyrics),SZA,CBx6e9cZlBQ,https://www.youtube.com/watch?v=CBx6e9cZlBQ,200,https://i.ytimg.com/vi/CBx6e9cZlBQ/mqdefault.jpg
d56a5ddf-8a1c-486e-b033-5497b91995a5,Raees | Shah Rukh Khan | Arijit Singh &amp; Harseep Kaur | JAM8 | Pritam,Zaalima,lpdRqn6xwiM,https://www.youtube.com/watch?v=lpdRqn6xwiM,172,https://i.ytimg.com/vi/lpdRqn6xwiM/mqdefault.jpg
7fad6573-d71c-4011-80ee-fb9ac1756c78,Lyrical | Raees | Shah Rukh Khan | Arijit Singh &amp; Harseep K | JAM8-Pritam,Zaalima,hhdSyBHuI88,https://www.youtube.com/watch?v=hhdSyBHuI88,307,https://i.ytimg.com/vi/hhdSyBHuI88/mqdefault.jpg
32920d11-5fee-498a-abbb-0adcfd79df6b,Summer,Calvin Harris,ebXbLfLACGM,https://www.youtube.com/watch?v=ebXbLfLACGM,234,https://i.ytimg.com/vi/ebXbLfLACGM/mqdefault.jpg
6ac8bfc8-d9d8-4fd0-8a7d-60ef2fa6d02e,HIGHEST IN THE ROOM,Travis Scott,tfSS1e3kYeo,https://www.youtube.com/watch?v=tfSS1e3kYeo,177,https://i.ytimg.com/vi/tfSS1e3kYeo/mqdefault.jpg
357bd8c6-6e29-42e8-9317-7acf48bbcab8,BUTTERFLY EFFECT,Travis Scott,_EyZUTDAH0U,https://www.youtube.com/watch?v=_EyZUTDAH0U,213,https://i.ytimg.com/vi/_EyZUTDAH0U/mqdefault.jpg
a46454a4-cd08-4bef-8773-d207c308c1f1,HIGHEST IN THE ROOM,Travis Scott,OWl9p3oFKgg,https://www.youtube.com/watch?v=OWl9p3oFKgg,178,https://i.ytimg.com/vi/OWl9p3oFKgg/mqdefault.jpg
597a7775-4db9-49a6-89e9-3bcbf1fc2081,Firework (Lyrics),Katy Perry,KSbwHzlcgs8,https://www.youtube.com/watch?v=KSbwHzlcgs8,229,https://i.ytimg.com/vi/KSbwHzlcgs8/mqdefault.jpg
614df2cc-c54f-498f-bf08-220873bfbdc6,Femme que j&#39;aime,Jean-Luc Lahaye - Topic,qeVr3kLX2lo,https://www.youtube.com/watch?v=qeVr3kLX2lo,226,https://i.ytimg.com/vi/qeVr3kLX2lo/mqdefault.jpg
8c4f9c41-9914-4fe8-83c4-77404551b4cb,Hier Kommt Alex,Die Toten Hosen,O1oSyYK_RLo,https://www.youtube.com/watch?v=O1oSyYK_RLo,233,https://i.ytimg.com/vi/O1oSyYK_RLo/mqdefault.jpg
58292208-3efa-48f2-9100-bb6718e13670,DNA.,Kendrick Lamar,NLZRYQMLDW4,https://www.youtube.com/watch?v=NLZRYQMLDW4,286,https://i.ytimg.com/vi/NLZRYQMLDW4/mqdefault.jpg
a780448a-03d8-4974-ba9c-2b19d4fc4e6b,Everything&#39;s Okay,Lenka - Topic,yrcnkKVRi68,https://www.youtube.com/watch?v=yrcnkKVRi68,231,https://i.ytimg.com/vi/yrcnkKVRi68/mqdefault.jpg
269ab481-c467-4529-8676-2eedb4966bc6,Somewhere In The Woods (Short Hike),Mark Sparling,zvb8hTgVyyI,https://www.youtube.com/watch?v=zvb8hTgVyyI,227,https://i.ytimg.com/vi/zvb8hTgVyyI/mqdefault.jpg
f36dfaef-1243-432e-94e3-7dd5ed6b300d,Goodnight &amp; Goodbye,Mree - Topic,ok2j-rXlk8s,https://www.youtube.com/watch?v=ok2j-rXlk8s,263,https://i.ytimg.com/vi/ok2j-rXlk8s/mqdefault.jpg
8b431664-c2eb-4498-80f5-89fa132c376d,Teddy Bear Rises,OOHYO (우효),wAOkxHmsZho,https://www.youtube.com/watch?v=wAOkxHmsZho,253,https://i.ytimg.com/vi/wAOkxHmsZho/mqdefault.jpg
11ce54c5-d15f-4b06-9e69-e6fe657959c4,Fall In Love,Phantogram,RsQjC5zVnt8,https://www.youtube.com/watch?v=RsQjC5zVnt8,229,https://i.ytimg.com/vi/RsQjC5zVnt8/mqdefault.jpg
bea0663e-4370-4854-a855-2d8aea882693,Take It One Day At A Time,Jennifer Chung,YiRyI4TZn2g,https://www.youtube.com/watch?v=YiRyI4TZn2g,365,https://i.ytimg.com/vi/YiRyI4TZn2g/mqdefault.jpg
fe941834-a206-434d-93fc-2718e710bae9,Stay With Me(Club Mix),Miki Matsubara,QNYT9wVwQ8A,https://www.youtube.com/watch?v=QNYT9wVwQ8A,343,https://i.ytimg.com/vi/QNYT9wVwQ8A/mqdefault.jpg
d319bacf-d54c-4979-8b92-f2705ca744bd,I&#39;m Always by Your Side (빈센조 OST) Vincenzo OST Part 6,존박(John Park),1FxTZ1U6-mA,https://www.youtube.com/watch?v=1FxTZ1U6-mA,232,https://i.ytimg.com/vi/1FxTZ1U6-mA/mqdefault.jpg
0bda49f9-cf03-4645-afde-4ea6683fddbf,Come Through,Ben Fox - Topic,WzwW9W8gX7w,https://www.youtube.com/watch?v=WzwW9W8gX7w,160,https://i.ytimg.com/vi/WzwW9W8gX7w/mqdefault.jpg
d2866549-4e0e-4354-b9c9-a1a6997c1a97,Emotional Prism 感情的なプリズム,ミカヅキBIGWAVE,o0-DCn9Vao0,https://www.youtube.com/watch?v=o0-DCn9Vao0,274,https://i.ytimg.com/vi/o0-DCn9Vao0/mqdefault.jpg
0c22657d-b105-499d-b488-d6b210343050,𝘋𝘢𝘯𝘤𝘪𝘯𝘨 𝘪𝘯 𝘵𝘩𝘦 𝘬𝘪𝘵𝘤𝘩𝘦𝘯 𝘸𝘩𝘪𝘭𝘦 𝘤𝘰𝘰𝘬𝘪𝘯𝘨 [𝘢 𝘱𝘭𝘢𝘺𝘭𝘪𝘴𝘵],all the best,WXwt16fDTaw,https://www.youtube.com/watch?v=WXwt16fDTaw,2005,https://i.ytimg.com/vi/WXwt16fDTaw/mqdefault.jpg
2518967c-a73f-4910-ba50-2850fa00c944,Background Music - Playlist,Cooking Music,5rjB5JT9RC0,https://www.youtube.com/watch?v=5rjB5JT9RC0,9189,https://i.ytimg.com/vi/5rjB5JT9RC0/mqdefault.jpg
34d2767e-dc28-45fb-ae60-b7840942e2d8,Don’t You (Forget About Me) (Lyrics),Simple Minds,KoqPy1hk3BI,https://www.youtube.com/watch?v=KoqPy1hk3BI,262,https://i.ytimg.com/vi/KoqPy1hk3BI/mqdefault.jpg
b70ae546-dac3-42db-b3c2-e413bb10245a,Wonderwall,Oasis,bx1Bh8ZvH84,https://www.youtube.com/watch?v=bx1Bh8ZvH84,278,https://i.ytimg.com/vi/bx1Bh8ZvH84/mqdefault.jpg
aa336930-1e77-436e-8a15-b2b08173c121,Steve&#39;s Lava Chicken,Jack Black - Topic,Xzx0V1JUI88,https://www.youtube.com/watch?v=Xzx0V1JUI88,35,https://i.ytimg.com/vi/Xzx0V1JUI88/mqdefault.jpg
d564d5b6-8f4c-49a7-96ca-d4f8e8a861db,SIGMA BOY x EVOLUTION OF BRAINROT,Eleotan,mZ0AwFvDk0Q,https://www.youtube.com/watch?v=mZ0AwFvDk0Q,165,https://i.ytimg.com/vi/mZ0AwFvDk0Q/mqdefault.jpg
9936bc71-8feb-4138-9353-be25af573d83,SIGMA BOY x BRAINROT EXTINCTION,Eleotan,hZwKy9O6ew4,https://www.youtube.com/watch?v=hZwKy9O6ew4,68,https://i.ytimg.com/vi/hZwKy9O6ew4/mqdefault.jpg
f38a7c09-7ac4-442c-a21b-6aa9fda517f6,Queue vache queue,Québec Redneck Bluegrass Project - Topic,X4HZjYIi4kM,https://www.youtube.com/watch?v=X4HZjYIi4kM,240,https://i.ytimg.com/vi/X4HZjYIi4kM/mqdefault.jpg
86de6127-84e2-4d50-915b-927abdfffb1d,Positive Vibes Only - Upbeat Music to Enhance Your Day,Happy Music,-EM8K6MEA-8,https://www.youtube.com/watch?v=-EM8K6MEA-8,3746,https://i.ytimg.com/vi/-EM8K6MEA-8/mqdefault.jpg
e44456c1-6bca-4d90-afb9-83b9da2ff710,Deep &amp; Tropical Chill House Music,Positive Vibes 🙌 Happy Music To Start Your Day,Tu-Ma8aq0Yg,https://www.youtube.com/watch?v=Tu-Ma8aq0Yg,3167,https://i.ytimg.com/vi/Tu-Ma8aq0Yg/mqdefault.jpg
9dd7913e-28dc-42c9-a72f-a0964b235df6,gravitify,Un,YsiR-j38HaU,https://www.youtube.com/watch?v=YsiR-j38HaU,260,https://i.ytimg.com/vi/YsiR-j38HaU/mqdefault.jpg
25562d2c-2bd3-43a9-8b7a-0f576a74b75c,Another Brick,Fake,uqOvODp80t0,https://www.youtube.com/watch?v=uqOvODp80t0,238,https://i.ytimg.com/vi/uqOvODp80t0/mqdefault.jpg
2585085f-6e7d-498d-9e35-dd05562866ba,Rebel Yell,Billy Idol,VdphvuyaV_I,https://www.youtube.com/watch?v=VdphvuyaV_I,293,https://i.ytimg.com/vi/VdphvuyaV_I/mqdefault.jpg
85a9bd00-be73-4a8d-90fc-e8ca64f5afd4,"Raaz | Dino Morea, Malini Sharma, Alka Yagnik | Romantic Song",Aap Ke Pyaar Mein Hum Savarne Lage,FNpV3DQWUf8,https://www.youtube.com/watch?v=FNpV3DQWUf8,357,https://i.ytimg.com/vi/FNpV3DQWUf8/mqdefault.jpg
2dc179d6-b5c6-4998-99bf-b2cd2297dbe8,"Himesh Reshammiya,Shreya Ghoshal | Emraan Hashmi,Tanushree D",Aashiq Banaya Aapne Title (Full Song),0bAVd9jJE2Q,https://www.youtube.com/watch?v=0bAVd9jJE2Q,300,https://i.ytimg.com/vi/0bAVd9jJE2Q/mqdefault.jpg
70f65eb0-23c1-4a09-8d80-24305111e2f9,"Sempre, Sempre",Al Bano - Topic,9BGFptDZ5Ic,https://www.youtube.com/watch?v=9BGFptDZ5Ic,242,https://i.ytimg.com/vi/9BGFptDZ5Ic/mqdefault.jpg
b76dc4b7-7364-48a7-aef3-b428d6f84b9c,Sempre Sempre 1986,Al Bano &amp; Romina Power,7H43yDAdYOY,https://www.youtube.com/watch?v=7H43yDAdYOY,207,https://i.ytimg.com/vi/7H43yDAdYOY/mqdefault.jpg
351bc848-d442-41de-bedf-6622b6f040d0,Sempre - Sanremo 1998.m4v,Lisa,m3aIVVCTLB4,https://www.youtube.com/watch?v=m3aIVVCTLB4,252,https://i.ytimg.com/vi/m3aIVVCTLB4/mqdefault.jpg
e8a87924-990d-4641-a5f5-455c135f9f84,La Cosa Mas Bella,Eros Ramazzotti,UojBaKX5Vz4,https://www.youtube.com/watch?v=UojBaKX5Vz4,266,https://i.ytimg.com/vi/UojBaKX5Vz4/mqdefault.jpg
78cbf78f-f47e-460e-9823-0a2040a6a9c9,AVANTI AVANTI feat. Hanybal x Celo &amp; Abdi (prod.Von PZY),Reda Rwena,xCRbcqhh1Jk,https://www.youtube.com/watch?v=xCRbcqhh1Jk,234,https://i.ytimg.com/vi/xCRbcqhh1Jk/mqdefault.jpg
0f4f525e-34b0-47f3-8daf-60c47fe13531,Fatti avanti amore[Sanremo 2015],Nek,jFxtn_BQauk,https://www.youtube.com/watch?v=jFxtn_BQauk,231,https://i.ytimg.com/vi/jFxtn_BQauk/mqdefault.jpg
ee0fe535-d82b-4f23-8585-881ddeb8c3ac,Subito,Marcello Cirillo - Topic,M8dW4Dnn_7U,https://www.youtube.com/watch?v=M8dW4Dnn_7U,203,https://i.ytimg.com/vi/M8dW4Dnn_7U/mqdefault.jpg
378c472c-9767-419b-8ee3-7dbfae003253,MFÖ ALi Desidero,oktay atağ,06JT72o0CF8,https://www.youtube.com/watch?v=06JT72o0CF8,286,https://i.ytimg.com/vi/06JT72o0CF8/mqdefault.jpg
6a8a5cde-dfe9-464a-9d50-e3b462642f9c,Ele Güne Karşı,MFÖ,4DZbURvoDEc,https://www.youtube.com/watch?v=4DZbURvoDEc,195,https://i.ytimg.com/vi/4DZbURvoDEc/mqdefault.jpg
d5baf90b-a7e3-40fb-969a-1b6ea1dc5ba3,Hot Hands,Darius,qZvQiOxddT8,https://www.youtube.com/watch?v=qZvQiOxddT8,254,https://i.ytimg.com/vi/qZvQiOxddT8/mqdefault.jpg
11e9d58d-60ea-4750-a8ff-d4c960b16911,Ascolta,Pooh,t11gcbVwkKo,https://www.youtube.com/watch?v=t11gcbVwkKo,313,https://i.ytimg.com/vi/t11gcbVwkKo/mqdefault.jpg
3a836b65-8c62-4f5f-b6c5-c07f8c65a4d1,Stop!Dimentica  +testo,Tiziano Ferro,gBQ2cmPxPhs,https://www.youtube.com/watch?v=gBQ2cmPxPhs,229,https://i.ytimg.com/vi/gBQ2cmPxPhs/mqdefault.jpg
429ba8de-0af1-4720-b3fe-051f3e0d2975,Tiziano Ferro Stop! Dimentica,Marco Giordano,RjLnB3uHCgk,https://www.youtube.com/watch?v=RjLnB3uHCgk,229,https://i.ytimg.com/vi/RjLnB3uHCgk/mqdefault.jpg
5f6a6846-299e-4550-b4d8-4dfc02db1eb8,Rewind,Qayde Se,Qdr_0DYvFEE,https://www.youtube.com/watch?v=Qdr_0DYvFEE,216,https://i.ytimg.com/vi/Qdr_0DYvFEE/mqdefault.jpg
ea82c52e-b4f0-4fa6-a3b1-9d5b6383fb8f,浴槽とネオンテトラ　Cover. LOLUET,LOLUET,xlU8pUQ7mn8,https://www.youtube.com/watch?v=xlU8pUQ7mn8,264,https://i.ytimg.com/vi/xlU8pUQ7mn8/mqdefault.jpg
f0c90e5f-8075-4ba3-bcb6-fe8bdffb32ed,LOLUET &#39;双生コンフリクト (feat. ヰ世界情緒)&#39; Official MV,LOLUET,8x9J2ECTO9Q,https://www.youtube.com/watch?v=8x9J2ECTO9Q,214,https://i.ytimg.com/vi/8x9J2ECTO9Q/mqdefault.jpg
a67ed338-3c19-4582-8563-6ddda792f9aa,esoragoto『ツキカゲ』Music Video,esoragoto,sF4yuzEnJeM,https://www.youtube.com/watch?v=sF4yuzEnJeM,222,https://i.ytimg.com/vi/sF4yuzEnJeM/mqdefault.jpg
aece6c3d-e46c-425e-8f17-cd88d9dcb5ce,馬鹿は死なないと治らない / CONA【Official MV】,CONA,zkv2ejcrpGs,https://www.youtube.com/watch?v=zkv2ejcrpGs,253,https://i.ytimg.com/vi/zkv2ejcrpGs/mqdefault.jpg
09dfd3a6-df60-4333-ae43-707fc26b6bbd,new world,Aiobahn feat. ヰ世界情緒,evloseZCQcc,https://www.youtube.com/watch?v=evloseZCQcc,315,https://i.ytimg.com/vi/evloseZCQcc/mqdefault.jpg
c29631b4-e3ef-4dd0-86d4-612cfaf55004,【Official Music Video】アノマリー(Anomaly) feat.沖石,ナツノセ,oM-JneFEdBk,https://www.youtube.com/watch?v=oM-JneFEdBk,188,https://i.ytimg.com/vi/oM-JneFEdBk/mqdefault.jpg
316368c1-a743-40cb-9797-b049bf44892a,[FULL] Surges / Orangestar 【Covered by 七海うらら】,七海うらら*歌channel,iLymsOJtG6c,https://www.youtube.com/watch?v=iLymsOJtG6c,125,https://i.ytimg.com/vi/iLymsOJtG6c/mqdefault.jpg
339ff7c8-b42d-45c1-9025-bf4670bcd0bb,🥀,Shiki Miyoshino / 美吉野しき【Requiem】,XYn-iMfq54A,https://www.youtube.com/watch?v=XYn-iMfq54A,220,https://i.ytimg.com/vi/XYn-iMfq54A/mqdefault.jpg
2c9d49e1-a1cf-427e-a52b-f2374a88cee7,What Call This Day ? (feat. にんじん from ロクデナシ),MIMI,SrdCXBZs4j8,https://www.youtube.com/watch?v=SrdCXBZs4j8,154,https://i.ytimg.com/vi/SrdCXBZs4j8/mqdefault.jpg
419bcdfb-207e-4ccf-b95e-fb5fb64c4894,カルディア / nui,nui,ZE7jhyC-skg,https://www.youtube.com/watch?v=ZE7jhyC-skg,170,https://i.ytimg.com/vi/ZE7jhyC-skg/mqdefault.jpg
7c929eac-d1b1-4431-8c2b-ec7416f63b94,Be My Baby,The Ronettes,jSPpbOGnFgk,https://www.youtube.com/watch?v=jSPpbOGnFgk,163,https://i.ytimg.com/vi/jSPpbOGnFgk/mqdefault.jpg
5c595e37-7993-4319-a8b1-eda58eb7c78a,Watermelon Man,Herbie Hancock - Topic,ppJQKfqhFfE,https://www.youtube.com/watch?v=ppJQKfqhFfE,389,https://i.ytimg.com/vi/ppJQKfqhFfE/mqdefault.jpg
01f979d4-00f3-49c5-b3bf-6f71ff0d564a,Movie Nowhere Girl - 1982 (extended ver.),B,8eA4pXV2Jsw,https://www.youtube.com/watch?v=8eA4pXV2Jsw,392,https://i.ytimg.com/vi/8eA4pXV2Jsw/mqdefault.jpg
83b2d09c-b4d4-494e-b21b-0ed0d4d1c194,Torna a casa,Måneskin,ZZjnfWx0cvw,https://www.youtube.com/watch?v=ZZjnfWx0cvw,230,https://i.ytimg.com/vi/ZZjnfWx0cvw/mqdefault.jpg
8724a71f-42f8-4450-9ffd-c0fd9d222786,Torna a casa (Lyrics/Testo),Måneskin,s2Jolbn671A,https://www.youtube.com/watch?v=s2Jolbn671A,232,https://i.ytimg.com/vi/s2Jolbn671A/mqdefault.jpg
07cc5248-8144-4d2b-9ce6-30481f23b4ee,Casual,Chappell Roan,AfSjnsYiY_A,https://www.youtube.com/watch?v=AfSjnsYiY_A,396,https://i.ytimg.com/vi/AfSjnsYiY_A/mqdefault.jpg
87a5963d-34c3-4298-b96b-3fe54c2d2db8,Banana Pancakes,Jack Johnson - Topic,m-v-LGOfaKo,https://www.youtube.com/watch?v=m-v-LGOfaKo,192,https://i.ytimg.com/vi/m-v-LGOfaKo/mqdefault.jpg
c4bc4b55-f1b4-4dec-910b-83608ea47051,Banana Pancakes Lyrics,Jack Johnson,XvaGCQAW6fo,https://www.youtube.com/watch?v=XvaGCQAW6fo,189,https://i.ytimg.com/vi/XvaGCQAW6fo/mqdefault.jpg
e14225b5-eb7c-4f3c-a9ab-4408fc8f97f7,맨정신(SOBER) M/V,BIGBANG,MBNQgq56egk,https://www.youtube.com/watch?v=MBNQgq56egk,245,https://i.ytimg.com/vi/MBNQgq56egk/mqdefault.jpg
b69f6306-b049-4ecb-9bc7-c2e11545eca4,Death Stranding,CHVRCHES,tae8F4gkfiw,https://www.youtube.com/watch?v=tae8F4gkfiw,317,https://i.ytimg.com/vi/tae8F4gkfiw/mqdefault.jpg
ce3197fd-fd97-4dda-8c5f-7552db7dd01e,Don&#39;t Be so Serious,Low Roar - Topic,D56XxiS_pJ0,https://www.youtube.com/watch?v=D56XxiS_pJ0,374,https://i.ytimg.com/vi/D56XxiS_pJ0/mqdefault.jpg
a5457e4a-cf4a-4ada-bb47-4afbfb585945,Main Theme (Piano Cover) [Beginner],Detroit: Become Human,Bnzhtwxb0Uk,https://www.youtube.com/watch?v=Bnzhtwxb0Uk,104,https://i.ytimg.com/vi/Bnzhtwxb0Uk/mqdefault.jpg
92b05bc0-c1a7-4929-bfd8-816ae7b00545,Become Human Unreleased OST,Opening Credits (Full Theme) | Detroit,nJ0Nk07_5po,https://www.youtube.com/watch?v=nJ0Nk07_5po,207,https://i.ytimg.com/vi/nJ0Nk07_5po/mqdefault.jpg
b2507d90-26c0-48e3-8f9f-7c1affc0458e,40 Oz. To Freedom,Sublime - Topic,esPA36SmVV0,https://www.youtube.com/watch?v=esPA36SmVV0,185,https://i.ytimg.com/vi/esPA36SmVV0/mqdefault.jpg
c612317d-c84c-4f21-9cf4-df28560223e1,Postcards From Italy,Beirut,X61BVv6pLtw,https://www.youtube.com/watch?v=X61BVv6pLtw,258,https://i.ytimg.com/vi/X61BVv6pLtw/mqdefault.jpg
9c188321-82c3-43df-9cbd-c63444846364,Jesus Christ,Brand New - Topic,6pXU7JumV_Y,https://www.youtube.com/watch?v=6pXU7JumV_Y,319,https://i.ytimg.com/vi/6pXU7JumV_Y/mqdefault.jpg
741d5f75-9ae1-4496-8121-56bb2b528165,All My Life ft. J. Cole,Lil Durk,Z4N8lzKNfy4,https://www.youtube.com/watch?v=Z4N8lzKNfy4,245,https://i.ytimg.com/vi/Z4N8lzKNfy4/mqdefault.jpg
4132ff69-c797-40e2-be77-68d6d0d7c368,Only You - Lyrics,The Platters,5p2k55F-uag,https://www.youtube.com/watch?v=5p2k55F-uag,158,https://i.ytimg.com/vi/5p2k55F-uag/mqdefault.jpg
f971f2d8-9024-4c23-9048-a459c6706259,&quot;All My Life (feat. Jelly Roll)&quot;,Falling In Reverse,GB9jFPUb7HA,https://www.youtube.com/watch?v=GB9jFPUb7HA,205,https://i.ytimg.com/vi/GB9jFPUb7HA/mqdefault.jpg
ba2983b9-0b67-4ff7-ac2e-7bbea656e45f,I&#39;m The Problem,Morgan Wallen,YT57RMxA-Eo,https://www.youtube.com/watch?v=YT57RMxA-Eo,178,https://i.ytimg.com/vi/YT57RMxA-Eo/mqdefault.jpg
5595a59e-6729-4304-af20-652a410cca72,Mercy ft. Lzzy Hale I Singer Reacts I,THE NATIVE HOWL,_fI22wsi3FY,https://www.youtube.com/watch?v=_fI22wsi3FY,502,https://i.ytimg.com/vi/_fI22wsi3FY/mqdefault.jpg
c33705cb-7551-4747-b1bf-9fd69e3b962e,Ain’t No Love In Oklahoma (From Twisters: The Album),Luke Combs,J6YlaeACE4E,https://www.youtube.com/watch?v=J6YlaeACE4E,209,https://i.ytimg.com/vi/J6YlaeACE4E/mqdefault.jpg
cddc600d-9a00-47f6-8378-e4c64aff906d,Born In The USA (acoustic),Bruce Springsteen,d8TwMqpBeL4,https://www.youtube.com/watch?v=d8TwMqpBeL4,186,https://i.ytimg.com/vi/d8TwMqpBeL4/mqdefault.jpg
74a59771-c94a-4066-8c2a-565c9c706dd7,BTS Lzzy Hale and The Native Howl “Mercy” Music Video #thrashgrass #musicvideo #bts,The Native Howl,bxaSKjlYFmo,https://www.youtube.com/watch?v=bxaSKjlYFmo,41,https://i.ytimg.com/vi/bxaSKjlYFmo/mqdefault.jpg
ee8addda-0a75-4cef-a888-373de9baa630,Fast Car,Tracy Chapman,AIOAlaACuv4,https://www.youtube.com/watch?v=AIOAlaACuv4,267,https://i.ytimg.com/vi/AIOAlaACuv4/mqdefault.jpg
310561ab-395b-492d-baf4-12aa1176ca25,Pappy,The Native Howl,zzlqEDDaXdw,https://www.youtube.com/watch?v=zzlqEDDaXdw,306,https://i.ytimg.com/vi/zzlqEDDaXdw/mqdefault.jpg
6595ebb1-6b64-4617-9ce9-c21f5cbe37e6,Casual (Lyrics),Chappell Roan,s-WD0yjjiJc,https://www.youtube.com/watch?v=s-WD0yjjiJc,238,https://i.ytimg.com/vi/s-WD0yjjiJc/mqdefault.jpg
38706c7f-6ef3-4580-ab59-0756cb8b0a16,Red Wine Supernova,Chappell Roan,KAc7Dwy9nXo,https://www.youtube.com/watch?v=KAc7Dwy9nXo,172,https://i.ytimg.com/vi/KAc7Dwy9nXo/mqdefault.jpg
52490cb2-2957-48e0-bd85-62e66a1c2da2,Small Worlds,Mac Miller,v2E3ATcEGM4,https://www.youtube.com/watch?v=v2E3ATcEGM4,272,https://i.ytimg.com/vi/v2E3ATcEGM4/mqdefault.jpg
446da428-6acb-463f-a3c2-3e6867abcaeb,Indigo (feat. Avery Anna),Sam Barber,4aTzrdpsD8Q,https://www.youtube.com/watch?v=4aTzrdpsD8Q,287,https://i.ytimg.com/vi/4aTzrdpsD8Q/mqdefault.jpg
ca8238ea-0b0b-4ce3-a439-32a7fe9095b3,Blah Blah Blah,Armin van Buuren,vK5kC5ej6I0,https://www.youtube.com/watch?v=vK5kC5ej6I0,214,https://i.ytimg.com/vi/vK5kC5ej6I0/mqdefault.jpg
a5bb539e-f936-4a0b-9d4e-5f6c30442a58,Bla Bla Bla [En Vivo],Los Chavalos de la Perla,4ZGHO8wSwpg,https://www.youtube.com/watch?v=4ZGHO8wSwpg,161,https://i.ytimg.com/vi/4ZGHO8wSwpg/mqdefault.jpg
395a51a2-47e2-46af-b5d5-f57e4e25a587,Gigi D&#39;Agostino Bla Bla Bla,zyxdance,Hrph2EW9VjY,https://www.youtube.com/watch?v=Hrph2EW9VjY,194,https://i.ytimg.com/vi/Hrph2EW9VjY/mqdefault.jpg
0572b942-5f62-4785-b97c-5b9f8a350d61,BLA BLA (PROD. BY LEEL),CIGGA x ARTUR,lVG9uZmgRlk,https://www.youtube.com/watch?v=lVG9uZmgRlk,229,https://i.ytimg.com/vi/lVG9uZmgRlk/mqdefault.jpg
a36f9d6a-6cd5-44da-b645-8e1f744fb637,Bla bla bla,Maya Berović,poz6zstbiOI,https://www.youtube.com/watch?v=poz6zstbiOI,176,https://i.ytimg.com/vi/poz6zstbiOI/mqdefault.jpg
c7b48780-35ce-464d-8b3b-f29565128b5d,Stand By Me,Ben E. King,hwZNL7QVJjE,https://www.youtube.com/watch?v=hwZNL7QVJjE,178,https://i.ytimg.com/vi/hwZNL7QVJjE/mqdefault.jpg
fcd45f83-2899-4cc0-9114-3e4cefad507b,Official Music Video,Spirit Of The West &quot;And If Venice Is Sinking&quot;,3tepxOAEBIE,https://www.youtube.com/watch?v=3tepxOAEBIE,231,https://i.ytimg.com/vi/3tepxOAEBIE/mqdefault.jpg
4271a138-b51c-499a-b7bd-e920f9bfcf96,The Logical Song,Supertramp,kln_bIndDJg,https://www.youtube.com/watch?v=kln_bIndDJg,239,https://i.ytimg.com/vi/kln_bIndDJg/mqdefault.jpg
b8b6442a-8cdd-4215-9df7-2ce1fbd8bc2e,Pequeña Gran Revolución,06. IZAL,8Ti1N9ECSXk,https://www.youtube.com/watch?v=8Ti1N9ECSXk,288,https://i.ytimg.com/vi/8Ti1N9ECSXk/mqdefault.jpg
f50f4b61-9aeb-4601-8ce3-f78b15e593a0,Fai Rumore[Sanremo 2020],Diodato,tPv9ZPXmFWU,https://www.youtube.com/watch?v=tPv9ZPXmFWU,226,https://i.ytimg.com/vi/tPv9ZPXmFWU/mqdefault.jpg
0009a8c3-b50e-490f-b295-729046940594,For What It&#39;s Worth,Buffalo Springfield,80_39eAx3z8,https://www.youtube.com/watch?v=80_39eAx3z8,158,https://i.ytimg.com/vi/80_39eAx3z8/mqdefault.jpg
2014f723-3d01-4283-b0d5-8df2d9abb7c0,Dreamland,At the Grove - Topic,BeZvJG4k-Ws,https://www.youtube.com/watch?v=BeZvJG4k-Ws,281,https://i.ytimg.com/vi/BeZvJG4k-Ws/mqdefault.jpg
1216a0b7-dd97-49a4-aa98-07ab1e8cdef2,You Are Not Alone,Michael Jackson,pAyKJAtDNCw,https://www.youtube.com/watch?v=pAyKJAtDNCw,336,https://i.ytimg.com/vi/pAyKJAtDNCw/mqdefault.jpg
696e3c1d-4492-44fd-a447-303c0ec10750,Smokyhead,Electric Octopus - Topic,PIU07YPHKms,https://www.youtube.com/watch?v=PIU07YPHKms,526,https://i.ytimg.com/vi/PIU07YPHKms/mqdefault.jpg
5e39de38-3d4d-4601-b200-83f8ed4f4087,Till the Sun Turns Black,Ray LaMontagne - Topic,HIu7sxhTcsY,https://www.youtube.com/watch?v=HIu7sxhTcsY,269,https://i.ytimg.com/vi/HIu7sxhTcsY/mqdefault.jpg
9212310a-a23a-4851-8c07-1e42fb723da9,Remember The Future,Shpongle,MCDZ_lgiK3k,https://www.youtube.com/watch?v=MCDZ_lgiK3k,440,https://i.ytimg.com/vi/MCDZ_lgiK3k/mqdefault.jpg
a287200e-9a2c-4a86-b979-b803235d1e35,Trippin Thru Tokyo,Alex Cortiz - Topic,Spw2QmPPl8I,https://www.youtube.com/watch?v=Spw2QmPPl8I,306,https://i.ytimg.com/vi/Spw2QmPPl8I/mqdefault.jpg
95d9ae0c-7f62-485f-bae6-5a2c4b56cf41,Age of AquariusLOUD! 720p,Hair,oRPNXfqALOo,https://www.youtube.com/watch?v=oRPNXfqALOo,298,https://i.ytimg.com/vi/oRPNXfqALOo/mqdefault.jpg
814d5e17-8eb1-41e8-828a-6410819d72a9,Rock With You,Michael Jackson,5X-Mrc2l1d0,https://www.youtube.com/watch?v=5X-Mrc2l1d0,202,https://i.ytimg.com/vi/5X-Mrc2l1d0/mqdefault.jpg
ddee0365-e07b-40e1-98ca-965e5ada5130,Makunde,Domboshawa - Topic,Gs_AGb1kwrA,https://www.youtube.com/watch?v=Gs_AGb1kwrA,554,https://i.ytimg.com/vi/Gs_AGb1kwrA/mqdefault.jpg
85d47308-e547-45e5-8722-dab737233daf,Danubian Sunset,Jazzbois - Topic,nXcQTMk-CCg,https://www.youtube.com/watch?v=nXcQTMk-CCg,323,https://i.ytimg.com/vi/nXcQTMk-CCg/mqdefault.jpg
5fd8b6f4-1235-496c-9179-36219108d286,Voodoo Child (Slight Return),Jimi Hendrix - Topic,L7UMubmfbH0,https://www.youtube.com/watch?v=L7UMubmfbH0,314,https://i.ytimg.com/vi/L7UMubmfbH0/mqdefault.jpg
05cd77d8-d55f-46b4-9fea-1c71b5c475ac,Abusey Junction (Live in Brownswood Basement),Kokoroko,jo7f059kJ-A,https://www.youtube.com/watch?v=jo7f059kJ-A,379,https://i.ytimg.com/vi/jo7f059kJ-A/mqdefault.jpg
6ed567d6-4635-4dcc-846d-1cf23c0bfd4b,Welcome to Kitty City (remake),toat,YvhArdsVVNc,https://www.youtube.com/watch?v=YvhArdsVVNc,109,https://i.ytimg.com/vi/YvhArdsVVNc/mqdefault.jpg
0e3fefa9-beb8-41bd-ab81-2b9d0d6e7661,I had ENOUGH,Biden vs Trump,1VdVnhlC9CA,https://www.youtube.com/watch?v=1VdVnhlC9CA,134,https://i.ytimg.com/vi/1VdVnhlC9CA/mqdefault.jpg
8ff2e96e-1f35-4535-938e-2370eaf8ab5f,Senorita Cover Version ( Shawn Mendes feat Camila Cabello ),Donald Trump,aVky4kfn4Z8,https://www.youtube.com/watch?v=aVky4kfn4Z8,136,https://i.ytimg.com/vi/aVky4kfn4Z8/mqdefault.jpg
63d5525e-3db1-43b4-8653-a8f0f1bf19ca,Blinding Lights (Donald Trump Cover),The Weeknd,slGYJfPtW7c,https://www.youtube.com/watch?v=slGYJfPtW7c,178,https://i.ytimg.com/vi/slGYJfPtW7c/mqdefault.jpg
f6cf0bef-6e8b-4199-9f2a-cb4fabf65d88,Bohemian Rhapsody (Donald Trump Cover),Queen,i05gKtHWjGY,https://www.youtube.com/watch?v=i05gKtHWjGY,188,https://i.ytimg.com/vi/i05gKtHWjGY/mqdefault.jpg
b429cc08-56f1-4eae-b194-4148084d09a8,Eye of the Tiger by Survivor,Trump,7sjZHvGkQw8,https://www.youtube.com/watch?v=7sjZHvGkQw8,223,https://i.ytimg.com/vi/7sjZHvGkQw8/mqdefault.jpg
03c37f3c-8ed8-40dc-a9e9-2bf225013cba,Bling-Bang-Bang-Born (Trump ver),Creepy Nuts,WsPaJdvBzhE,https://www.youtube.com/watch?v=WsPaJdvBzhE,78,https://i.ytimg.com/vi/WsPaJdvBzhE/mqdefault.jpg
f7b82042-bee5-45e8-a07e-a0299b3e3113,ROSÉ &amp; Bruno Mars Cover by Donald Trump,APT,0sLEmLVRB4c,https://www.youtube.com/watch?v=0sLEmLVRB4c,163,https://i.ytimg.com/vi/0sLEmLVRB4c/mqdefault.jpg
e76b5138-3afa-40b2-84c1-35093fe25a58,I Got You Babe,Sonny &amp; Cher,HKGjCPBSG38,https://www.youtube.com/watch?v=HKGjCPBSG38,192,https://i.ytimg.com/vi/HKGjCPBSG38/mqdefault.jpg
bb12d367-2b7c-4f2b-a4f7-908a8c6d366b,Havana ( cover by Donald Trump ),Camila Cabello,74gx0v5ZJzw,https://www.youtube.com/watch?v=74gx0v5ZJzw,153,https://i.ytimg.com/vi/74gx0v5ZJzw/mqdefault.jpg
fb6fc2c7-42c5-4552-be4d-84493d32d232,My Girl,The Temptations,y3KJ7d2qBoA,https://www.youtube.com/watch?v=y3KJ7d2qBoA,165,https://i.ytimg.com/vi/y3KJ7d2qBoA/mqdefault.jpg
13973bdf-6652-4b03-af0f-02cc904054fd,Delicate (Sessions@AOL),Damien Rice,dRPwFAoQwxc,https://www.youtube.com/watch?v=dRPwFAoQwxc,315,https://i.ytimg.com/vi/dRPwFAoQwxc/mqdefault.jpg
581f6c18-e5c7-4329-9c76-2c30346b8892,Long Long Time (Remastered),Linda Ronstadt - Topic,OADhKjNz8mI,https://www.youtube.com/watch?v=OADhKjNz8mI,263,https://i.ytimg.com/vi/OADhKjNz8mI/mqdefault.jpg
35b3ac9a-2546-4080-afa7-fd18012e206c,Hoodoo,Muse - Topic,8jWw0Rr47-M,https://www.youtube.com/watch?v=8jWw0Rr47-M,224,https://i.ytimg.com/vi/8jWw0Rr47-M/mqdefault.jpg
35dc4e98-f5dc-4682-a7fb-94a21d400ed4,Heaven Now,London After Midnight - Topic,xOxb-nNoLPE,https://www.youtube.com/watch?v=xOxb-nNoLPE,329,https://i.ytimg.com/vi/xOxb-nNoLPE/mqdefault.jpg
52d3460c-fc8a-44c1-ade1-0ae24e4c6180,Morgenstern,Rammstein - Topic,pFBgHMbrQK4,https://www.youtube.com/watch?v=pFBgHMbrQK4,240,https://i.ytimg.com/vi/pFBgHMbrQK4/mqdefault.jpg
f32c04a9-5f57-4870-bb85-897f571f05e2,Bjork  I Miss You   Post,Rj ism,tMJzR7lFg4s,https://www.youtube.com/watch?v=tMJzR7lFg4s,244,https://i.ytimg.com/vi/tMJzR7lFg4s/mqdefault.jpg
3e0626b2-bfd6-4f0e-9fde-c42195a706b6,Spider and The Fly,London After Midnight - Topic,tJu1N5RdDeU,https://www.youtube.com/watch?v=tJu1N5RdDeU,333,https://i.ytimg.com/vi/tJu1N5RdDeU/mqdefault.jpg
1f477b5a-bedc-46f6-916b-00ca1462b632,Running Up That Hill - Official Music Video,Kate Bush,wp43OdtAAkM,https://www.youtube.com/watch?v=wp43OdtAAkM,296,https://i.ytimg.com/vi/wp43OdtAAkM/mqdefault.jpg
76e9f650-69cf-4c7e-acb5-506a203d1ac1,Berlín (con Leonor Watling),Coque Malla,MoXmhtYclXA,https://www.youtube.com/watch?v=MoXmhtYclXA,184,https://i.ytimg.com/vi/MoXmhtYclXA/mqdefault.jpg
886ecaf4-130d-405f-95c4-7b3e5bf5ba80,The Wonder Of You,Villagers - Topic,IF9k5lan35w,https://www.youtube.com/watch?v=IF9k5lan35w,169,https://i.ytimg.com/vi/IF9k5lan35w/mqdefault.jpg
8a4cb467-5d6a-4828-9f0c-c67fcceb40c5,Another Sunny Day,Belle and Sebastian,rx08E0b0Rs0,https://www.youtube.com/watch?v=rx08E0b0Rs0,245,https://i.ytimg.com/vi/rx08E0b0Rs0/mqdefault.jpg
d3f8f3a9-cee8-4ce4-a1e5-6758b66c49fc,la vida la vida es un carrusel Letra Canción Viral de Tik Tok,DavidRuizG,mcVmtfuNwUQ,https://www.youtube.com/watch?v=mcVmtfuNwUQ,123,https://i.ytimg.com/vi/mcVmtfuNwUQ/mqdefault.jpg
7d981d0a-c91d-4a03-a473-b9368cff13e6,Flor Pálida,Marc Anthony,3VmoZrxXbmg,https://www.youtube.com/watch?v=3VmoZrxXbmg,298,https://i.ytimg.com/vi/3VmoZrxXbmg/mqdefault.jpg
c2321884-b7fc-4b1b-843f-bfa4ed43faa5,Fabricando Fantasías (Version salsa),Tito Nieves,s3fcKFQukbY,https://www.youtube.com/watch?v=s3fcKFQukbY,275,https://i.ytimg.com/vi/s3fcKFQukbY/mqdefault.jpg
35b2da59-eb06-4265-be8b-16bd387dd571,&quot;Deje de Amar&quot; Don Felipe Muñiz &amp; Marc Anthony,Marc Anthony,o0b48EWd0iI,https://www.youtube.com/watch?v=o0b48EWd0iI,195,https://i.ytimg.com/vi/o0b48EWd0iI/mqdefault.jpg
dfdbefa8-bb26-46bd-a64d-90a3dd2369ad,Salsa Bàul 2025🌍 EN EL BARRIO VOL 7 🌍Dj Franyer El Salsero Latino 🌍,Dj Franyer El Salsero Latino,1PNFIbD2qGo,https://www.youtube.com/watch?v=1PNFIbD2qGo,3949,https://i.ytimg.com/vi/1PNFIbD2qGo/mqdefault.jpg
a00a2187-d565-47fe-add5-825feded2009,Corazòn de Acero,Yiyo Sarante,RUV55lGPGaY,https://www.youtube.com/watch?v=RUV55lGPGaY,225,https://i.ytimg.com/vi/RUV55lGPGaY/mqdefault.jpg
