id,fingerprint,username
eb25e8c2-0c14-4251-af31-5815e29136af,03e7fadec6d221a4ebaf260e97c98d53,TheBuzzingBee
7284d072-1170-4df5-8c28-7d641733a0e3,3f878901fdf16001bd0909bc474e53d4,TheGibberingGibbon
a378764d-fd84-41b5-9d70-9a45ddcb25e2,df0a13cb09a289ba8d24cbfd19c48d12,TheStalkingStork
6548af85-a074-495d-9e80-e3deba231f97,447c128d798195aa65c5f3947657285f,TheSoaringSeagull
460f52f3-8f00-47e6-9a99-9101d4f6810d,6c5e197e3e190b750db29cffc7bacf8c,TheWackyWombat
0978b2c9-6ca0-44ce-8801-159db630b4f1,56aa24f9b211db35e869ea0bf6ad5bb7,AdmiralAlpaca
6fef44aa-a46f-4eb6-a941-f98bd7efa03d,e65dd7aa9cdb8128a12e314674cd8cf5,PrivatePlatypus
6e6ba8db-224f-43c0-9710-686b8d2cef94,8206dd871c95c94ac8640dc4b5d6c219,PrincePenguin
f1628ccc-2d2f-48b2-a63b-c9d2b29829ff,cd5dd52c236313ccfb80778fba2a05ef,TheTrumpetingElephant
26b2ca22-fe0e-4890-ae8f-c2527299dae2,71c83165253e0ef037a92873edbdea59,TheDapperDolphin
2e18d242-4cae-4861-93d9-996900d5151a,308c4446d96ee7ae415c978d5c13f852,TheCreepingCaterpillar
302a9981-40b7-49b6-9bcc-391a1fd610d2,15585ad514595440c442186a3d8b65b9,TheGrumblingGrizzly
8981765a-2099-4ff3-8178-56c45595e28c,4c8b894349701de0c3f40d7490f2f454,TheHootingOwl
1e1e21c9-0c59-480b-81bc-13f33ae07cc0,6a87ab6e006c5d248e039fd8518702a1,TheLaughingLlama
c0abae67-0eba-4ff8-95af-57bdf25e174f,2ea0271fe2f5c89618913e3e94e8d85c,TheFloatingFlamingo
71751a31-3437-441a-a028-db39e56be01d,ff06c4db6028bc536def6f8de0653459,TheSoaringSeagull
9dc8728f-1462-435a-8ba2-384d556bf2f2,be2a5df6c5dcb91d3a7bdd670c542fcb,SergeantSloth
698476ae-5e47-4881-84b6-783594b0ce3d,46b3f2f312c0304860ac25a6ea9ce0e5,TheMumblingManatee
9e77c1ec-4c4a-4b66-bf5c-68c7c6953806,e8f2c9bae313c2349d52b6b3e147fb32,CadetCapybara
94f5f1a0-d518-46e0-bd11-6272f05b511a,c932a20572eb109b81437280b40843a7,TheWackyWombat
04010529-350e-4637-8bd3-f70bf6661091,43be8025f49da869a60e9ea8d90aac6a,TheChirpingCricket
d1c54325-8175-4832-b678-af972a06e990,6fea529a24b45c92cab9e5bb689dddf2,ExplorerErmine
b509c3b9-2044-468e-b9ac-c1a694379e3a,85ed8296f58319f2e195ddead07396d6,CadetCapybara
9d76f7ee-ad99-4b3c-9a2d-8f895ce5e748,c68ea31eca51aaaa9eeebab3a30bfa45,TheSwingingSpider
673e818b-bfe4-46de-87ce-5cf90b4abbfa,0de205241253b23efdbe901e8683ac81,TheTrumpetingElephant
d96a0fa9-f3b7-40ac-9d3a-b58294119da6,a41201e3aef77d88b2d74b078433fd6b,TheSwingingSpider
4b22f165-7f3f-43a5-95c2-d309629c5741,da1c45c41290276eb35b09cbc4040acf,TrailblazerTapir
7316da2b-1608-403c-9fb4-e9a036e4c1e6,2b924cbafa99f8f46c539c42f3cd4595,CaptainChameleon
79d0a9a0-02d0-46a2-a3f0-b11db8b6c3d4,7ca97d0827694c85eade3c2334c895bb,BaronVonBubbles
5c4a43b4-dab9-47ad-aff0-d6146bdb9371,24adc3bbf8e8e21526f1f26d0b20a30e,LieutenantLemur
3853fbd0-b1a3-4f2a-b90a-da3db4d1c11d,cadc65d0ba4449aa5d041924d72bb798,WardenWombat
4fce19ac-70fa-4967-9017-2012a63fe24b,60dfcd869aecd4f976dc687d21013e7c,PrincessPanda
6678590a-9b83-43ee-ba5b-99c1679faeca,3c29b1a4651c0323f6bd463d42ef2318,RangerRaccoon
23af3e55-c4ca-4e8e-a8b6-fb7467c9542d,ad171a0803fb72a2557dcf40051ecc97,TheWhisperingWalrus
bded2244-7a95-4c38-9eb9-525c03d1acd1,7648ec675786dfed8bebb733d9816ea7,TheHoppingHedgehog
dd64fd79-b750-448a-b1ab-4d12aab68a81,1be9626016bde710f1c68c961959f884,TheBouncingBunny
7c2b3dca-b911-4007-be52-7b44c4ab8747,329fb23bc83197c4bcdf4c893e8ea5ae,RangerRaccoon
5f0f4a9c-9351-41da-a5a6-7ab5b0b99014,9d2ec1b6383d0744f06f59d296fb876a,DukeOfDoodles
5228ae0b-e0cc-4018-a403-829adc7bfb37,5900867febdb5cbbbd3f145c8dd3e90a,TheJollyJellyfish
b88bb281-b28d-4b5e-89c8-e9ce986a8998,c68ba641127cd83b62d1b94aaf4aa9e6,TheGibberingGibbon
563d529b-a948-49df-8b29-0577e527cb77,858ae7de23ea58ec28fd2679d40e8c33,TheSqueakingMouse
e05668a5-819c-4ea0-abb4-d7ea66d38c07,4970235acf4806ac44bd6cd141ca56d7,CountCatnip
9d1f624d-2431-437e-bd01-8ac4778bf3c7,03677cf5557d87bd4fd1cf1e52a3c90e,TheHappyHippo
118280a9-d832-4110-becc-b50f78fa8c92,3706b8b3f193f7d9e2597245d31e984f,CaptainChameleon
f4e8f26d-6b2b-408f-98b7-ce8a0def6d28,b1c550fb50d1f03c4ca8b570ae6f3d7c,TheGrumblingGrizzly
308b8109-870f-4837-8ca0-3f45398b2191,a12ffd79c7c69b4ce0dc0fade2000dac,TheSingingSloth
15e15447-3153-46d0-ab5b-c011e99c2d03,993b2a904215cb3130ff8d65629dd28f,Lycovian
05ab88d0-a1d5-451a-bcab-4b46c8bb23b8,f1d80fe69f1953b7219505ac7f47bdb1,TheWaddlingWombat
26824cee-0bdd-4c16-939a-6dc67576bf8c,b981fcf915d6582e77902e43d1635ce3,TheWhisperingWalrus
bb856eb8-f71e-4bd3-9ee5-94b050b85d28,acf944544fdd91895ef47fd33062ef0d,TheHootingOwl
f051f897-cbac-43c8-8483-ddcacdb6ff74,5c65f0113616adaead16780a77efe0be,BaronVonBubbles
0cedd1ea-e078-44e6-97ab-f2a6cd5f8c55,c064202358a5c5e1f40bd216344e9ecc,DuchessDuck
a611677d-77fa-4cee-b08c-685edbda3ce5,6faf0901f2d3f078121556f79498a5f5,TheRoaringLion
2160d118-f690-4d80-96c0-7f4bd2042aea,63bd19479215121d56f94c8daa5f27b6,CorporalCorgi
82b2fe48-e567-4e98-860a-b420ab0b74b1,9001d3bfa9ce025fd42ee52a70a70d8a,TheMumblingManatee
a9d1d013-b2d4-47ac-a354-baf9a9b136ca,1e204e410cb2294d6ce91db838297333,CaptainChameleon
d65a15dd-8626-4286-aacc-b1d64c32b2dc,49b195580f52d358dffa2b2408b94aaf,TheBouncingBunny
8bc5ae6e-bd96-4546-a862-de7b86fcc6c6,0c49a4b106d9c43893edf25ea0d7f64a,TheRoaringLion
d7b26b4c-bfcd-4b3b-af0e-9f1fd858e621,4d5cbadb75f88a1b8d43919a1a3d1269,CountCatnip
7f19fe64-2bc0-40f8-903c-89e9177f7d43,a8092e904b557c153c68013a99a6adbc,PioneerPangolin
c0c39ad5-34a8-40d9-b29a-fe4c3c69784b,d4a3a4221e1e48d5e30ac1223c596714,TheHootingOwl
6de70149-c2a2-4bfd-89f9-1b3207f591dd,dac405e1d95db79fb07c35e300e223b3,TheGlidingGecko
fea06de1-c34a-4142-8bbb-deb4060a31f5,d0c7e32716445e4d909ffcf750519c14,RangerRaccoon
68674eac-6edf-4c58-9ab1-fb8c8c59281b,0fbaaefd1148e75c346bc735597c63fd,AdmiralAlpaca
c221b870-9c9d-42dc-82f2-25eb1e54d89f,ce39e107a3fde46f3fa68bd3603a8f9a,TheFloatingFlamingo
29693380-7a29-4a19-b1c1-bad6f0a752e2,eec3cb607545ebb76f8e187d63ad28fb,TheSqueakingMouse
c717ea06-079c-435c-8dd7-e5ee896192b0,20633ac7bbbc9e4eb6c3e04445bc5fd4,CaptainQuirk
2f29759b-8f33-48af-94d2-1e01c113b16d,7092d41e12001944c4e8bb9c5843070c,TheMumblingManatee
483ce7ec-2798-4f5a-a777-6971fc2ce89b,46034d20b747bff20e3cdc6690fe5baa,CountCatnip
12f33889-49ba-4bbb-91ca-c74447f108ff,1bd4ec7b7b4925645b8de3a8f1bc719e,TheHowlingWolf
25c37b5a-cf21-403a-83ed-24e7a38ecc6e,84c4013ad8f9e5d3d81ab6a3c6fd9dd1,TheDancingDingo
16612d51-5e55-4fa0-b818-f1a8e7513801,02ae4d29e6b42f607e520846eb81ce3b,ProfessorPixel
6312b805-5e82-49e1-9d0e-9924db516714,6a3820f9df9e7b363bf8368e17e38a21,TheWhimsicalWalrus
f0149fe2-bf62-4bf7-b306-5d41a8ad41d2,15340f76c8e1fcc44144e67b2678b49b,TheSwingingSpider
2f56a950-780b-4847-9349-fb20173eb97a,0e3591d9a182310f4776641986158643,ExplorerErmine
a8f9c99e-f4c5-4786-ae1a-c4d8783e22b7,d0a099a901178e17960893051db84c95,SirReginald
2a08e754-acb4-4dbf-afb1-022612874495,585e39ec8b3bf20a43df570959feede9,MajorMeerkat
b4e61698-4b54-4391-83cb-70d6308af64a,ae089731da706078c3db35dcd4fc182b,TheSqueakingMouse
6d080b3b-8053-468b-aec0-4abcf52bc144,988917a148e1341dd33aea8ae88e5ccb,TheWhimsicalWalrus
516c6297-bff4-4105-99ed-dc08d05b8e1d,cfeeb45920c8db6c1d288fde677b97cb,TheSwingingSpider
38d7bb62-9b76-4dec-a267-dc48f91d83b7,734c47f0d685a0d9fd0f5bed2ca80e17,CountCatnip
0774f217-8874-40d4-a996-fb392d4bd3b2,dd93e57ef514ff5cb5ae838e7f6e0474,TheStalkingStork
9f5ee09a-ad5e-4532-b437-33024d04a84f,da03bc3c8c10760f2794fd3486c49f54,TheSnortingBoar
35fa1895-535d-4e32-abed-e4e702099082,84f7473ab87fd800c984002dff8a5fbd,EnsignEchidna
3eadf04c-2172-45ec-894e-56e3978fcbff,8f6a68e55b9ea0ea9cc1b48145403a89,VoyagerVulture
00a0fdd2-ab00-4d52-8629-267646c80c94,6123c237894f4e7051ebf6c4844202b0,ExplorerErmine
571a635f-3b4e-4d6f-8631-1efd31beb8c1,161ffa85f957b12edf9b41319f10f324,TheBabblingBaboon
95aa29d8-8b37-42a5-a3af-a5278c98bfc1,ea36a3001d0cc5f3a35b30a5705e9785,PrincessPanda
d1ffcd41-51ac-4a77-a7a1-e2a7b7db0766,56ee7fb60e139757966b07764791279d,CosmicCucumber
8edb0507-c855-41d4-8dfc-8396cfbc2bb8,1484b85aeefded1fd47bcd876e33f58b,TheHoppingHedgehog
2548c49c-c869-4be6-922e-d27da49a2449,d18a3f7f67fdedd1c0352b7b930dc6fc,TheGallopingGazelle
356bf735-c3de-4175-95eb-9ff60cb0d591,6da3a2344eed9b12265f9cf3a41d195e,TheMysticalMeerkat
89f3adb4-d173-40eb-a741-adf07401f000,650616ca386174ce9a2d677507ff9363,QueenQuokka
150b0dc0-15c8-41dd-9098-78994dec9331,2279b9487e6b4977c5558cfc4dae1def,PrivatePlatypus
8fcb9b0f-e78f-419c-a893-040f49b2b72f,e2c325643ce945fb5bece51094a309b4,TheJollyJellyfish
f2cf911e-e1c7-44ad-8127-81c62f001ccd,6c49cf2c6f01b13767ea5155a05d44c7,TheGlidingGecko
192196d9-e7ba-4305-a3a7-4f46972c5cea,a93fa366a437fee8da381c6f117d3c77,TheBellowingBison
fff73ed0-58d2-4a59-a319-cc3261e9f05f,9bc212142de403a46f2d306aeed6fba7,TheHootingOwl
baa41fb4-f4d1-4420-9945-e5344ab62281,8f78d501b32d70f2758ee926dba9d02e,DukeOfDoodles
001d8084-47a6-4e14-bdf8-1c5c079deee5,406d6beee30a7f94297f35540a123297,TheSingingSloth
d8da7c6e-24b0-4571-93de-c1f8e33a31c9,e13b2cee35aa522eaf753a8bba841d31,TheWhisperingWalrus
3e5b7b91-f967-47d0-b828-c1c53863162e,5dd1275e8c87a26352423b53a0a57624,DukeOfDoodles
30c3d526-82ce-4d69-aec5-894daf3bad68,e771482621e21cebd34e7f9826a9acae,KingKoala
315dfc6a-092e-4ad5-afb7-41cbfec178b0,9b01ae396da4d198539f6c5f818c6353,TheJollyJellyfish
7275ef2e-54d5-4df9-b38b-d8b47559c5da,fbc96b3ed86b29e5c809c27e109c497a,TheLaughingLlama
e8163d03-a85a-4e6c-ae85-488e3de451f7,3d0cbf2aa43ce11a6e9cca33115f1a75,TheCreepingCaterpillar
a0784d06-ada7-4eba-8187-3cf1e5665271,a4fb8aed153d1158c7d1afbd2db05a94,WardenWombat
be3c3d64-fc5a-42b5-b72c-61001833f53b,0cffc3db981a8cbe1038dc1b1a786e32,PrivatePlatypus
e800510e-0a2c-4a09-8c24-2442e3819150,9b39417030d9e6b4baf2dbbb474d0bf8,MadamMystic
25422bd2-058c-4459-aa4f-ba3e53adf49d,3de9cc4a4566f3ca34647cf50f7b8d22,MadamMystic
6d6050b7-1321-4bab-9efc-8cd5d8125170,0666d1bc3d4aeb2cb25d2ac2974fdafa,MadamMystic
93ad4ab1-f529-4b81-acec-8f276e9db7d7,b9e56c178f47be4430710aff30ff723a,TheWackyWombat
e785a050-4638-4349-84aa-670aae9f2838,8d325497c981d7d2be843d3540745e9c,TheWackyWombat
edebeb06-521a-4451-98db-63d5c927bebf,57d40899265edf47041292d7ecb244a6,TheSnortingBoar
6f3266bb-a162-43f8-a1e3-18232f40a5eb,73c563aa442fa356afdf3f11b7abe888,AgentArgon
82511f79-239b-49ac-8195-5cb28d6e2b52,0c4fdc68931ed789db1ece83db78f76a,TheQuirkyQuail
78ccd903-80da-46ee-b368-3665d0fd5ab5,998c88d6dae3ec1fde5773358308ac28,TheSingingSloth
52313c58-3a53-4bbf-8c0a-eac14a99bc35,d1ea428473fd8a1fea1b9efcec824212,TheWackyWombat
84c5e6e7-09fb-44f6-94a8-eafe91be154c,45f9d963785aeea17f8e6a8526ebdbb3,MadamMystic
2c3ecbd8-cb69-425f-97ba-4acbb16e71da,7cb6d560e0e43d883f4462a90c9b5617,TheQuirkyQuail
03bc9eba-4f27-40ea-a335-529c96847b20,f46e7339f98955d79dd90457dbe6f75b,TheZanyZebra
e442bb48-a6b9-4587-a846-9e5518287c73,34d636b25583286fbe9107e6d9856c3e,TheBuzzingBee
74abee82-6b29-4339-b9bc-5f0f8795a4c2,02250e53035a45d1dafecc769e1b17ee,TheHootingOwl
a1192db8-ea2e-4a21-9664-c4399076c0c5,c4dfcf7c6b053a287b87d2797d32bf2c,TheSqueakingMouse
32bfea43-a12f-4c8f-9257-078bbb2cf41f,b7925e1dad778c4ef645f2dcb8a46247,TheRoaringLion
551fe429-439a-4d4a-b2b5-5926d35842dd,8b84d41651d699209ad7d3c649965f5f,WardenWombat
222c0766-a795-4c13-b1dd-6a878576c757,07296a3733c402a523a8093314ffe9f8,TheWhimsicalWalrus
9bc573b7-3c48-40a9-9916-c59ca8fa0eff,1ffffc8c53fd3c7e9ae60e33c72616a2,MadamMystic
79663d38-deff-4e70-b8d5-323cac3ffc0d,a541c4b53337aa45afe76bd89353d9da,TheSillySalamander
7bdd262d-ee6a-48be-a6f1-cd6a9c855f8d,6c9d83a48d5ae4523f41eac944ae51e9,TheJellyfish
8e231d98-96c8-47e5-a5d6-9d495b13c134,abfbebf51ebb036d302c6b4b9eab607f,TheJollyJellyfish
71a1451f-8ffc-49a5-913b-08ba665eaa8e,1761babdd61e3b736fb71cdc61f86e14,BaronVonBubbles
0103efb2-56ec-493f-b721-6f132b5943d3,db0ddf7da2cb2c5795c449a5e1e8785d,TheChirpingCricket
8f2cca82-ee21-4291-8874-cd6152f89db4,fe7294a2fb989583ef8bc7a4c5797c2c,TheZanyZebra
d64b6dfd-3a47-4633-9257-94dc788cca89,584388d0b3b8939839605c6409c1cd49,KingKoala
19df5cd7-402b-4c32-9229-c2e48a99e237,6df131ba093e9b6311092efdc324e2c1,TheSnortingBoar
a6cd33ab-a40b-438b-acbe-fb6a49e2f43f,8b135d95d85f9ab9d8bb9873a15bbcf3,TheGrowlingBear
975aa54a-a102-4c1b-81e5-376f2aba3f8c,7a2ee8f4a69fe7fe3777f76b5819942d,TheWackyWombat
4b775d58-9c43-4bec-b65c-2bd43d50d0d9,998ce8ccb44900e15b8c0722a67359e5,CommanderCobra
1a717b07-4f7a-4744-994d-bdd2e4132b62,ee0aa49793f592a7c14ae1cae9c8fa53,GeneralGiraffe
fa006273-aa40-4b68-b789-c0c88ca23945,b6270e405ac97e46feee17747fe9bd32,SergeantSloth
56e050e1-724a-43e6-802d-2cb0ca23e5a3,9fe8f483672a762f91d0007ff736e935,TheHappyHippo
51e180a3-d557-4b35-b49f-2a1c749df925,6d727de68fa675edb1f95cfb1ee93874,ProfessorPixel
f342e8af-1161-43fa-a86a-a028df68893e,bbc675bf98f08b6a7d0fa503a47fb11d,TheLeapingLemur
5f46a341-6aad-43c8-8f96-505013a2f653,26acc6905b577c6348ac5c0aa2721887,MadamMystic
5e5423ee-dc42-44c2-a032-ab590a9074c5,883b6389715ea67e7561b5b1ebf06871,Nicat
3a477fcd-8e3f-456d-ad53-0a14eec5b2e0,1309f31b1de6b1020a511f4bd6695bce,TheWaddlingWombat
b98bdc4b-fe93-43b6-9de1-5917212029be,b095cff5fe14f965200ea564e3f04932,TrackerTarsier
45251541-7315-4c76-94d7-0cbfd9aaa93b,7fcb129bb637a328aaeb9f597822895c,TheHappyHippo
d21cde87-d9ad-45ee-973f-4a9a9b21b609,81a618004121a721d985bc074768363a,BaronVonBubbles
d3e756f8-4e48-4921-a473-77a0b8df8a00,74e60c5fe491449961a442008657be15,PrivatePlatypus
3a28356e-6700-4f93-8149-c0c3a8f37e50,b76ce0af4a1c93deb6d9f0ee78d26d04,TheStalkingStork
af647e39-8669-4569-8298-7818a6bee5c1,6b8f50960dfa49439fcb26f071a5c7e7,ThePrancingPony
82c80996-4cc2-4630-a798-3d4faae2ce88,4504cdea1ba8c17380e6df3c3fe69357,GeneralGiraffe
e55599a4-02a3-40b5-9a8f-0eb8d1fe2358,af98e9068ef8279eac8b13eff0a8f85d,TheGibberingGibbon
74bfaa8e-4252-406e-a98b-d397e2af299f,c2130946ada3d14820d06518999d4db6,ScoutSquirrel
71690d45-0f28-4e9d-8608-f7686df2e8c3,5d011a84ac0ab4dfb43965aa22d1c9bb,TheCreepingCaterpillar
5fe55496-ff8d-4629-afe2-c137b2402d44,5535e03a57ae5fd7705f4fed280c2ee2,EnsignEchidna
05a1cb83-acd0-498c-9ddf-1dbb84a2a395,b17e375fb953522502e5f2f7784f7421,ScoutSquirrel
f2cf1436-e1cb-460b-91f1-fdf246ee41e6,6c155285b2f22650afdcf3e715647e26,TheWaddlingWombat
028a36f7-37a0-40d0-a50c-b1d327f79f17,33c62cb06f210234231775e3e17a0ed2,TheWhimsicalWalrus
b858654b-358d-4874-864e-6c45b9919c4c,1e301988f1774f0b8ae6a26228d287d0,DoctorDapper
b361f2ac-9527-4461-a638-edcd7e78dba9,ca107d526ff6f2df8d8618d05fab65bf,CorporalCorgi
93927465-3a06-4cb8-84e8-5559aad2395f,6ec5397007320d03891d2c85f3f2bb91,TheStalkingStork
cc42fbaf-65e8-485e-b440-50d6f59d6605,900fcaf98d80262de19a8d1f13d98631,TheWackyWombat
c4a710b3-b4b3-46d4-93ea-8aec3af23ea1,0a84fc5ac9acc23eaf67b5bd0605b955,TheCroakingFrog
062d32c3-0237-4969-b3da-5f9a6d6822c5,066ac35d739440b4375ff3962eac38ee,WardenWombat
303f8670-268f-4a89-a8a5-f108580ad588,3091cebc120b9995355e708c8f3cc7a4,TheGibberingGibbon
fd5b1959-dee8-4f64-bc39-6087828ed12c,c15d4cca51f9f453fc156c4035ccda19,RangerRaccoon
69ba03a6-890f-4310-940a-4a6bffaf13be,3c6a320b7659e52019d09c00589e9f89,TheJollyJellyfish
0530de8d-29b4-4a22-80d4-aaa7ce5a7a54,c77856a9a22eae70a92b73a3ebb85de9,MajorMeerkat
865b5aff-a4a1-4c75-9b4a-c51b0be685cb,b78b839bbb46d959b8480641c7cc3b05,TheSingingSloth
1b479423-20ef-4676-8df7-b6691f2cb5c8,17c2d44da09dd2563921fd74efbc7956,TheWhisperingWalrus
8c4d3d87-4673-4c6e-94d4-879a9a08a617,9b831ecf66c3a4d314901617a1c60f2e,irani
1579d4e3-d80b-46d9-9ad0-11e9704130e2,7b5ff7cd199afb12b38a7517e76daa62,TheJellyfish
be635aef-6024-4f43-bfb2-865891495bd1,7ee414537713cce9cf09201ac371c070,GeneralGiraffe
97103d0d-a606-4927-a37b-ebe6fd97fe26,24092e8d606b1823ad8363da262536e4,TheJollyJellyfish
073127cd-4bd8-432b-af8b-7e9b10b2d6a1,60c6e4285072b7a76299151443a4e007,PrivatePlatypus
77e5ecdd-7cac-4d66-a01a-f5276ca57f70,ce5e4f0ad65acd71aa9ec3eb26e2a82f,CaptainQuirk
9cd291e3-5746-4344-8540-bc9c2fe9a073,f6370a286a72cdb1d851cdb6c8bdbd0e,SergeantSloth
adb25dd8-ca19-4934-80fa-3cbd3fd2b09f,8d3454113f8316eb3a12eebc8f3c65c2,KingKoala
e4f3c963-cbf3-410b-a76d-95dd24005a66,5d397f845abe19e31768e2bf7ad07cac,TheLeapingLemur
9390fb40-2ee4-4985-af7e-0d033fd066ba,f14ff7512683874fd31b1d468ebb7095,SergeantSloth
0fa9d581-d238-484f-85c9-b23fe94aeffc,c387ae0e54eefde395867401d7cb0022,CountCatnip
3c9f75e1-0f8c-499f-ad3b-de810c92925f,ec6948e44cabd21a243e3fc0394bf364,PrivatePlatypus
79bae7d3-70e7-4f29-aeee-78c72c6351d7,cebb2c3f9f53b81b82dd1cf8da0a4a95,TheZanyZebra
99232d4e-36f0-4bae-a739-d1fce01cbb9e,a8d8c75b6f4b369930930a2182791400,TheFunkyMonk
afe6ad86-eb58-49e4-9d89-809f8e7027c1,44305eb8864737ca5548299e20f750c7,TheFlutteringButterfly
9a73f947-be19-4b8f-ab0d-8b416dbda19a,88354d259587cf581cce5cfabae2466f,ExplorerErmine
14d58362-6c8c-4a4f-ac23-6991f2adc8f8,d3d85d00eb914b97fdb593a82c94cef7,TheMysticalMeerkat
227d33ff-23e0-4247-ac31-052c9177d538,169907b3c9faf0ef084bc4f1c3b28315,TheFunkyMonk
30ba3f54-b6ef-4eee-a8c2-a04b7d85e645,c4644f1eefdadea9ea4632639d9af7b1,TheGrumblingGrizzly
fc900f91-5f4d-40d2-827c-d0d2b1067379,2055fe71ed757f9bbff89fb02e8fe7a8,QueenQuokka
f4cb7366-332a-4285-acf0-1edbfa059158,9c6cbbe76ff7b36e92802b5a9c2d9fb4,TheWhimsicalWalrus
0f91bbd7-2c1e-42da-af2f-c06a3f600a15,fe990d3c38bf4477959dbe1fd6ddcdcb,TheGibberingGibbon
3341c540-b535-4c1a-beaf-8a3e97f173f0,6657a183c1372a49a4146348eec2ea83,Soman Talha
544aac0d-6c77-4871-9663-b63c118d7b50,898cd73690b89ee8a6505b20b3bdce48,AgentArgon
b07d296a-cebb-4f8b-994f-9add0c51da2d,9fed74b4be871ead84701551813459b3,TheWhimsicalWalrus
fa5c98f9-438e-4d4e-94e6-79ee32b4f881,08f9e278529599ef7543b8cef8df5664,TheDapperDolphin
acab9c3c-b84f-4799-990a-97f03c634336,df3f901ef838480a626b6513de614124,TheSingingSloth
014a472c-4c7a-40fc-9a85-b1cea6413e76,f257426af5a9f07e660f00a9050e6c05,CosmicCucumber
a13f7ef7-5462-43ac-b37f-e7e42f1ab76d,610fb095207983087f509e7edc0fe57b,TheGrowlingBear
d4f81852-eaa7-4a0a-adb1-eed5d879ebb7,e79b85914b8c0ea274672a47dbbfc6ef,TheFlutteringButterfly
934a948e-a4d6-41ac-b4fa-196c2b80e607,4c290f79b0c1004b5a441a6dfc41d25f,TheCrawlingCrab
03f9e3da-d032-4e22-baa9-9e9b9d857438,1e77ba30205b410f1b0cb4d47efb7ce9,AgentArgon
5766ead4-a6e5-4b23-bd31-37b44864eed3,e8868446de234508f47ef44d57b8c07a,TheSingingSloth
ba854e2b-3239-4b16-9da2-773358661a74,94c3019bd51472b67fd21e49c7d257c6,TheCrawlingCrab
19a8005e-6e15-45c8-abb4-2be261dfceec,b4885cec4d80c7376c666ee1667a8498,CountCatnip
916738ce-520a-40eb-be0a-df2cf294b824,588e814d5d3c56beb5d6058ed4be44d2,ExplorerErmine
f8ec824c-c2ed-4f5b-8201-5b1831216c81,de867b65ceeb11f02365f8c750607d0c,TheLaughingLlama
4743eb52-58ca-4f68-8938-dc4f70f71a88,e68b0b44b1965dcafe019c7c41587db1,EmperorEmu
10f57f32-385b-4fc7-b0c0-c0f40a05e0f0,eea145d4c59b09055e683378fbdc7347,TheQuirkyQuail
ab88e255-a9ac-4309-8bf6-f63b68285f09,270036eaba8407d252d1b0d6f6da2fd4,PathfinderPorcupine
2d91497e-128c-47e3-a0bc-414dc388a851,b2182b1044e0390f7d495f61c6284c73,MajorMeerkat
927ba5ac-62bc-47e2-a538-cc7f37380b13,20236e2f04df7e24fe6fb09c1cf74ac2,TheChatteringChipmunk
f5079982-ba03-4d45-af52-815b3af31ed2,31509fe7f3c652fc382410d20ef6b7e6,ExplorerErmine
cfb2c044-87cb-4401-8cf5-18c0f49d09df,9c442cd5ddaddc9f0621916b9a80dae7,GeneralGiraffe
eea2fe85-4f26-4671-b96c-cf8a4aafa9c0,42e79b0de1a135baccb0d3d75b31ec19,PrivatePlatypus
e8a7ce51-e8f0-42c1-9a68-768950ccad0f,d04ba8e63649dde04af55ed213cf23b4,EmperorEmu
22eccd0f-6127-4674-9164-54d57d36ae53,4e2eef955073a2e90c53c9632bd01eb8,TheMumblingManatee
b87656ee-4cc6-496b-aac5-a98e8a505d33,1638f07956f90d18606c090041467b66,TheSingingSloth
38d129e2-6c8a-4327-a8fd-70af27429085,12cd2b60c25bb1622f8ecb192783a032,EnsignEchidna
68d32e38-d9d6-40c8-ac0c-7e480089d354,8be58b91c7b55e4e7768c9360bc30308,TrailblazerTapir
d6f505b4-51a3-42f8-b0bd-e8d9178d6d56,1dc0795139b2b5c83b89989eca46933a,TheWhisperingWalrus
3c1d43f5-bc38-4107-bf4b-09dd8db96bba,015b31d8e2d057cc7e9dfd7ecefc0fda,TheHoppingHedgehog
206f7aab-295b-41d7-b7b0-0dcc78f4d7e5,9bc554d9e57dcf1ba03a998c5f678e12,OfficerOcelot
7105bd88-a4ed-4cd0-99d3-3a2e8fe3d4eb,479f62ebfdf14e1c015d78425447acff,TheWackyWombat
7bb80e65-646c-48da-942c-7773d413dd69,ff306506f9db7f7f897367729714b7ba,TheWaddlingWombat
b055d37d-8c19-4f58-b18e-14852ae068b7,2f4452ad52544635e3cd85bfb210c28b,TheTrumpetingElephant
a40dd11f-f878-4b78-8089-28c680741b5b,e42c0727fb32d8f92c7fb12a1b4057f0,TheTrumpetingElephant
4dc7a0e4-0f71-434d-b092-fd67dd2c2bd0,b1e1b89283d12e28e25400ee4c505704,TheHowlingWolf
73fc900d-af89-4334-9253-44055ccf1725,a84cf0b9c2e0123045d4b25249bcb40a,PioneerPangolin
72d3f95f-713d-4480-9b73-309639f46979,8ace7844bc5b0ad5f6679bab02977b2b,TheWhisperingWalrus
aefc0947-379f-47dc-ba1e-098e65a8c53e,0550d68d84977c40503b91f775695f46,TheGibberingGibbon
132b0c63-d790-40e2-8644-f19737f8129c,dad08c0b8d4e7498fc66173bcd06870a,CommanderCobra
6abdd500-bc55-4461-86ff-a68a9604d978,2f1d717d59505ad087f7092cd4935a47,TheBellowingBison
4946b603-d3b5-4e18-ad5a-241abf2272e0,850e986cd355fdda6c25d7e03e36443d,TheGrumblingGrizzly
bd9d77d8-33d1-4d25-b072-3b5f91294d44,e55a5f601360a846261384a588171a42,TheHappyHippo
4b44212d-cb07-4ad6-8bb8-c8f2c60c15fa,a31b67f4da8a862bfee939860ae51a09,TheRumblingRhino
e85875a2-19ec-4bb3-8504-b3c3b8e24e92,03c9124ad25ffb26c84d98f7b985b8ba,SirReginald
7d4cf853-ec65-4c0a-8996-4f5e10fc08eb,8d8202c3da7b22c0e713ece345329534,CosmicCucumber
412d95fb-953c-4e13-8826-d263e107cc0e,5db4c4fc51065ac4a597ea737e91bdb8,TheLeapingLemur
58d1839a-55a9-4fa1-b8a7-150cedd51437,560676f9388ea3067e546c1a36cc8da1,TheWackyWombat
2e0f2220-cee1-436c-8d48-2b485039892e,43fec9e126699dd821965d2b7fcea7eb,TheCrawlingCrab
0c95239c-8284-45f4-ae8a-77d2da2ee52f,e229155675aea7ffd201b46d7366dad0,TheHoppingHedgehog
110f56ea-0c6c-451e-9c61-f14ce43cc779,418fc5532b8a5a94bebef1aa65b537ad,TheSillySalamander
c10ca87c-12db-489e-80b5-c8b48cf26742,7b6341e9b4271c56478fd8a9b6f14ee3,TrackerTarsier
d4231c09-194b-4668-a1b1-ab5007b885fe,e290b93b9f27f476c1e687c203c21c53,ThePrancingPony
8199b79a-cd3c-4359-8e39-2a8574d28dbd,b1fd58045ed81a582aa27df0cfbe5baf,TheHoppingHedgehog
415e9b34-edae-43b7-a974-05c122a22d0f,65577bd19832701e9046e58be4311ecf,TheGlidingGecko
4d685dde-6360-44e9-b257-182352d4ee7d,b28180e5fbded1a9e57c16c152b68e1f,TheSoaringSeagull
cf9b0056-0a57-487c-9404-307ab4a19f49,731f6628f2ca2779728b4f0253324866,GeneralGiraffe
4d4104fa-b47d-432c-af0e-e8c5ae9de015,af0389fc9b037899a63da608fa660b3a,TheJellyfish
06624b54-5f3a-4676-8642-e3857dfcfe4e,8297f3c043e213dc6268e95248c3d3ea,PathfinderPorcupine
38b1a493-2236-4526-9d9c-dd73a4a6cf21,ddc3f74a1a2215aae7269abb8977d9f8,TheTrumpetingElephant
8b85764e-00ca-4635-a644-c06807c43389,7ae652927f69e1e7f5e2e5ef137abf86,TheFunkyMonk
09e1466f-ccc5-4652-816c-d21d3009d3a9,9b5a3ba5b710351a5a9b296b60a0868d,TheGrowlingBear
e3412bd9-6967-494f-a4fa-8a8c251d74c7,29a9ef8bb60e23f463efba8d717e737f,TheSingingSloth
16aa55fb-53e7-45c4-8ef4-fedbebfc2326,3d619cf6e961bd27abfab3cbec408a9d,TheJollyJellyfish
bd68e88d-82f2-48e3-94bd-80b1af30d1e5,60d41034c79775498e15c8acc458f66c,PrincessPanda
39da9958-378d-41e3-97a2-4291b08cc971,1ebb8fcda20538e8f2501e69b1737b9f,powderhownd1492
1224997d-ccce-4994-a3c4-04fc04e7ff02,20aaae0290329581c59ceeb2a0ae86a9,TheGallopingGazelle
7975e238-e20d-4657-b2a0-275ef7065b6a,150c914b5e9a23e9147a3cd6ba29e4bc,TheGibberingGibbon
eea7f3a4-df04-4788-b0ef-76189fb2281a,e1a96d833aeb082c68a06129b9fc6cf1,TheMumblingManatee
f33f6562-b731-4737-8032-c1be61208f63,2892ff83fb382adaeaff463628f436f4,TheGibberingGibbon
7d366033-0f9b-4cc3-8107-9ee088483215,db6d2ba3f63e951747ad4ac72b2d434e,TheHootingOwl
c36508aa-308d-44cb-941e-926d77a989fb,e378d2c22598b036fef2bb705a9365e9,TheHoppingHedgehog
b8c63bc0-3f06-49d1-bbb7-ae067246f424,f6b00ae8f78e27860ccb3c1e739643a0,TheSqueakingMouse
f7ef4560-1a0b-4159-9c39-b94c39bea0b6,c0c650a3594a0ef9889502d3774e9779,TheJellyfish
821ef7c4-0add-48a7-bc38-fc7f4813ddc3,d901186e7e00cbbe7165687ce695e14e,TheBabblingBaboon
de2e1cf7-01f5-4ccc-95f9-39419a1c1129,dbc1915e49c8d6a8e11259e524442fbc,TheSwingingSpider
d69554a3-eb85-49bc-9c17-626f2b88a07a,2120fbfbb5d92064ed3d608ed2c01ebf,CorporalCorgi
7385a980-d3c6-4074-993c-9ac259825af2,592ef4cf5691dff664a5d84f5dfbce7a,PioneerPangolin
8dba5db8-9c84-4841-8045-2b2996473b52,42d1a7a30d368ebf592455b6b7db545a,TheSnortingBoar
3745a360-2977-4685-a684-ac1aaa6d6bd0,097ee481b3e16a25c44df50b94a51cca,POWERGRUNGE
e4b40bc9-15ee-43b9-ba5b-c2e43542c361,6f021232074847167a239ad81152b8ce,TheMumblingManatee
c92a1d1a-a1c4-4a6b-8cb8-9f4edca46354,55a4756b32536cd4135e2dc9823961cc,CadetCapybara
5dbfbedf-531d-4567-9cce-4e11f941519e,6706c51fbe660461d35d1a26931ec47c,TheChirpingCricket
a1475bf2-7feb-4b7d-981e-29001d7629ab,a78fd8fd4d94989754b3ad068140daf4,MajorMeerkat
e480dcf1-99b7-46d5-a615-461795cd43b4,96b46f70dc6878843831080453030aec,TheRoaringLion
d4281cee-35e0-4305-b0bf-b1d48b5e40c6,24151d04c99d37e913ce889c65dae110,TheSwingingSpider
ae94424a-82c4-4926-9e18-134443ae64de,81291b5d3df3b0408b67d6df4c11d211,TheHappyHippo
f1c6ab27-010b-45d9-9751-215edc4730ba,76ec22a3636aa336660115950709a4c4,TheChirpingCricket
67861512-9b05-41a6-b1a5-b54490c92dcf,9d6f75091a10ec7647d0d050453f32fd,TheSqueakingMouse
b7e427be-4e41-4dcd-a666-dc131a7ba523,086528fff6e9670d7307cbce0b26db5b,TheBuzzingBee
c1aa7576-ea5a-4340-8520-c37e6f51ea77,8d2abb352322a267bdb9bab19c488292,TheDancingDingo
cfb1f547-5fa8-4cdb-829b-86d40253db18,3c46c6e83c5f7b6f435daa019a9c79bd,TheWhimsicalWalrus
0c2f1de8-4b56-4679-bf46-c16a966062af,ca4a3671716391c876133bc3130eb96e,TheWhisperingWalrus
ac5e95cf-d259-4323-8e06-f5575a59e480,201c3359486827b2227cdef6d84141d9,TheGallopingGazelle
a77670f1-69b7-431f-bdca-2e6a0543841d,462e5571f13d8010304896e7c4f49754,TheQuirkyQuail
3b5ba199-8ac4-44bd-a127-e7d78270e34b,77b69f5197a0b70b5ee4a41c98d75f04,CaptainChameleon
42e09690-4dbd-413f-aa62-e1e15b7e7f0d,da36e7d53627e5565a3461786be74f49,VoyagerVulture
1d6a43a0-badc-4f31-86a4-8afc90f7e19c,55da600b794d45af5e79e3db264f75a6,TheProwlingPanther
c257f6f0-37ed-40d7-98aa-a784362064d7,ee68f9ac8c0d3467e24a537e5aaac9c0,TheWhisperingWalrus
4747a18f-6aa2-4ca1-8093-4be1dc33e4e3,66371c7f55c7396ebde57354e7968120,WardenWombat
84771e34-d9b1-449a-b64c-8a10b88e7d58,578a52483804a2b48db818c3493ae3db,CorporalCorgi
bedce103-ca86-40b4-a587-4b44f58741d1,083972cb7a6b6da00c56283c0eec7fd7,PrincePenguin
5cf2300d-b354-4258-bcc4-20899a569e4e,9eebd057a0c8624c938904f901b9ba7e,TheChatteringChipmunk
08657131-5247-4193-82d5-dfe82683d20d,d767edb115ad5ff77fab2119ddfb3efa,TheFloatingFlamingo
4c2670df-f5e4-41a1-bd71-bce49ece98a2,2f54a88ee13fbd734fa7275a6ba89be6,SirReginald
ceb87a3a-d7d4-4dda-8c3a-fa313cfdbbab,6608e7279039834e7da9a21d0b6723af,TheSillySalamander
e1ebb146-a58e-4512-a3e0-efbd9a8d9abf,db058c5bb9a8c4277e6c743f56a30340,CountCatnip
f98cfbec-4fcf-4ed9-9337-00c7bc6fc531,d038505dd3ac9634efa7c256223b33b8,PathfinderPorcupine
2b907a9e-4c61-4ddf-92ef-21ce36abde58,6154937d7e723af2b988ce1ce02719d5,SergeantSloth
6e2a9bbf-c26f-40d6-b0f6-16a400ef3292,59c040850ab41805d59eaf6eecb30f54,SirReginald
cb55aafd-0e3c-479e-b650-4073213d1bad,3d2f7200913538425eaff2541785c52b,PrivatePlatypus
16224408-e579-425a-9b68-90efaa5fcabc,cdf38ce23fb39c1df944f3b6a6cb83d9,TheFlutteringButterfly
1cbf4bad-b824-4f00-bb48-0d837586718e,c9b433f434c2d285c67a2a8c941d87e3,PathfinderPorcupine
ab1a2f52-aa76-4ec3-a6d8-fee8cd8a799d,112494cd9fefd7d9ff999ffde5628ea3,QueenQuokka
7a081c43-8290-430c-b80c-9867b3c81004,60b3e0421d9270817c7e8be9d1b5fcb9,TheCroakingFrog
03febe6f-4367-4ba7-a67c-3f8120fbdb5e,2284d02af983140e8cbb770be876c60d,PrincessPanda
1ee35a4b-2625-4849-bc4f-0e19d104f170,26b378bcb4174e683b76b495af4ad847,TheWhisperingWalrus
ea2eedb2-f4ed-447e-9280-b04bace74700,f097f26530cc2940efc54e9de886859a,TheFunkyMonk
260fe8c7-c128-427c-8f72-275bed323857,40a2ecb4f8a6121b9ada4c07c9ba411c,TheQuirkyQuail
3770ab03-2e9f-4196-a1cc-15c121814d53,6dd4a0a26c476b46698266339dba7b78,TheWhisperingWalrus
73cdbe5f-e31b-4305-a33d-ae8df9d02980,f9dd46405fb6fa566a4092a9ed224fb9,TheJollyJellyfish
1af940ce-1b1d-4fc0-b917-2613be02dabb,0c80bd92f18accc9b14043c6b19627da,WardenWombat
176eaffe-d92a-424b-9e99-564c2b6585be,ab01e64fc5d0761b130fd3dea7981116,TheGlidingGecko
84df4c31-6e12-4049-9a35-4b52d56d2a72,61f5641d6211040efe0ab9e4dda8b682,TheHowlingWolf
38f2a151-cf5a-44ee-a4ec-a5eb9f49efcc,579fc628dda3a7a282d3d672c036a711,TheMysticalMeerkat
f66bfe8f-9f7b-43d8-b707-88640b39e0c2,165f894374a16b8af5fccc4cdb30ba56,TheSingingSloth
043e17f6-a8ae-4b77-af92-c197ced10736,e72a99d0ddeba50140d394da7796c69f,SirReginald
3eaeeded-db80-43b8-9e03-d9098d920519,5974eb4469dbb094d8a7a024dab27f22,OfficerOcelot
08d437b3-0751-4f3f-babd-e4bcea3d52cb,04890b714c10935892a63560a2edf1ed,TheMumblingManatee
08f45091-96f8-4ee2-a633-4cc732a0a58e,c75757038c0aa4ae0d2d5b8940421f5e,Eugene
2632bd40-91cc-43cc-935c-c6a2572e412b,5104b61b81af69cfec467c0a5b8facb0,vvvv
6ae1aeee-92a0-468a-b56c-908bafd8443e,b0af98e0b455283e43f876db97f78ff8,PrivatePlatypus
91733b45-436c-4ca7-903f-70f3e03b4072,e348aa5dbd9e72ce48fbb4365dd14b19,TheRumblingRhino
bd5e4f09-a145-41f3-8d43-ac71f2fea0e1,9ce712268f75a6f261ccec03c9bdcdd2,PrincessPanda
1dc865ca-f2be-4d93-b92c-063947590934,45a9342c469f72ddfcc3695e56d8f7ea,PioneerPangolin
8b8cdbaf-9abc-4c00-90fd-be85463b4edc,cc780c312a7e0715383ee17844df066c,TheQuirkyQuail
03b4d39f-15f0-4b60-bae0-5a3ffe60936f,16d5d3715b6a03369f83c485352d2b23,DukeOfDoodles
ff39732b-5121-44e6-b83d-6c6afca62410,a954373d2ca7e856635b8c713b7efaf2,TheRumblingRhino
a709f9ce-b6b4-44d6-9817-2a0b5e67bc9e,7cb1915579923a7fac7ee284972c0d4c,TheSnortingBoar
01432f4e-2c18-413f-ad1c-d3bc6864991f,78a9e50c8a4c9a83ca47142f66aced79,TheZanyZebra
33f85104-18a4-4989-a7e8-6888deb2e708,6c41ce0c88f10455d411a3e5a5c72aec,TheZanyZebra
a1565590-56f4-42df-a5f1-0af225ca1729,9ac68977ce37889a480e789f6b5e1a63,TheSingingSloth
93aa8356-a1a2-4051-b74e-0044882c27a4,74ddc98d9319b4532bacded0bad95c44,TheWackyWombat
221a8f31-34aa-4f24-b49f-315f737a0e24,f47cec872ab627d72e79254662a8c548,TheGlidingGecko
d6e0b2ec-14f6-457b-8aa2-5d547e45154f,58ddb56ffdea18b11f7870bfb785445d,admin
6d49a588-f36d-4420-bf81-158125d22927,807c15bdeb6aad8603da045b50a138c3,TrackerTarsier
54040f4b-d438-48b8-8a19-5413988d8cec,9c06d51e3757f1647f44f97b0eae605f,TheRoaringLion
8c9f41ac-3b47-4686-8489-809471235287,4e66da3c763d6b36b654625844d403c9,TheQuirkyQuail
5a05c198-6bb8-47c0-8170-ee60f32bddbf,9891ef648fe3eb9215c1716a4df3fc5b,AgentArgon
09e0761b-4db4-4c08-83f0-57be3cf53df7,5bba026e5b83370493fcaafaa398a7ca,ScoutSquirrel
353a67a5-040e-4d06-a870-48215db25c49,265e9c65e50c5e07122d47037aad6522,TheHappyHippo
41dbc06e-d07a-43b1-b9f2-973cd9b49f85,73cb19cd2f1a196b4bed1af4314937b2,TheGrowlingBear
d02a886c-e6ce-4f87-a9aa-ad07de071576,656d7512876339daa9b19fc2098dcc92,TheDancingDingo
78c19afd-1461-40a9-aac3-b5d1a716a810,4114a68537790f97fc1073f7db9ce766,RangerRaccoon
f2178260-fdd9-4057-a950-84ee064044d4,455ba75052dbf762674a542ddc506644,TheWhisperingWalrus
f1b85e5b-f98a-47a4-886d-85e9c6169e54,42854a28c76c07f5c107b4ad57279ab3,TheSoaringSeagull
65255798-38fd-46cc-8585-4b4e017b1cc5,1eaf8fccf9a8de90f8c30d9838c62e4c,MadamMystic
2d88f96c-ac6e-4c07-a876-4cc2d521554f,794a56eeba9ec695a46ca65309998ffc,TheCrawlingCrab
932df306-9d5f-465d-9f24-cbf4fe50755c,33c166b46fc63f58ff2982798ba25cec,TheFloatingFlamingo
ef3e3ecf-3fbb-4cbd-80e4-afe010a3147f,27190105dee9eebd8831e8a1656eafcb,TheCrawlingCrab
e7eb8e4b-6345-4a9e-85a2-707635001c62,9145939966dcb134dbff5f96cee328c8,TheTrumpetingElephant
6d056151-a02d-4330-99a4-8a298d8c17b4,f14a9821a18e00fa32c139e364290c75,CaptainChameleon
720eb147-c629-432f-85ab-bcd3aa7b824d,042ac82e16d72c043b3f8c0a7093b0c4,TheStalkingStork
f6c50dc5-c6e3-448d-b4e9-87df55dee18c,68a59e97eabf65c696ef0e6a805fb9ae,CountCatnip
b58c9b9a-0d46-40e6-9da3-c1ce18df763f,5181a7641b38c2759538805a8f90253c,TheBouncingBunny
a76046f2-1312-4fdc-a1fd-ef6389ecb23b,9b90bcd552f5702022a97913d8da9f93,TheBellowingBison
020bbd21-86cf-445a-8be0-9eadf2541ee3,992730883646e35e0c2cc3976daba855,TheZanyZebra
69029e51-f1b4-4e59-a1d4-76320f784be0,b9a0a5bdcd612c4b8f77a13b2bc15ca9,TheHappyHippo
2669c36b-20ec-4392-a1a3-ec68acb70117,0b09000c4aecc2672deedf4509b044bf,OfficerOcelot
3018a46b-d382-49e2-9001-cd87ff1b843e,d67ffc872703229ce2f0d5d99b87495a,CadetCapybara
73ebe08d-e24d-4054-8718-bebf2001336f,dabf4fc8123bb0e6eff55979a94fac71,TrackerTarsier
16004994-2b50-4c27-a11e-6b9268b81ecf,c4d77f58e9836d22e60817d42ca5156c,TheFlutteringButterfly
991740ca-441c-415f-8640-b5247a5a9387,e34e4afbc7f3c2914c2479c76212c188,TheCroakingFrog
0d8aa39d-577a-49f6-b165-7e372b323c94,2d77fcb9c200c551cda09a5e0faeb11b,TheRoaringLion
cb3dcfa6-81ab-4cf0-b9d8-4b0a0b04d59a,b8f0539d1b8f93b97c45928929724431,TheGrumblingGrizzly
4f66f57b-bd15-4df4-9247-ebde175605e3,6fef2b892b2dbe2677d5e070d6ceb058,CadetCapybara
1962db85-b425-41bf-b83c-1d6977118cca,d375937e5451991e661421b0b59c3775,lecturesfrom
17f74e9d-0097-417a-b4e0-e796901f86aa,b4e454e9539f7ea6f4b7360b931a9b6d,CaptainQuirk
5d9db5ee-6758-4418-8222-a9d1945fcd5b,fba3b815d81398d3a5ef78bfe4fc52db,TheLeapingLemur
39c84bbb-c52d-4a64-ad11-e6f4f907cb63,93bb12f51b0aaf3e2649852943d77f3f,TheTrumpetingElephant
235acba5-967d-4fef-b8ba-0aa0bacc8ab1,4e46af29eddbffbaf824ae8fcd717c55,GeneralGiraffe
9a6209f9-9b8d-4afa-b04d-0cce62d62906,220b54d6c2bea1bef5173c7455e617d2,BaronVonBubbles
170cc2e1-f6dc-4b0b-85a2-691de1a74f5b,353d8790cd1fc24d66aeb8e3ebbe1d89,CosmicCucumber
6a7c39a0-c1b0-4fea-b398-8644f71a3956,1dce58c2870941994438eab95ecaa109,RangerRaccoon
a5f7b215-c8b1-41a8-a15f-b8d4f69605fb,ead773c0d8940ec98a43471817dbf080,TheHowlingWolf
e13316b9-452d-40b8-bcf1-917c48cddaf0,9bf4191e4f69d39d9a93937af0634c85,TheWackyWombat
6ffb2ea8-41ee-46d3-9a25-ce68ad8a5f88,b9df33987c2382be9a6e81bb877c4fbf,TheMysticalMeerkat
45cb7b7c-2bae-4c13-bb6b-bc023ed1a187,b98047df0867934a3a7e68e96be4f60a,TheLeapingLemur
586bab49-cce2-4c1c-871a-29a1fcac8927,37f031a80e2c581d8c64144664dbd8e5,TheTrumpetingElephant
75525122-66f2-49d7-b1a3-60eab3b3e44a,84e35b540d97e6b687949727946bd708,TheFlyingFox
9bb73cf5-d3af-4ba8-8a58-133178771be4,3071b3fdfaf89039c832eb7e5a28a6f1,ExplorerErmine
05340b75-76d2-4559-a423-4d9389a170c2,ea80ebd2104d7354b268958eb97689d3,AdmiralAlpaca
139bb249-7fe8-41b5-a4ee-9a854b94e583,0c0ee6baffe353fc2ef6c99ef7121c61,TheHootingOwl
e1d1e22f-13b5-4116-a5a1-5e3e14e7f6b2,d0f34d516bb20ced54b47b890ef476a1,TheCrawlingCrab
a0bb0e7a-1930-4392-a9f6-ef1da12a382a,19c7bfb591153aa41df5bd87d158e6ee,TheCreepingCaterpillar
23694230-f55d-435d-8c43-9e395640e49f,0a6a7f96d4d22849644673cf782e6c62,CountCatnip
3b3c5faf-b6e8-4a10-b07e-6bfb5e32eccd,3079ebab5bd6b5663b6531953dc8a77c,ScoutSquirrel
de56ee2e-4684-43fb-a136-f50f9aa419ae,7a413023c72e93151d142f4953349638,TheStalkingStork
3ab5bf5f-4618-4d28-bd34-58da064244f9,6b7dd6b7cae03eef1cd3a48042a62c72,GeneralGiraffe
02382427-cd02-4fa0-95b3-585eaeab0005,1a8350f263d24bf7ebf7679846a7b6d8,CaptainChameleon
7fc3cd02-e666-4e9e-a824-d257fb90733a,6bf56d7948eb8d8f691ffe1eae8f943c,TheSillySalamander
afe43e76-2080-4cb9-9faa-bebb98fb050e,0a9e71dd16cc68e4907b91668bbffc9d,PrivatePlatypus
979def37-b79b-4ec7-959d-a1b3e904a2ed,d09052f37e44af37309d6876a217af43,TheWhisperingWalrus
7bad5d64-8960-4ffb-9e6f-cf13b0c9a7da,7e3c2aadfecfcaf4eb1903800cbe19d3,KingKoala
784dc10c-79cf-4659-b31b-a19b860385ab,b317209fccd9224b47f23d1551bc25e1,TheProwlingPanther
379a289d-833b-40bc-b056-95857b3df385,6d319d4d4d1f14f9c20e20f0565386ac,TheTrumpetingElephant
e8884460-bf14-4096-b8f1-247cd2631273,c9a76a1337632ad5c847ab09987e6a6b,TheMumblingManatee
6c7b8689-d2f1-44b2-9108-0dee39a3e4c0,d5ade147631700d567f0382747bec317,KS
adff581a-2680-4230-970c-47e1a5caa86c,559bedc622f215367c37c1e748624807,TheRumblingRhino
f16c7849-19c2-4ba5-9145-ae757320483a,f2c9d6277a474536f9db525bfe2904f3,TheHappyHippo
408ce29e-ff51-4966-8771-75488cc4150e,03eb585dc8050b28bfad4a067906667c,BaronVonBubbles
d55f6f04-f533-4a8a-a75d-562693630ad4,4cdca53a20bbe8ee116da7f29c6662cc,AgentArgon
d4c17eba-bc4c-42b1-a0cb-efa54aa3dcfd,c771e4eeaa422781d47dedec1d185fc8,TheSoaringSeagull
8abe8c9d-abed-4d72-a346-c237cda899d6,b4a0ac427002f17063041e3a24ed7a21,CaptainQuirk
ae45435d-463e-44c0-9f41-1a78b788c83e,d0c7f4ce5e1d7a57450baaff1742e61c,EnsignEchidna
5597eca2-d600-4390-8b6f-0e54ff4db4b4,be2713a9b45fd401f8a3677ecd8d5bf2,TheQuirkyQuail
ea101f55-d586-40d8-8b8e-fed1f0792c56,e381f5c0aaca1f9756eb6f8a953d2998,TheBouncingBunny
b70fbe84-1424-4efa-a32e-9650834f63a5,be12f0b39f7c09c3e8a1fe4f414fdf19,LordLlama
e4cdd75f-7682-4cd9-a8d9-3062590afa91,1af7ba81c3a9df896ebbbb56e3ac8838,TheGoofyGorilla
51077ff1-de20-4cb5-ae3a-1d919f0c3246,b5bce2b989bf54960317300aefd99eb3,TheStalkingStork
94e94fbd-e678-40e4-bf6d-12e7dc6ab936,0c112077faeae401599296a3043f5dd6,VoyagerVulture
5886ce14-f755-418d-9cb1-0a1b3677d827,b5205e09fd6a8e678d8809e58bbace6a,TheHoppingHedgehog
f73b809d-b4be-46ed-a253-5400a72cccbd,d56bc8cca819cbb33469f222f636d837,TheChirpingCricket
3ecbb988-877c-4e0a-b7ac-fa771eb4eb34,8b8ca0c51743cba424b5a140526b4c30,TheBouncingBunny
3029d258-426f-4c1a-8779-540ed72e40c5,a32a3dddb7bc270ad746e6c019e53d91,TheDancingDingo
0630acdc-5714-4356-9c2f-b2c875735775,41875baf83acf1e6a870e2ae6ec60187,PathfinderPorcupine
ec0e732b-aa59-44ff-87ba-fe145859279b,929a1be5a7385ca8582c27e8e6493570,TheCreepingCaterpillar
a0027881-8e35-4b3e-b301-428595601d11,f4d921cf63161b7b896f71753be68a93,TheRoaringLion
af38b896-bd6a-496d-89ce-c861bb3a1bdd,cf006c6fbe98dd31193e883d0e98a6ad,TheHoppingHedgehog
2dbae284-2f59-44fe-a5a1-ba8f58457e83,af27df6e15f6c8f045f3d01e4c125b0a,TheJellyfish
92e478f4-a5b5-406b-adb1-720dbec7c7a6,5ce07a709bb272bb7152e00ee4685653,GeneralGiraffe
e74a5b64-b1a1-4dbd-9388-538f1fd7c6a0,82238368497dd08b833a1b3744e101b4,TheHowlingWolf
4d1b7208-1056-477a-aefb-709a16aace2a,eaeeb6e8b678025c070b70250e53167b,TheHoppingHedgehog
531846ee-08fa-4864-9f78-f391207b9c46,7916656eb46e644dfb027680358b117e,KingKoala
1e59bb41-6abb-4b99-9632-a5a5e3fc7e1d,ac5cf689d055175f082bdb8daec42895,TheHoppingHedgehog
e6ebc88f-0586-4321-aa67-ccd64cc20254,85ef1d3dbcd8818e42a63cecf3adc479,PrincePenguin
583a62ba-0a9b-43ab-abb0-00d6033d4363,40ef2830176c5b05237eaf9ea003b90f,TheWhisperingWalrus
c4a078b8-1d88-4092-9b65-99b96ea2a8f1,960152868ff37b946ada5d4b7238acaf,AgentFun
6d87b16e-ac78-4385-9ec6-e885bebb3a60,e25e4012e59290e4b5d49b99d64bb5c2,KingKoala
ac25fa91-b8d9-42e6-a5e0-cf947d3d8752,e2067649741bbbc596c6ed084fc31c7a,TheHowlingWolf
252c5c48-a83d-4c11-a9d2-7a097454ad33,c8771bd2332ab46c4b104155c33ccd68,TheSnortingBoar
e952e62e-a091-46d1-a7e6-27c0b1b136bd,9130ece08c597061b6e3e3c21990a486,OfficerOcelot
b60921c6-c812-4e69-98c3-cdd49a53b9e2,fff89d56923f7d48856664117341199d,TheHoppingHedgehog
4f15dfbd-0746-4f3f-ae77-67d19d0705fd,e6b05cc7a00ec45ecceb13a2c9f29512,TheGrumblingGrizzly
eec0f464-3df7-4ba1-9642-630bf4f23a88,eb0a6a8f840f7a1d5cc13b31f248e780,TheSqueakingMouse
5f3f2eaa-d061-4132-b109-0cdb12fe17b4,f2dfa1eba00a8deae692cca97046b56d,TrackerTarsier
1926666e-91f6-4cac-9527-106bb9dce77f,e165e2f1a8a557b1fd29d1aafef8a2fb,TheFunkyMonk
ff3ce2ba-13f5-4853-bf0a-77ecff90aaf1,3673c53cf5bebdaa9bff1253f5390c1e,TheBabblingBaboon
fd65de6f-de83-47e8-ae73-d897e7a84e8a,a73871c68c64e932db11ca3bc18e97a8,TheDapperDolphin
49b8fedf-f09d-40cf-8f6d-d67df2c78e98,25d43f2fadde8246ccfd38c740b477c0,CountCatnip
bb200860-9178-4f69-a570-fc4882ba1fc2,10671d7dc529e650e0abdde8096e7059,TheLaughingLlama
eb9a4c10-1b2d-4292-8371-8e803bb62437,d04faf73f4de254a13e0715c50905e48,TheSillySalamander
7d3a1ff2-5b41-4eca-9850-3e31bb02e2e5,d0f6d2361e79b9ba9f913dde9ab43303,TheChatteringChipmunk
e2d2c4db-14d6-4b05-bdbd-a2235b5226ea,b30c0edb015facc139a4ba71addf29ad,PrivatePlatypus
9f151e92-ad5e-4269-b978-238568c54aa5,ccc9c7f81baa8758b435299faa15544c,PrincePenguin
543b318c-d728-47af-857d-1f1011afb05a,6be7a2beed1e089f7b240490c5f356de,SergeantSloth
514973fb-1b00-408b-af50-dd936d8e3ea0,fd324b4c0ca86b229391e77f3213d1e5,TheRoaringLion
d2e9a297-5334-4a2e-b027-21798d0560cc,1ca9ef6c8260335098e47e0b08ab6d34,LieutenantLemur
cca82759-f693-447a-a862-0422300ab8d9,e8d6cd4d8d33ddf5f70c40051ca24ab0,MadamMystic
31067e44-9951-4c8c-9721-265ef477e9ba,e9de3f1a9cdf1d4ea925d48cc972c103,DuchessDuck
28f27a37-5451-47c9-bf9a-7af25f9cdd65,19653417021f5381e0a6ad02ecc83c57,DoctorDapper
de158692-e4c2-47c2-8a60-c870777deed0,abce6a1b3102d5e0ffcf41f7357b192c,TheGibberingGibbon
6f6ff7bb-49f9-4954-9d1d-1f19974099e0,d59b076d093578863c4cb5d4cfb2dbd6,TheGrowlingBear
0ae29d59-317f-4553-b1a3-4b6053b8bf7d,dd156ec4e441e4012d8afc5633145c94,TheSnortingBoar
69f4cb43-a3c9-4dbd-9695-6bc81c3c7449,ebb78f3f0d2623f7c2f5c88a808c626f,TheWhisperingWalrus
c759d482-27a7-48f0-9bb2-a8e32e57cf98,238efc582b296bb322c35f5122175262,TheWaddlingWombat
4fc0b7f3-7b31-4dbe-bb48-fe5da27b5e6a,3445b269e30f958d44fe1f6025fa11ee,TheJellyfish
6e46b99f-3ec7-4461-adeb-c8d9d8973a60,ebc54f908d87b8d749729c0ce476e733,TheBouncingBunny
27ace534-2d36-4d12-ad94-fb4178138075,0f078acf9f6bdf05d4faf0671974b464,TheFunkyMonk
0c464aee-7cd2-4319-b4e4-51b261885006,f6088b805c0ad3cfbebf3bd4c49f5132,TheLaughingLlama
9b01a5f7-ff5d-4b43-81c3-e7224dc7853c,bf0c038b9cf22ed0748398b6c652d909,OfficerOcelot
e46bdee5-79e2-43d6-8d6f-707cd672653e,fd2e1848e512ba30e8387d383e005f7b,ExplorerErmine
af5d1926-9625-49a9-9d93-5ff402624e84,e6b36e5f2b70df6617a76a6f2066b41e,TheFunkyMonk
dd0ef6f3-b1ec-402e-8402-892919b0df44,794e606de04eab5818006d9b0a1a0834,CadetCapybara
6a454150-7b20-4a55-b3b1-7c32102f6d21,53913d7d993df9b7eb772588ade42b72,TheSnortingBoar
5876449b-9ff4-4e58-898e-167256b59fe2,c84ed5fed2defa72a98ef2a9c56ef2f1,TheGallopingGazelle
6b6bc9f2-b41d-45e0-beb3-b0d89151ad7f,9985377e196e297639b05e1eba9d4d00,TheDapperDolphin
e821ade3-741f-4d10-8dfb-4cd9857feeaf,4f3c4ba71aca45221acbc22eb1100ab3,MajorMeerkat
ac8c3f99-e178-4461-b9e2-62a05af756ce,0580489dc7d3635019e0c6f6ec4bfe1b,SirReginald
8ad9405a-7462-453a-be62-08116d302f7a,5f78441f8eb54e67cb41c1c4f9199a29,EmperorEmu
b07d21ef-3dba-48de-9869-e846ea0bdaba,a2b14462b7b35cae028cf093a1278b41,TheSoaringSeagull
a3f32b8f-eae9-45bd-a6ae-0e4e4c398057,2e9a6dd39ccc45576aaadd47e5a03910,TheSillySalamander
95b3ec59-5633-4158-b0ed-c1e633f8cdb5,48fff33aaf5f83a7fa4dd4cfdeda2455,TheFlyingFox
7e329f58-3c01-4d72-bb9d-f670b2d82752,50179e68e13cac97894d4e2ccf599837,TheRumblingRhino
aea9f6d4-76d6-42d0-8b76-f70a1600ec49,0d992e65555808a70d87939e9a4ad776,VoyagerVulture
8baca02a-6361-40c8-bab9-43d0924d99de,13ae2555beaa515a8a8735c492110cc6,CosmicCucumber
27f519f5-d9da-41a5-8652-b7df34dcb7b8,b115a2ff97866da0105981202537cf90,CosmicCucumber
1b60b9bf-a540-47ce-a228-7a68d7cb98ad,366d8f20d43606dbccc68fec6dba753f,TheCreepingCaterpillar
cb3dcda9-3888-4c2c-aa0e-0fde917a39da,79fac8b169dd9d1ad5778e8a443713f3,PioneerPangolin
8394a21e-0031-46fc-bf16-5941065795fd,d8e6f04e2a283820bbe3ac2f21883aa5,OfficerOcelot
4a548a6a-ac59-4c7e-bf89-82cd908f6464,8e5ba0c2c2bfb6173506b726c8e3a5d4,TheCrawlingCrab
912e53b6-a417-4c63-920f-c376d9d73891,40d6062a24cced9c3d93f48321208e96,SergeantSloth
70b7c3e1-4e7e-4126-ba23-d5c2f30ea9b1,e8dc2bff3458d297ed1a21916a363934,TheCrawlingCrab
bc05dc85-a12e-4ad9-83b9-2ef7e6f1dd75,0413fb17b994e3726b531b294c24d62e,TheWhimsicalWalrus
23c9a553-8ab6-4168-8ea1-19beef24db85,88357cfd56c13a5b1607909c1dd0e35b,DukeOfDoodles
e02f3923-ae07-4238-a509-668a40501e7a,137a56de39b805cd79442020f687e10c,AgentArgon
b94e13fa-5130-484e-9756-cfeac1c83d55,04aa39e4c5b5365140b81c35e59d7c27,PathfinderPorcupine
a06db924-7b43-4965-a830-1a3c33acf980,2c009651d77595b3d06a0db1ae021e61,TheGoofyGorilla
ac94fc33-cc62-428a-b3d9-9a00772eeb0b,c195744488391cf645a3240487ded624,TheWhisperingWalrus
836c799f-f7dd-40da-9bd5-bf59d14bf297,91695f6a31cfd96fcc2da32a72d6d31a,ProfessorPixel
21902a0c-f252-4eea-a7cc-a173560c4d38,c1c1ac825ab757cf2c14e0227db9281f,TheFunkyMonk
304e8ee6-5729-409e-a80d-519d3e94d3a6,5d19cdfdf3aef7db6e0055e23a0e5d56,TheTrumpetingElephant
2b6b13ee-386c-4d11-b6d2-3148aee26c65,d9794b5408e417912715ebedea4853ab,SergeantSloth
ea1e5b83-8d86-4dd4-9eb7-bbaea9538bde,97319ce43548071d36bc0524f0fe92d1,TheWhimsicalWalrus
6e917a5c-2b16-4ea2-89c3-33b806ee0b53,5b5e04cdc762f426cb646286d64c0224,TheProwlingPanther
5e034c49-423c-4dca-ab53-af1a90833545,363312b43d9af80375531d075a0ec0af,CaptainChameleon
6ca61a32-3255-46f6-bb16-6eb0efecc893,3667559ee7e4b8c1d70aacee9b9fdcfa,TheWaddlingWombat
7dbe27e4-e02e-4005-a20c-398328c4434c,d166f12c339a12b9cebc00ab1f6b199f,TheTrumpetingElephant
ac183b69-66f4-40bf-bc77-2b546673d16d,bd074aae689c0b8f471a2772d5c9002a,TheHoppingHedgehog
cf77dab4-28d3-4256-b860-be2bec2b7a7d,f10b8571087d5db96145ba7b868153ba,TheWackyWombat
2d78ab0b-65ed-489b-935d-4ff6eb5eb5fd,68c9fc7e1505034f556348201eb580c1,CorporalCorgi
25f0a8fa-30ff-47cb-ac34-3c91ed3b8cf2,692725995f33ee6b8d781e0fd4508432,TheCroakingFrog
e5eefb59-2d86-4300-bb56-4126a31ff19b,1e70ebe38ad48807217f29c79e6e0ad7,TheSingingSloth
ef3ea699-3120-4467-bb75-d2cbf54720b8,f24203c727f021f9274246ff299534ce,TheDancingDingo
27ff7a2d-a75a-45c1-a7d4-a608a78a7498,e1e736f70f36248a560429ed522e11c1,TheMumblingManatee
617602e1-93cf-450f-93a5-9de6fc21584f,6fba0c2b8e7c7cd5e0b5aed61ecfd349,ScoutSquirrel
4a4fbdc4-9ac3-4a05-b2fb-17136f763299,444b531e3651ba4eb9d14498ff204f37,TheFunkyMonk
94034091-3bfd-4210-b5a7-aa880f9d92b9,0fbfd3459c9f8528d2b2489cc78f4826,CaptainChameleon
7e9e0765-6a46-4a1c-ba39-b7cc37b7fab5,725f37bd07aa8a620f2d83d514581395,ScoutSquirrel
c9f15962-e4d8-4755-9f39-22631a9b6a27,a4f2a738cb6c87d89c9562213ad16606,TheBellowingBison
0197cebf-6365-4fb4-8b75-e5d36f2b5f28,2f55a19391b92c5d53a8532246488b63,DoctorDapper
46de8e32-4340-4a69-b6e7-c9dd9fd1891f,94b2d500231449ead84fed3787845bfc,BaronVonBubbles
bfcfe458-dcd5-47bb-afc6-743e0c9a7140,4fcb77c2eec81b15de2acb5188c3c4a3,TheWackyWombat
3a891af6-ab61-491d-8420-9f5192179ce4,b6f7e3b4cf787764d1c8317cf064079b,TheRumblingRhino
ff96e1bd-313d-4c2b-8756-a13252549e7b,f9bd1ae1d26a33139bbbc7e2261c22d5,DukeOfDoodles
c0a9e621-2688-483a-9f1b-a26b5585b3c3,251aa7560efa2f03a26bdd036b0eba8d,SirReginald
6cc00839-79a5-4d1b-8d43-a59c5821f45d,3ad45a3d3b142c3f14aaeb57321da186,TheSnortingBoar
863db3c3-6ea4-477f-b62a-170796833df8,21d719f200681a649a4d5bdb9a8fbfca,TheHowlingWolf
65f2b610-b944-440d-aab4-b7300de82de9,90dc3a3d5ff4846eff749760627302fc,TheSillySalamander
4ba897d2-43a3-4d80-a4d8-5f4f2639a3f6,e969388d59086534d2da7c60fa40fe63,TheHoppingHedgehog
0c7bb766-fdee-49f8-94f2-30c8ced44f7e,40557f01a450507d1424f218177d533f,QueenQuokka
63761338-51c3-413a-bfee-1dcbe41894f9,8df1c45fcdecbd43ef9f5ea8c5860107,TheHowlingWolf
a9772046-ced1-4764-81cc-2d8dc3cf69e3,fba0f5a644461abd01736e07154f2eda,TheChatteringChipmunk
6a6d561a-ff00-40be-b448-29b7a4ed22c6,7fa69e09f799e5ca3bbef591a8476582,TheJollyJellyfish
e588035b-bbe6-461f-acb8-fb6300026bd6,32f395331a18834012662b40e55a2e61,CosmicCucumber
ff8c51ae-15ec-42ed-83e1-a016cf59f7f7,202fde0cb31aabfbe4fdeadde182272e,TheBuzzingBee
32ede75b-ef97-468e-bba7-741596a6af2b,6caac256ded883d7882f801d8a3a65ba,TheCreepingCaterpillar
fda88f24-d1ba-4e8c-81ad-ba79f394a486,8cfe851eb92634cbdfa141fedb0d809e,TheGrowlingBear
48188392-3ecb-42c8-b000-4619977a2648,e9f27b456a2be78d6358265723be21fa,TheSingingSloth
9fb18c2d-37ee-485d-afda-9ccf5ff2fdf4,43f47fcf9cd33f4a10f05f3b40e53caf,TheGoofyGorilla
3b8e4025-156c-4b5a-9d06-2cf94092a784,fa4ce79f746a2627e31d41a8a1d5693f,TheRumblingRhino
1a18667d-edf1-4f89-833c-e27a3b788de9,e9ca790576efc0dfd312b395486c59e0,TheHappyHippo
e5537ee5-ea4f-4439-a93a-7ae98c7532b9,26f95f68ed1e0c29944c92f0017b73c6,TheGibberingGibbon
e4dc1ff0-9f31-4ee8-93ee-abdd471f3f15,db41e9970c27fd5114956361b1eb4550,TheSingingSloth
28572484-64d9-40a5-9875-5e2fe03c31b4,a0152f423ddd7c6343ef14fdda84e200,TheBuzzingBee
7de536c4-c5d6-475f-9958-7c15cc0a3988,889de2e11313acb6e7d636a310633c48,AgentArgon
428b621f-5a89-4bb6-bcbb-113cb71d1aa7,48ee6ffff4a3c3f6d6b7887d8957e1e9,TheJellyfish
91c2b925-4be3-4976-b792-2fa9a51d3466,d14715ae3e1b6b5173d153b129dc6f53,TheSoaringSeagull
0dba2947-ea73-4552-85b0-1e6c7dd7c521,adb6e1698b3e84d59507dd2bc0650b9a,CommanderCobra
e22d7091-97ee-40d9-acc1-602594a6585c,a8b8a8a9b4a9ea60620e71d05826354d,TheSingingSloth
61d545ac-6fc0-4f69-a16a-13dedc80a4ac,513bbd8bb290b90194bd969dc3a0a93d,TheSnortingBoar
0433a572-d08d-4716-ad47-9b7f531e4b04,72446dd21cf7a4b1ddc6cb255382f3ad,TheLaughingLlama
38323e6d-21bb-4032-9529-9c5b1abcd1a0,4776e75a4198d4b3f0f4500a77419c2b,DoctorDapper
632454a7-1a55-41ad-bbd1-2ee32e113473,2249b976812178e4774576a195fc6bec,WardenWombat
5fe23942-c086-45b8-a4c0-6eed823dc5b1,5b5b8461612672d487e6d995ffe47b53,TheWackyWombat
8f51c5c5-4f7d-4662-a97a-d5f6d952bc04,c58053d5b9b6cc3f207f1cb06ccf97ac,TheHowlingWolf
1aee9bf1-4c8a-4613-b037-0994a2199247,4aafd0e0002525dd7970d50aeae1c3ef,LordLlama
efa26d6f-4de7-47d1-b46d-ec91c6e6ef75,3777f7d198b9acf0b5b0cf0d98474898,CaptainChameleon
2e83a53c-fd35-48dc-b60d-235001aa6186,3b34f15a68781035f5a7aba5f28a079c,PoupSoop
7c59d546-7dfb-491a-b6e9-9ff46f3fb49b,eda5203d012a19d9f7a7cf424c36ab9b,TheZanyZebra
ebf26a48-2f4a-4aa9-8986-fd152e92df1b,b41aa0d9063f79bc2c26d17a738b0000,TheJollyJellyfish
e8581296-a07a-40a6-b277-0e78e982daeb,a6a99027532be623f291512a652e6a7a,MajorMeerkat
530bc56a-45a1-4167-899d-7e1b40910bf8,390ae30c8a848cfaf0596a2441e9ed2f,TheMumblingManatee
68463017-5aec-4dc6-b146-a2274a9e2b7b,a71e64c4222d94a8f71f53ebd84aec65,TheCreepingCaterpillar
70d293d7-6efe-40fb-936e-b08cd7af2352,de37c493fb58dcc5916126a0e893db90,LieutenantLemur
f4aaba43-7afc-4459-b79e-cc0ebf26d8a9,34ddc3b6fd3958492975878c8fca94a6,TheWhisperingWalrus
2c5bb254-0e0c-46ba-b4e9-95b28e18c7de,511d358c761d8eccfc42d0967c9fef1c,VoyagerVulture
c0d929ec-991b-4c74-8020-7da2dec500c8,fd8a059320e45a53dff2c1f4f3e8a967,BaronVonBubbles
4b596a7e-374a-47d1-a707-c1b6617a8863,c180f34136d0b58a7e04ebf96eced795,CommanderCobra
f7d9a2c0-3714-4d4d-a40d-1230596ed309,3c747beab3d9873f1cd5424c23cf4e33,TheCreepingCaterpillar
14fc5a56-91e1-4fc3-b0eb-dc178f1e744d,81ee3448e32fd0a03daad2f9e23a61bf,LieutenantLemur
91cf85f5-f5ea-4f4c-8333-44bfc1dddbcd,f629e2b1a154a48d2b056dd60f402a97,ScoutSquirrel
7f772902-846b-4800-b863-66c31a8f2036,9ac4b63015c9ef5125c81276561b8352,TheGibberingGibbon
8772c8b8-7645-4161-a32e-fc3ef61a03ca,4bc3d2022afcf567b78ea6904fa73d5c,KingKoala
031ed787-809c-4fb5-82ee-009ffe68c8c8,8425af2cf0c2667793bf8076e98651cf,DuchessDuck
b57f635f-ba70-43fe-9925-92777f992204,fc3247bb4054082247592abe2476aec7,TheBouncingBunny
b9e77992-38a4-42a4-a05e-a7b47c00cb2d,8d58816531ba96b77710d02853574809,TheGrumblingGrizzly
57a513fd-e8ad-4f4a-8077-7e6352bbb592,b5385dcfcf5f5538ecd00bbe6c35a215,TheQuirkyQuail
2e1d9e8b-89c3-4794-bb69-b754b8dfb4f3,9ab54230a22b4d0af1426bc0aef35b0d,CadetCapybara
88fcb860-8c83-4d99-9cc0-7ac06fd5a3b3,c9769e77a286684b3675707a6077c742,TheGallopingGazelle
6a6b5a91-8c7a-443c-a235-267fd26ed515,24fc499b7d3698d6e5e1569672fb4b2c,TheHootingOwl
7fc2caa4-1114-449f-be58-e1b005b10b98,5ee7e3fa1b1ea1397909fc10a49830ab,DoctorDapper
8f058135-b0e1-4790-9c08-639f77a4a3ce,cadd20717698f895b35917c1a966e972,TheRumblingRhino
3175d3a7-5571-460a-a865-14ada720d702,d2567e86b84325e043a3ed35ce64054e,CountCatnip
28eaf7c0-2654-479e-9b91-590ad10c1ae1,5645897476b60613ecd1a2d8b7e4a85a,BaronVonBubbles
0b5331d1-8037-4dd4-9c70-0ba4b9c8f617,36829850005ed3741a89ef826a3eb30b,TheSingingSloth
eaee4818-48bc-42c5-a0a5-4b05a2a44bbb,26073918f2d395310e428dd920189e21,TheCrawlingCrab
edf74dfb-52b0-43e5-ac72-7efe10dc35b5,79debe131bd2e229a82fa652cc2fb95e,TheCroakingFrog
cdb70198-14c9-4569-98fe-6357a84e3907,1a3165ca0f2fa3135beed1e36f74f78c,CaptainChameleon
7fbfc7ba-68f7-49ca-b976-52e4dc554879,7954978fea05b343933df9590fbf3a79,LieutenantLemur
b7248d58-05e9-44a5-98de-3ef86ecb532c,04444e2457b677fee774d4846d4184f1,QueenQuokka
4e33a937-8db5-4748-a2d3-badd65e10239,3018c2db7b7ba4c9114dc32c4bae801e,BaronVonBubbles
bd4bc58b-361a-4b48-8c6a-d3ccddf5929a,48304a7c22c0b36fc540c5cc7b2b8013,TheGallopingGazelle
7d6e9578-d1ec-4ef7-a5a8-61b39336a2fe,3df7b4f9971cd18c5d7986fc24fbd4f4,TheBabblingBaboon
7d393d84-ad5d-464f-88d2-7a6144abba83,ca105c8a0471a0730a5c1fa3bb7efefe,TheWaddlingWombat
cfe193b7-866c-4b91-be5e-c8fc1257bbce,0efb9deeaa48532b5e06138e6d621307,CorporalCorgi
ddac17d7-3381-49a6-b838-627630fce863,42a33b0154a4735692085bf4f7948fd7,TheChirpingCricket
87afd6a8-53c2-4230-8a6f-c40b343e8744,535b27326522a2aaeb2da6b98e0c7c0f,CorporalCorgi
b27ede94-a5d7-4f24-b123-4af19d62f436,edd4df12b67d7f08d1a417f5891be8b6,GeneralGiraffe
268a8b98-8a6b-4e1d-a26e-91b8409102b7,3fd85d80a10c9157dcb487cfdcf8f0be,RangerRaccoon
1334fcc6-d685-4ebe-a4f7-b26e5bce0730,6f0d0d2826090f4bcac2c7ccf1cd7b82,ExplorerErmine
ae38cfea-a3bb-4d43-afef-6b0bc0cfed0e,43aeeac8d163f2103c31eacb193c73fe,TheGallopingGazelle
db686fed-536f-4fe9-a548-32c93d90125d,c4d73704ae9815eb8c2906b68a606fd1,QueenQuokka
88596d23-5ad3-4737-8811-8749a0f5d44c,f7cf0076df953013c4c0eae5eacad32d,TheTrumpetingElephant
22472afa-0f5c-4b3f-ba51-c4df76c18839,32f5a22a91f01d845b52f0aba680d852,CaptainChameleon
cb03b2a7-fa71-4cbd-bf55-4ba71aa5603f,81ea3be2472c00d2cf4360e9d1d13a7e,TheHowlingWolf
ed92966c-ab1e-41cf-a95b-e6ced2282844,9ae3060c0a175ab3e77103182e89081c,PrincessPanda
25c42dfa-8942-4bb6-a0bf-c5bbbe5cea4b,05f2bdbedcba1b2b6f8bc526450eff41,TrackerTarsier
aea59979-2b72-4ffa-b990-40df4ed32be3,205d105f1be82f278556047f0c21cb93,MadamMystic
b0da68fc-a09e-4019-b561-d3c050d197f4,5901fcd11bfb2578eb711a738133b47d,LordLlama
6d290897-9523-44b9-a179-cc86bf06d20f,6c69e0766f5117834eaa83b2b13b6bba,TheGibberingGibbon
2d25508e-496a-4368-a170-222f4f253be7,99677e07ec5a1ded4f05923f2df1ded6,TheGibberingGibbon
8cffb517-8f67-4090-bc7b-c1cbaa2f29e0,ffed9c3f5f2b2989c586aab05e31e708,TheHowlingWolf
2c8f60c5-4c64-47d5-ada7-c999908b408e,8935feadd782162ba1313f83253feac1,GeneralGiraffe
4c6b19bd-6ac2-4744-82f3-4cdfd66f7ef2,a8285d96758e598aaf9cdd1d0f96ca36,TheRoaringLion
72d08935-5462-41c3-a6f6-4d80bc1c6faf,2f294bbb44edca9a052cf45860c7008c,PrincePenguin
a4e295b2-1790-41cb-8f92-0a0f794fbc5e,f888120bc825716ea37236187d2e4fb2,CadetCapybara
8544fef9-2b3d-4256-b4af-17aac32c31b3,91b9caf22417214ea7738b52f530568d,TheProwlingPanther
d79ce00c-4d5e-4a82-89e5-f670db7cfe20,899dd2d4bb13360806c1092efdb0e8b1,TheQuirkyQuail
6cbefcce-6ec3-4b8b-997f-e744c0145e36,e1542e581ea8b53364e5429349bb23f4,TheDancingDingo
9de9e3eb-6184-4e52-96c2-d6265163944a,37144ba2350700bdfad10f143fe5f08e,TheTrumpetingElephant
b01f48f9-50a1-4e9a-8ec3-5d5bc53923ae,016e245796777f91ced3657e69e1ef5d,TheHowlingWolf
5533c26a-876b-4025-bfb5-30ee78d5089a,4bc97a4dc1ca86eabceb617207c45e6c,PioneerPangolin
e1e36988-fc3e-4fc4-abe9-8611d2fb98b5,ed6aadc29cc7aa96f380e41b150b75a2,TheDapperDolphin
348d5f15-e155-420d-b0b5-f41701172728,94e91490626a089259b15e1d85f68bb4,TheMysticalMeerkat
0f33e778-a933-44f7-a1e5-ba04129898d3,e85172910afe03d7f9af91ad53d5d499,ProfessorPixel
b8c64c08-0d6a-4fdd-a500-6750c965bfbc,07fd614063f2fd6dbeda915a5fce66ec,TheFlyingFox
cd37385f-e326-49a4-90cb-3b229acc43b2,df4174327f0db9e5b90563aff879870a,AdmiralAlpaca
d58685bd-8c9c-4a3d-84a0-cceacfe4b72b,f4601ed9a0871790aa40c75ad4f889e7,OfficerOcelot
a48f6097-edfc-4e5e-bf89-d83a8c550e1d,4b6d6deabcc81e831959be7781de7fc9,TheWhimsicalWalrus
f88fd219-db30-49c2-854d-d7de32c82c3a,f112d610b5ddfd9c6f2383691c4514cb,TheFlutteringButterfly
7ab701e7-f0d8-4f72-8633-6614d7cfd796,80f54e87daa2a88e85c5f961e6a584e7,TheRumblingRhino
29411c95-0dc9-43dc-9977-52e979dd2c70,90f7a3c16b118b6efed3ca957cfc71a2,WardenWombat
03787554-9edc-4a23-9e2c-238a61894d4a,6d91f07526cbb02dbdf999334d5c9f01,TheFlutteringButterfly
ae93f833-b897-4268-a12c-706e755651c6,ac5a04aa58a2b8bb106e7bfc6ddedbdb,PrivatePlatypus
d3ac3d4a-c5cd-44ad-ae8f-9c1904fe4cf2,8e07de049196ea013f8eea4692cb89cd,MajorMeerkat
42e637a9-034c-4fa4-b332-15cb5e876102,92ddac5b92a5e1e823ec396439cf810b,PrincessPanda
e624bfa6-3b03-40f0-94f3-350c8515e77e,6ef03b84e501b88f719957e9f2f4fc47,CorporalCorgi
fa04e0ab-d2d6-4ca9-a7c8-315b54128aff,6cef40388f09d3dd70492772c21bb70b,TheGrowlingBear
9016c733-c0ba-4fd4-98d4-ac66db0d1aa6,be74fe36913e24d8b2c41c417f34bdc8,GeneralGiraffe
ef6f61b9-092a-4d2c-ab6f-c812431093dc,921471ae1ea2503ab41d17583d927f01,ScoutSquirrel
e287932e-891b-464a-bb81-e7fa6c176160,0d5513ac42c07e8bb0834e0807c9689e,CaptainChameleon
fad0e123-5c3a-4cfb-9a08-67c500cefd97,dbfdd9e664c647f7335afe687cf9745a,CadetCapybara
32275bc1-e4c5-4714-b134-041f98736288,5ebc49441096cf6e6fc6cf399c1ed6ee,TheMumblingManatee
9f225403-225d-4c97-b520-d750e9a89c2f,cde4ef25d309ac97f4e6c128039a2638,TheHoppingHedgehog
329fde27-9786-40bd-ad38-a789324f1151,c6d67bd3f4567f6b511a1dd611f9941f,TheHappyHippo
0ddf93b1-5f9d-4796-a91a-1ca4f4ff4c5b,8c649c9326a91d8b9f4291069a021e76,TrailblazerTapir
29b6d6f9-4b2f-4e26-b60e-6ecd15f34ca0,0536b53b73f21359b5364ca653096f0b,ExplorerErmine
3730ace4-e75c-4b50-9999-48f4b8df6abc,605c85d7843ae59a2de52558fa7b9e67,TheBellowingBison
1f2c5c0d-8011-460e-98e0-8415e69938b1,cd8faea37d1d627bbd899571dfcafb6d,PioneerPangolin
8be48936-5e45-4fd3-9e2e-78f084d8ea2b,1112f27578985c3d2ccaa80a045bada2,TheCroakingFrog
a59eefa9-22f0-42e0-b406-20ea94feb7ef,4bc07f99417eb001ee6c1c772e74f701,CorporalCorgi
fbc8ccc3-a14d-440f-b731-682e7e1260a5,09f048bd15082e44bf7f73cad719d623,PrivatePlatypus
a9245c6a-bced-49fb-9485-2ad95cba48c4,0f9ae677d8b445b321aa379e5569e3e1,TheBouncingBunny
a0108d93-780e-4a28-8625-ff8b855b29c3,0c13c4297808d2ad61a9be3afb138072,TheLeapingLemur
f18c4ab2-fc84-4d42-aca2-547829122538,8a54335d158692c7f94538a94ce162c1,TheMysticalMeerkat
91c88e5f-d2dc-4a64-bce2-5d3b3afa2ada,55aade0806774f4882db93b803f113ea,TheJollyJellyfish
581c579d-859f-4fa2-968a-d07a650a6142,13d450702b378c58bf9a08791f36ad25,CountCatnip
3a1cb54b-a908-4ad4-993d-15df5f48a0a1,42a2cdd17c69a69331d06964ae2333b8,TheCroakingFrog
fb6538b9-6f2f-462a-9406-e583a3fdc08e,f99a354b425560f716c5adcda5551358,TrailblazerTapir
d5f521c4-3449-4791-99a0-18663499e929,78b7797694c1920f59fb666922334100,GeneralGiraffe
78012835-bdf4-4952-b6ee-c1814681ed7b,3501ca3a650d8c3c6d664f3c2baea7e1,TheZanyZebra
5f62fc3c-e96a-4cdf-b9c8-7342fffb6abf,f8fd17bb5c9cb7b6ccd8a19893dee21b,TheSoaringSeagull
e48464e7-a17f-401d-a830-dd853e319da6,1186cc064ff55dda39cf72bf757387cb,ExplorerErmine
74ff1eb2-0dd6-440a-a555-43f5828bb4ca,e51c93547145a9f3fc420212634ce91b,TheGoofyGorilla
a472d084-7a85-4494-9a98-95752e3a8464,139314a10146131f7cb67e23aa57118e,DukeOfDoodles
55368b4a-6599-40da-ae1a-f54223248b1f,78b7fb179557fa585086fa68b86a0b9c,TheGibberingGibbon
e27257d9-bd40-496a-a2b1-7902dc31279c,bfc34e60b33dc0d1e9eb56bf3c4ca6bf,TheDancingDingo
3bd8454f-a50a-4ae8-b122-ac64dccd1e7f,6ca4188cb52713fbd8fdbd3b861d8e8a,DuchessDuck
5090dd3f-66bc-4d2c-b578-74920b9d5ca4,7de55a011bf83f652f14c49decd6d27b,QueenQuokka
63b75fbf-8404-4c8d-8a9a-659f59b7fbe1,9100560d928de4839833e97046d23bbd,TheGrumblingGrizzly
bc8d4482-f20b-4b8a-a9a1-19271bc2206c,0de2c92d582759eaf4e329f8c0d48b02,TheGallopingGazelle
92cb4c3f-0e3e-4b53-8750-11a0bc9caca6,7a1541dbe21d48cc5e8cb7f4c9fba280,ProfessorPixel
9fe4798b-4ddf-4680-9b64-55ac2ec1cbe4,5f5934d608c66f56d6e4bb296d8a13d7,PioneerPangolin
feb3534f-a39c-4847-b4f9-47c58eb6d83a,d23d83a7a889256105375bfed7ed7008,LieutenantLemur
a72ef564-6c9e-4cd5-8a5d-e5082ff858b9,cf46880a9d08ff647bf8dfa4281622ab,TheBouncingBunny
82036ee2-beed-4ac6-84c4-8d88c0b06551,a2f7afbc1bf15c22c14c6b64e7bb80bf,ScoutSquirrel
6d189594-515a-4ffc-b371-48329309e83a,ea37b7533d7520c1cb9ea3fee4cbe5a5,CommanderCobra
fdf12520-dc21-4257-b670-afb2da486a7c,38887f0356b8beb74f92758f7b84482a,TheWhisperingWalrus
e528cc55-a3ce-4f01-ba1a-288b3679881f,1f5c66eda2cc83aec84b2297e29403a6,DoctorDapper
ab829fbb-20bb-4c22-af30-291a5c3efb2f,02c7f9694ab9cf5e2fd089b7c9a77340,GeneralGiraffe
14fae4de-e215-441d-8d65-7ae603989679,15dbb3da39ae1efd0eb280587b73a4be,TheBabblingBaboon
eeac0558-0f5f-4f88-9646-7529ae10fc29,8f926bb03815814f845f7417f6711f3c,TheLeapingLemur
9eafca22-21a7-4815-b4e6-21ff87910a87,132c5d80735f90e6be01cf8ce31681ea,CommanderCobra
f34469f3-c72e-4638-b104-3dfd0393e1e2,3efa7764d419f4910f3cc8ea3d03463b,TheWhisperingWalrus
c11d08c8-1c8c-450d-b973-712f06c07965,eec18732a57b0c4aa87449acb78840ff,TheFunkyMonk
eebd9acf-fdc1-4f1b-8e0a-8ca60189440c,ec65767c7bddc92db9e73c781452a3a1,TheGrowlingBear
01fc68ed-3785-41b6-b41b-f2aa7573394f,fe049a5a3f1319f65ccdcbc2c39bc262,TheFloatingFlamingo
61fe03b1-f234-4de8-bdfa-ff7ae5761dd7,082ed9a58872bf21931df897dddee0f1,CorporalCorgi
d0eb6dad-4cd1-4b48-aa17-e1e9cdad2fb2,9d59805de6c5c811ea85a57a26be1509,TheChirpingCricket
ade8235d-996c-4c0a-bb85-dba34adb115e,ce17635cf34ca3161721e922388fb6e8,TheLeapingLemur
c740a605-8aeb-4173-ab1f-77373e6ddb71,77396dc515de47cb0582d3b5143e6665,CaptainChameleon
765bbdb4-c5bc-4e56-858d-92b3ef73ac02,79a34ff8258d73edb87b777250a90ab0,TheBellowingBison
d772c00c-b243-41e0-bc98-decdda35899f,ed300e6d24a04d3bdcbe16698c299560,BaronVonBubbles
aeaae36f-67f9-473e-b540-2b2e19e3f903,63bcb1be83fb8832881e7076a491f2f8,PrincePenguin
e0fc8a33-fb61-4a91-a58f-49e55dc94fe1,aa3fb9b3e30523006b4b7ac783993fd5,PioneerPangolin
4455b469-964d-49f6-a0e2-c7e8a42cc861,9c4115bbc903d92b99a044ffefb9ff47,CaptainChameleon
491353cc-26b2-4d25-8c46-6c601916487c,3344dceac7d60f95922136fe58caf261,MajorMeerkat
f9a21ba7-3727-4f95-a39f-c115e1b1502d,db6c551e9c4ae892477214ffda24555e,WardenWombat
82a77708-115e-4058-ba69-3f9767fd9603,2024d150494054cb6810778653673d98,TheGoofyGorilla
13749159-f9b1-4605-9e6b-88899cf71a73,719fc8e2e042d8b797cc9eed4e13b2b5,TheChatteringChipmunk
036f7c81-8617-43fa-90fc-396916bfdae1,fa8e9b44aef6ca19830f220ac60fbfda,TheFlutteringButterfly
c764817a-a37c-4b47-844c-a6c8c80b2ae6,f8b0922dab3de6cca5cb966364ec3391,TheRoaringLion
f3f1d743-622b-4c36-bceb-a20151aae43a,11129a894408db4bd31bf74262156626,TheJollyJellyfish
f9a4b735-5d19-4ff1-9785-9357311af7b0,f392885a8e124fe9152667ef93ef0281,LordLlama
1c025757-388d-4f70-a59d-b27ba3a4275b,66d43ce3a9c76cb7c5863d384c934f03,AgentArgon
84f80f6c-9c63-4ed5-bb53-7227ab0f256d,4d79834e509fb72555df830c37737142,TheWaddlingWombat
bb949495-6cee-43aa-98dd-dd38486300f9,df9c4db5410db0d14af94ec2d8611e61,TheFunkyMonk
2d5f1bc7-cef8-4f26-8030-fd4e492bf4ed,be199e46277adb48e6670a7c64742f95,CountCatnip
bd881e88-ad30-41aa-ad81-01b89a6dbb27,5c8913889903f8c19ce0af49e2823250,DukeOfDoodles
1b2d277c-4c53-4bd9-8ce0-55e8274eb3f9,95d36a03c5519c5d2a9a458f7988cdf4,CaptainChameleon
613b0853-3bfb-47c6-b328-ecfc4883b1f9,b94de5911e344a2836f78eff260bf078,TheFunkyMonk
e3066271-f309-4ddf-aaff-972c8944eb59,edcf09eb330f990919855ebacd601654,CaptainQuirk
7dc500a9-2a4e-4fba-904b-845926d0a0ef,0e864f1a567b62b5adad4140ea070b03,ProfessorPixel
cca079ed-bd7a-4646-9dae-5e58015bb533,cff726bb0f3e947444bac1f8ea7d634f,TheHootingOwl
256e431e-d042-4571-a04c-3d38d97b8606,9314e41a586b6946a7ff89a9f10f8803,TheSwingingSpider
40bad796-ae17-4ce3-b528-8b9fc6114fa6,21d4244ee005ee9b74f1de46777f61ec,ExplorerErmine
a42fd1e9-e8a1-46de-9fde-9fcc5b90e43c,07e5f24a577de9c47ed06a2bfea3eabe,DuchessDuck
13444b99-5c75-4e08-99cd-e21a6f2cb509,60e94520d9e5fdf6b5eb5285dbfbc977,PrincePenguin
25459f4f-0fb2-4101-99fd-b58ecde04461,72dc5703ae4e213c325e521a2c17ca9e,TheHappyHippo
a94dbfea-e0e7-4eee-a0cd-d5b28221860e,0da667ad6d7ecb1af6c5cd8f8dd16352,TheSnortingBoar
057ddfa0-ce2d-4fc1-a79a-8cdb0bb0a048,30ca9193ab4a368d8b7a77d7b1e02cf4,TheQuirkyQuail
cf1f28fe-0e67-4763-aba8-830443fcdb10,40fbe0c855cafc6a852445e68890df81,TheWhimsicalWalrus
0677156d-bd29-4522-9ecd-71f9db5fcc1f,aa149c579dcf68162b338bdc7f81ef79,TheWhisperingWalrus
12a20087-b3e5-470c-b966-560c592958f6,050fca3dc6b479817d80f9fe7d02a936,TheGibberingGibbon
f2b46b5b-f0d7-415f-9a45-4aa7e889fe00,314ede2be10ee4b38d7a0d066df52992,TheGallopingGazelle
cd56c446-dd34-4905-a9f6-4e7f61f8ba30,de00ba4ffbcd1f4d800c378704b21002,TheHowlingWolf
24fd567e-d184-4fff-962d-12672047482d,7796d882443a064d3f4b81f2d9a81ef5,LieutenantLemur
006360e8-8b49-4fa8-8085-392dd287db47,c4a26c76f1140d906d6b481cee41af08,VoyagerVulture
6d58fd43-060e-4876-8f89-af6f03919597,790ccdfd5603fc21f5593fc23edd22d8,TheCroakingFrog
0d8fc57f-1a72-42dc-8e3b-1337ff3131aa,46fb388bf714cf8610ca549fd15e8212,TheFlyingFox
4ff7f5ee-96ce-4de3-ae49-346d078d2daa,bfa8309f462e444db63536c9cb3244af,TheChatteringChipmunk
6920ae36-30ae-42f9-a6d3-440c3cf27985,07c7f18e0e188afbc860f5897783c7e8,TheGrumblingGrizzly
9262f389-720c-4072-b8b7-d7b54d304d80,88c571e78f02b49810da8bffc9a99a39,TheMumblingManatee
ca4b202d-f519-4488-902e-25cd78221095,3586140cf517d3d45c22d0a5e548585f,DukeOfDoodles
a72382ad-0d29-44fd-8092-471c2985a5e6,eff2c88b5eb89ad22462d0a96e966a2f,WardenWombat
fd64970b-fd8d-4d22-ab51-a33f75332db3,e23069a4a808c0c7ef34d8020afeece2,SirReginald
499a0a0f-c6b4-4a2a-b73a-5ba768527f1d,b077604c40fdf1d0abad531a2e92e050,DukeOfDoodles
6c9fd11a-19b9-43da-9790-172aadb0838e,f08d42bc950f1a913a296e0eafc22ecf,arlont
a653ee0d-ff3c-40a5-b271-94ed7d73b588,45d9081d820673ed7a08658160b2d26f,TheBouncingBunny
5a97f8d8-190c-4662-a325-16b27bb4d6a0,ef4e4bce8cfad896050e382074add2d0,TheChirpingCricket
33635e47-1a1c-4ae9-a138-38b69de0e8c7,edf0573bde1bc75fc9ee29d0fc3710be,TheLaughingLlama
2c00978e-3ebb-4f0b-be59-92dbc08ea9fa,7023abf32309e428d9fe5afabc9d6347,TheHappyHippo
531ab1dd-650e-4af9-85f1-efc0767f7072,e42137715e3ccae6a9ff0d798ea11334,MadamMystic
2ca23af8-f182-49ed-8b1d-d7300c791fa9,724e2add2c9a8ee72a06462b92162370,TrackerTarsier
39e50a43-1fc2-4a10-b012-5702cf3aed7c,b7c81685202b118f9124653ac9756d7a,TrailblazerTapir
f65bfb6c-813f-4e4f-b545-bf8574e5280d,756bad5ba297b8c89e8e1253c15c0834,TheRumblingRhino
ae4f9d2d-d286-4f94-b025-49aecda7a92f,f55b4ee65352cca4e537a63248de94d7,PrincessPanda
a382a96b-c094-47d4-8852-4a20e3e1afe2,d0bae459160486c40def0974a7e9f556,TheSnortingBoar
b3db7db0-91f8-4ad6-988a-9c9cba9b1e34,2b627d3a113f0c231d933803d6f11a59,PioneerPangolin
b367d4b1-861d-462f-adc7-99ed0cc0882f,85adcbbe8c25b55f428806e678426e3a,TheFunkyMonk
5295e61c-7779-43a9-890d-2ee4320f021e,861b7c49fd7e148d62766d1bcabe3cf2,BaronVonBubbles
ca04903b-206a-459d-a5a3-1e8a60d84255,ef73f36f12431cb65fef2d402a2b10c7,TheGoofyGorilla
0dec3ea1-7e89-4817-b002-cfe35a249a66,d3683235ee0a4d0a49dddf70d6227f44,PrincessPanda
d8d49a7b-1146-4ba5-8d1c-f45e129ae843,79f193bf2faef184e55cf4bea518271a,TheCreepingCaterpillar
3d6271cc-de1e-4055-8f01-7f58e5907b5b,bc59c477de8f01bd6af608eabeb7525e,ProfessorPixel
8fc823c8-722e-4d73-ba30-77ae9463de0d,0cd5d3066272576e7c7871c2778768d8,BaronVonBubbles
d91182f2-96be-41b4-8a7d-5c9a70b8b77f,8756bead17fbeb8e2d5b1f121cf22acb,CadetCapybara
72efd2df-eb79-424b-a215-67ec474665aa,29f697e3502e50607e524cddf2aa7854,QueenQuokka
1a237fdc-a862-4f85-97bf-dd7fdb595980,d49d1fa8425503ae802ce5e7935a5661,TheGallopingGazelle
1bdbdd57-a9f7-44fe-979f-6d21e1cdc871,a1a7d952226883109796df06e45b236f,TheHoppingHedgehog
1688fa20-98b7-4cc5-8ef8-4895eb983319,2db3a5cf74fd2667ef0b089505a37d1d,TheRumblingRhino
c3d10f58-c3df-4566-b236-52d703606884,666d9f8cc0535cb22d74cff23a317bb6,TheGallopingGazelle
c63c2827-34e4-4a2a-a1ff-f437cdb20fdc,96bcb31f7325a365fce307879bee8b89,CorporalCorgi
36f3d6a4-c224-49a2-b7d4-fdf8eb43380e,b02ccec60ee797f477489115895003f7,TheWhisperingWalrus
18f46356-40a3-4c88-8038-f0974d3f6107,cdc07c409b232b500a873b3dcc52e3e8,TheGibberingGibbon
e67d3c9b-1b4d-4f44-89ae-8a0e86a56852,10e4d9b82fa556c1cb4e251f6d184f5d,RangerRaccoon
dc1c8488-f90b-4763-aa7c-4b442738310c,11caba87b1857c5b664fd0d78e2b6c31,LieutenantLemur
dadb6523-8263-4229-a7d0-bea8ab549a59,ce87b78c4ef51e1e1f51e2f966d13e09,TheWackyWombat
28db64b4-dc7f-40e5-b4ea-0f9894d67756,334479e41e909300af381ad3c29d9635,AgentArgon
43032c73-247d-42fa-b7cf-553d9f438ffc,af530737c060c4e6e108f43d9fc1dfbf,CosmicCucumber
f9523334-33c4-4b4c-87fc-b4f3a6e6e1be,803febfa84a21e1e09a5e488b739d529,OfficerOcelot
22eccbbd-db9f-4aff-b060-aab50cbc8618,ee47ff621d20d25c04d8d1ce97862f40,TheSoaringSeagull
f7ef6810-ee67-4ca6-951f-2b0924c5877f,374839a50f900b1eb19164342e343943,TheBuzzingBee
fb70ffe4-1b34-4638-a92a-bb801dd4968b,c075ff70b27b46df783f60bd00e4b51a,CaptainQuirk
9792e209-10db-4b58-a407-ba9733ddd07d,5c80b336b7c865257e7f250d6cc27dd6,TheWackyWombat
68b49aa2-2ee7-4d41-b916-51b624afcd89,cabfa9e3288378fd9abe730da24a310a,TheGrowlingBear
bc8c8165-4bf5-4248-bbc7-0702ec017c71,bde6568f7da47e52840333ed0f92756c,TheRumblingRhino
be99c72c-4970-4355-b468-6dc03ff86a9b,98f10f4c82631de024786a8758ed7d41,TheBouncingBunny
6f2cf213-a382-4d83-9d4f-ad8a826f4c87,bd4775e21e5869c819a2d8d111a9a070,TheStalkingStork
a6623100-765e-43b8-ba5e-8480e8cccaef,d214b92263fe168aacccc855d587063a,BaronVonBubbles
e18326dd-a468-464c-8361-41717572e738,7b212784e6350dea3b181e3b9741ca77,TheGibberingGibbon
144a3d32-0c44-4946-9da5-9eb204dd5f8c,2fa83ad163c04123434b349a3de9a5d5,TheCroakingFrog
4526567c-751f-4df9-94aa-b23f52375fc0,50710166f3151cef375c9f1d4f95689e,TheHoppingHedgehog
5d7b7ba3-21c2-4650-9086-46adaac7e5df,049a4837454a5afbe17eba8c9ba78d11,TheSingingSloth
7caacef7-278c-4801-bedb-8f6fd6c1cc49,0fe11b0455e3a278f9e522ed5118c6d6,DuchessDuck
be01a713-8bd9-4dcf-a0d2-293316a9ec25,a26576580a1dc764dbb94d095f7d8d4a,TheHappyHippo
afb0416b-1744-4964-8ae9-26929d635d1e,bd0308a7a9f4cdc4b40c86b600f857e3,TheStalkingStork
064496c9-66f0-41ad-9502-40ee9a5a51fb,64a41a64bc80baf2c61676a63dcf9f92,TheHoppingHedgehog
2ae5ab12-7414-4fc8-bc83-aeec24107c80,6fe5f306c9eaa4df2a8e54ebd0a3e254,TheZanyZebra
cc354b99-e4f8-405f-a870-8f98e6591102,8fa5f8e71e0544a87f331b2000e89e52,TheGrumblingGrizzly
5fe298ff-c4a6-4c2b-9bf3-46ebbd660c69,7cf828ca54f74749d445edf0872c00f0,TheChirpingCricket
0d5a32ef-2028-4549-81b6-4e4617ed858f,f615fead7925c5225230be4b21a41a8c,SergeantSloth
85652769-d792-4896-a58a-2a714a7ab734,b4f903b35ee627a7115191c99d90178f,TheCrawlingCrab
4d2922a9-0025-402f-90c3-1f7baae270f1,6db47c2f8367bfc52de80507b47cf7f1,ProfessorPixel
f53e68f1-96ff-4d4a-9110-c71791971319,d92958385e3f33a1cbe97a68088cc6b9,OfficerOcelot123
83671b2d-d70e-48d8-a8e5-53633289c49c,9e81bcd919196ba62e36c68b7c31c34a,CountCatnip
709f195e-1f0a-4261-945c-0855e8c9851d,e9bfe530a7c361b554fd0b12ff56d4d1,CountCatnip
c20508a6-22a7-4e55-9dc9-0c0e92e26890,c5d1dbd04a15daf88fa048d6a5ba9222,TheSoaringSeagull
ec2cd618-029d-4b49-9aa8-043455e1e420,ab564e21b1d0c84cba46eabf38a995c6,TheGibberingGibbon
28101575-32e7-453f-ae77-5c01516fc17d,7cb95b11504944db6a22eeebf68f63c5,PioneerPangolin
cf91b12a-20f8-4c90-97a7-b72b229c809b,1d58bd151ea9a0329d8ae9199e68e74a,RangerRaccoon
258679fa-76e6-491f-a0fb-9a95e96739d5,7b9e611f445605ed215811aa598cd0bf,TheMysticalMeerkat
802d9ed8-d22a-4131-ae93-4d3b63a91981,341537812ba04bfdc5d25fd44f1f32df,TheJollyJellyfish
acdaee6b-b731-4bc4-8eec-e727866d6ba6,ed0114497116402325ca79a9d5f44bb2,TheQuirkyQuail
a76355da-95cb-4bd3-aefe-3cdd6e6e12ff,508d40083ed2fcafdc90136dd1333588,TheWackyWombat
d393fd26-38e2-4682-a765-afafb6931d4a,a597156932edea609d6f62c1a895bb2b,John Gray
c1cfeb74-8089-4862-824b-dd09d21a3cf3,095cd68c086c9009ddfb0dd3dd73fa30,TheHoppingHedgehog
37741f2e-2afb-454d-8d1f-62b4a9b682a3,e373c2eebe2836e1606c034308bd9e69,ScoutSquirrel
3f03faf3-0da7-4e09-b2bc-7f612e560dd0,992f0289f18f54d5bed3be4e911f674f,JWG Computer
7ce038c8-b474-4784-9c9f-12df3cf2c36f,497684698755ab61cd9dfc71e3c2f8b5,MajorMeerkat
daee48e1-d7c1-45df-b2f2-ee706c542732,e48dcdd348932774ee9079ce35985a3f,PathfinderPorcupine
68a83c44-27fa-4872-9dc6-9e08843fcc45,f2295008bee621b0b124e18563bd7467,TheGrowlingBear
fef16c47-1103-4ffc-a0ec-44b69119abbe,eea21bbf5269a456f68fcbb67b5ce835,DuchessDuck
fbd97cd5-edc7-4d01-bbc4-4416d74a5585,2d0f60131e60f76b2cab9a18a53b2aa3,CommanderCobra
4241166d-5436-43e8-bcb0-f99e34033b16,7649b86417b6874174c174bc91be41e6,ExplorerErmine
e61def05-26b2-4643-acb3-c2c5bcc49b74,898b3bee83cdeb5da23ad728b2fc799c,TheRoaringLion
8b13997f-1979-4657-bbbb-8a73a99936d5,1daf5032c11bb9becdcaa257c0253cce,TheGoofyGorilla
092cdb5b-76c0-49e3-b8f8-a81440bd1fdf,5dd8a412bb3f9a1822a99cb9364d4642,TheSoaringSeagull
9809ab07-7168-4a69-b4ff-e66a467c964a,b7360103ff5379a43f1ca4fc6a104eba,TrailblazerTapir
40bb92c8-b3b9-4add-b02b-a2a9a3c7f83d,90b6bf2a4c3e1a12fdd51064bf9a55f0,OfficerOcelot
161aa838-8c6c-4ac8-90b2-f174a223b173,ed42235561f42fde1121fcd44fd64908,SergeantSloth
1c69cdc0-a9c4-4d30-ab1c-43a804326f17,d8508817fcd96018f0e9ada12ea5a1d6,PrincePenguin
3f558e3e-a9b9-42ec-ac3c-f02a74e5348b,49224413be30192bc9f38d36657f8ac3,SergeantSloth
63a80533-704d-4c95-ab60-ca5c8c567f30,f98a407d825b5059b860c84e6b096e88,TheZanyZebra
a64f36c8-caed-4257-b699-2eb2b0279ad7,90dc72868ed55c547d79dee4adc3c159,CommanderCobra
1e7a354e-3513-48ba-ae82-fdf9f894b0f7,b710540808132fbbfdcee1221b58ce9e,TheWackyWombat
b209206b-147d-47c5-9ed8-22b08c41fc81,f45710522309c659c8ea2f39d9826e7b,TheSoaringSeagull
d8d53ea2-8de0-403b-849d-5de35251b698,1f6211fe7f6111a3244abe471c88f5f3,PioneerPangolin
ba8a454d-4777-465e-a4e5-3a1b6a00b5a5,f7ee20ffcf083b8bbf2c7660bf5e1ac3,TheJellyfish
88b2932c-7ac0-456b-a319-d6301e2e7577,42a248eef9f046944b8572c012c8e873,CaptainQuirk
6d139809-419f-4ccd-9f11-d30f981d212a,716eb29560e81632b8b918b52c559341,TheProwlingPanther
7a9de86f-3cf4-47bb-80b7-087f102db5e7,12a51d9799b4f9f9dd3c5d75c0b3d769,AgentArgon
5f2d053e-6119-4259-a257-8930eb22192e,834d6a2d52cbc59a4840e14c6046ff88,KingKoala
9ce10d68-649b-4f97-a304-a460977d4130,fa1a0922657677cff202c15a2f610f1f,TheBouncingBunny
26c8052b-4a1e-40f4-8215-c44517e44843,67678b0b8abcb617e00f0946f26bf758,BaronVonBubbles
95388d08-f9d3-46d1-9b33-367ce163a7aa,e597e4536aa89cfe8c3d8d2e7c5d95f2,ExplorerErmine
8ec3fdc5-b136-40d8-ae72-a2c5776de380,c82b56279e3f84f0f317d5aeb3488147,TheChatteringChipmunk
75736d5f-be68-4c12-ba57-c06a00cdd5fc,459821adfde8949aacd324d23373528a,ScoutSquirrel
1e4964ca-d624-4b3a-b320-8bc40410ac44,7d4c9505d57aeb291ac9bb692a854a34,TheBouncingBunny
dd6baac4-3854-4150-815d-2b480c4a9d84,ee7558e9fe9249a4f125be8b76817dad,TheZanyZebra
ed65ef27-ca4d-4006-acaf-3a9a45b8695a,5c8aa278d343095b81673a9adb5757b8,CountCatnip
bf9b86d6-d274-4e96-9108-fcf01391583b,9a131a18a285c02e2e29e576907da014,MadamMystic
cd84a3cb-3010-423b-ac64-da268dc19e8d,c7bb663b77e2ace6dd838562b908fabf,TheTrumpetingElephant
32bd8f8b-fa8b-41f1-9a98-7ad513de8930,50934dbe5e09bcf1e247d48c0ff11a68,TheGoofyGorilla
63a700ba-6668-42e9-bb92-2c0f40bd0cd8,1fb509cd26dff91e89d50bf9cb3415d1,TheGrowlingBear
680c3b77-23f5-4d5a-b09c-a740df2116f3,3ed1333d9eb9f8c483d7b562d72c36ba,TheQuirkyQuail
ae84d197-4b17-42fb-8b72-1b5e8391644f,8c08380e26ef2c2abe74161dc4bf5dc8,TheGrowlingBear
e0942236-af34-47ed-80b5-d5c6c8d1cc46,f15dc4c7fd3ffee7a7dd7e0889e511be,MajorMeerkat
453fbbe1-a88e-427f-8259-27f6ee1fd379,9d05a512a2972696dd837385e3f3425f,TheLeapingLemur
b87f27ff-a8c3-4d7b-aca7-77ea8cb796c7,7e40e134733a601895ce2f4c5c0e13b8,TheWhimsicalWalrus
12dddce1-e079-4ce2-a481-56a8034264e9,10587fe9c15cab0f30712c8182d8a9b7,TheLeapingLemur
4f68ba35-0a2d-42e1-ad61-a120e26b8cbd,bb67c916e2423424aad81c1000573872,TheSnortingBoar
822aa090-0bd4-4da7-a85f-4219e94444b6,ea7ac6444c0b2e004c15decb1d64a567,PrincessPanda
b4041ee7-78fe-40a1-aa2c-1db19f192cc2,95fd7e6cd63ce5aa1bc5ee2b85902328,TheFloatingFlamingo
b06c4e11-bf96-4f45-af05-e17e2dc79347,23f912cc8ad497c37335add0a9ff3743,EmperorEmu
c026b68e-5041-4fb7-a708-fb0ab205bdd3,86971477618b8eb05ffd3fbbb2144edf,CosmicCucumber
29ba0294-8480-43b6-8ece-021912292c42,59787ef8e21014a088e5eb8bf2f46439,ScoutSquirrel2
23855c91-c1ef-427b-8b4b-66f8a37fa266,9fe0f82219931a728286e44b2fb9c470,PrivatePlatypus
4b46f394-b4e8-453e-974d-b1eaae7b1fe4,da086d7194ef026d21586e63b1367d56,TheFlyingFox
39d7ce20-b90c-47a4-9140-53d2e7889e4f,282e1f2b4d072e4da9c592ef96919388,TheJellyfish
abd72db4-3128-4541-b3cc-78154d10b446,db54706d99b4a6ac21f1b21f00a8730a,SergeantSloth
349f636e-8b06-42d2-8c5c-a8629e1a715f,ed7f9261aca5c990773a820a498c69fe,PathfinderPorcupine
e205a4f7-6ee0-4cc7-8a9a-2e68252e895b,6034456540db1cdc4a7ad15371fe60bb,TheGallopingGazelle
2f7f02e6-55dd-4dba-a15a-bb1c27c7780a,09076962aa2a4e2e5e74edd14fa6d6d2,TheWhisperingWalrus
17c9929f-3ed7-469a-9408-7740fb303e91,5b16f1d2a566e2f6c73fc57185b583ce,TheDancingDingo
acbaf31d-4d46-47c5-bc1b-acf0eb8f01f5,00a05f6b08ff0dbad6f1726b4886b27d,TheRumblingRhino
1d6cc571-23d4-4363-b616-e2046b6c6309,e3458f4e679d1cbbb2fb4a082eafcf92,GeneralGiraffe
dbbf4a6e-c0cf-4eda-839b-b20928649a2e,41eeba5521b8577f05088d0049c0abc6,ProfessorPixel
4d57aeb4-ef92-408a-b836-b0f905fe55e1,9174692d1285c07f5adf684ac3ad28fe,TheWhimsicalWalrus
ea4265bd-2d83-4f47-a0d8-215f10505669,4033f7cf756253016b408f4d723e1e02,CorporalCorgi
9737a9dd-f557-433d-bfd3-a160c83a8af5,6d606845d7098b3bd7ff3ff49f9ce239,TheHappyHippo
27908e5b-2bbf-416e-96c7-d16c91e30278,6568d0b39face8dd281d07d7af6151ac,TheGoofyGorilla
bee9b84a-c581-43df-8fe6-30f0633fe43d,e49b1ca9e363d9801865eaec2598f7e4,VoyagerVulture
df18f69b-8e45-4b76-9222-3ca19190b5c9,0f5ca730f2035edeb1f8cc4eada16802,CosmicCucumber
8e0cf202-5a3f-4d05-9bfe-01db167221dd,265958a659ee9c3e8725ddb38102fb6f,TheProwlingPanther
5f3bc85a-4e00-4e68-a3ab-b103c4fc9334,e4d5096e0e81c954c8273e1a435e1920,CadetCapybara
af32ebab-ed7b-4d7c-90d9-23e349f28f00,a93fc4f77e216b688b7fa91cbde667b3,TheFloatingFlamingo
6a5ab50a-a092-45ba-aca1-9b1a5c21dad6,4f44a237dcd796a361fbae2c7f2833ee,TheDancingDingo
de411061-1dad-4f63-b0d8-21f2df7feb18,14f57d7be1b8e3fa8876702a2e2f6dfc,ThePrancingPony
5e2f5ac5-7158-4603-8ce0-affe9dc3e250,2bc908d793825fb9f353f2bc7a91a145,TheChirpingCricket
43638223-904a-4011-800d-ee34bb62149b,19b49f33ed0504b12bf506095d292485,TheStalkingStork
ca394daa-ff3c-4903-b976-c5e8558d2544,3db10d61149517fb219f9ac1d6c8ab16,TheGrowlingBear
905986b2-2363-4305-960a-a0d7530e4ff3,8621cae78ad4eca3f9313c614fa9d319,TheDapperDolphin
a0e6bbad-8b07-4d0d-bc08-7b65214b8004,bd1c37f3d4c93ab10bc9aaa39f995e11,TheMumblingManatee
61cbb4c9-fa9d-447c-8882-24dad55c1efb,64b5ea19a724e70ab0fc154b66174e51,TheZanyZebra
19e96dde-bf2e-49f8-b64c-9e2ad2296bf6,c4eb7dabe11e9003476b8c9006b14eab,TheSillySalamander
89be27ad-6de9-4048-840f-0a2a3de44035,d5506f5d2e8007b506e554e50012b425,CaptainChameleon
818b4906-f237-4b4d-8f81-fad7d0ec0645,fa500d838e5cab7d27d07ae0bad08bc9,TheDancingDingo
54f3a262-9848-4cdd-8686-541b735d216e,bf60ac05137d2f6222ef12ee5a08ad90,PrivatePlatypus
58d2899c-3e67-48fd-b4ce-f5c871d45a11,6e663f51668b4bc3e88eece64dc239a4,PrivatePlatypus
baf6bc91-d29e-4406-af7e-744453d56396,db84e5866cd9e4480a58955fa39e0a6f,MadamMystic
58617d0e-e9ca-4765-b195-c0c8a4760644,cfb8cb921c70b609966ddd12148bb837,TheGibberingGibbon
5ff8cc30-ca23-476a-995e-6a362e3fc372,35b107781df9ea930c2bdda51f467b5e,TheGibberingGibbon
d87577a7-52ac-4d62-aeb8-7064416d683e,04d2cecf1048c09ac6c3aa158225519b,TheMysticalMeerkat
6d753643-ee71-4142-bd8e-ad71a6a7a41c,207784c55dbcbc259d521ab176872e6e,RangerRaccoon
ee736c55-2643-44ea-8138-892630b79082,8119f702be9d0148e99e5220475acc1e,TheStalkingStork
4d6de695-ead9-4f66-a6da-fa23f1f9ae68,4c38550e47c175056e6bc606fdf1a404,TheSwingingSpider
1c5e1535-843b-48a8-8b12-0789a22caf1c,0d2bbbfb51eb0ba7fef0335f9765aad3,PathfinderPorcupine
cbc8e364-58ac-4a66-ab0e-422ad4a9d026,f4fb48cedfd9dddb8f583e040ba3a88a,TheDancingDingo
34339dc3-a636-4cd6-b781-7e88914274d2,451493f65485a8512179470a8aa683a9,TheHowlingWolf
2566ece8-1ca9-4a3e-9e32-b94cba4f8fea,4521b8d3f50626d91b2dd7dca486604b,CadetCapybara
1dd302ba-2907-49ae-8116-774675809b0b,0528f5991750789e1f6c17b333d0c15a,AdmiralAlpaca
cdf6268e-7879-4710-98c2-67fb2be907a0,ec082fe4ccead4ea5ea82ffe0704f31c,TheBuzzingBee
83d709ae-becb-4280-ac83-8fa3e10cf224,27d527be26ad7f91743b1b0b8d2d424a,TheRumblingRhino
3eeb76a5-ed6a-46f9-a285-07d8ebbd497f,139442ecdcc3423ece19670dc59245d1,TheWaddlingWombat
409e4393-29c1-4802-be57-cd67a4b79739,dc2ea1a6ebdc1e23bb71041d14fd8600,TheGrumblingGrizzly
a319eae4-ed4c-4ff5-b80b-58de7cba20ce,ba267add83968831fa735e1b08adfecf,VoyagerVulture
8d92c5c2-9f37-41b9-946e-2b01b9eefd98,36ed6b04d9b1648708b7914d1e12499c,BaronVonBubbles
b9c3418f-390b-47a4-8b9e-66943235113a,7f234cccc1626f86ec65e3b1ae09f4ee,LordLlama
f470f4aa-d0ee-4034-b74a-cc2c1e2c7212,da91fe132933ca16b029f5215e79470c,WardenWombat
156acf55-525d-46bd-90a1-86fee0f24fcd,457a39e03f68d15f3a9a4bf5f545d2b5,TheSwingingSpider
88577c0d-6baf-46b4-9a92-fea603125c23,f7d8a1c5f19ca61ac965405b38953155,TheLaughingLlama
574e0758-3d0b-4897-84ac-102849905306,0e6b18db37c3a61daf87f6a8bcea3b86,CorporalCorgi
0f5bd75f-d6ed-475e-828a-0f0d8bf2f071,128865857706fbd93a7ffb3ca9e66d8a,TheGibberingGibbon
a89b0642-3b4a-4e26-850c-e6283af58818,9854470801926f001bb91a4f8f923a4d,SirReginald
f7e64489-6a3f-44dd-9eab-b05a56f6095b,02e8e6854c5dd3f30ab1663161b6afa8,WardenWombat
a5e26a08-6994-4f70-92c5-4508462259e4,46af38e816a99e61e5e2e96548c762d6,AgentArgon
e5b53e6e-e518-4ce7-b25d-83fd4c109716,44f48491189be911e35dd765de61c0d1,VoyagerVulture
aaf84a3e-3b4d-428e-88aa-96795233a707,75c7f3361cd9ce2b4d710924bc1818d4,TheLaughingLlama
119f4448-0197-4693-b642-efddf517a0b8,6b5fd4dd9d6941fac4992999e4cee7e8,TheHowlingWolf
d2d2855f-369c-46ec-8285-149ba5670f7a,2fa97b24f4df3a72e2a4815ed7a53123,TheFloatingFlamingo
d44cf605-45f0-4adf-8cee-85d15ae39995,b890d1312bf9391bbd189088e29b63f7,TheWhisperingWalrus
e6ea7214-4271-4a35-9352-9647a6f5081b,3054e2026545da8affb3ab1cded831f7,MadamMystic
0331974b-ddc6-48d1-a51c-f7ded11e6c7d,9d1b62fb159b689af210d37a7da1eb46,PathfinderPorcupine
21811f09-a427-455e-82a1-072a3cbb0f67,247e7fa551eddaa0014f71a5c8483b56,EmperorEmu
c78e040a-39e4-4bb4-8210-fac6903f3f9c,46bb5ee4b675a88efe3642a98b0c9dde,RangerRaccoon
091178ff-6623-43c0-829c-8b5b30fb7177,ddfb909a4316395156dbe2116bb3085e,TheBellowingBison
84118561-b3a8-402f-94d8-ba2e55dd641a,caf167b86b8a18d5c149cd955b0691a8,ExplorerErmine
727ad9dd-9c33-41c7-8a8e-01627622ba00,aa4d40771283c96e48dfaa188c68dade,TheGrowlingBear
818d20fd-afbd-4323-8735-e909854410d8,c57fae33b8084dbd37a98a2640dd30f4,TheHappyHippo
3f831ca2-42ff-403f-a02f-b8db44959904,e3a4e256677c7ed1f932e2bec8a1f084,TheSnortingBoar
6f55f013-243d-4965-ab37-2d3e93008c84,ae25f285543a73f154d789fdd7687601,ScoutSquirrel
e6069871-c3d1-4348-914e-45e23aeeb4a9,cae105fb58fd2aef51397d71364c1d7f,VoyagerVulture
ffd460b9-5e47-4993-b710-fc0f63a0ab77,f070d39a1abf9fbf515306ff7edcc1ca,TheJellyfish
545116dd-d207-4a10-a273-e74e45a81fc7,35a12f16909bd00ea16ae302e62605f3,QueenQuokka
3e230abb-c730-4744-b030-8727d454c502,9aee9ef8b5b3000aade9c8bb9e995dfb,TrackerTarsier
05fb9a89-a02c-4fca-b653-0857cd6c93bc,ca2f1ae969c704a0e55df19c6884eda5,EmperorEmu
d2200eec-61d8-49fa-b760-20fc19198e1c,176749636f295c9908d0d0ab6619168e,PrincePenguin
06c21118-7728-4eb8-8ff2-bb39f5690152,5cf1e0ee7afd09ad2949563e108d6e14,TheFlyingFox
254c3d85-6038-4258-8271-080df8a72706,4b12249d33f008c841151cbab93b9796,TheWackyWombat
3601f5c3-6f6c-4e47-8673-bef97ca902d0,beef8d229f1312686ee4d963fe1e81dc,TheSoaringSeagull
6723edcf-e963-471e-a880-03fcc6a1421e,dc4d3f7dc9acf25cc28bab2783410703,TheWhimsicalWalrus
53faec51-8b5c-4258-b95a-4e3fd2e09834,a43e7cc395f7fe23563609737f23be32,TheSqueakingMouse
e2cb61a5-cba2-442c-9f14-30045c14e16f,3c47e76a46ae5280bed5db05f5e5ba94,CadetCapybara
8e3fe053-424a-4002-a2a9-77f3f0fc33cd,06baed850572b97efd2e43c6231260e1,RangerRaccoon
6bd83377-e940-4f61-8673-c9ea8bbe46c6,6f463c0a94459b737187ce403bbd84b2,TheGlidingGecko
e7ad4828-697b-466c-8845-935573a7ae47,ec7e584bc51a40338d7fb69baee79957,ExplorerErmine
6aab3dc8-cce1-4def-a126-c5576c2cfd1a,c11140e1738f3f8e8f22236ed72b9d15,PrivatePlatypus
da8d58c9-a909-4e39-9de1-d99079a67762,77bb4d1f1bc9b4ed9c970da98bbfd0a7,TheChirpingCricket
50aff416-1af3-4328-9415-7da6333e5fa9,45b9c48f7639b1f248d6f8c8e301fca5,DoctorDapper
79b893fb-4ea8-4f1a-9209-862623e02d6c,aedcd964793f1dbf4363beb247418473,TheGrumblingGrizzly
1418c519-301e-4d37-9185-a2f8279e57a9,9a5cf28e9b1f4c1290935b51fa5e9480,RangerRaccoon
e194a1ad-df45-4554-9a7b-d23067d84fad,1036f376a5baae60f40555d432af4def,TheGrumblingGrizzly
29e78c5f-68ea-4d22-afee-59b319758e38,0cf68e6c2d989931b5e7074052c64b90,TheCroakingFrog
8a1f4b7b-f7ed-4ac0-a99e-34ccf6549632,1b67ca9ab3e9870f94ed3bd5a015559d,DukeOfDoodles
37a41b44-7c72-47a2-bf1a-334f871a4e96,6e85dc9563479a80097385a829983f7b,TheDancingDingo
925fdad7-e54f-4cd5-802f-be023941d3d8,887d9979b32f7032ea90cb7261b1561e,TheCroakingFrog
cd1ad9bb-1620-44df-816f-5e95615402c0,d43439099c0065a72601c62fa2dacbc8,TheGrumblingGrizzly
fd8e7ddb-245a-4594-9e6e-a9b691f32e71,2d93eb219cf0073f463ea53cf337dc4d,TheProwlingPanther
e38ee2f0-44ed-4d08-a448-73d94ef1e147,58f63e6a2830a0533b9ee604b969f7ba,TheGoofyGorilla
eb559d4f-9e25-49eb-9d98-a91bc9893e35,a2434d9cb6cb0967f1a390f5af0eaa7c,TheBellowingBison
d68be27a-9ff8-4291-b38f-c00d7cafa443,1487cc2f74c8a596cccd32128ee4a8f5,TheFlyingFox
2842515a-6a38-47e6-92d1-b1fe84957254,4a9b69f9c77442abd5714404fd02eddd,CaptainChameleon
5af43b95-554b-4a89-b7e7-e0488f5c1463,bb76c45225dba79fd2b47446f1d75c1f,TheBouncingBunny
81f9cf90-6dca-403c-ada2-e0aa4a989ea7,8d806bc4d137cca31f4196721c8dad7e,TheSwingingSpider
bf66d90c-77ab-48ba-be6a-4319d6a7388f,c37b72311b2f458d5e75325003bd5912,TheMumblingManatee
8df8f11f-061e-45c5-869e-b572f0dfe056,c6a9312e48ba81de1d69eecaed36c2a4,TheBabblingBaboon
9cb83579-8721-4b1c-8c73-78464df116ca,253b1b07744f7dfb392fe7735101fb09,PathfinderPorcupine
6e7dfad1-d280-4158-a832-57f97bb013a4,89b403e60df80e923aa6869893c7c887,DoctorDapper
c85282c0-628a-4eb2-826e-049d892d0cbc,906f9103a024221c044dc5aa067067a8,TheCroakingFrog
f4ce89a4-e41d-4907-9717-51298af6fa33,103b14931795c8cb55a1f555770af7c8,TheGrumblingGrizzly
e4a2bd3f-9f2c-43bc-bf03-da3f721d7f45,74c2a8823993090d3dcacaa6390cf752,CountCatnip
d2be66f4-391b-4cfa-97ec-db091a243379,ccbe9d56b73c97d3a3576f19a7d3840f,VoyagerVulture
874709f6-41d3-436b-b452-05dbc14afd22,1f62f101b58b44f314baf199d48cd30c,TheSqueakingMouse
d28d0374-7be1-45d9-89a0-639bd9ebccf7,eb34318ee5c9a7d5e4594dd297f336d9,TheFlutteringButterfly
60c698cd-cb6d-4d95-b42b-e48bda53fd8d,810370e47c25a17488b1a4dc6841fe85,DuchessDuck
44d88651-5c47-4b02-8c34-0b05534d3204,741d02669e1a4ec982b60667853cceb3,TheHowlingWolf
37b0cf3d-79d2-4748-925e-22bd69afbfae,714b8c2cd2aa2937756affbf5c3cdb61,DuchessDuck
e37887c8-5c6a-45de-9d05-984f76763727,7a50dab9aee04b33ff551148f6360a12,TheSingingSloth
54ca103b-f897-4d5e-bd2b-572d315ca3ac,e0c37e967bd01fb24cbbcd462827df51,TheBabblingBaboon
6380b404-becb-40ea-848e-dd53cb98d8b4,a95d71d7a03b66ccc13fb529288dc59b,EnsignEchidna
fe8baa71-41c0-40f7-8b19-ddc374777551,bd6c9bea9621071b0af0bc456ed7041f,TheSillySalamander
ccc29579-80d6-4725-95d5-c54fe82431d4,c9d7b49baa1f0bd29c7f6439c2b1f269,TheWhimsicalWalrus
97d2e8d0-089c-433f-ae4c-4aec5c3d4dea,3b4f22333e6ac5e085c6cd786f153e8c,DoctorDapper
54c512f4-0e0c-448e-9a39-46abc86e666d,dde261ec7c263370ee6648ef497ee5d9,TheGrowlingBear
95283ac8-1403-4d51-8458-2eb3ec49f908,b8217e39bfd0eef1e9338ae68ed0a65d,TheRoaringLion
7c5f0d90-803a-4e65-874b-7eb524191bfe,d94b6af6d05f10840921f58244e49b8e,TheCrawlingCrab
a347d004-2805-41c2-8074-67daf684cca1,34ba6b79c785fb664641d0deb8b409d7,TheFlutteringButterfly
86740e14-a834-4eb1-9685-4f963be4415e,c828a6da2888797bae1efccb112319d9,TheChatteringChipmunk
1ad9d5ec-db35-443b-969b-d94506612e3e,324081caf2adcf64c14f3e5e893bce75,LordLlama
012ef91f-be29-4b01-b089-76a6c022809f,3aaccd46d095b0fbab1892c595325938,TheFloatingFlamingo
6a5f337a-13db-4c6d-a6a3-fdeb4fe71e01,6a8cd0aef86e1839f1cdcf7539a4d9f7,TheBouncingBunny
db87fe1b-a1e9-46b5-a3b6-3a26627993c3,3ccce54bedd559614bee08d20a199ec9,MadamMystic
ece36224-b42e-4c9b-b26b-e550f5abb319,643e0c07d1d7638edf664d441e3f44dc,LieutenantLemur
bac9d53b-897b-4ab5-a000-c43f0541c954,e84927df1a0c02da4a053d8cf7446338,TheSillySalamander
74532f4a-3f67-4ad3-8bbe-09fa4464f4ff,d11acdf5bce1db8cbe76fd418a4578bd,TheRoaringLion
50a6c3de-13b5-4e3b-8fab-707ba0d43fc2,caae0ad1e80d4918e9523f13a48bab64,TheCreepingCaterpillar
8b1154c1-45ba-4b96-b59a-ed84bedf5c63,24a1d741ba99cd2dbbd83ae9991b3d22,CadetCapybara
7f1c17d9-3701-433d-84e9-aae172310f03,4437ab597636d5abd626e686814fc51a,TheProwlingPanther
4041edae-b119-47bc-a930-5a08082f2ddc,1cd0996b2f0a85f01462513b5a921ab0,ExplorerErmine
2d8d9b16-1d45-4498-aa62-7ea6bbaea66d,f172db702b7f812c05491893f9ce166f,TheChatteringChipmunk
458827a0-d109-4b8f-81a9-772c45b584c9,87e50b2486725eae534291e5058cf2e7,AdmiralAlpaca
92bfee69-1227-4d5e-8f77-f6cd8a15c9fc,de27afc33b77bcabf1fb5a0dfac69c21,PrincePenguin
c3ab8715-38c2-4d99-a048-baa9653b533e,790a524c32cdc0b1c94c994085be6ed6,TheHowlingWolf
ad91387d-4d5c-4dca-a721-4f773a9d3cfb,e15c66dfe71d6700f9263aad960c75a6,CountCatnip
aa004189-9cf5-4ed1-b3ab-1554047e3965,6946ad00170d0b1f7dfb4f4689c06181,TheHootingOwl
abfb2328-6fae-4d91-a87e-0d66d2755ff9,d23a4e4985ee765c456422ecfd09c676,TrackerTarsier
b1d296a4-45f9-4034-be7d-e733d968cc61,5c99e168a7ff6f6806e27c2f303bca59,TheGrowlingBear
1bcf4b5e-114a-4d20-9637-bd1bbfa2615b,e03d8c611c6643ecad5f1760a61b9c30,TheBuzzingBee
9b7704b0-e010-46a3-ab0c-dd52c2592925,0efc82dbe2936b9f70b166b04ce0684b,TheProwlingPanther
53dbba13-0694-472d-a710-4aef42720f9b,4c7cd2a2a7c96345c52facb4a388f75f,TheWhisperingWalrus
fed8fa7b-b6e6-4e91-acc5-529c869bca7b,977b011675bf0a9b156d30e5d9b140d6,TheFlyingFox
8324adb9-4ed6-4f7c-b58a-73f3b65a9a8d,549ad5ee11e745e2e4d4383760ab8ea1,DuchessDuck
2d9f55d4-4bc5-4491-b46f-4da8449ab743,a5231413df843d503a525683b73462ec,TheSqueakingMouse
6adf1600-498c-4cee-a5be-3591d4e9365e,5d6c9b4415d4a73d92b5753443fb0a29,SirReginald
4f45a758-f2b5-4a17-a49f-17aa3d41cb57,39fabec718d2f885d51a6e44b34590c5,TheFlutteringButterfly
a8e5f060-b965-4f80-a9c9-bb95454fd6af,d4b7de6a0a9913c6a0d028d5ffff471f,TheDancingDingo
61b586ef-94b3-470c-85ac-8ffce030fe8e,0f95a91f087dcd674d27b2f05df1738f,SergeantSloth
8a474550-ede4-47b6-83c8-473fd607a87a,54eef09c26c19fdab044aad5c78c6e28,TheSingingSloth
e725c847-37f1-4959-b6fa-9265b76ebe16,0114e83d735e387f4929b76feb7c7477,TheSqueakingMouse
9f4f0b0d-6a69-43ae-bfa7-bdd61caea5a5,ba546509f5adf56e32723c36fb2501d7,TheFloatingFlamingo
6f23ef21-0334-4b90-a809-f6f4269dff57,28219da9e10851e2531281ebe5edd1d9,EnsignEchidna
e660a749-c0b6-4113-8ae6-37ee7ccb066e,7b0480d4d74027f537c8df1681b9f2fb,TheSingingSloth
73454134-0664-49e7-bd14-d8259c2ab4a9,dc2a4c24cac8a36a3ddc9ccdcc1f3967,CountCatnip
d9dd68b7-33fa-4f0f-a99b-e7f3d1df1ea6,46e2c7ccf0336aa0d764d5c5a70b7a9a,TheCroakingFrog
4b6a3afe-9fd5-4811-afe1-8c3328df46f0,8b723c5a1753dddb74e7d770bc6499bc,LordLlama
e049fb2b-034d-45d2-8c20-16c035c22591,2780af769ae26d44ff2f306a7c04ee59,TheMysticalMeerkat
a9c1c837-00f1-458c-bb33-9ce35ff827c0,db294d154372605c128ecd2f9a6ca4c6,TheRumblingRhino
97d6140c-3e0a-47c0-b9ee-e69d30ebdf92,a93c1865a62d62eb2e34306ae6cd7a79,TheFlyingFox
bd0ae659-83a4-4647-a661-4242a38e0523,f79b2d36545cbaea5a0b0e5956bfc1f3,TheProwlingPanther
218f2cab-add7-449f-a66f-705877fd6f3f,a31e404be5fd6fade1caaf609fa88a6b,TrackerTarsier
6a03d1af-2f90-4c4c-8db2-a26ba803e450,a93bffb1e4569027babf10e8822642d1,DuchessDuck
8baf2e84-86d6-48f8-a25c-5500f63c3077,040e59e75f0196c28aed12f3ef8c04c0,TrackerTarsier
428a5438-017a-4906-b985-bf46bff0becc,5998d3710f3f461e98645e22f8f7e37d,TheQuirkyQuail
a38e2104-0b81-4baf-a490-b416f87c4ac7,34eed26ed59b6cee0f4e2af7bbd0f5ff,PioneerPangolin
3da940af-ecaa-4488-8e69-e5163d97672c,2e5cc375df041078c52240a7868ba57f,MajorMeerkat
70a21bdc-4be3-4d71-ab4c-3c21af5bbe58,4eacb80016965f33542dc600998bddeb,TheBabblingBaboon
86b56100-5ced-4ae9-a1db-b2c2838d8355,6f21b09bed19f896b4bfa07464e4e4c9,CommanderCobra
8c0d5c56-6b94-4444-b4ac-9baf04e860c6,8b7b088323aab1215bb4454c54935e70,TheChatteringChipmunk
bb9fda42-bdd0-4cf6-b25c-be4448f744ab,33e8e2e75d3cc3fc939a8e4aedd635f1,TheBabblingBaboon
230b7149-713d-4dd0-a707-3ecf7c1a4d8b,253505911bf5b5509f479a769255b921,TheCrawlingCrab
25418b24-acbb-404e-bf3d-248ad08bf0ea,2a8af64271f97bc0cac75e4533a096e5,DukeOfDoodles
5aec4bf5-d3ea-4c31-86b5-bb9fda2df42e,4571ba8f168301ea7f7e8fe55a11a7b3,TheBouncingBunny
8a376d4d-a191-43e8-b15e-98da540c3d08,8a573056a9b27faf2da10811dec70956,AgentArgon
85c3b8ce-130c-4800-a28b-557c2770829a,5e7b8cbbf83d10681e7b08b36e366d86,OfficerOcelot
6c64e05a-c8c0-4d12-b4a6-f7b1c0590803,d943e45558a7fe9e8e5995616490cdcd,TheHoppingHedgehog
72cd846b-ab7e-4acf-87cf-e2a79eea827e,77d21d5ddeeaebe191a3398715f9e5cf,TheSillySalamander
5e7bb9c4-7011-414c-a793-254d69948058,a7f5f8861489f1753282596da1e0b402,TheCroakingFrog
5085e157-5364-4bbe-af2d-757874d0ce14,3815789bfc2d037b72bfd8b4faa5f154,TheSoaringSeagull
22e4b21f-2720-4cf2-b51c-3328f4c4a84a,f98cd46fdf889ffb66d2356df7fdb683,TheCrawlingCrab
646c4759-6976-4f80-bd4d-afb36f3606aa,c6f9c3d085f7a182ed69836fed65ed00,TheProwlingPanther
aa0401cf-d5f9-4302-8b97-b6068b66e12d,60c090bdc979f106630291b4fe14c03b,TrackerTarsier
52fcaf77-86fa-4adc-ae7f-a93c9a15d0ad,848b204f01f2fe926e976ad7a997dcc1,TheSqueakingMouse
96d0e7b4-bec1-46c2-a1c6-395ea2e12a97,da5c6224926a3f69d0158186923aa56f,TheFlyingFox
3eb76f4b-d416-424a-abf8-98b6bbba035e,fdbc62e5550ca108cae33cab71d68c3b,AdmiralAlpaca
15035f4a-fef6-4bc7-9e69-99b3841ea788,14fcfcbfca98054b0d7e2067c1f66e83,TheWaddlingWombat
130f0193-107c-42d9-8951-b664d90565f2,a644b055a840ece87920c0e8a28b4a85,TheStalkingStork
0f7845d3-49a8-4c0d-9f32-ff89f2ae76aa,bd97d0acd91a72cf1eb2ae3a79444d55,BaronVonBubbles
13612d10-7299-437a-9e06-8e2b853b145e,ea81a7fa29264aad8ab4afc70eb62359,TheGlidingGecko
d070664c-5272-4766-af87-41129982fa96,5651ada273f5c08d85be02b1f452fe78,CorporalCorgi
f87d31e0-e8b3-4abc-ab20-5117ce9684ea,88f93536e44d1292979acbcbdd5997ab,CadetCapybara
d8bc9234-dab7-4863-bbe7-37e161f8bc69,d3e41fcfc16de09bdcf4c6d892a733c5,TheSnortingBoar
260ee7fb-3bce-40f9-a731-51f2d0e0816f,33cb98c1a07782314b5b493bdf57d01c,GeneralGiraffe
fd2aab59-67a2-4861-b89f-ca0a8bd83bd3,a27fe95e4b26b059b7d49757e519c260,TheChirpingCricket
ae8b5419-af3b-443a-ac43-8bdd93da4f1d,0c5592554ed9e13c051251f4f2b6433c,PioneerPangolin
3bd61b88-7c3e-47e8-9a49-5c298bc3b76e,34af4cda155e2b0560180dd9819fcccb,SirReginald
ac65f1c6-e011-46b7-83cd-4149b0f59d9c,93538a34f5984ced5488e903c8dc6ded,DuchessDuck
0198fa3b-d3ff-471e-b303-2c721e3f140e,54b72f678a873094e9aade84e7741053,TheSillySalamander
8b5c17d9-6d1a-4ca4-9236-c1686ef150bf,106b138691b8261a37eae1f51b0b6c1b,TheSwingingSpider
6a11a152-8c07-4277-8f16-04cfdffb38a7,1fb7374914b4b78e6284bf3662b061bf,SergeantSloth
eff38d50-7489-439f-a4e9-83c32c044a58,9539b372c055cfe78117a3fd0cf1905d,TheSillySalamander
32b449b1-b5ed-49f5-937a-4bdd321d5ce8,d5c965499f8b6fa88ca977f7b731232d,TheMumblingManatee
55a1f399-6d2c-4cfd-9634-19be3d9f259c,f3cefc6797e18e1bdd10e1de92aad860,TheJellyfish
068773e0-e934-4c01-9578-ce415ec2228f,acd5371f75315e970263f73ea30d3b3a,DukeOfDoodles
17c0c7d1-d3f7-4fa5-b54a-b19b88c0a39d,7ae4772a730904b8274a92ffa6fb61d5,TheDancingDingo
16646666-cb20-4502-ba34-c5d0cc3b11eb,039dc3e5d47b96c8b190b70d00e7cdfe,TheWackyWombat
7e9f03de-1b50-40b7-b7c7-d63e6edff1c3,b2ad420009f3f3deba7eaff99bffeb2c,TheDapperDolphin
41167331-fadd-44b1-914a-fa96996ba59a,4652df3c9fa9418350474747229a53e5,PrincePenguin
ecd88879-f781-4220-b100-7442ac190852,b63f621cf0534a00bfd9e7137b7da843,TheSillySalamander
98ca9a17-17ae-454c-9052-9ebfdef192ef,8b3896ee1a6a8cd9f4d2d08bd491ca36,DoctorDapper
f0edf3c4-3864-41e7-b512-29b33993260c,9e2b183c14c427fc638ad75352a57c2a,TheWhisperingWalrus
16334d42-5ca6-4f7b-9baf-1bd4f81ba84a,ab59e33c36d5dd32dc08d1033505dc1e,TheChirpingCricket
de23f617-df4b-4081-ab2a-1e5933af17d9,87794c4bef8501ee8026594f1ff93bc5,SergeantSloth
9d6bdc01-4735-49bc-92e4-d9d5f88fffc9,2dbb35f7ab3bb07174af6b97807b17e5,MadamMystic
b9edb716-2260-41e4-92e6-4b54d2f97842,60cf1e1e9a8d0b4fde8c52a9aca836a3,TheRumblingRhino
8af55d87-8595-4cdb-89ff-144811e0b0a1,59c1713f6f29aee7464f5d1231190858,TheBabblingBaboon
01c287a6-efc9-4bc3-bcdb-6b0ae5b63d9b,a7a632ad5a8b5dce6a8d74f78b3ce5e0,ProfessorPixel
b4ee19f9-cd79-4852-9d2b-f4e3e09f7b9b,a807945fec48b178db82cfafb44900f7,TheSqueakingMouse
cc5eca6d-6e9d-46d7-a575-eeb03ed931de,6319e42c2ba3e34ae26cf420efbc6b1d,PioneerPangolin
940ae001-ce91-4d68-979d-042e06e2cdfb,e31f06c111fb366d36151f340704455d,TheBabblingBaboon
a8f71d04-3e82-4a5d-9bd2-569e2a21aaa2,3eb8fc50f0ff61eb69a28f50f946593e,EnsignEchidna
752cd138-c845-4be4-8d45-0f045e49952c,a95e1be1349e961b4e0563c4bbb70831,TheSnortingBoar
6f39ebd5-8ab5-44f1-871e-a762f8d8d8cb,5b0b115dcf7df6117f945c58351d1ef9,TheLaughingLlama
7234d101-03e7-4b5c-b174-83398ad5a8e7,080448c05fe66450c0cfea517474f38f,TheSnortingBoar
ecc9f7dd-592f-42dd-8d76-6b307db721be,ad2bab3ba72cc7ee7c2beb38f6ac67d1,TheCreepingCaterpillar
7b8abe8f-a1fb-4e5c-a302-c00e046ddb38,191a29105ebd9d1534fff4e02c27f81e,DukeOfDoodles
1a9174e4-9208-466e-9873-9e8456ac51fa,83ac917669d00edadd864233c5b03f69,TheLeapingLemur
8dff2ade-6a23-4d4e-be54-7bb6bae309e5,61b1158d7ba07c16f27f5ab154d1a6bf,TheJollyJellyfish
e0717a89-cbd9-44eb-87ae-f0596ae18541,22a085570a4ee208b31c8656c0e0ffd4,AgentArgon
c28e63ea-15eb-44f5-9452-669e998664f5,f537f9f4280ccedaf547cb34ab49bdbf,TheBouncingBunny
d9b4b83d-0712-4ce5-9b0c-88d997adfd5e,56e13626223f4a96b662ccdb157a149b,TheDancingDingo
08626c55-7e0a-4209-a19e-991181bd0f53,34852ebc3ad5a2f2ef902b7379d64f26,PrincessPanda
20b7099b-52d2-42ff-b25a-1200ab37acc3,19dd119642e1e44aa56b986321c3fc5b,TheGlidingGecko
85021a13-f7ee-493f-b737-279985bddf0a,3d47fd7b1548f77e3cff73a06bdbc853,EmperorEmu
7ecaf506-c3d2-4dd9-83ef-36b65abc6d07,4525ad7365b2445a732636292892f0dd,SergeantSloth
8b57c169-56a0-4f84-8ad9-1a77ca204fb1,6e64abc16335ee921d2a489c92463f12,TheLeapingLemur
a0d00df1-407c-44ba-a54b-ea43733da751,df9492475bfa393dc4aea1c3d84eb86a,AgentArgon
8633a40e-852f-4e31-b100-3b803ccf01ab,e9f3d16620dbffb168d82bfa52283970,ThePrancingPony
a368d5db-d6d6-4eec-ac0b-05f72b239dbc,c43af9fac47af5f50279a3a4d311831a,TheChirpingCricket
9a7f3b04-85c1-45d5-b4c5-f7c72a0da38d,e8f1d726810f1beb06ba22c73c793e09,TheGoofyGorilla
1ad2745a-eaef-461a-a34f-605c3beda4f0,864c95e8621bde31b838923fd2c10694,TrackerTarsier
bf6e7771-97b8-44f8-8f94-1e29e1e25d5f,659ce4bde0ec3d51cd8e3af4dbc1a296,TheHappyHippo
6d6e1703-13bc-41fb-8851-31494d04b639,219b6c23bad15fbb720e0d66fde8e030,RangerRaccoon
c4f6402c-2b65-4fbd-9930-b3a9f21b5730,ef4d6b63d80649ba0eae405b19f2e942,PathfinderPorcupine
bce922d3-c158-45c9-9b4a-8b8fb91b6333,1442f5b5ea621445ec937e2d251edaff,OfficerOcelot
0cded426-ae0c-4c87-ad0f-3cb9b3b45377,083fdfeda96288f64a7631e598330bec,TheWackyWombat
e9db701c-3014-4cab-9837-c2735d9b2758,39eba4b6073df20eccfa5a48e77b9b7d,PrivatePlatypus
4cc1f32b-8bd3-4e0e-97c9-9a6e21f56f22,444479468c5c61ed98e2637a87d50104,PathfinderPorcupine
c3b3bc37-95f0-484a-ac76-b354b86a219f,4e5c21b404cea207b213894c33f8ef94,TheBuzzingBee
0f1edc4f-33e2-4693-a1be-8e25e24a6087,9e933e5351f0a9dea542c7fb04241309,TheLaughingLlama
0c433196-086d-462b-966f-7809086371c3,66045f795ef7959606ad99cad241bf0d,TheBuzzingBee
8b91960a-5fb7-4c3c-94d8-d5efba4edf10,c902b0f0fbb87887bc0d6763ed499d65,TheQuirkyQuail
cd872fc4-299f-49b3-90b4-530ac775aa32,bc8e80268e7cb11c16b98e630a63b78b,TheWaddlingWombat
b06a02dc-bab8-4bec-b174-4b98d1373081,7a8a606dd73ec6f8e425f76048aa4b72,TheProwlingPanther
5da2696e-5669-4507-b087-32ebb113e072,bb09218389d3606274798931ab787d9c,TheWhisperingWalrus
f3e15c41-9d25-464a-8e4d-fdc083dedb5a,891a21ac1a9fae0e6bd53d16d5675868,TheWackyWombat
6e460470-8698-4e55-8777-6df3b695ebdc,0120f8b5d519ba3b2149a0718d7f6dc1,SirReginald
e4758619-ac4e-49d4-af06-39f865d95cda,978ce6024c3061d79cb5dd48531593d3,TheProwlingPanther
bfaa130b-d73b-4861-9ef0-9858d5d7d1c9,8020dc81df1f8a12725ce505fb286f83,ScoutSquirrel
5e2bc24e-2e14-4359-9e3c-0c6b97c0f3d8,cdbfb50f02d67827d8958c5fa88e289e,PathfinderPorcupine
fb98028c-3667-4439-9d1c-e25d9e7ff283,5f8491d9679f822c9b9ff196c04b592b,SergeantSloth
a7a6eb42-3751-4f13-bc8d-ad8b93bc14cd,79d21500bfba8c510b8e89810d6e45e1,TheJellyfish
652e8a03-4383-4e36-ad56-2374be5662a9,8aa039f21544dcbea0df0919eda8fe10,LordLlama
b1f72351-2f9f-40df-8b6e-e123d14306e1,1cb932cf8f04271bba6332f1614d984d,TheGoofyGorilla
03dfd282-fa78-4215-b922-939452060c38,a87922bb4875d8058edc7911861ef2dc,PrincePenguin
6af17f6f-807f-41cb-9701-21ebd09d1750,7e0ee90875f0a2400f1b34bcd6d37624,TrackerTarsier
b4b4aaf0-0356-4eeb-8d3b-ef4f2477f569,2090a8d1dc9578615797d31d29b45e74,LieutenantLemur
8dbf9433-fb9d-41bc-85e3-14bffb5ad204,706c90ea49f89b2fb074bc77bbb4e5c3,OfficerOcelot
a8f0d3a0-7c5b-452e-b8e1-581127d8dd78,28153ca28f14923c5ec07bec8584f622,TheTrumpetingElephant
19ea1a47-f3c4-47c2-a388-199d53f5a12c,699f14a563509c0af71c7492e8c45534,TheDapperDolphin
d129aee6-2f79-447e-9897-f9d6a663431f,32f1e21dfa6d45f38911d5fdb6f6db19,TheFunkyMonk
778fd681-68f5-4a49-947c-5a93cd868f0a,5ec63481179a82dd831c22a70a8085ac,PioneerPangolin
b02ada71-d41a-4af8-bb0a-84e5dfdcd780,0753e1fdfff659318f21a142941d1130,TheSillySalamander
5c708dd5-ab32-4e17-a8d1-d20a41d27005,a4db0292ba48bb817e3cb133b1d64b26,TheSqueakingMouse
a785fa29-8eb9-4aa6-ab23-4b5c9bafcaa5,c03bcce9c8b0aed9e5334762e7a2e771,AgentArgon
8940993c-e1cb-4e74-afa2-ef44e4dbb6a0,9f738de8e8479cf03b40e956dfb7c184,TheCreepingCaterpillar
6ac27d39-4363-42b4-8544-b478d1446291,b7ea117106a4ba59e33b290b840a4a70,TheGoofyGorilla
b48b969f-799d-4b0e-afa2-1fb617512918,743a26aa630888ab017310a5793ebefe,PrincessPanda
911a280e-a0fe-4051-aa65-e640ec7c4ab4,0567928ee5674212745147bb9450f826,TheHoppingHedgehog
d3a51eee-da4d-4e10-8d45-c0f3040b9d23,b5070d22ec461bfa3dda6dedb4dfdea9,PathfinderPorcupine
63ab102c-e921-45c1-bb2c-a2e9e67a035b,a8398bb1f74eaf70300916e50d2b3e7e,PioneerPangolin
87507bff-cfce-4b11-a028-d76a24bf8e0f,8f8f1606d5f54eaa73f1ff946c636eb6,CosmicCucumber
eb1e0cb3-ce39-44b9-b652-aa5b2e6331ae,bd66cf8f299758a30c23ff0f044e7883,SirReginald
6040eb69-4fe7-4071-a21f-74ef0eeb39ab,61f90f2d5304570bddad801d3c4d1716,TheDancingDingo
ca9d58d8-bf9c-4412-a187-47cfd54c6e34,6e978331ae41ed019ad20ff111556d2e,TheJellyfish
f8d2d110-68be-4e84-953f-8a5c0e05e09d,f6492ff7003dd37db388882832c045ad,CaptainQuirk
dfdcc5af-7826-48b8-b9f2-aa4cf349d2d4,7dc71fd20a62328ee4fa284deab04cc9,PioneerPangolin
36cde71d-4c22-42d7-9bef-f068ae595884,ba1dfa343577f8aa4ad04635ddfb2f00,TheQuirkyQuail
62122c83-4b5f-4bfc-b5bb-6f9285f9df52,1bc7e146bdefd1af934692d8a7911b7f,TheBuzzingBee
f5d264c0-863c-4d84-802a-47f7fc080343,370d5f26020f588b1091d7c5018fb0fb,TheHootingOwl
a6aad62e-725a-48f6-b1d0-64a494516df9,b9bfd99d39c74cf6d9b429bfecf78eb2,TheRoaringLion
d7e72df2-f73a-4cee-9d12-5ebd35ac9c87,50d9ab957efcd9f09ee2b3dc148610c0,TheBuzzingBee
97237e53-1ed7-4835-bb9a-874bf7f2b802,2e2d2e654d668162843acbc5ea8213f5,TheChatteringChipmunk
7e4c8670-f01c-49e0-b01b-106537d8751d,0f2ddad09f6e0d71f280751a33c5724a,TheCreepingCaterpillar
803be77e-48ca-4972-9b63-04f79078be7d,cb6cfccf8029e0d05e4bf2f409b68ddc,ScoutSquirrel
dab526a9-126f-4508-a36d-b29dd1f54862,bbf9d8664cea7a6684c301aead92b8f5,AgentArgon
ac9b7f99-2678-468f-a12d-9b47a007bbf5,bbe1ac360f44ba12ed0d0d6f52f0595c,TheZanyZebra
ee4b5754-5e2c-46d5-a670-2399ce1dfb4a,5ae3f73cbe96c19d84476128af25f483,ExplorerErmine
f1ded12b-acd7-40e5-a381-0db1ded505b8,6c12f4644fbc9fa84af0919d39df88f5,SirReginald
fdef24ee-c854-4eeb-9916-194a65dd513d,a26e968b542b0b12ef697a7d1ad92bee,TheGibberingGibbon
6e456731-9aff-44a4-b7f2-342481288197,1c2e4b121d8e00f408fb2dc10c0dc7b4,ProfessorPixel
c7f291e1-fadc-42b7-b691-8da18a95a130,2a0b86c9eceb4d3efada9df7f22d4738,TheBabblingBaboon
24d28c33-cedd-42e6-8c13-716b1305d778,e6d7174dbca8a563df020c2d8b97fdfa,TheSnortingBoar
9a984ca6-0e01-49ed-9b9d-8b6eaf7bd5fd,9d25db5ba651b32ef9418fe64ba99eec,TheRoaringLion
a16b3329-08ab-4183-916f-8d6888d94d35,62828dfcc2f21635564ed4b52f960128,TrailblazerTapir
ee98012c-54bb-4143-aa2e-95f9bb8c8723,cc700b4d6953c43938cf24e22502d707,TheBellowingBison
e7d556fe-bb3f-4379-97d2-57cbda112831,e25f63086698eff35044b15ec4e604fd,TheJollyJellyfish
d8cf1c1a-e2ce-4790-ad4c-86cd6243de1f,4e3a78c7a27d2a8c42aac7aa1866df97,OfficerOcelot
7cd6c1c7-2f4b-400f-b645-de978670fa09,456452aa4f51f15c8f4ef7c801a319e0,TheChatteringChipmunk
0c40f3f1-c541-404a-841a-73c5002466eb,64aee55c38c8c2c386d37ffa97a34ca0,TheMumblingManatee
2e5db7e5-32e8-40f1-8111-0eae3e767b76,2827a84d07962836ed1e4217b7f8259b,SergeantSloth
28151331-877b-4373-bb99-12978e0bac34,7808ba0161581df061deb441138ba2d8,CountCatnip
060d1a4b-09ae-4bf4-a6cb-fcfe793b3096,3e97319c9abca1b88b45621609eff738,TheBuzzingBee
a6874591-0287-4eed-836e-196e3f0a9ba0,9a9f96c84d8eb914f23ed92bdd1828e4,AdmiralAlpaca
4582a99b-6286-43c0-98a9-ffb02098a7ff,acdc8771f6283604f1550f631e6e3483,TheWaddlingWombat
b7795a67-7942-4db8-93a2-4e5dc276faba,b323b394768d7ab740bf4b036c246ab5,WardenWombat
c7c2b3b9-51be-439b-b134-490cd2229343,ab69b50aad9a7f9d1102bfc0932673c8,SergeantSloth
8acb519a-83e6-4997-bc1f-8a318160e516,83612428f505a839b06f8131ec7b9cd4,TrailblazerTapir
ea9a8d4b-645b-4675-bb4a-22fbc4ceede9,a8b599aaa0234222a51e6407264b074d,TheChatteringChipmunk
21da1cbf-4e75-4b03-93ae-dbbfb873c0c2,d3e59fad27092ae9fbd94c3457b98d9c,TheSoaringSeagull
406e2b2a-0e70-4418-8b22-015f7ad8a74a,f12a8dd2fb08acfe21d3f529b91cc914,TheProwlingPanther
1174aceb-dd8d-4236-9b4a-dedaae9c14b1,7c35703b0e0b44db5a9999a477d19c7b,PioneerPangolin
06b8921a-cf31-49f5-ac0b-3653d8c07aa4,9311f732c622b0b31a8e0d5a40c86a42,MajorMeerkat
41976850-94b5-4fc2-949d-529ae39b3c6b,7f063c418e725df673a8f0c1bf369425,TheFunkyMonk
b81cac2c-6d2b-4ec3-ba8d-d3a6ebf5386b,a57ded381f8adf8e3892d4aacc211f2b,PrivatePlatypus
d7b0920b-c36d-49d5-98d1-c8ab2e4ea45b,713ef66caac84b50771135d52c7dc61a,ThePrancingPony
249513fd-225a-4347-be61-b5fe77880308,4e28c4e009a3ef925e49d59d28341d8f,WardenWombat
d50eb31f-6dd9-4c62-a86c-61fd45056d52,e232a9f490e34e7dd088089f5a2655a8,TheGibberingGibbon
2446667a-ed30-443f-a039-a92ce2ebdd30,d5dfa9348c95d8f592fee24fea4fef43,TrailblazerTapir
af3dd528-9860-4838-8ac0-17671388423d,f23b93e8078de61bb0f78b7130081f35,CountCatnip
6c7720a4-3e5c-4c47-a446-b506ed56c246,5ed6375c338d7e807e0ce5ec2c0b1619,TheGallopingGazelle
290d2041-17b7-4993-9aaf-ecdf5f9bec4e,55784bf269790e9c3af65eb56026f8d6,TheBellowingBison
35423146-47f2-42a6-b84a-93428f93d11f,09adc763d3e3fab6bfc5f37a62958a00,TheDancingDingo
57d45811-a423-420b-b383-b8c71ea5c436,89be5813277eaff805e6dc5180683c1d,TheRoaringLion
208c82fc-9ce8-4953-8661-757ef8eb3308,d6e8e1eccf3f95cbfef5837528431e9b,KingKoala
f266ca1b-ddff-46aa-bbb0-2d85b10b78f4,74a02a5befb219f99a62ed18bcf97eb8,OfficerOcelot
c3bb30fb-0b5b-4d56-80ca-3897591a6d26,68df5c56c4a601c34899f67d6f60b70b,TheBouncingBunny
fb2c49a1-dd71-4da7-a7a0-cbe2f6e56319,829d1eca1a457ab7d3377385c8516d3d,RangerRaccoon
6b1a4f94-41d4-4184-9a50-b8fd595dc5e1,973a96b05877bcb25a3c0c7bda7245e2,AgentArgon
ca073645-3888-4805-85a8-5c2192cf2a57,7cd05daa2b08efb5699c1b46f050705c,CaptainQuirk
631aeaa5-51bc-4972-9cd1-850b9fd4a549,ad3c40f85cb8f69356e3084132b63092,TheLeapingLemur
ac687909-d64a-4c25-810c-f03a9c80b403,cec55b5c43fd17a83f481daa4d1f29e8,TheBouncingBunny
8823282e-30a0-4717-b99c-e2f069c18a54,3cb8ef9f6aeec7e0e53c94b239e26daf,TheLeapingLemur
ae3edab9-04e0-4ccc-8d27-c6e4342e6f52,0e0ea8ceb5617ba3c8d15ca73df3bf01,TheDancingDingo
609fc092-b012-4d58-95bd-91d5e26b6c6a,a878221cbefd9066c0f712d569fd0897,TheGlidingGecko
ac957413-401b-4ce2-8874-1a0d3e014b27,586e4e5a0e1c144577f103c5948bb738,CadetCapybara
e96f4aaa-b11a-4aaf-bc02-50f4f5c5ad7a,6648b6c26d49af79d4ac728ded16ac16,PrincessPanda
28e39237-5c5f-4fbc-8205-fa4e4f750cd5,9d0da89788f7f67dbb983a0a1fe02441,TheCroakingFrog
739b137d-3e86-4861-8a8a-20a6479dd50d,74702fd2eeb35928a431aca30de32485,TheWaddlingWombat
cf9d31e4-d4b7-41c3-a69a-e40a3bae4fc6,0372e11bc9ca78c86c15bf7852f0bbbf,TheQuirkyQuail
5e61dce7-7627-4ccf-9efc-1179e30e168c,0f68b056a54a1f0d4bf948eaae226da5,TheCrawlingCrab
38f06583-9d40-4e1c-b844-20d3d2ab5867,ddc9c365fdb9a09ce3663f5a6268f43a,TheBouncingBunny
028a0abc-c5fb-45db-b9e2-866546683bfd,da18c24d14b765a28a743ea505241aea,CommanderCobra
acf4a677-1e3b-43e7-a5d5-93a4a4789cbd,b2f4ccb9b3923db84e94194f61b2e408,CosmicCucumber
21c6bceb-d720-4c28-b77f-60120718350e,7b9c63333751b90e0491fbec321ac6f4,TheHowlingWolf
603b4791-9f30-4d63-a2f6-6ed8c899ab15,a54fb28d8809f7e19d3b9cab9e07f629,TheFlyingFox
ca1575ee-1a01-49bb-8a45-9d4e50252fac,0df158c36a635d9d04ccbe2add8c69d9,TheBuzzingBee
3281ea57-bf4f-4a07-80f2-d8a10e958eff,7b0b0f24416446ccb88e5ccc16320c5c,CommanderCobra
455cb882-9bfc-4cfa-8474-5703e85a4db4,9f9a0438af390ace5a15876333f5feb0,TheFlutteringButterfly
6f21f091-0812-4282-bb73-131e6cdf5080,251b67564be59522f243399b8489ab7b,TheWaddlingWombat
854b43aa-ffbd-431b-883b-13db3e1e9fed,222dfddb05bf88f20459352129c0be19,AgentArgon
f3429299-7dde-4388-b6c5-dffd22d7f750,e4b5d69862651cc2d7b3206f8077d801,TheGibberingGibbon
740bceb1-993f-46b9-8c96-83d1db3a3e91,4a713c3747c2d096d105e25f39a33bcd,TheFunkyMonk
fbd34ad6-7bb8-4b28-9f29-54198129af9e,8140da3311c1a1be994e5c2197474f4b,PrincePenguin
bcedc562-1005-4a96-b788-1938b8d35461,5f28c54ee6945524193deb5331b774d3,TheBuzzingBee
48cd358c-54b1-4958-82ee-e114033c9cc7,751b8b8a9fa10e325b9b398bb7bdda21,MajorMeerkat
caddf05a-aa20-4697-9f9b-f89069ce27f7,ca2fec7a071a19aef7b60cd7b06ea741,TheHoppingHedgehog
4e84cd1b-8b08-4530-b5ad-4e4a5df42887,188b2f7ffda59cba827cb71a572e323f,TheDancingDingo
bf0a6695-8864-48b6-9bcb-d178da9798a0,ba4a5bdc76c3eda18193b1b1683e0855,TheChirpingCricket
6d169b06-00cd-49c2-8e4c-4112df15c8cd,923dd61a74af9054ce5f8e2be0ca1033,TheZanyZebra
6525139b-7d4a-4114-8052-4a407945dcf0,0dddcad01a2b61716ff0efa8cdcad14e,CountCatnip
2b7eaf8a-ed34-4d70-a337-eae36126b052,6ed4e0dc3b936c7e3b7ab409b34ee6da,TheGrumblingGrizzly
f97aab2f-bd89-4f3a-a754-289ecfaf5058,24fa21db69ac62e637474795b6669107,TheLaughingLlama
64d381a2-5330-4371-a236-a462358fea4f,21b880494c8ddc857a2b23ee0cf84838,TheHappyHippo
90a1ff1d-1840-4e79-ae22-f3e67c3db03b,68dd9597fc6057b26b4fc50f2418d40b,TheFlutteringButterfly
3720e7a4-67f3-44b7-b29c-d9dd3e3d2cf3,70c41ad609308ab5e48d0de8dc646723,TheProwlingPanther
7532ddfa-8286-455f-bc16-40fdbb907e6b,c4b28ab5557db50094bcf4160ed8f4c3,TrailblazerTapir
914e16e0-a503-4e88-8506-fbdba4180753,e2c928f5720ba8b284d5f544e286661b,TheQuirkyQuail
d6300c08-173a-4577-8906-74734b1d21a7,89e3843de27bd84ecf43f47c20105db6,TheMumblingManatee
4180e041-8189-4fb7-87a4-caa1bd2f784b,a3f7025ef10b6b47c9a1b61deaa4d15c,TheMysticalMeerkat
ac753d72-8dee-4563-817f-445b5a05c6ce,2373d3bd66efe79c4b5a80986523cd1f,ExplorerErmine
9e1c4f29-aded-4257-8882-c420494541b4,ccdabaa05b997cdd5b54e2231655ec82,TheSnortingBoar
967b279d-0914-4380-850b-7893f5538006,76f4e45d10291d151c4313b8263fbe49,DukeOfDoodles
2b51733e-144d-4187-b8ff-3f557b972c38,25f1c531729f2fbbdd9b3e6541664067,OfficerOcelot
b04e3383-597e-410c-b459-a90a6befbda4,5f52640173f694749547a550d0b1df10,widyakumara
96dcb3dc-4b26-40a4-92e1-8e1b6797b71e,48266a6158d99bad635d9f02d9ca59f4,SergeantSloth
6160febe-7f9f-45c6-983a-89c2f56e4864,b7413b61a0e670e6375e6ffc98b544e9,TheWhimsicalWalrus
405682d6-953a-44e9-b193-1931dcec62c4,f2e3a4d9624c3cd543064ed29efafd27,TheSnortingBoar
a9aa5d2f-70ed-4c04-86ec-cc5abe60efdb,f1badc90484f79e9446c6c542f46e4a1,TheSnortingBoar
0f998295-83cf-422b-b6ec-31d76465912e,5f4bc24c7119613f7f4479dcd80dcc1f,TheCrawlingCrab
5fb32016-e982-48dd-a51f-e6cfe361d42c,253914e24fe4bf82b20bca46c3eead9c,TheSillySalamander
29765dde-c249-42b0-bc27-cbbc623d9442,5353f2ef11f377c02bc8aa2c0341d195,CorporalCorgi
b8741c7a-23a8-4bee-8fca-a9990d92c8b2,f82db5338b00a85b7ac807f721654bef,TheMumblingManatee
a1edd678-9174-4630-b270-0e8ea72281e9,b3aab2745291bf4a4c577fc488db1dae,TheDapperDolphin
886df2f5-de17-4fc7-92ac-be213d44399a,403b55ad23ce8198b6a3d82cd13f86f9,CaptainQuirk
a1684e56-37b5-475b-80a2-a02f3c057459,4bbde047d663a1674b366248b4de79f8,SirReginald
a9430f61-e20b-472d-b48e-b51371b134a2,c77066fbe0e98f83c00e479756395554,SergeantSloth
97856080-1379-4057-b6ac-165537489c42,c5a4af9525eef9a6dadf734e52238d5a,CaptainQuirk
a1517a9b-fa65-4f7e-8538-414c736066a3,712a35afef2cc164d54483a3fa31aaf1,TheBouncingBunny
ef2c3337-2b7a-4be0-a8b2-dd223cb15a50,5053a8cc7c03adc6053f4bf413d7d544,ExplorerErmine
d1095367-97dd-4016-8255-22935337e388,9e35dae63f51ca8a2f39ec61afbefb1b,DuchessDuck
294fffde-62a1-4a03-8894-cc88acbcc0ae,4b1fe3bbf6efe445eb68dde587d001fa,TheGrowlingBear
48797d8c-787f-481f-8885-274e65ee5f57,3cbf7703b7f83bdf35a2b0bc5d461961,CorporalCorgi
b7be7430-bf77-4c4a-b725-4b4bccd297b8,64a8b109a18a5b3a270280c495b8fecd,CosmicCucumber
63d9c22f-d055-4a69-857b-0306187ac27d,534d41db966745c185250769a0ce6069,TheRoaringLion
061768f3-9b0e-4706-b2c3-0cb121b32f9d,017a395716160edcae686a575440eca6,KingKoala
823afc95-7fcc-4be9-9959-3d19c912d11c,37078e810dc80ed69c46dcf7bce9ea16,CaptainChameleon
81e37122-3d87-42eb-98a2-5da3368800a6,655caef3133693abee9f0bd61f48ecc6,QueenQuokka
ee069b52-1b19-4ce1-9624-1317a4fa6f51,daf29ce5c863d831fc57a81a89681507,TheWhisperingWalrus
adf462cb-6051-41fb-aef0-f0de06e21342,c90cf8adc17c6ea2a03c6982c7a60918,ExplorerErmine
1bdbbcea-0d8b-4fe9-a05d-23906fc17057,f59539ae22c025259407f8deac686033,ThePrancingPony
58f676a6-dc62-4ffc-9469-297be21fe66d,a1cc90b5cb9cc0aecda5503e636f9d4f,TheGoofyGorilla
9d881809-48e9-4c49-9002-a9b8204c56cb,cfda6c4ce3aa0ea8d093cc01ccd6801a,TrailblazerTapir
03b62804-be92-4d70-8989-71d33cb79a3b,26af84be771ff1c81aeccc502d7a1d06,TheRoaringLion
9f3957c0-183c-449c-9a93-c89cb51d0074,15ddd0731dcb98760bbfdd846af3b5e0,DuchessDuck
a343684c-a73b-429d-bf17-a066c08ae343,29551803e0b76ca2f8cc7d0f9dd52f45,PrivatePlatypus
13cf1d9d-d033-4e15-936d-96f954bbcd5f,627d3e51b09d9a55979bfc04dd09a200,TrailblazerTapir
7f8ae808-6482-47a6-8a40-528158ab9722,617e2397e364325b4435f9b888bacc6f,TheDapperDolphin
196cebbd-1abd-4a79-a27b-558c976156ec,f1cab63bacb09eccebe49a15bd5291cd,TheSnortingBoar
60c7f647-4056-4f4b-9760-f9a1dad83d0b,ca7bf79c7acd950f24d9d888135abe73,TheGrumblingGrizzly
80e5b893-8732-4b28-b8d2-c86493ce431d,c75102c4919995016c04b293623eb593,WardenWombat
04ff8407-4152-4265-9e9e-c4814066478c,d586b4c9a0f16b1ae4d85cadd613dcc8,CaptainQuirk
bbcd48ce-3b74-45c5-a596-8c5ab507ebb5,291b39eef78bbbd4cbabdb11f633c716,TheChirpingCricket
74a485ac-cf03-44eb-af08-04cbc2ed3c35,7964e21b13265150d252f39617bd37e0,TheJellyfish
8e48a752-6abc-4d06-9f7a-eca4f6cac331,6dbb6ef0418f5a99b9479887cec88bf6,KingKoala
bdab75d3-64dd-4463-8ae8-3681bbeba674,3134bec6a036d79eb741d0c9eb92e8e7,TheHappyHippo
ef8ff4c9-f92b-46d6-9d61-3f09c4846ba0,db570d3df11ce52fb8fd62f08406d666,TheChatteringChipmunk
068b6464-361d-4fcd-99b5-8d60d282ceb5,d6b636fcd96e52228ad734f9923da3f2,TheGrumblingGrizzly
de1f9c7b-446d-4d23-8729-995db6ea13e6,25a1830b575e9d383febfdc2a1236cc3,PioneerPangolin
0d65cc60-3ab8-4184-b33d-e781ef9fa7a1,f8fb8e1e901a105f4de690a5dd5d8602,LieutenantLemur
9bfb4e32-d9eb-424a-8353-b6c5d89134d0,97f10fdbe22e33fff66785261cae2d21,TheHootingOwl
f6a1964f-7058-4800-9969-db503ec1adce,391f96c81571b6cd454d76fd07207d6a,MadamMystic
eb03c0d1-0da5-4b0d-bb14-eda521d88010,ff79bc8f2ff30787342a9052b34565fd,PioneerPangolin
f54676f1-8dc4-4459-a771-860113785180,0d6c86b3422fc4771b5c9fd7e95cf088,LieutenantLemur
05a06c7d-1214-451a-94e0-e0db912f32a8,6864131699b7180e07d0b8147a11c482,TheBellowingBison
a6f1d61e-e288-4c39-bd76-10e841eb1294,ddebc7a8f8e8e6dd5d68538b040f4a6b,TheLaughingLlama
90899889-86bb-480d-86d2-d4daa8a4faa7,2dc14e4cd0bb16794d8ab0e270efd609,TheDancingDingo
73bf16d5-ac3c-4ffe-ab2e-1988d124d76c,16a8d125274a5251a5e0bcb00f00cd38,PrincessPanda
088f9eaf-9b49-4975-94d6-ae4d7c61a000,1185aacd7b5232e31e9f2a66e4ec73ce,PrincessPanda
dc85036b-4657-430b-bd3a-42f71c01ad07,6baf456c363e170bd38b55bd1c5e603f,TheGallopingGazelle
d753034e-fd4a-4d26-82ba-4d07ac2c97e6,005cf630d74c0e7ec4985e75be4f9b79,TheWhimsicalWalrus
bf5b81a9-f041-4d64-ac23-87ee8c868ac0,446938218ea3b4dc81d2c3ea7b787f57,TheSwingingSpider
c7650258-1edc-439b-bb18-62cdf95fdbc9,db7f686a7074bf50a3627a03acbc5508,GeneralGiraffe
7a33c905-d6f8-4796-9aa5-54b90249d481,c523af92dd57398055df7a3c16d62ca2,TheSnortingBoar
84799cfe-8f08-46e8-8c04-3e3db9405747,77161f115c7393ff29526140ef3b4d5a,MajorMeerkat
610f40f7-f3d2-4451-8d3e-5da586e29fa9,95c7fb2cb5da30ff6d09b4812b483343,TheSqueakingMouse
c345bbe0-0716-4090-914f-5fcf79e6ee3a,fcedabb0196b61a9c9013da060521daa,TheLeapingLemur
7031afe6-4741-46b1-b16f-34c90234bc47,7e68d0f9356a9a2fb155077599fb6363,KingKoala
f925fb7e-7743-411a-aed1-169a69e1a478,fd0c1bf19bdbb64c777c95765fb80f38,OfficerOcelot
7034c85a-71d3-4bec-876d-e8fd9d2c891d,75b424067a656ea806a7252674647506,CaptainQuirk
2ea7c8c0-5b27-4540-b6dd-3bb2d0214c32,d952108d94a320058a4f374330b05431,TheChirpingCricket
ebab569f-2960-44cf-b75e-3a584f554e3b,96a759a01bff013a6878fda66dc22a6b,TheHappyHippo
7ca2a62b-5f33-41c0-a628-a931e66c353a,43a84874b94541c30be408545b1153ce,LieutenantLemur
a558676f-2bb5-4540-9175-16d31f7a3aee,28125efb6bac9c4c97308cc750eee0ed,SergeantSloth
fc18d31a-2f95-4a62-b4fb-181799028864,717e4cdbc2e2dc8749610300073bd357,TheCreepingCaterpillar
3ffed18a-d56f-4dd8-a5ac-1ebb6bb1710e,ff7ef51090dd24135983342703c7e7a9,PioneerPangolin
72acd1d8-0b31-47db-b299-bc1b25b0da2f,ff3f868748c3029e4418f5522a1ddaa7,TheGoofyGorilla
51dd3c55-c648-4490-83fa-b8a08a53d821,0d6c791009619243bffd8de3f22379ec,TheDapperDolphin
980c8bf6-4781-442c-b761-a9266a2fce57,549e18059aae6f22843bda089f0b691e,DoctorDapper
46a90402-5f1d-4734-817a-77b8537baec1,835d220d3253b5cca01035a6b3a92ff6,WardenWombat
2a86742e-18cd-4a73-8c3d-9431d401c66c,9971fa45daa0b45da517d54307f1dd26,KingKoala
c5f563ea-cd45-4989-8272-eb42a8625303,7ad3873c40d52622d6653d63b705e075,TheCreepingCaterpillar
3711f2c7-b27f-4b15-a404-70b7934b2329,7084950b3119e05e46523cd2a5bbba06,TheWackyWombat
57e4fd25-901a-4439-b5ae-c961c2cd114a,5e1dbc9bda84ab25a6dda5f8c873cfac,TheFunkyMonk
6f0750ce-4b8b-4c1e-b10c-fcb16c4247c7,9da581b7c129ca3bf6d71b9c2f3662d0,EmperorEmu
bfc4fd63-4b4c-4ebc-b4c7-38a8aed99124,fc7896a1a2a846a0d7604e70cc17f3b4,OfficerOcelot
e6bd8433-3acf-4a27-9ae2-8acf58e84479,cca6e5062cc96bfd56125921fa4a35d1,CommanderCobra
1da5d574-c4e2-4ced-887f-1b7b756b9cc9,ab20aa32631e31f3ba7e8853ca8ae026,TheHoppingHedgehog
4fec10b2-21e7-48d5-8dd6-450e0584b418,886073c72b9f5fa29bb34797b19c6fce,TheProwlingPanther
c3ddef58-ada8-4e98-903f-da7cccda5c33,7e2afec390d56cf487373755d993ef94,AdmiralAlpaca
758f99f8-bc34-4653-90f9-7c812d9134e6,fb8223a9d165e93ebd4f2a3cc8e50d87,TheBellowingBison
c2a0b7a6-c21e-4126-bf6c-534fa5a34cb8,3aed53c36f586e9bd67d333f869ef72d,ExplorerErmine
ad08454c-b85c-41c3-b658-0f26d7fc3b3f,cf1c2950462078096abae66f18352632,TheHowlingWolf
30e9a27f-4597-4e21-a683-c5251b5686af,1b9d5cbedb6d5ff6c97f8e53f4ebaa2e,TheHappyHippo
92aa8b24-ab37-403a-bba4-7b00234aa4e5,0d89622f4b3f63b0e10d730224873dc1,TheLaughingLlama
b586aa55-63b8-4946-8930-3a4c5f48724e,7ea1a99192f13068743e810fe33a32d8,TheHoppingHedgehog
243c4cd3-933d-4509-8489-a3d6c92becd2,7002f67bed4750f4ba27ec8be89c4451,TheCreepingCaterpillar
a2120276-56b7-43ee-9613-e215a896251a,5cf41a8ed43ccc177ea2a7425ada9089,TheGrumblingGrizzly
61f65b65-1da5-4add-bc1b-e8b4564c9b7d,d73c9b5766ab9daa2a175c9120146717,TheHoppingHedgehog
bf96582c-890f-48cb-8bd7-8b919d4cbafa,488f8dab02f806002be4488a1c24dfe3,TheSingingSloth
e630f18d-aba4-45f4-8b01-50b252b42fac,a75cd62c16b2b8fc8c6c9cdcfa029a3c,TheMumblingManatee
843b5eac-b3e1-4672-9a77-a6249af45281,7e05fd9d32a4c5034f626f66786e31f1,TheDapperDolphin
8b611ac4-6f8a-4c1c-9bdb-8a4ec730a06b,73dd9d6cefa6127515dee1cf157e029a,PrincePenguin
10ac7482-bf36-4084-b74f-1bca59f0dca8,78903a717f6fb56cc456f33794ebdbb6,TheProwlingPanther
ba676fe3-59bf-4913-8714-03ac942dec4f,151c762792e7679fa85c93f8cd93eef3,TheRumblingRhino
e045c101-b6b4-40a3-aa5d-005c2ed6da93,ea5b68f97b4b35e70d5a56792b17172f,TheProwlingPanther
224adbb9-ed3f-4869-ad73-be65050b18ed,2cecee6d2ff302a87825b99ee4a0c94e,TrailblazerTapir
1114517f-dc72-4cdc-9d0d-7278e4a5f5e7,f2dc35d81670e53aafcec5cdf4a3f672,TheDancingDingo
49aa42f2-f70e-491e-a0ce-f57f58885896,de6742fa7163bc8adc57e11ab80f2751,TheHoppingHedgehog
79de8d68-d70d-42d6-8203-4651a4b103ef,08dda989307bd0d988c9087a80329f6b,TheSnortingBoar
588b701a-d7e3-47b9-99ea-f3af62584c3d,27ee8f344a97c2228a2e2ebb6f1b8f09,TheCrawlingCrab
ac7129b6-0bfb-4d43-9dfb-aa07d29febee,a3491392ab2d2bfdbedee7819d6ad7be,TheCreepingCaterpillar
5a73b0df-adb6-48af-8e7b-e8fa7ec6ab63,dfe9191820528681ee0f8631df321696,TrackerTarsier
ea0b4a7e-430e-410e-98ff-031e6d218167,22a4288c22e5d87403075109a9879a73,TheWaddlingWombat
9831ffab-bac9-45cc-a05a-7d37863a9d41,081b0fb6d2aea03c9d0efb7d75b73e70,TheGibberingGibbon
97165f79-f31a-452d-a552-8a04550ab66d,8709effe841fd937c28ea381e4e19874,TheFlyingFox
16af3f15-cf80-4a73-8dd0-c2b99a373af3,c232eaf013239e27c964752395654957,TheCroakingFrog
cb293752-284a-4c66-9c40-2c93f7725a52,743e8ea807d6f301fe3060f20c754a32,TheQuirkyQuail
81caac5c-1870-44ac-8462-5c8a52a89e6f,b33200b3d0b3675770f56ce6dc90c92e,TheBouncingBunny
8d5e7eaa-afa1-4bde-a9a3-9b6034e81a5a,01df06a5061d3268d58e17e801f23837,TheWackyWombat
34a55057-10c1-4065-be76-3ac498cf7757,f15a2f2ab5f3b58457d09f37f1e67038,VoyagerVulture
35153b4d-0f55-4be1-bcfa-38dd7756f15b,2828f459ebd643cd6b1bbcaba392b7db,PathfinderPorcupine
fa55ae96-e149-40ec-bff2-3b8d7ac69dcd,d636e4e8789dfaddf58cfd4746638bb2,TheMysticalMeerkat
fc8ec86b-54af-4264-8841-8deeaf69766c,3c4bddcbc196a6c7b211c6701a6e7878,TheWaddlingWombat
24465e6f-2bfd-495c-81f6-7e9fc208bd01,57c3ee0b1a1d30a60bab149588d332fb,TheRumblingRhino
7b2fe197-2898-43f7-8217-724f3bc2d200,a49c9f0fa74b6a9ac8ba53ab12efcf01,PrincePenguin
4ecd29e9-11a6-4e9c-a885-b5e1b141c15d,20c09be8b04b98f5ba59310b66661f45,CorporalCorgi
20e5d968-c89c-48f3-be19-870da913288c,a3eb6feaefa449e706757afb20e73386,CaptainChameleon
21a72cc5-23c2-4c26-9c6b-86e49a2d89a5,a10bb1b9c12876cc7221c39ec7f63b8d,RangerRaccoon
c7929c5a-8769-4efd-83ac-4bfccf504c8d,cdbf499959937a8260261086ae940160,TheWhimsicalWalrus
be07ba28-dd58-426b-8599-e3180185ed1b,f0e8fa9660907058861ceee713d0c60f,CountCatnip
6c7044b8-1d57-470a-974f-702ec3414993,0ba10f58a4024d6850597243c4400d79,TheGibberingGibbon
4d682fbc-91d0-409a-b0c4-190e68ae4631,1161fa90f463117a64041ffaf47ef7e8,TheBouncingBunny
ed8deaaf-6357-46b6-bfe1-31c7df622f87,404bbc0ab82a4597ad15ad2720886f64,PrincePenguin
ecb32a51-90b1-4a2c-a9de-e2b128cc6091,253c7cb550db3ce6db3827f279324d39,TrailblazerTapir
95587f11-4660-4792-a718-c88b5e452729,8be49cd1a20e46bc3e388ef354bf270c,PioneerPangolin
e4ec178e-16af-47d6-9f72-11d56bb706a9,d1b912dafef33fd6d43c36ecfeeb46a8,TheSqueakingMouse
44df1f7c-3fe7-43d8-9023-3a8a3f26227f,3f017a6ee3dadfe6332b96d340ef2d14,VoyagerVulture
092e9a85-1d91-455c-9d44-2363b6aab010,41ea0209ad4659309e4b9ecf924f4b7a,TheSingingSloth
9f9fa903-b312-40d9-ad43-6594f80d9ec3,3a0cb8c51f1a5fc7eaf9a3d237fc666a,VoyagerVulture
c60a5993-61d5-4cca-8a1f-f7f527da39e7,70adb9492f37a6c3a5c58bd19eed1f68,OfficerOcelot
7bb305f9-73d5-4ead-ab65-552fb62935bc,29610cf0fd1adab857be974ace1b5f51,PrivatePlatypus
72d68f00-3a05-42bf-997c-a72db1e7d69f,c3ffeb6a239d32fb319c96458637ec40,TheSnortingBoar
b5d926ec-09f1-4d74-88ad-8feef12f0509,5cc1b8567dfabb81ccc5ff1940f0f5b3,ExplorerErmine
3afbab6e-930c-471e-a9e2-ebaa3d3563bb,04d0b9a5b9ec9a7af14facb883184ce4,TheDancingDingo
d616820e-a80c-434e-bc44-d888d35ba40b,ac9e44d09616deef71093b7156675bd6,TheDancingDingo
8923b21f-d0e8-4196-9a1d-4f5d0a9c1dfa,321e94f7614426c0ceff0d09fcf753da,TheGrumblingGrizzly
c558240b-c846-4ad1-bc19-54830a33e51c,bf7dd8b74bf23eaeec3b549c7d762e60,TheMumblingManatee
71457dde-91b9-4fa6-bc22-0e9c2f61b49b,f5b76bb34799071f8c02b383982859e5,TheFlyingFox
300fa299-e6e4-419f-b7ea-e6fc0425aa83,14d77ca50e2ca3189716621929570954,TheBellowingBison
c25da192-2f64-48e8-88ca-639b2ff28f79,c3d366e8bf3527e96c2d2a5a0514365d,TheRumblingRhino
8231a9f3-7a97-4924-a1c9-a76890aae78c,61d1daef2c118461727c507543560b24,CommanderCobra
4dc86390-da50-4e00-a19d-69889cfa4aaf,74e59e54b3ac1b02affec2c5d177ebd8,SergeantSloth
694a2be4-b2cb-43ba-b277-da9c63077f10,3bf266b074d12195537e285da45bb42f,TheQuirkyQuail
73c8aa4b-815c-466e-86d7-48f428b170d0,0c464a30ec721b4a152b864a9bd5ae6c,MajorMeerkat
537b7273-efa6-4670-80f6-e0d87c30f659,0a9a589dee8dde04d6ca6296c162777f,TheHowlingWolf
ed97f43c-bb72-4ac6-890e-720846e86720,64af928d31c1957b1a3a3a48d166ea5c,TheProwlingPanther
1de7511e-03f2-4e38-9c22-177ab201e242,caf5c3bd347f716fe976810a02a11d7f,PathfinderPorcupine
4e2716b7-0fbe-40c9-8418-32613f81a395,402ab9cf4834f95da5e0e2cd75826db8,TheCrawlingCrab
e4a0dfae-a9eb-4cdb-96df-7f61d6f7e38d,0cd8c1fdf2acde99cc7c04c4b3e1ca5c,TheJollyJellyfish
7bfe66a9-2d74-4ef1-b109-7495571dab9b,21701ffd804314d00192f04e832f5595,CadetCapybara
d4bec5da-9bb6-4daf-be03-aa7bb3f7fecf,3b924f8070336c657b5ce57583d76e03,DjBigBilau
8ac644c0-7e70-4d18-a56c-72d8f2421f2f,908ada49ba056bf37ada771512507fe3,TheCrawlingCrab
ab2fed73-efa1-45cc-a0aa-b3e107ae9971,21a5547b2abaee15507a37d05dedb8a5,TheHappyHippo
77cb91e0-8c55-4a03-8530-f2bec844f9fe,3dee7ecb5c763a63bb6314d5b95f8f3d,TheSoaringSeagull
60d9cf1d-a27c-4791-ad82-ae28ef711958,ec29734ab832be60fcbaa2335db77577,TheChirpingCricket
c8f3e67e-b6e0-42b3-b4f8-0f8d6ec9b59c,4940b070be535b11dc6e2f0c49a7b878,ThePrancingPony
dcfbea4e-a15b-45ac-b818-59582aa3376f,3012a783be97da22ef47a72ddc91dbed,TheWhimsicalWalrus
86f13d54-75a3-4ade-bac4-fa934995806a,be9771fe50543c257e6d359b7b7b5dea,PrincePenguin
2de44186-09fd-4f4e-a1c8-134eed4078dc,b966b190de7f6fbbcadf2c93c2d952cc,LordLlama
beda8732-6737-4dd5-964b-994560e84d7c,b7f05087f354c8120c5b878aee034f51,ajayanuragi
13b71a8c-38b4-43b7-9204-747a2630bca6,c0f31a9e5f677383e867f219f8169df2,TheHowlingWolf
802be9c3-541e-4808-9b23-ee287f1692f6,f155e5cc03a683f4d4cc06bb0f65cb8d,MadamMystic
a7e03594-d9d8-439a-bd46-4ccf8f9f1f7d,94227fe871fa95ce4f6a4d9ada57ce84,CorporalCorgi
e925b8ba-733f-4d1f-89c8-6f9107d9bc05,811358227a94d9d6028bf70db151a1d4,PathfinderPorcupine
5154259e-4c70-4c3d-98c3-a8548431d9bf,dba2324d55700a64ea665e75b87df83d,TheLaughingLlama
67216849-781b-4bbe-b75f-42859d9277c3,75f552b7959a90d0e35147e616dfdba5,KingKoala
0a58330c-8bd3-49ea-9f47-b49f1f981c2a,5bb4a35cf5909f9b073fef5e1420199a,CaptainChameleon
8e5b2e05-49d8-49dd-a4cc-c9a09bdaeaa8,54b7bd2ea7a64fe450b0120655e706d9,TheWackyWombat
845a508e-391e-4ec4-80d0-6de5a58876ec,8338a1a03f79c040c0a39103a6551318,TheLeapingLemur
427c284f-619b-4878-a401-49b9d5a5f2fa,2b11f68a1242e049a71795ece99cb746,Evilina
a90e3c2b-4753-44a6-b085-81d2a3dfb893,b98993e8e278237054823c1d8bc5cda2,MadamMystic
0650ec74-5ea5-45d5-b994-88170cc8e57e,12926a4d3f3b4589a7d5a4a7e9ab8d71,QueenQuokka
039f166a-4fe5-420f-838a-dbb98fc6b6bc,96ceb25af6d4ef3b8108eee12ffca84b,TheLaughingLlama
6217de0d-2fa5-4700-87f1-7c297deec38c,01bdf9801ae9e7653445547f627bb536,TheCroakingFrog
76cda24f-ce6c-4c98-ace1-b8cb90d7c1bf,5cc5da67e7db660f05656d80d38d8fe2,TheZanyZebra
c9f27cc8-3973-4d97-89f8-3ebad1501cc8,417480b8b8badb78fe1d4045b35a702a,TheBellowingBison
27a51e89-84bb-4abf-98b0-f1f627a02f66,b0f4239915c5b002d68db65e980174e1,CountCatnip
feba6121-4e09-4c19-bf12-31909fdc637e,e2fba8817cca53197c24f5a8b04be0d4,Jo
6b3ca7c4-417f-4625-98f0-e5f94b4942ed,53d267e00324ebeced4e9ca20716264f,TheChirpingCricket
b80099ec-59fa-40b0-b1ad-4ab6e30163e5,f03890ca2df494bd48c6ba53f1335a0d,AgentArgon
c953fa87-d513-4731-8a8b-de2cb9452696,66c0d768c693b4e835e0a372ddc89625,TheCrawlingCrab
b76996a6-d1ef-469b-ad1c-d47beffe5e51,b6b2c8ba8cde2c78a05990356f1dbc80,VoyagerVulture
48294da2-510b-49cf-a612-901dcb587ee1,e179832c5e617022077c8dc5d8b21053,EnsignEchidna
06a9b5bf-e495-4e51-8bc0-ee4ad53f4c02,ca73d3e6841c8206bef2d6ad37f51c7d,TheCroakingFrog
3e4a0d5d-29ec-4635-8253-fac1fa182602,3abf599108d52beae3e8692c2a7f7200,TheGoofyGorilla
f75778f0-e387-4e40-b5e1-083e4b9e87da,53e964783d336c273b64e7c24fcd297a,TheSillySalamander
4f129917-7a8e-4c91-ac77-620425e9b27f,a14454fa1dce3d1f5f3212ffff1129b7,GeneralGiraffe
49e9515f-3117-43a0-9c2e-354836bbcee9,edddfbe6fd2756885c40dd0b9355ed1c,ThePrancingPony
4bce0a6e-f7db-440b-a97c-9af9dc00869f,17396b3d447eb6d5b752e455b62f3a59,AgentArgon
696b53c1-c347-4cc1-8688-68f9bb2b68d4,cda59d8f15188ab53f23538cab8b20a1,AgentArgon
5e4932b8-fada-4149-a1fb-b6c9440a94df,818439833ad51e472a14fe8dc7ac27bd,CaptainChameleon
040df0fc-7fe2-4c0f-a44f-77b94f5c7e4f,04ff7f5e2b7f6c6ff64e58e633d055f5,PathfinderPorcupine
aa8ece88-baea-40bf-b900-fca5f2ab6f11,b153864805f0caae2cfad85cc4fa76e2,ProfessorPixel
3cdbd074-76eb-4cec-8daf-b850ae1ebe24,78060ad23a280f9e4ea4f6709a3b20d5,TheCroakingFrog
bd4be3dc-d5d1-410d-a978-eec02d896e59,c1635008edb1be83ff4bd7f2ce0a46ce,TheGibberingGibbon
8eb907e9-34f3-4874-a32e-38407f68bd52,c5c47faa59be5d14d98a7c0065fe28aa,CommanderCobra
32123ffe-c454-4f26-b96f-feffe8f2b643,a5849dd7e716305471063da8e0ef35af,TheWhimsicalWalrus
a0598d1e-8532-4888-81b3-751486fe4b7c,df304b7da367d0f034001745a2e37580,ProfessorPixel
1e836391-4f44-4db2-bfcd-ee2d8478b69d,835f2c7435f066bc135721a5a588c1d9,CaptainChameleon
223f360a-36fc-412a-9311-19915b4d1ca4,7c325e6538e89fc07e65cc23112a53fa,LieutenantLemur
efa4507c-5398-4c1d-b2dc-574298762612,10201fdd0f0ba111ecc08a1a1563ab74,WardenWombat
ba9deea4-bbc5-4cec-8b8c-d8674707b6e7,902874491a808b41897fa583b1c20a66,TheLeapingLemur
4a6749d5-397f-4799-b092-b15f41909323,9d59e5492af3629556d0a4617dc7b0ad,GeneralGiraffe
a231117c-25cc-4b6d-aaec-2240d5bf9e1c,402f0f9e0fcea683e05d6f83ac9ea724,TheZanyZebra
26f5ccc6-d43e-4f6e-b751-985c24802b17,8f0844ed75ce10a7b8a17c23ff840450,EmperorEmu
628b9f9d-3835-4172-abc0-edd7720c4654,e57e3f547ef0382bd387432486105655,TheGlidingGecko
2d2ab49c-9320-4d8c-b04f-bdbf223c7083,50d5bbe5b8c86c1841a2c4a789e11492,TheBellowingBison
0e16869a-a34b-428e-bc38-e508d9ce9a17,cb8ad053152c42ba7a88a0422a53f719,ProfessorPixel
1e0c8e00-a358-4a40-9b11-cb8c86589049,0cf3b44949fa82b85dccf81569ee5cc3,DukeOfDoodles
cba06188-5c3f-4c32-87ee-1fbe967a130f,f50a0c38cbdc4882ddf84ff0088f414e,TheTrumpetingElephant
6646a357-ec04-4f84-935a-b1183565e298,f1ac3c447b7b238747eb40cfc70cf626,TrackerTarsier
7ce61d59-b537-4d2d-bd8f-7affba5860c6,1f68a1fb2d5af269757436b810b4d026,AdmiralAlpaca
4212d24e-de0c-4ef1-96fe-d9f0f9d26435,9c5c1929a439b6b62f02bd2fd3fe3671,AdmiralAlpaca
87c4ab82-2db4-4986-a371-87f946c48785,a18feb5affaceabf7823227203ad6be0,TheCrawlingCrab
0e823222-42e3-4625-adb7-6e243b334926,f892cb32716e858613e5ef123968fc4e,CosmicCucumber
536aec57-e8be-45af-98cb-921241d3a251,35eecda36ab054e1938ba506acf15daf,CorporalCorgi
99f91f70-95f5-42fb-8d79-71b5283b0656,8486904925ffc4cddb4d882b86822be4,TheLeapingLemur
61cba73f-bc44-466f-ab63-1a82a6a2fdf7,df69aa9e04702e08d353742434407e10,TheRumblingRhino
62e57f33-6cde-494b-b89b-e9fe03ddcb0d,d9fc873c9013dd9bf1f5deb8fd0bf389,TheZanyZebra
782489b7-0dc7-4fc3-9cc3-594cc73a069b,b9a4e8b43c383607c9fcca84fa21f7a2,TheHoppingHedgehog
99e41127-78d5-4103-bbb0-bf14919ec623,a71395e59be373ecc056a10c6045355e,SirReginald
8e5c9178-c823-46bc-9809-cd288febd70e,f833bf5a04095bab039c8a688509b5a7,LieutenantLemur
2940a737-4e1a-4776-ad86-eee7cd601dae,52ec9df3a2e70b6f25129e81467d9cc2,TheMysticalMeerkat
1cdc15a6-c307-4492-af14-283e576a22fd,9406eff1bcbc94f2945209643443e619,ExplorerErmine
3fcb111e-db62-4932-9639-da2046f1d72e,e1c55e8a6bd97ac4b00c02430cfc3700,WardenWombat
ccaea861-4e91-43a9-a2f7-0ca04dd6a1d2,f5e92bf6569b9945a432fee29bcf3ce8,CorporalCorgi
1662e02d-5797-409c-8180-2d727333e33a,f51633b9cb0a9b197221154d535e2ef1,GeneralGiraffe
1ea436de-6b3d-4d9c-9e16-7b62458ae8da,986768c61209e33728c0ee161e897206,EnsignEchidna
a1597a77-2237-458f-b1d2-93b715b41a05,65a303b9c9a144c3929b3b8d01b583f5,QueenQuokka
1d6b20da-15ad-4662-aece-f6849c7f6c60,4bcc17f54f1e70a3adcff168b429d8d0,ExplorerErmine
5d5a2b5e-2d9c-409a-ba25-700b79976603,dc3a5bf39db9ddf316a69d7f13efa912,DoctorDapper
3fae55c7-5595-4750-90b6-8aef31231259,855bbe4a058f9be46de0c8eda8d77848,TheFlutteringButterfly
a4fe0a8a-6bfa-4514-9d39-788edd346ac4,2a4d9ba11c18f2605b299bdd5beb930c,TheHoppingHedgehog
8ec6f228-8364-462a-8f0a-de5987be6639,acaa4039d12bd2eca5f073428034af6c,TheJellyfish
ff3dd889-1365-4037-b8b6-e6e99738d0e0,8262c92e87bba0063fe54bf322197db0,TheWhimsicalWalrus
c8008573-aeda-447d-8867-9c70357d76c3,9a0ec8132760b341bc10eaf1737259e0,ThePrancingPony
b1f5e8a9-1889-472e-bab6-deaec2af9223,fc6dca48396423aaeeb2b5f3aae8be4d,TrackerTarsier
60a1dfe8-1237-4079-a467-9aca2385d692,f73451c32e5092f6f37351328476793a,TheMysticalMeerkat
2b4b5908-c5de-43d8-8b6d-307000ee64ff,0b2a4702d398402b1e064dc82051a62b,TheProwlingPanther
679e729f-8707-46d6-ae01-8f12bbe0a9e6,37b49e8a9b5aab94ea01ed909941eb38,TheSillySalamander
9856e8d4-2c87-49f0-9c5a-b56f1c4eb8dd,1025eea23a56635b40c7f0f521e9b97d,TheQuirkyQuail
4f40ccad-4b22-48fd-b808-09f9a4d5886d,a5ee618d9dd2bb0084ba8c6119e5b6fa,PrivatePlatypus
9cbcc5ea-57af-404f-bb0d-ab66aabab666,9db7439aab7a4483b1234b03e7bd2479,TheRumblingRhino
78730729-bba3-4fec-9ad7-aedaab71318d,752ef0dfcc04a0c42bf7fc4497cb917f,KingKoala
148c365b-aac0-475c-b3fd-d52388b9be88,93e92014e607097c8a5948206fd75fc5,TheChatteringChipmunk
b8677291-c4a3-44c7-8dc5-1be1d4df63de,53948aeff9ba7fda4e890156e1e04d8b,SirReginald
4bba043a-58db-46aa-a136-03b442c8a96f,c0baf7e7535ca60d4e30353607b50a75,MajorMeerkat
a3109fce-2078-479c-b15c-1352d0aa27c7,933a28cdfbc783f22e6de17c64a25a24,GeneralGiraffe
4f6aa7f3-6b03-49d0-a521-0c3fd68d13f9,1433d801bb0f7c2c1889f201686576cf,TheChatteringChipmunk
2162762b-00ed-411b-8fea-2174639b633a,5728c0c379991e22c17c34f66794f461,OfficerOcelot
643a017f-42e0-4eea-b078-ae3cae67373a,3320545c5837c0d8a8257db35c7f7e66,TheSnortingBoar
0034d897-d47e-4e69-8a81-0c1a34ab31b1,ffe5656948fa6a9c154844a35a7dfac4,TheGallopingGazelle
43b55495-9870-4c18-95f8-2148cd6e5e55,4efcdc1cc79d8a2c19aa1e246c7fa72a,TheFunkyMonk
74044e3a-e647-40bc-946f-aadb0bbab7dd,1dfd578adb2e7d57d277445b5fd2d99d,GeneralGiraffe
01253808-c10c-4197-b00f-23fb38fe5dc3,ea1539debd2b7651631c3073bcbe8e8a,CountCatnip
b9c369fd-5389-476e-92a6-f0a1c703ab82,fe9c046151ef137d789c3c6100350276,SirReginald
9291c4a8-534b-4876-9a14-422e325460ae,6a5c9655a64585824f45aa5d3da6c91b,TheChatteringChipmunk
41535f33-a1cd-480a-9770-4fb28e5851df,2c84161f0da8c24c4621505aad5b54a3,VoyagerVulture
a196f3e9-6dc5-4534-85a6-6ff3fe2c4d43,ad00d3ea239765ad3975149840ba612f,TheWaddlingWombat
663959cf-21bf-4def-b9fe-3dca27736279,3d1921dc8e4e9ba68a6190087105bfbb,TheSnortingBoar
9b092d5d-c041-4d18-a15c-8a4602b9caf5,1da066a313c1ec4bf44062ecbeda576f,TheRumblingRhino
fd439dd1-7c22-4844-9117-f4d34d1637a7,028325f57e923daaa7771287cda9ea31,AgentArgon
662d8479-74cd-48b3-a30f-33d0f8c7c5e3,55c43469087428e37cd6574954bb82b8,VoyagerVulture
821149a7-531a-43c5-8077-ec0c1fe10fdc,27e2490cc524d5f18f0e6ecb7e2e89a0,TheHappyHippo
f779e8b3-ad6a-47a2-a352-bc30da8860af,5e319f17c87f775270cd9273d9b1ea0f,TheFlyingFox
597b53cc-5308-4c1f-a06e-a10dfacb76f5,ff86b99d3f6e7f1b5df293b9c8014b62,DukeOfDoodles
143b761f-3f9a-487a-9ccd-92210c348292,8daff5d7bd6c78e7ae9c0df08f1c3d4a,TheSingingSloth
687012ed-e6b1-4adb-9b5a-20aeae051551,32fe5cf3b12cbfec459fb25df0611be6,TheTrumpetingElephant
c5c9a0f8-052c-4bb0-8bb6-a006d1278dfb,2c8929747af2d034fdc51ee8efa95425,EnsignEchidna
236c82be-240a-4210-a8de-ea499132113e,239b1767c9db8afee25a024bbeddf248,TheWaddlingWombat
dd7575cf-2950-4d5b-85f1-c88d63521d1c,ef28fbb47645ef701774b56e05b43405,TheWaddlingWombat
23d04cb7-af47-4674-987b-a472fb79eca7,c5a9d93d0ca7bb3b274c6599f3d259b0,TheProwlingPanther
d3a68eb7-b109-4750-aacc-bbe9b56c22df,171bd4f3fd5d88a647105e12e41649c4,TheGibberingGibbon
7aa75013-055d-4a7f-be9c-0e8dc9fd1e5a,be8e7a4e0953b7e6d306d7597fed2d2a,ExplorerErmine
22689ee8-b2e6-4e54-b3c3-0db639961dc2,eb460b19df4e390533b4b6bfab09dc2c,TheGlidingGecko
044c0dd6-070c-4b06-8cb5-530607f15f57,e4ba471b350d018b626df12c5a6c782e,TheWhisperingWalrus
aa9f8a09-74bb-4abf-acd6-abfc7873ace9,f89d941274d95fad3c0e283087234816,VoyagerVulture
2bf416a7-b9ed-413d-91ae-9af743edd0d1,2e9d1475bde2d9e1bfeb10eac8f879c2,TheGlidingGecko
bc318e7a-f965-4da3-a3b5-81aab92d8f7e,aea84a363dd26b49c4e400e4a5fdc11e,BaronVonBubbles
20188c3a-0c17-400d-9f6e-c8dd48685a94,e95cbefb0e07c05aa86dda3422f86d08,CountCatnip
acf8785c-8a6c-420e-a907-589066380a15,95d98179925e87157df1b009f3301484,PrincessPanda
5b397ac2-20f0-4a0c-a075-4db7b66d607e,760b52c45eb8b39a282747287cf5e65a,TheSnortingBoar
aba83a52-ad8e-4a0d-9299-cd487bf06f19,a9419ebcf1cb85f0f1ebde5630dffbac,QueenQuokka
4ced78b6-9171-45a1-8e6b-e09d8466b17e,b4e22bd712ecaa6244e97c3c92e45f7c,TrailblazerTapir
b9145ca0-dc4c-4820-943e-02fdc30ac401,1a5f779e3e69ab00073ea1ca44d684b3,TheWackyWombat
82957037-3ff3-4e59-9d6c-effadd6c4b8a,3ff8d660efe4624c367a1b5b76fd1dc8,TheGrowlingBear
fd7062e3-9a5f-4baf-8117-2710dcde3e7b,c0f51e63517fedc8c4b595d080df0b71,TheRoaringLion
e6028790-4f08-46ca-97a0-c81a05d7045f,86e2927e12cbd217c8a7d6f91293b052,ExplorerErmine
1d89d189-9f41-4aed-9789-39455fde76fd,acb26ac753f9c5030de71e38a80b6c1d,TheFloatingFlamingo
fc5927fc-0b84-436d-a6e2-0391b16d858e,c273fc8e5c38cc81bd05e8e63bb78bde,RangerRaccoon
1a9729a0-5537-4744-aa36-1f86a64568d4,45ce0a6a48c58686dfa10b81b48f54ef,BaronVonBubbles
3d36e06f-727a-47ca-a0bb-f0c233166355,481f00ca79aaf3f70a52cd2fe9addbb7,CountCatnip
1bbd3e64-8ea1-4c8c-abde-40c067d43d62,e173a2b39329b4a1f41eb4381cad0af2,AdmiralAlpaca
3df6355e-a855-47c4-90df-df219b1cbae8,438a47460a2e062c182e81a89a76cb99,TheGrowlingBear
2f12671a-7c2d-4d8f-9756-6309cbca990d,b929be9f78594594e40f22a3a1e6c248,ProfessorPixel
afa39356-ad7e-4e73-843a-7bc058efdddf,4d75dca21e183ce6db2e5625774c3bf4,TheMysticalMeerkat
07b712d1-bc48-48fb-be19-65cf3b83b859,87b2bb2edb448b7d665e8dc3c4f7f7d8,TheHoppingHedgehog
f75226b5-2803-4f06-97df-437095a44502,7167bd690cf798b63da986f4bb47eda2,TheMysticalMeerkat
d71e345c-3113-42eb-aadc-8e57d824c9bc,28a659c8bc77e027ac7e3a54056c7250,BaronVonBubbles
6fc84a65-d704-40a9-a727-1b0b6ef9553b,8b6e0c2c101487b44a489ae2c74f6f9b,TheFloatingFlamingo
2e2b79ca-4ec0-417d-a0af-c5aab0aa50ac,5dee6fc36cb061b94bea8186f3d40526,TheSnortingBoar
16d37ca8-123a-4f46-9377-cf1613b7365f,4c53b05d236a29d36e1731b034c2f019,TheLeapingLemur
60a191fd-438a-4ab5-9d63-a05af0f08073,e6743bb9ed8198a439dfb8decdf896d9,TheTrumpetingElephant
51431ab6-98bd-4d27-bf97-dffd934b6ef6,6e0afc1a9103956c8058a8af56165259,QueenQuokka
85b76f37-7ff8-457d-aee5-c7c7f22f5ad0,a17ab96c6562f15e389fe20dd5bf2f1e,CountCatnip
89d3a38a-f53c-4ac7-9014-9a9aa781973c,3fdaa284fa61c1536933da55a814a193,TheLaughingLlama
035342ec-34d3-43b7-a9d3-482571cf7f10,df1e8ba59f641cf151cc526bd9fff454,AgentArgon
61e8c059-3f16-46e7-ad1f-8fbbc9e42880,bb0f9b2902d4209a8419f42587c664ff,CommanderCobra
37194560-a658-48fa-b007-ea719832960a,d9dc187a0ed60c4ad9b88dc1de5acd94,CorporalCorgi
8866bef9-a36c-4e4a-88ec-616c163a6011,0eaa27c5154330f9d7fb22c23dde7c48,ExplorerErmine
eeccdbb6-10bd-42a9-99a3-c3570b5875e3,51d9d65c68a731214f54288caadc50c5,TheGrumblingGrizzly
0c7ab0ff-4932-43c4-a748-b462ff57334e,3a3302f6b2bb720c563d28483ba3a0e2,TheDapperDolphin
837bc841-fbf7-4c3b-9797-6b49bdbfb633,a0294c4c1fb463b67dc14ed36fad9e6e,TheStalkingStork
8f4dbc89-a9ec-4af1-84e8-e873ef34f37d,40815709cf21942afb620746e523f76c,TheMumblingManatee
2bf28e73-f882-4b4d-903a-b654f4249c76,945ff41c6cda7d7b3f268ce51a65a907,TheSnortingBoar
138d6173-c613-4292-8b1d-799eeeafe68c,f56845ca4107b779870337f33e0eedf0,TheBouncingBunny
daa4424e-111f-4794-ad63-96cdc4859cf4,afad2b1d906ec070f4ee7b31c8ce0f9f,CountCatnip
66b64f70-9f63-4730-babb-a220589ed8fc,cdd5b4288a16589f8ebcdc0950510cad,TheMumblingManatee
bcaad968-928b-4c2d-a0af-fd3a6ee1b23b,9a8defdb42b4f30a5ae9ac95a35a5e73,EnsignEchidna
eb5cee41-91b4-4957-b1b7-ee0bdee36b00,fba4ce8c18a79a57157e596c207f663a,OfficerOcelot
f4b79df3-8a96-4351-958d-920e5184c6e3,89b785610d20190dcf84778a3181eab4,TheMysticalMeerkat
5a41e53a-e0d1-473c-afe2-c8c1076fb17f,498e31348b41cea2eff1a2f7782a0142,TrackerTarsier
3f86e579-d99e-4f41-b445-37b9d384cbbc,927997e05dc93c3a5b4de4f1e99aaa42,LordLlama
5ce4ad9d-4ba4-452d-a858-ca8703dcccdf,d93d68195159eac02c7553cbc9f9b4cd,TheRumblingRhino
9a7f4eeb-b502-46e6-9f90-acfc5b5d9a7b,bb6521bf80c731bbb1f31a7346c6ba7e,ProfessorPixel
d70b58d0-aaf5-45ba-97c4-710983315c6e,3b4c303a662d0f7b4c10cc92720024da,TrackerTarsier
ea2336e2-798c-45fc-85b8-ff8b155722e5,fe94533b1051d5b140c01dab4f0ec1f2,EnsignEchidna
7e09c620-029f-49c4-9f7a-8ffe9298c256,81d799d425e73561a5695da1c4641027,ScoutSquirrel
e11df3cf-84bd-4643-ad29-85a41a4b5470,f47bfb748c5dfd2087e12aec5e3ecf44,TheRumblingRhino
9e134c84-ed3a-415c-8712-324ee4bb3014,7dcbf23ec6a15ddba329fcda204c42de,TheCroakingFrog
41b3edcd-e524-448e-82a0-e10203504955,47ac3fb866313a02313643356750fbb0,TheSnortingBoar
8324981b-33d7-4c38-b34d-cef9837a1601,959bd0c287561132ace43f8057e9026d,TheCroakingFrog
b89e6517-7737-415e-a338-6335b5d7db3e,a9d00069822de8ead35cc3ede4146687,TheHowlingWolf
10f6ef62-8938-4fc5-aa4f-fc047f9d8a8a,c6bfdb91f8883449c99686f7ad33567f,MadamMystic
aba47247-742d-4211-9879-99cb54355277,30cbad637ad2f77e919032fa899aa761,TheCreepingCaterpillar
5f8949e3-74db-4477-abfa-3f68be88fff9,58b76f6e72209f5268c4231bee1a6bb4,BaronVonBubbles
c9b48137-c9da-491b-8923-4db80ae7b4dd,56c2b6cef960bdc1be09495ef0953154,TheWaddlingWombat
17b25be5-f2cb-4a3e-b241-ef5b069c1b56,e0d3e7f596924960f87b50174ad348b6,CaptainChameleon
ffc5eb75-4905-4dad-a8a1-74ffcb1a1cd5,6fc7259c1813c0ad35b62a5e75540298,TheHootingOwl
1df722b8-9248-4247-9f93-83ccea5667eb,32009d1076978c6bb7268419c559e76b,ScoutSquirrel
52666857-e81a-4b7b-ac30-b91fdd8980c7,d7b134080250859d31761b3c19bffef4,ThePrancingPony
24a334ac-5047-4b18-a756-abf39cf39d99,aec06e61da502effd0c4d6cbfa25ee51,TheFlutteringButterfly
7b152326-214d-4980-97a3-f09fcd79e3e2,05d4997d2349141fadcd1749ac0152e8,TheTrumpetingElephant
cfd1f6e1-d2d8-43d9-9309-d0a4970d4670,d69e37a7b88533aaabb260782c1c3994,TheWackyWombat
67be4f46-322c-41ce-a77e-f5bbb38c60ff,93b172585160f7adadd68dde39cf5387,TheGibberingGibbon
2833e18b-b45d-41e2-a05c-56ffd84dfb25,a30db0f7f6871cfd803a28576ffe4a2d,LieutenantLemur
313b8760-ff17-45b3-adf5-65426d25a2ab,d33c5489e3462ca5061e62e8f413c34e,TheGallopingGazelle
f74fb89d-6945-4807-97a0-79d039ad5efc,accba64f926ef7bebe77063ac82a7483,TheCroakingFrog
9a3de997-85c7-4175-85de-b14d7637d56f,27bdb980ba6383179fa1f2b506e96369,TheLaughingLlama
95844619-a7b7-40a9-95ce-d9f81dc30fa8,295dfbe14b97a61df25257c08fb81a82,PathfinderPorcupine
88c929ec-68d1-4531-8313-a2ec5e1ab97e,678b5b5ff2d22bac352cd1751496f527,TheBellowingBison
a706c371-bfbe-46f5-a9cd-28a77d1f9366,78d4e58e70aa22ecf4c42e2a6547300d,TheChirpingCricket
26ba6282-0de8-4162-b846-faae9ecd572c,6d61c6c606254340e336b94e34ec1fd4,ScoutSquirrel
50d066c6-dd21-42cd-a9dd-ec8ec33af0fa,3c7f2973acf4206c5f4b5329aa738eef,EnsignEchidna
7c114024-c171-4960-a9c4-21c5166cebb1,f9359fa2752a6ba2aaa0277f04f3ee84,RangerRaccoon
6078b72b-8287-417d-8cfd-5f5406232306,de12ce009b0c7c61b488f32973414d64,TheGrowlingBear
89a179c0-6855-44ee-9f8c-9e0ec7609a8d,d778464170b56e0529e6201f3a7222a3,TheFlyingFox
e560094a-6e0a-42c3-b33d-76d51879435a,ed33a8a76c371ee692b8371a372d1bd2,AgentArgon
f3063543-bac1-4416-ba44-da0caa7259df,bd4f2f2367720b21afab9a29ad27b0e3,VoyagerVulture
1ea72897-a2da-4ab3-b3b7-28308eeac3e1,e967bafa149aa7111a9f58d4884031d1,MadamMystic
7da8ce06-dc9f-4e0b-bde7-c34df605e363,4654d3790f544d29ce679701f07d79c1,TheSoaringSeagull
f660366f-2925-42a8-88bd-d62ffb8de457,b0705b03af9ca033a15f88a7ce17d5a5,KingKoala
860ba004-9236-492d-b3f8-75ceed0765a8,b4d93679303c2e149dbb7d892b92e6e9,QueenQuokka
483b83e6-87ec-4f61-9e62-fad3e9317ffa,d264ac5943b3d5f660f95c4f98c9a443,TheProwlingPanther
78b0e6ae-f329-40bc-b728-097ab50f61ec,e61ed8a4ae4322caa9023ae0577f8de3,TheProwlingPanther
ecae71b4-ee76-4e04-b3f0-d9338a85b3dc,7d44c030b5eeab200ed39c390c38f57b,SirReginald
ae4f4854-59d4-4e17-8e01-804362192839,f096cebd36888800c138c258a1f72797,TheSnortingBoar
62112d19-1a70-4f4f-a926-402cb83cac9a,5fd76d56dcd3bc426ef42f8c43766450,LieutenantLemur
c25fda35-e1ad-4334-9f3c-731528b446b7,465e06d37dc3ab5868b6249734431c68,WardenWombat
9bd0338d-a2e5-4d76-aa1e-6851c87d6490,e9f756ddf2638ab51b85ba926ce98daa,TrailblazerTapir
e04db902-d97b-4f60-8366-58a77ab9fdda,683629e311de974491007e0607eb655d,TheFlutteringButterfly
b2e4834c-4839-49f7-a0f5-04418fbc206b,6345a6d824b21dbc00c5d47f3287c661,ProfessorPixel
a835fbb1-1814-4373-ad85-2fcfe8c3513b,16b9cd9167f0824eaf96989894876bed,CaptainQuirk
9944197a-6a28-4433-a53e-8942e6d87f49,8a0c6398b53ee06ac926c2fb77f4579f,TheMumblingManatee
5e0761b5-ac56-410c-b737-8c9b86c34f95,e6df5d1c08c0d5f10aee56e2b071a410,TheHootingOwl
47473199-9baa-442a-82be-18596ef5f1ce,db15ee4140a1c57bfdf620974508c08a,TheDapperDolphin
3b70990f-8e14-4819-9bb0-e74bd5bf34a2,bcc22aef98a2d2d779764c5ec1806d18,TheRumblingRhino
763d8cff-a3e3-4bdf-940b-04946b3a54c1,3020433edd3f4ff06a2e4f8e7c1f57f9,TheRumblingRhino
6d97633a-9d60-415d-ba9a-870eb964aa0c,d90bc8b9e5f9be5d12bae38e9df6c9c6,EnsignEchidna
fd934bc6-78a0-42a5-aede-28cdb38ed91d,ad5e79f163fc5c985cbc1d7768af8f18,TheJollyJellyfish
18658e56-498b-4df8-8323-e699b00993b2,9c0ac8c7e62f3b0084017d4e03c3b91b,TheSqueakingMouse
fc4a6be0-8260-4333-ad7e-01ebcadd488c,b8d8e7b08017958fe462eb8f60a25f2e,DukeOfDoodles
07f84d63-4095-4adb-b744-8cd37a52421e,c2920246e2c53b22bce2fbe949873377,TheGlidingGecko
099f2e85-78a7-4b7e-b0f1-1e2cdc203b8d,6a24964ed48301ac9ab0e1f1bae109d1,TheProwlingPanther
2aa51da5-420b-4f8b-b4d3-9b02b668a178,0432bacb2b759f3634718e2aebe60d73,prthm
457bbec6-8255-445c-b9c7-c31b04468d0f,11aba35fa01718aecb27af6623389358,TheFunkyMonk
3bf9f033-319f-474d-b081-df99ea74a251,370f8eaaa2153f0f43326bbd535939ba,CadetCapybara
ca55f2c1-1e73-4889-a742-682119b9a9ae,5737c82cddbf1a8ee01116b127501536,TheStalkingStork
38c01a4a-1502-4f62-8b18-94b5b33070b1,c29416c821455b9142e0c47271106659,VoyagerVulture
97838116-09c2-461d-a1dd-59b4f57fbca7,55cc4a2974ae7d8030545869b8fbb8e1,TheFunkyMonk
c7c8b67a-db83-48a9-9dec-95b260bf8667,f374ca8ac27d150469fda4d59c15ba0b,TheSwingingSpider
8073af7a-689c-4b16-bb28-aff05e20cc12,fdccc5ec92a1b2074bb496b75406f2cd,CaptainQuirk
a20f7646-6435-4f08-aeb1-aa3808b69de2,92bf95de8deccd59eda295f540cae323,TheLaughingLlama
794526f7-a286-4ef0-9147-a036049497ed,932a67a2b898093914aafd71fbc1759b,TheGrowlingBear
91d46b31-609c-4d8e-bd2f-344b408bcdb1,37913d9e4f9dd33234daf5fdda922821,ProfessorPixel
e944fa68-ac76-45fa-98db-8631f41c9b2a,7e1513fc57fba5b3d09b132e5772864b,TheProwlingPanther
adba4600-48d5-4915-8b21-2274f1b4c376,c29ecbdf8faa3710d1f0791b5f5c6f31,CountCatnip
5b1ac75a-2259-470c-947e-1e5d47158f33,500114d7327156ce5325a80e0df0b064,TheWaddlingWombat
1c00e841-d341-44bd-a6d6-5dbe796ae91b,1b010b429c14e791263b48f0f1ea88eb,PrincessPanda
31404d5f-c015-4d88-b2f2-227e4106c706,2760c6c3c7513c51f22adc0adba88bef,TheHootingOwl
ea150f90-c434-4f1f-bed0-423f7df55a5d,367d6f9646dc5d4ca89ad861f41caeaa,TheDapperDolphin
93819a9b-2f7c-4af7-af6e-7ec914db25e1,67378ef0def2514eb90d0021ca699f49,TheGibberingGibbon
9456177d-58cb-4488-bc9c-73ec10615e47,edb254bfcd29eddfef90b4c41f5f0d05,TheRoaringLion
ef0f96b9-4871-4d79-980a-71986fecaf54,d349ae4ecd1e17366ef17f8ddff70219,LordLlama
672cce19-972e-4b01-99ce-fe6b2d4c9f17,d38b0bb0c6948f5abc4ef4d9cdb07bf0,PathfinderPorcupine
b862dd44-6101-482b-b6dc-a2641da3a258,1cf054701d3f912c1ea43dd39ae86982,DuchessDuck
b1a36340-134e-4d11-adc3-db7b5d48de8b,b2a99a6208d5737ceb8b4c559ce26ef8,TheGrowlingBear
64abce7f-8233-4cd5-92ce-a05f1ba34869,e3d50b945f82d5b3b4dcd15b1db39e56,TheMysticalMeerkat
246c03de-1e79-4818-9736-11f1ddfb39d6,e22954269d7b5071877b98504aa54bb0,TheWhisperingWalrus
1a7ceff8-cceb-4b15-a5ea-16450f22750c,679a65dde72c2b98801f809f6ad7ba9d,TheChirpingCricket
49588e9d-62c9-4bf6-a3e2-fcb7817fdf57,7254024b9aeeda29799df547e0c8e507,TheSnortingBoar
69f9c0d7-07c5-4e08-83f5-4c903d14bc0f,b7ab8847909b04b5be5ce60d39b4f69d,TheSnortingBoar
c152910e-8566-41ce-ae3e-fc4395a1ce93,ef3ec6204697f59bf520f6f6b0e8749f,TheFlyingFox
685e5d2c-7548-46a2-8246-f9f49fc3ca42,687e70e2c80a395d040a2ed85084f595,TheFloatingFlamingo
719ccd07-d846-4201-bcb3-4159a05cf9eb,b39ef6cba2b8970a39ef195124acdc9c,TheSoaringSeagull
6c2e1fcf-1947-4387-8bf0-59caabfc75b3,88dd4d94e0d7c1d8e6106cf92c071baa,TheRoaringLion
e1e49a60-d7bc-4bc5-b310-a77b8713d765,d306ed98d9d0481021a848c0d197c7b4,TheMumblingManatee
1244818b-ce07-4293-a5bf-d0405affd8c3,4ce8acf9110ec89ae308ba7db2087a20,TheWaddlingWombat
c8d73788-36c0-4d18-8c1c-d29b8e678be3,0afac7573d4a20e0a494591cb874862b,MajorMeerkat
a98b6e53-8c64-492f-a311-4fe122063ee8,24548536735f1f3e07a32b84970e3f92,LordLlama
7dea23b7-d7e4-40fe-b377-a66a8d9ea334,5d8c888dc5ebe5a36a64837b084d5d8b,ScoutSquirrel
462728bf-20b9-44fb-8879-1d5c38598cb5,5e02b9108eee57ff4523d05bf449c75d,TheChatteringChipmunk
5e147826-4176-487e-8ec1-f011ed98f658,cd5a4a3cb3f55246d8968b9c06a70015,TheBabblingBaboon
8b8e1296-22b2-47b9-a29f-51bb3592d3ef,7696fab127c51ce5a3c8bab610ca0193,TheQuirkyQuail
b5ce758f-e457-4a35-ac06-e20275086e07,f33061a50b993385c81d03d99e9b761b,TheJollyJellyfish
dc9a83f3-6e57-4ba2-bfb7-ac3cb2c482d4,5316bdbfc9c53c71b2da025b3953b0e0,TheDapperDolphin
5e4bbc36-5c02-42b9-8571-235c26d0a6be,17e656f87c6aabf3d5d6c4b9a06e31c7,CadetCapybara
51145db4-ebe5-4fad-b826-6df0f0c6a588,906b7c13fd6061cf02d0133b14ebc99f,TheChatteringChipmunk
e860bafd-ec96-4180-9d18-0dd36efe731a,eec30ed1fdf3f5180b37391bbe714bcb,TheBabblingBaboon
96a6df75-f36c-4452-9fab-a13673ab5977,9aaedb03c1dafdae04b7d65d2c0a428a,TheSillySalamander
37be3fdc-01ba-4f5a-b5ae-2fed88c6527c,a64e60067494c1fde32bf68b680dab7d,RangerRaccoon
c8a3c1de-6f85-4058-9b92-45df735f705d,472e3dfc4eb5a5569ed79e35a6601039,TheGlidingGecko
9c92fb01-6a3d-45bc-9baa-fdbf384dfcf4,a2fd6ed39cdf088df384de3c369881a8,AdmiralAlpaca
abeb9031-f881-4497-8dd0-df9f86e7ccfa,e6995289bdb80d53ffee65974e68388c,CaptainQuirk
78370d24-2161-41b8-abfd-ad62a500c442,f5a31f67ca6492250f4f5a5d603b6757,PrincessPanda
a8d89293-d608-49b6-ba5f-00d8e531560e,2956295edfd2ce0e553139900b769698,TheStalkingStork
31e449fc-0225-4962-a7b9-12c5773bc974,639254a29847f86e3b9f9f577849d4b5,AdmiralAlpaca
4ac14506-c690-4dfa-92df-7275047ee60d,c4f7d952631731867c6aa2693d6d499d,CommanderCobra
992c3523-304c-4b3d-86be-4e276bce21ac,17147898061a6a06a3b20e5652e611ac,VoyagerVulture
2259a15c-0505-4948-8f13-df56d101ad36,79317faadbfe90fa900e1efe39566db1,TheJellyfish
1480bf7a-6f48-4d95-9487-ebe4fc77acba,6e1cb5ad9180b975e48393e2aeb4a00d,RangerRaccoon
fbb2c003-04ac-4545-8900-200b0586d3f1,0346d577fe953f01e4913a52d234b425,TheSnortingBoar
b643b63d-9f7a-4bd9-b8ae-eeca553ed3ec,f4326ab26ed5bf02810f94d1a066d7a2,TheZanyZebra
e1aad7ce-afb5-4604-bda3-b25283d63062,f607964629f360edf4dc68d7ac23c04f,TheGibberingGibbon
05de46da-9b69-4763-85cd-4cba37ef3974,5eea63018767812c00917a5bd06fb337,CaptainChameleon
821629ec-d311-4be3-905c-9065e92d8816,eb110b5420da88a4dcf3b7fc994cc51b,TheHoppingHedgehog
105e17bf-39e7-4145-a141-bdf9d965255d,9bcba29262812ee8bc3d3a48c7669a9e,TheFlutteringButterfly
e32f17c6-74be-4e10-9a21-d434ee79b777,239fa0a71d15644f6d63c99d4252685a,TheMumblingManatee
769a40f5-1619-4d63-94f7-eafbbad28709,bd18e5582191eb5ab9b8d73bba92bdde,ExplorerErmine
d8a88f72-06dd-480a-a5ef-394cddb0ab81,754a8a634c687e19e507e1dff3a359a4,TheBuzzingBee
03d68b5f-f7e1-4697-bb89-f6cb10a572d8,b89a80bdd8640ddb421b6d33ad9201a4,CosmicCucumber
09d3781b-10c0-4090-9e3d-6c6632bbf25c,01a98dc228ec0e254a753cf27840e6da,TheFunkyMonk
46a36215-58d5-43e7-be3a-a73d7e41f6a1,376eb1ecb48b285b456426e59464c8aa,TheBabblingBaboon
17eea7ec-7905-4012-81ee-7b8caef411b5,6ee0d971341a3ac2194179059cf404fd,TheLaughingLlama
17d70063-3659-482b-accc-b77699ca4422,1af93fa716e66d5fd140df9ecadd8af2,VoyagerVulture
467e211f-3446-47f7-a83c-82a1af83c05c,1a6003aa5fd47ccc6e20e620373c8f64,SirReginald
4aee00c1-0fac-43b1-859a-ca33c6a74d0c,6311d28ab115295d69caa6a64b37a6c3,DukeOfDoodles
9347eac2-308a-4aca-b208-a4317b03333b,fa1545ac63f5d96ce18a66fdad9c09c3,ScoutSquirrel
aa9d4a2f-f118-4c3d-91c6-f753bf397cd1,59865577b7f09e4200e2a6031c1a588d,GeneralGiraffe
0be64bd1-94f6-48ea-8090-c6d236115b39,0656046c2f4a6c33e663a4ccf2ef3976,TheHowlingWolf
87884b01-8d3a-4ff3-b7d4-a0d60a152508,bc76b0ec2818a3c5c5f1891884509191,TheHoppingHedgehog
8348d37a-aa4e-4219-a766-fe9f7c159313,f5f25159d287e448ce76cd7060e53e8b,CaptainQuirk
ff1575f7-cae9-4f85-a8fe-4430b0dcfcca,ac439e006b10eb90b7b2eb5c85c96483,TheFloatingFlamingo
da32653c-fd84-4851-bd74-771f0d96ea3f,715aa2ba013cd7bec851743e3a923ec9,TheTrumpetingElephant
09c647ea-62ff-43bb-990e-ed0c2b23a911,88ea0f06110046ceec7e3bf7461632a3,TheGrumblingGrizzly
b2fbed40-8e80-4c44-a708-755de0452966,2473083abae14e7c945aa260780e14ec,ProfessorPixel
2c2848d4-5d5d-47b9-9f28-cca7b455ed45,b8d3795d1a951ef045b3b91bef008315,SilkyTasteOfChobani
6bc62852-9651-457c-ac65-2238cc35506f,6081f1069b072834511ff179063217e8,WardenWombat
1667e957-729c-4697-af9a-7d13964e7117,2310d1104829cabc295a70b281e692a8,TheGrowlingBear
679eba12-2c96-4fe6-b02d-116815e1bc94,d57ec1de71afb5928bfd7654d69bf8ec,TheJollyJellyfish
f5c7ea7e-2708-422d-9e36-c0d26b36fd86,df20245a6331b18852e95f6d4d8307b0,TheMysticalMeerkat
06458f2f-3d93-478a-ac44-afa3e36f6f37,3c261382d64dee15a564e885d1f47b12,MadamMystic
0e4b7bd7-7ec5-48cf-903e-134626fcd569,b502b67fef0d70b21925974162962aba,MajorMeerkat
519a4293-c9dc-41f9-9053-7ad63b1737ad,beea3149d46305e02712804458810031,TrackerTarsier
52d2f726-bcbf-4912-91e4-70c3d1300267,42f4a3231efe2d6e1f86e3b64518b803,OfficerOcelot
8682f931-dc26-4566-9c79-c92691b07a43,97533a17d126934c92834bb2968bf17c,BaronVonBubbles
3883d2f9-36fb-42d5-8829-01ac1874c90b,8a00b8171a4f16ada173aaab1bf5686c,TheQuirkyQuail
2733f150-dace-49a3-9a32-4d156f6e2231,ac823265dba59d8c27419d9e55ecc6a1,BaronVonBubbles
3db8133a-d7d3-4144-b041-b1fb4dde91a0,8a77abd9b069923ad2f82d347a0e0a5d,TheFlyingFox
21c8be80-c83f-4acc-92fa-ef2e63b1ae9a,d2c7f2967b847fb1b7e8debd51b8cb84,TheSingingSloth
e1b53c7f-8895-436c-9e46-bbc0b375e19a,7343ba51633b27fa9349f1e4a3047d9e,TheGoofyGorilla
c6be7683-d5e3-4151-b8e4-c7d94d608957,9fd0a528b19756fcfb914984186b7d84,MadamMystic
7b1de161-8e87-4dac-9922-18e27effc5e4,ae935e262b5e6dd62dff97980d464202,PrincessPanda
c6be07d7-d5b9-4622-91bc-eb85c1a6614b,d20b17c585d5a4fac41b269de0948010,TheWhimsicalWalrus
bc253a8f-fe4c-4fc3-be78-ca01b2fdf489,55c94bb614ce7f2788cda5262234a88c,PathfinderPorcupine
10698e08-aabe-4806-aba7-ab19ac82e311,7f9050b26367f4060dfce10335975ec4,PathfinderPorcupine
9b28a4f9-30ff-417b-85cd-65c20fc270a3,7c40df09290e81971043e62f0d2d205f,TheGlidingGecko
eeb5ef2b-64d1-46b7-8180-a9c0cb280c88,4a968c13e0d4acc514c12f8d94ab0033,CosmicCucumber
14d96a6a-fb01-477e-8b4f-fe9d3baeb238,b41b11766fb0433c17f5a2b2a2200f90,TheFlyingFox
a0d6be3f-8391-441f-b351-f76741044ada,bdee840c43c74b1987624ae7f0c034ff,TheHootingOwl
8cfa3446-709a-42ba-a9f2-3c07d71b8f82,d77713a0e27944fea08247a9a620ecbd,TheBabblingBaboon
a63a533a-d172-429f-b7ec-59e23341e2a9,ab1d6b1f09b8c22dab45320c09efbe5a,TheJellyfish
168ff1e7-d548-4499-a47d-451a6ee6af9f,b0b5affe08a162bd25f04ae6b6beebcd,TheGrumblingGrizzly
c2cb4ad0-05e7-4a08-ae20-9c7d1584b538,e5d96021920f33b6822353ad60e9e1fc,CommanderCobra
81b697cc-d246-4d6d-89c6-3f5618864fed,d8c9987cc46e0f37cbbe666b0d34818b,TheBabblingBaboon
4cd5e156-c05e-4643-b6b0-6785af681645,b9bc3033e41dd248963ef854ef7038bc,TheGibberingGibbon
99ec103c-5089-46ba-b265-129fe0f20ad8,63aff02bc6adc03697e18dc8ef57cc92,TheFunkyMonk
4485fa1f-998d-4b81-b349-1c0adfbbba6b,61abefb4b1a82d1e422896f5ed06cc1b,TheFlutteringButterfly
c7eadff4-2379-45a7-be08-8a84efc76bed,896429e70e81eec741eb5bb8d9c29bb2,TheMysticalMeerkat
33893c29-a698-4e12-9040-81e44423f1d3,0d6b337d23ebf5fa812df1648efc9b5b,TheHowlingWolf
a64dc73c-bd65-4a45-af3e-b0976d05facc,953ec0d67779febd6ced3a7b6f884500,TheCreepingCaterpillar
4e4e90b8-5d62-4a27-ade8-178fecd79d84,2c7d354c63276771d75c2cd7cab631a1,TheFunkyMonk
d0c407d8-06f6-493f-b981-6a2a9cd4f9ec,9a5cffd8a88d7b462b378a2f2a2b74ab,CosmicCucumber
53febd73-2484-4f00-86ca-1994869d6a5e,3952ae419fd0433bd690d27dee9eafcc,WardenWombat
0b555ec9-8744-4b05-bbfb-21f393030fe2,38905ea3fcbe0320dd39f70d12dc984c,AbhishekBiswal
35a598e9-72fd-4c0e-8eca-3d81083516b4,41852bb9db037df47dcfad5c9e0f5dac,TheBouncingBunny
df5804d0-847a-44f3-91b9-f393ab2f7207,f96a3722715dda850f06f2faf48c66b4,VoyagerVulture
501058e8-3128-4208-88cf-ef5803394e2a,c469cf6e14b53cbd84fef0271b1670ef,TheGrumblingGrizzly
b9ef6691-3dde-4df5-bcdf-8e89bb5a085c,e197f0cef1c0f4bccb56cf4c48a02a47,TheJellyfish
b6ac2555-8f2e-427d-9cbe-842ce09c80aa,c2c73193a3c22576493e814399d6e9e6,TheGoofyGorilla
6304233e-91b0-473b-a4b5-27bdd0d7af76,fa49b7a15bda55726159008303d60e8f,DoctorDapper
715831c2-a23b-4806-8de3-1c3c715836ae,041d4dedff443110a2f498d650e86cec,TheChirpingCricket
ce91836f-ab3a-48d9-a49f-eb64c1971722,392b122339a7e5ec4830dc6cedc253de,TheGallopingGazelle
244c1730-4bf4-465e-b5d9-65b7e2719795,84004b2e06edcfe1c3236ef2521a6535,EnsignEchidna
fbae1fec-d78b-4f2b-b1ae-f7f569fc9f52,bd9374a5182d226ace3119d2f72b62f8,TrailblazerTapir
3bd501ed-4096-44b4-a724-c6897e785373,7f6ceb95675c4916cb0b69477edea63e,TheChatteringChipmunk
f5a4ff16-bae3-46f9-8811-bb6f5e2f315f,dc48e949fd9c2e9b76792af6d15b87ac,TheWackyWombat
479cea42-acd7-444e-966e-647b6f8c79f4,cdf75fef14f274c7b1343cec6e0c397a,MajorMeerkat
c5406138-3422-49d2-a996-1c68c62f4e78,3558e0c35ecb44bf95a0bd8772f874ff,TheTrumpetingElephant
4917bf5d-eeb1-4918-95ab-6f44a7510756,ff34d8a40b39053460c1becb461b5c4d,TheCrawlingCrab
1fc2541d-040e-4277-9f29-13bd23bc3959,743e0d62dc822e396d17e7b2049081e5,CadetCapybara
36cb11c2-fbaa-4533-a548-75b1abd17f36,92fe3ef0a38b45b5603fb5b021f7cbda,DukeOfDoodles
265be01c-4bf7-4013-8d2f-4234681677b7,69ef76596f28285e236bcebca8711c21,TheLeapingLemur
193978e4-83b8-4037-8b2b-496740d73545,60af673bfd982cf0f5412e2b18b56a16,TheSoaringSeagull
44de056f-181c-4615-8e42-b198196f4669,bb678b492e1619caf31b6b94174f7953,TheBuzzingBee
228a1e07-bc27-4806-941a-c7dbdd04a55e,44d1d9a5454e998debd4ee24a9b4f776,CaptainQuirk
1c439ec2-ff58-4351-bbb8-6703ec992a05,28b41508ac4e47abb0c4572cd2140024,TheTrumpetingElephant
b3d9109b-c7ac-4f22-8f0e-8f38b31c60c3,ac99bd8838eae5bdce021fc36d83e337,CosmicCucumber
c69fe2f9-329a-4c14-8747-32a2299906bb,ddb76aefc501ce275595411af3901635,LieutenantLemur
8fcc93d4-386b-452f-9155-4f2cc578cc96,a3bdb451bf8bb45acf48529a850fb052,TheDancingDingo
0fb2363d-d620-4e98-86e2-d9080f496b9e,d02da5a56c11f7f98248388dc64fbc40,TheZanyZebra
446e8b1f-2f05-4728-b80c-2a9b790d09a7,a01e20d961d5e7a923404f4b55ec5624,PrincessPanda
c91ee494-5590-44b6-947b-c075508d2991,281e34a5ebc75a797d20a722e4810f67,GeneralGiraffe
1f69044d-b6df-492d-a655-60bd48951d3c,689c75538b0f28e6d3a35c7df6ec8478,TheWaddlingWombat
852ee1a9-a763-4c18-9109-662d08e425c4,0afe027853d6547aa336232cc66b07cd,TheChatteringChipmunk
35e3a69f-3844-4d1e-b32b-e872c9644d3e,650a893a741121fbb679ba0eaf5040fa,TheSqueakingMouse
713f8ed2-536a-4db4-95f6-4b3eca519045,981526721d48f250fac37be6c3219e42,EmperorEmu
8cc113d6-d42d-4fe5-8574-a884461fd982,c175e76392b2622964bee622a6b940da,CaptainChameleon
87cddff8-498a-48dd-be2f-382eb4dd3af1,593b4cc7b02be095fd4f827db28b8458,TheQuirkyQuail
dc785253-d581-445d-b6db-1d1d7a0c82ed,c79429618ca7b3d3dedf66b0b48d4f12,TheGrumblingGrizzly
02148768-eb8b-4897-b6bb-ae273204e310,afa5e9c356bb98c46dbee07be1c04d51,ThePrancingPony
4a3c7994-4759-44cb-8e7c-c37c20500b0e,c00717ea14d1979f3f9b3c445dcb349c,TheDancingDingo
13d9f48d-b418-4165-94eb-bfcc36a37fe3,e437078217f014609c857e9312c12d79,ThePrancingPony
eec18bb9-4617-4ae1-8156-8ad9dd147e8b,072f51543b1842e581f7b0604832cb30,TheSwingingSpider
9ffa7a0c-89e9-427f-92e9-7c5eefd4263b,c83bd99a8965ce5300a8bccade0d5a23,TheGrumblingGrizzly
20ed2404-d5c2-4049-a95f-0f9408a2069f,1226df32a38d8911e3522eb4c1c6def7,MadamMystic
13d4eb6d-cc7e-4169-b3c9-f7651d4d3f4d,511f905595b472ae694f1e257d00dd01,TheHootingOwl
a324f746-e7be-460b-8bf8-8b2bda1de1c9,50bb4ac64c367f4429e8a4ab1dc65945,TheGibberingGibbon
3cce96d0-8f2f-4eca-bf91-c3296681ef2c,69904328b4ef16a5bcda008b5396ddcd,PioneerPangolin
80fec816-bf84-4730-bdfc-971666234a5e,8c71f70a9cb2bb810422ad326d2e1e70,TheHowlingWolf
7a33b43b-ab82-44a9-8569-0879428453e1,2f05804c838000bd6a9fbd3068373caf,PrivatePlatypus
dc3211dd-2bb4-4053-bee0-5c3c0f28142d,deef571e197c54c1579fd2f4b5a35177,Eee
51ebeb63-136a-4d92-99fd-e9e4d3bd0b26,d4265b6d1f0ce7ad4bebd02bb871281e,PrincessPanda
f7e19c40-ca91-4ad5-b56b-4f3c426ac614,e26510d170f441810f674c59498b49c8,EnsignEchidna
1daeb246-afd6-4936-9a94-c3da1ffa0f6e,31b18f2af14130c706820c0d6146aff6,TheZanyZebra
b6010d6f-3b81-4b18-af8d-6a03c903be25,0bf607df8804dbf7f8e2339e381d5d0c,PathfinderPorcupine
6a021b3b-fc8c-4056-a5f1-16673181f831,c7a897a944e1c3519239d47736c44dc1,TheSoaringSeagull
55ef6717-7d84-476a-a22f-93185031576e,d75b787196db12780e2de03bf402bb82,KingKoala
27e55570-7ea4-4ab1-87b8-8becefbc47b9,2589c29757ca0a41e8e68162de84c9a2,LordLlama
3c4314e0-932b-4287-8bac-302316716101,4e1f4af991b9d52586dfcb86e4970539,TheGibberingGibbon
9e18c686-b56b-44ff-9bec-2c3f4a4385cc,dc1d8fd059e1a4b92cef33a3d7b9762a,TheRumblingRhino
c5bf4a2d-62f1-455a-a344-05f2414885d6,1ab056914f6e66c117e6b897f4c595a9,TheQuirkyQuail
02139385-8035-4fa1-bdd7-475f36da4e4c,374f41175f514779069ac6703f598b40,ThePrancingPony
4ba4999a-a206-43f2-91db-281d5c33e1bf,531a437a68a5d7eb5d8f6d0dfaf3df57,ScoutSquirrel
b3c63580-2623-4e39-8784-0b6022cf33a6,fea76b7a6f8644215035429e80bc3487,TheSqueakingMouse
53d146c5-3151-4f3a-8154-d5d9b9e3065c,3820f8d2cf038d68ade45cefec12896c,TheBellowingBison
f618f897-2007-4173-b001-64612db4b5cc,3f0397830c8cba6ff8e9281d8ef93888,LordLlama
bde4aee7-049f-4318-a636-97c8a025b445,3a68f29398bf78a0951297b3006ee211,TheBabblingBaboon
688b9cd7-da71-45f0-b1fd-00142cb7ab23,f6fb80d4718e8885fcb3be4491b6568b,ScoutSquirrel
a1eeb8e7-d730-4f82-a237-0e30cff78237,e01f332e18d9b9ee8122c84f194893da,TheGlidingGecko
bf348a8e-5c25-4a99-ad74-5be521f5f7d2,13377b7c3a55f2c19a8cfefb160592a0,PrivatePlatypus
13603964-b2f3-4a32-abce-c623e9825674,2c6430049fd5d2f284b0e75e9b106f02,MajorMeerkat
25588fcc-7dc8-4fd1-bb00-329f27c1256b,fddb44762d76160478dd67e6a265c5b1,TheChatteringChipmunk
bb97a3cf-ddfb-4d85-a8aa-327f9c59f9ab,c37d88ba13998c8557a7405efeb00d57,ScoutSquirrel
d6755592-39fe-403b-b090-04fac372b037,c2fc7d3d3c2000e7453007860f058bd0,TheHoppingHedgehog
437093b7-bed1-418d-bc2b-1a3487795c79,a08d1fee28bf328957b859885de1d2a9,PrincessPanda
90857910-e676-4a52-bd9c-ba09f294ddf7,1c9f73c1ea68770399348938a7d057d7,TheBellowingBison
ecc6cbf6-36a7-4f80-af73-6971cfffc355,f63f53fd2768014e9ae39b6439bfdc31,TheStalkingStork
db205e79-1d35-4dca-9d49-02af75e67fde,fa352bfcc1fd707c850772799ec4c84c,TheTrumpetingElephant
d2a95025-b2d8-48c4-9176-43adf82b1f82,cb12c4d11590ce94d53a5500272bb6df,TheHoppingHedgehog
1e938210-5936-4a97-994a-26fbf0bc8b70,ee8c3df47b952f29412667791ce5108c,TheGoofyGorilla
15d0c2b4-8399-463d-95ae-6285edf36437,4f4c7eddbe7f7c5faa93394fd23d5dd2,CountCatnip
5aa5e6ae-3c8f-4cd5-903d-464eb7a00d31,f818a3a8057d8c0e2cf72851538798b4,TheSingingSloth
0de23fb0-d7d4-4f02-b264-554dceffdbf8,a7cfdbc372237101ea8a0b12df053c89,TheJellyfish
cfaa23a7-fef2-4350-a283-b70c212b012d,cd7ada726f485a619aa86a8367504f55,TheSqueakingMouse
a3f705a0-ecbe-4d6b-95f2-dba0186a4402,48a08549098e9fb3659c4b3490c7c741,CosmicCucumber
cd8c80d4-1622-44db-9e36-095c2564d192,526ebaf009cc804fef19145110b52bf3,TheZanyZebra
5e395f6a-ebbe-4478-8f89-e2e0987a271c,effdd739aba0cc86c996751b56fc9e24,RangerRaccoon
9a291c34-d6fa-4ace-9ec7-63419ae50e51,410a969e44b4dfec8311c0782a553756,TheCrawlingCrab
07e69e25-b7e1-45ad-8da5-0da5bd7c6736,00871d8977b4b7def2785dbbd00d13c8,PrivatePlatypus
49a65d31-6e48-4637-ad4e-0a848f863e2d,32d1f9dfba14cc9129b1bc93c2b669ff,CorporalCorgi
518c91e0-c388-4baa-aef2-83e6a5744ce1,d3e2b660eed0a7ed60cbb56dee028a59,TheSillySalamander
441a20aa-302a-42f3-b276-a1019bbbbc33,3c0aef1ff5821d41c2adec4fdba490d3,TrailblazerTapir
f8dc85c9-3cc9-46b7-8c77-345f04fd83bd,8a6b16c852b2239a7f126a1bf62f2983,WardenWombat
16966bcd-c4e8-448c-bf80-0e950630fd06,74881614edb21a3589944155630d7911,TheSillySalamander
b4239eea-73e1-4067-823b-4a3088463f64,10f2584b3e7a4ef169be17675b5e4643,EmperorEmu
c9a36e15-fe6f-4582-8d0f-1104e6b58fee,c77976c6ba6e1e4fbf9f6b02143deeaa,TheWaddlingWombat
0e8d9d33-6d65-4c40-972e-89941c0b7bfa,7309f23cbe099ebbe68690181cdf568c,TrackerTarsier
365377cd-2c72-4d8c-8207-e70b36d85387,d3bb5193953dc2970fccae67d91bf0e8,ThePrancingPony
61bffe52-58e5-43dc-ace5-ea78852edf4c,acb1716f23aba34a7bbadad4c63f4a67,OfficerOcelot
c0d23866-ae7f-4431-9922-c452615d3b97,90bc1c52539712138b67f530d1a698d8,DoctorDapper
c1f960ee-bc57-456f-a9db-a319dfd45a36,d3fd6ad73f4d9ca4219f162696c28523,CorporalCorgi
d0fb282a-51c2-49de-a6e0-e9bc6d39db71,f2f594ff2bf2b4d23e5f8b66983427b9,AdmiralAlpaca
8bb5de7e-e80f-4259-b1ca-e254d164a8fa,824d77a63efedf1d47fb6f00773ef964,TheDapperDolphin
72935b2b-9c38-42f5-af11-bd3185fb5b76,3b611f9661d78a83dfd0e30012823a2b,TheWhisperingWalrus
ca0bb680-737e-475f-8745-dbf5e1e3092c,a8801e112ae8587ae591b671711b8550,TheHootingOwl
5409df0f-2dd9-4fca-bcc2-5d56b897a0f4,af6b3ab784aa90492ac96dcd5eda08fc,TheDancingDingo
692dcd01-096a-4757-bf8a-b347b7460642,ca4dc90f27f606ab1b64f5e02d112d0a,KingKoala
0283a5dc-2bd0-4004-aec9-a75cec956c89,b36812fe9f3cdd47057301e06100ca4c,TheHowlingWolf
fbf3da5d-c6d1-4bd1-8244-a0f362359a24,5bdcecbf9d80083a42b3f239257b8392,TheZanyZebra
3d0c8cc9-11a9-41c1-b079-da061200fc6a,4ee9d99838390704d03a09e2e00a65af,TheBellowingBison
149fb33f-32b2-4f7f-b2b2-447a0c895fb7,21f0a7a0cda9c015e39ac9dde85e7a86,TheSnortingBoar
9aa25cbc-35c6-4543-9186-cc7e6a5fdbd4,43ade39f90e029bbbe2916192e8c8610,TheHoppingHedgehog
c7ace26f-69c3-4953-a3dd-5386f2770feb,434116df0f7d9a205a2b2855de71c2f2,TheSingingSloth
bfc90369-aeea-4b60-b56b-1addd5b876db,74bf64b6bbfba4b53f53a7964e5b36c6,TheGibberingGibbon
3f617db8-83d8-4cc8-9f93-0b6abc8ba307,83b43a711d613c2142c518483352bd90,TheRoaringLion
59a572e2-531e-4707-83da-601c054d3e78,d035ff4aa6fd336d2f6fb17c2da4fe3a,MadamMystic
35028a70-b0ce-4935-a455-58d5790d943a,a1c8b4faa2a1347b4958e58ef6aa80c3,TheFlutteringButterfly
a1685d4d-7e43-4e3b-bc2c-fc4c52aaa89f,22e6d7bf05e2df8406d2aabb9d8a38d3,SirReginald
270961e2-43d5-4d6a-9e2a-f266a28a57ae,2273a9f39f26bd15c5cdaa94747d3a23,GeneralGiraffe
75ceee4c-130d-4648-85f3-10046d40725f,8bba31d5dc5d201937c995044a6611a5,ProfessorPixel
e92fb5a5-1cd7-4410-b930-bf001223c7b5,937a8db40573d0b015794319cb7ccc32,TheWackyWombat
abe54209-72fa-4e31-aa78-40769c35124d,0ffb992a66163eae82c8aa3a78c8b53c,TheHoppingHedgehog
ce0f6820-5e0b-4163-8fd2-8b9578bf07b6,0ab6541987dcc9a538462ae355467ce9,TheTrumpetingElephant
6033ef4a-77bd-47cd-852b-acbc2976c2c6,81232b6d5b43ed1ab8a30e48a5fc9e95,Nallukka
5247f392-a871-4a99-951e-e25a333e4013,85f26d79b44427c333512f3d7e4c4abc,PioneerPangolin
92c155f5-6ca0-4714-a107-6d6290ab576b,005ca2898d6ee18ec23e4cd1b134079f,LieutenantLemur
92fded25-8e2c-4d9a-96bf-cb558f6bd9d1,6194314d8c00f0147878d844d506a549,TheSnortingBoar
676ecc26-713e-443c-832b-85358a2c80fa,b21c4e7e552415510824692ff7a5f5b4,ProfessorPixel
7d6babc7-303c-410d-bad3-637bacccdac3,f522543c891b364b4dfd232c74db4948,TheWhisperingWalrus
c040ed3a-2221-497f-b5db-b8ae493c84c6,fdfc4232192d3d85ebd164afcedd0c5a,TheStalkingStork
37b3101f-6fe0-4854-aea7-04bdf401ab2b,746bd533d9325d4a94d7596459d62008,CountCatnip
6bc87886-3a5d-45ac-90e0-b19181cacd72,2503e5a85ba049dbfe4818e8c6f1fbc9,LordLlama
fc0f268b-2f61-4e3b-b842-ffbecadb8017,3548c3bdea8ed3c2e477784c323a250c,CorporalCorgi
d4c82e17-e76d-4e1d-ae44-17ea5cd01e65,92dc86bbbe711ef49f9481795ce621d6,VoyagerVulture
499748bf-2a12-497a-a5c7-49693cda0bd1,7fef7b3fd3775f2e1aa5dc4ff15c1925,TheDapperDolphin
a13417af-fe89-4bca-a574-0389df64ba0e,bd251402e4f630deffbe4925c18a1f18,TheCrawlingCrab
2ed01492-1fae-4112-818c-cc1a68f35982,7f9a2f2f247270c53728bd900b17e4c4,TheGlidingGecko
7c0fd513-3880-4f12-a658-db4d0f6ad53f,3e5c350ece7187d45638d1a87bafe15b,TheGallopingGazelle
f73ca629-1b88-4e71-8664-b26af5494b99,5538d6384ca84f235efa4ede876f7602,TheFunkyMonk
e2464902-dab0-4e21-a666-41e14de39442,dfe194e57db9d678b4c645f18e06b005,TheSnortingBoar
9b8fd675-0678-4737-9458-09195c00cbf7,cada2b46ca9809254761fa25cdbbafc8,TheWhisperingWalrus
6f0a16d8-4d77-4782-a0fc-ed035fdbe960,19c802fd24c120850a50a82eb18cca01,KingKoala
1d3dd73a-0c39-4f3d-b869-528be96f1a7a,e63c5c45a82e7980e5b0c4b0b6af86a3,PathfinderPorcupine
caebb79c-83a0-43b1-bcdb-8075ba711450,c533eb5e23aa56d90e8e2d43034975c2,TheFunkyMonk
89c7bb86-acfb-41fe-88dc-93325ffa17a5,66d7b7f44ec574545aefe2aec5236aa5,TheWackyWombat
503a1d13-f3a8-4212-b4b9-4a662ceea264,cdd09be6a8d00c6646ad6f654880065d,ScoutSquirrel
42ece037-6a19-4b62-b0f7-7ad87175325d,c34f9165d1af54ae1779d096a6d2bd24,TheHoppingHedgehog
2b907d5f-4df1-4cdb-9103-85cbbab98361,e0eb287401f1c332632f1e023465d651,TheCroakingFrog
4dd3e074-8ee8-4f6b-b9da-675bb2c2342c,e60c7f06a3e3f4a17a14657cd42e495d,TheFlyingFox
6df086f8-e79b-4f31-b570-aef652a1b7e2,c620e5c12d26b1731b696b5a89fd889c,TheBuzzingBee
1a5accdb-c7fb-4409-bcd3-e6731e84d5f5,6ac2645bb58de7db665fe1af0f741a37,WardenWombat
64a898a6-afa6-4590-8cdf-bcf38e16cbd9,0a6f18f9d92b17f75e155edc44fbd6c0,ThePrancingPony
d4b9b462-9b55-419c-aa90-09f836c9e19c,3f0ff766c3ca0d356e53413ba6205215,TheGrumblingGrizzly
bac194fa-34b7-4853-84fa-a89f9b8ffb10,f5d36d1faa68165d60874388e4824d5b,TheJollyJellyfish
1dcbb4cd-cd3b-4f83-b00c-1f838ab32893,0e5d6d1fcfda14cb2d565c3db18792f1,KingKoala
5593502a-216d-46a1-a00d-e8a7c216c91c,fef6c38de395c73ef05a7cb5a7556918,TheCroakingFrog
fea9d7ea-8ba1-4671-b6bc-599ba3f54405,0199abf12af8036f31cc34063fbd2154,DukeOfDoodles
30568f4b-5571-4773-8233-dc59c04830d0,93b29919a20b12e1e8f493268e576fd1,TheHappyHippo
9ba79fd2-8273-468a-9210-326064717195,8ddd4a720b9617e1d8aa7b176efab188,TheQuirkyQuail
74339855-5ddd-4a21-858d-0d5faace0fdb,e0a0223d2c6de1df62fbc5f14136ab7b,TheBabblingBaboon
d77646c8-9547-4c34-b9fd-9cf195df4bb7,1f54f1a35c6456943c0d19fd2c4841ec,TheRumblingRhino
b871fad0-b3fa-4016-a850-b2d4bb1df9ca,1a688b8f4a2aaa900e8b17b732afee46,SergeantSloth
9efb4edc-5ef0-4e72-8913-4649de3ae4e1,6914048f582dfb2611b5574edeb4fd6b,PrivatePlatypus
023a1d65-1830-4f34-87bb-737a032bc9ef,cc24c4631b240cb0d522abd3069ed06f,CorporalCorgi
1215afec-7af0-4de0-af2d-eaffe0af56f9,e1d442119724f37c0dc623133775cfba,TheDancingDingo
854a5fae-1521-4242-bcb1-34a071c30e81,8596764596b6c434bae39754a2595b09,SirReginald
233558b9-0825-4895-9e5e-5ed082dd4949,09d86cda6f402c528e6a7852023dc34d,PathfinderPorcupine
1d5870f9-966a-4a83-bce6-01da2cdd1c21,b92bc4db4823a1a3d6eb42662e40b27f,AgentArgon
cc38de23-9d8f-4a13-adfb-cc88611ad57d,3355cc6b8a397dedb6c56a14e272f3c8,TheJellyfish
cbea8b4d-4e0c-441e-89ce-2b3f05c795ed,98483fa7cc2c84d1eeb88815cfa0e763,TheTrumpetingElephant
6b42e7af-e1bc-4b1d-bdc2-ad52a6fe03e3,832c55bff0d3dbe26c290b85ac8cd843,TheFloatingFlamingo
e1b379d4-81fc-456d-a9e4-d5d4d8e8e1a6,7617457f3e170316af5dd2d162d8f024,SirReginald
88f10b7b-e69e-408c-a0de-ed049d2ff8c6,a49edc5877cb3988de9215d11f10eaa5,TheChatteringChipmunk
604304de-8be0-4e06-b421-9f79730e763a,e72076fdbf9b1e0bf330b5549f7355e3,SergeantSloth
f200a0de-5332-4172-8680-60d599037057,a785324e02c7dfaee1ee1bec11248c7d,ExplorerErmine
2f6fc071-4ee2-4541-9367-1186dd7aaf5d,0670a430fdb74032ba93d36094311353,TheHootingOwl
c43a01f2-e54e-4711-a016-7a06455b94ee,b90b895c3ffceed9afa9345df2c3b6f7,TheChirpingCricket
00aba9a1-63d2-4bb0-adbd-d37f0a9c843a,cba2c8fe2975a9b48fa43f328b5a3fc6,VoyagerVulture
023f4354-c13e-4dcb-ae56-ceef558b269b,177da2302025fcd763e5a481fa9143de,TheQuirkyQuail
86bbe90f-75b0-4655-823d-51b7deb72c1e,664ec5935b284fcc71a2bf1eb262a121,TheBellowingBison
d9e17209-f52d-4fa6-908f-5aa01bd3ebdf,7f83eb9994545054b53d97a1337ae720,TheGibberingGibbon
69b2b7d6-ca25-472e-9caf-262ccff50b62,15092ab4e943069452dd198f3d87712e,OfficerOcelot
d97bdbb9-62c3-41cf-8250-ef3a447926b3,1afb46a8c4bbe38f0474f5cb7508fe79,TheBellowingBison
75ae79bd-e864-421b-97fc-955f44626506,bb12fc9cc6f24e790355724f0e73da32,ExplorerErmine
8805353d-da5b-4523-9c2b-12354b8e5d20,e2768ca94990d7238dbc8f315c6613a9,TheWaddlingWombat
903d447a-7a13-44ba-9302-482178db77e6,9e6f5d6135e55294f0e475721e18fa84,TheSwingingSpider
824ef688-a1d1-4a15-af3a-823f4afafb9a,3b8ff44401f515064514661c97968e40,TheCreepingCaterpillar
c872f7c5-9efe-4152-9d03-b2c0a6201e21,c60aca74ce84cf22871bf972f23de38a,BaronVonBubbles
96643686-bcb8-4980-be4e-253b9a861347,6c39d8ed76299f484565d7e0b64b5964,DoctorDapper
7487dfa9-fbd6-421e-a7fa-071b909bfe3e,a4feb2243288f405a46a6c5ac33fd695,TheFlutteringButterfly
9e7d7971-628c-47e0-be8b-a8fd9bcda30a,81b9ebea25453a97ad51cbc28eda4069,TheRumblingRhino
e4de3ed0-a17f-4659-95e3-216d8fc74c3d,7f77f20174d31bf0badc60e008be63c6,EmperorEmu
0907b90c-ab31-43ac-bab5-7c6c425276f4,e9dc410d4b21ccc15b659db34ffa70b3,TheHowlingWolf
f3ad2bf5-1226-48d1-bc3b-6b88d29bcf1c,1a2ac4b0c35e43ca49e6ec8807886275,TheGlidingGecko
284ac8c6-a091-4c8c-96af-bd2bc58c736b,31565e1d58bcb34f361e8ebba155ea97,EnsignEchidna
e45e0e3f-c1c5-4beb-bb90-3c347598ffe3,a2952cd7d14588cef296b8e3e4e16856,TheMysticalMeerkat
e57e6ff1-4902-4906-a107-d75989520f62,2d55936577c5dfda1c6396361f1ee607,TheWhimsicalWalrus
f8ab0a83-e171-4035-9752-6cea3b1b0f38,ffc57c2701385bd59df173f9adceddf9,TheMumblingManatee
d1821ca1-bb72-443f-b6af-a5ad2eccc74f,0ce47c824d4128d36fac3bb9873f35f8,CadetCapybara
6a0695af-5380-4426-95dc-6c85888610be,b49688835ac392eb4d6f15331ab3d67a,VoyagerVulture
047e0bcc-8fde-4fec-941e-b673e6c181d6,b03aa7bfd9642820d0a45c3960a291da,TheSnortingBoar
5196a8ef-628c-4c34-be8c-dde9d1f977cc,588cbc0bff27d1f75ec2d191c29051e8,TrackerTarsier
c14ed1e3-2179-4833-8e14-020c4566feb6,2d0ae1c6afd68ed124fa63660c73e4f4,MadamMystic
24d2e18c-8dd5-4428-8476-075fd960e0df,2f26233c9e5b57a8a42994bb82931051,TheZanyZebra
9bc70431-f432-4dec-a2fe-9300d9008496,db6116068d2502c9fb3db3a158f84ad0,PrivatePlatypus
818e1e88-79dc-4068-ad47-8ba11e793042,f6ebf8c0727ddbd71648b785bc3ac578,TheJollyJellyfish
da6a6b7b-1ed1-4f7b-b2ab-6e67e10c879b,437d3236240cf08b6f2ae46cbebe0cc9,TheCreepingCaterpillar
8f6d942c-97d6-48ef-9826-5687eb0d6a54,f30db333170db6c951644be381753a31,TheWhisperingWalrus
53cdf470-cbaa-4a04-af5a-d2597302a679,78af66eb25fe4204abfe988f72a2cab2,TheChatteringChipmunk
0fadb9d7-0a99-462b-a570-c1a17f25dd51,d34238757376e5c31bcd5cae552c5320,TheChirpingCricket
891d0552-5348-46af-bc4f-43cbd537c588,212f0bd43d267df6eeb70c3fc009499b,TrackerTarsier
38064c9b-6636-4a63-bc45-37ed6102bebc,ab1825f544507521effe2f894e1beaf4,TheDapperDolphin
fa499a84-3f54-42e0-b33f-cdf5b28246c5,3d9b6dd3683538ca7f8de20359198298,MadamMystic
a7218b03-4db7-4eea-9ebb-11644ec1733c,18832661d24391ecaa90c340b8730ae8,TheGoofyGorilla
4cfeca86-a2b4-443a-92f0-6f558c41e252,3f27195854b123fdf63d4c5fda8b7372,TheSillySalamander
ce521582-3984-47f9-8c40-c9dc5a701443,e5ede66a653cdeb4319c29fee85db26d,TheMumblingManatee
e215a320-0465-4372-b647-d6866ee777f0,c5694134d085f02ca9d509b344f12c80,CountCatnip
8d07e754-d89a-4476-8a39-3dffb268bb48,453106ccf26f999730d113d77bb163e0,TrackerTarsier
81114ef9-c91e-4af2-a1ac-c65884c7a954,fa6e541c8027916d2b11213dec6a4c1f,ScoutSquirrel
4cec196a-52b7-4d05-861d-45b040edbed8,6dc43e4c6940255a0f0482c28f89715c,TheChatteringChipmunk
a2580bd6-48d6-40fb-9b2a-ae2257f8c06a,d51eb72c8ce89d40b223954069803934,PrincePenguin
e913c6af-4312-4bcf-8530-5f556cb2c211,3e6bc5015cec97dc8ea567768793afc9,VoyagerVulture
7f922ec1-3f40-439c-af7e-597365caba12,4a17ba5ad5084576eb924c591df20f93,PrincePenguin
79aaed7e-3646-4181-a807-8e189fb7ca88,e3b7203dd2525d5f6359b57077cdc983,TrackerTarsier
d66c74c5-5ac1-44d9-8417-1b3d6c8064ee,6f768fdddbea76779055b1d4fc202bd5,TheGoofyGorilla
ec91dc50-fd9a-4611-9c71-462d3c1c28a1,9a195b54f045b2872ba09d38ee9aa602,vvvv
39f09751-eff8-4b73-bcd1-9e5ca07fbd2e,7b5594177bdacd5acabba9de7f557271,DoctorDapper
5d0bf472-1e26-4342-a745-6660b5b76e95,f439df581f30e5381919ea41bc8b9989,TheFunkyMonk
cacb39db-402e-4bf7-bacf-f5ac8f17b278,7735b46816b6cff879d1d34244d8aa3f,TheGrowlingBear
9b15421f-f849-46ec-980f-455e9f6fb255,9f66c714963682f1b734a9ad25eaac3d,TheJollyJellyfish
4896fbf9-7972-4efb-923b-ea9b41d7619f,64bd1fec7ff411db285d169add0c7142,TheBouncingBunny
9ec26599-4b62-4e1f-a2d5-77ce2e29e519,139780d7653537e96aac129e3c240562,TheMumblingManatee
bb89508f-eded-45d1-8c77-8dbab72790e1,f99ca956776d3644554b6cf72fec2d49,PrincePenguin
22faa151-a3ec-4707-a28e-40ed154e3762,404067e598bf6e6daa4ebdfd5e2f3a9d,EnsignEchidna
980166f9-0923-46a6-9576-2727267f9181,bb320a756d8797efa09388ede21e2f6c,SergeantSloth
4959890f-7b92-4478-94ac-3b7fbde0fd1e,036257b4954b9c314ebe7ca79d1b82c8,ProfessorPixel
677fa5a1-54f0-42d5-91ce-2ae14dc1bc33,9a25afbc6278ffab71f734ff573baffe,TrackerTarsier
e5bda398-5d2c-4a2f-a7fc-5bdfa71f9d81,778c825be5a919d2d6664463da30621e,ThePrancingPony
920f9607-cab6-4d59-a56e-faedb2edf054,ae0747567d1ec60fe23a2b141db47f66,RangerRaccoon
e9b6ff57-81bc-46ee-93eb-ec5c7c3f9b0e,c5d90848ba1ae469dc7dc6ec930286fb,TheSoaringSeagull
97e3b813-e345-4835-832a-0c0a20bab2b6,c3a3bf675f92eb8cad95f760b4c33474,TheHappyHippo
66fbf160-9ccc-43ce-be0b-143dd1fec4fe,85d12b900856e1a26cc4f366eee30259,TheDancingDingo
4ee9bce8-31a9-4bec-8c3d-135e79563997,b3f1b68796ada0ca476e765238ac3480,CadetCapybara
7ce8db7d-0f3d-4929-bbe8-a45a9c6ff9d7,567b9333c7e53efd949825f0067f9d55,TheProwlingPanther
9e07438b-e972-4839-b68f-75fbdaf39b14,a3e5128478b59bbb06a2ab8beb60eb6d,DuchessDuck
59bab1dc-32e2-4226-82ac-7171d637108d,d7b01a1d853a54178acf177ddc1e4ae5,BaronVonBubbles
d6480e31-d950-4e5e-9c9d-3cbaf01a8145,21a6fd048c2098fdc5e537d993342b24,TheHowlingWolf
c89be7c7-d741-4a61-97ac-dff3c13b2fb8,decbdb5550932ec5c61001be456ffc16,WardenWombat
575f91fd-696e-4f7f-b906-577dd3f3ef65,c67e83a105f84b740df9d91f0052fe00,TheLaughingLlama
4bfd6ab2-5605-41ee-bb5e-96fe91bd4c55,b0ed291b64ffe3e82c0ce7cb3d804351,TrackerTarsier
54cd42e6-7f4d-4c19-879a-42348f46e4e6,9839bd055ac8e3714afec9f4ed4d2c52,TheBuzzingBee
356c0bef-aef6-496b-86a8-6a1c6065c5e2,74a2828117ccb4729a63458bd0eaa9f2,TheJellyfish
f658cb68-dde3-48fd-ac4c-464c9d96785d,a4e48ce1c45a1d091a4426417ca591a9,TheGibberingGibbon
a9bca6e1-b77c-4c84-bb8a-77727af7d57a,faa2d851b33e985589b7c9f04ecf7227,TheHowlingWolf
0bd27972-e699-4b7b-aa81-accb9a279c18,bc919693c8127e010e30a34582303b5a,OfficerOcelot
35f63bd4-3501-4bdc-a9bb-eb677b2ed8f5,2b0d86ccc88a89e0c425c9b920d15713,TheZanyZebra
e53b0137-0465-41ac-8b50-34e0f82c0ffa,4d36bd0921ac2245aa57da778c2c0d9c,VoyagerVulture
543b56aa-6454-4b23-9569-9c40229aa859,32ed4b55a6335db4f8dd2167ad087440,TheHootingOwl
d62c46d6-4b80-479a-a5eb-2817e2e9094a,0cfceecedb4ac770bfa4de91312542f1,TheGallopingGazelle
a2a1926d-dc19-4535-a70c-0d196eeefcbf,592cb35940eeae130ad6753d7f2f1574,TheSqueakingMouse
87e98cde-601c-4f20-b5a0-8634cf1a559e,d62d15e2ece5a79c9084bb933638c52e,CosmicCucumber
3b5ccb35-2799-4288-8bdc-a302c20d196d,0db4416bd5ef64dc0976aa8780876f2d,TheFunkyMonk
787cd117-b044-4828-a7d9-a517ff7d46d1,1cd14424442c5334982357a1ed7b8ba2,LordLlama
e01d71c3-136f-4904-932b-070c9d0c14e0,50ecd840e3a4327fcf88dc297ea012b7,TheHowlingWolf
5d254017-f5a2-4eff-bf58-bb82033b3fb6,8af7437a3deda044fa83120e1356b03d,QueenQuokka
4bced20d-0538-4188-a91b-cf851e5291fe,98957a97b2791bb3dc8c0608dc1f9e11,LordLlama
4cb3ac18-e442-4218-a4d3-28950e45ae92,daa5bb7550d8326bfef9ba1ec505c800,TheBellowingBison
fd06d0b4-5305-4a22-8d07-bb014edb21fb,b64bbe8445b273d1e12b5697b849fe44,TheWhimsicalWalrus
8cb848e1-3803-4462-985c-abe10124e43e,a8758234c74f6ca046bbe2fb7a5d80d1,TheMysticalMeerkat
a8983210-91af-4397-8e6d-a57a488142fb,9d3025df9222d1a5520963fa9ddd19fe,TheGallopingGazelle
ccfae738-103b-4ffb-be68-6be576eaffb5,c5af392300b43c2a17b91f8f4d968264,TheBellowingBison
49b9df6d-2c32-4122-b551-957365ef190f,3b9768682d19ec8373235149fd52b519,TheTrumpetingElephant
77195aff-96ea-4a5f-99d5-0c8fc0bdb0df,63c54240c2f1fd2a06cc56f564802fa5,TrailblazerTapir
a5fa3603-0bfa-4449-b049-1db1b182b653,95a7c9768a2079f3a843531f38c1ed4f,BaronVonBubbles
6d1cf45f-c32b-4421-a734-8a036135e2e7,266e642e463c620adde46f5cdc9d60fe,TheProwlingPanther
2aa2c307-9db0-4dc0-ae70-0a22d19f07b6,7c94ee4e0a004f804ced3e384c96097d,TheWackyWombat
d6d386e2-0131-4ba6-adf3-5d26f13ff488,e1012bb476edb692c473f971d5bcf60d,PioneerPangolin
37419c90-a4ae-4fef-984c-9c38ee0cdde8,ed2b95db5b9dbed01293b49095cb19f7,TheJellyfish
23d8a5f0-19a6-4870-873d-c6427f6f3f0a,22502f1818b868a3232cafc7f6aca576,DuchessDuck
04e5dd02-5e54-4baa-a487-e2f34fc4454a,3fa6a3ce4e20e8652ee44908784088dd,DukeOfDoodles
b6df9a90-13ee-4267-aeef-415d75b7f8b5,7913deae56b9290b64e0caf88b71ba9c,TheMysticalMeerkat
9bbfdb16-2c1f-4568-b42a-4a3efc833e13,b9a03a97c49d8da42f0928f09335f5fa,TheQuirkyQuail
c1630d82-fc74-4eef-935e-07a765693a06,4eac8e114defe6f9fb0aa9e43869a7a0,LieutenantLemur
465ddca6-750f-4c41-b965-8e330d5a3507,0cd93dd77ad6245271ee05636577c00b,CountCatnip
918d3a8a-ef9a-4887-b5cb-feff2a7d170f,ee8fbac95074f09cb9d8df2b3a00b164,TheSingingSloth
00eafe54-8b18-42ef-85bf-3d5a9619496e,59727b79987e156406ea6f686dde243c,TheFlutteringButterfly
0400e71d-183e-4b1a-ad92-d192ca4fe9c0,b2f9b665e765466dc7e05a9387768fb2,TheGrowlingBear
d899ae0f-68cd-4783-b926-97df487ff57b,02ac561d3f0759c656cfa053fdb5f50d,CountCatnip
da1d0a68-c7b5-4f84-a4dc-aa6d1b8746f3,7879e4a8a8cd4140068fcf53f10a0568,TheFunkyMonk
9a32538c-58ed-41b4-83a7-8c5281cb6ef7,d5247c6f5153376c2a5276cea6458268,CaptainChameleon
99834a7a-50d6-4017-9368-4c8f521826a8,b963dcec176da618d46d37752901811c,DuchessDuck
af66656d-b7ed-4b0d-953e-8aad19920813,82ad8248f4b94f033d669988ae918dce,TheCreepingCaterpillar
b5966806-3e2b-4245-8b69-36ee63d94040,48f6ce8ac5da879b68ba05d45ea2a0e0,TheHootingOwl
9421fb69-fa05-4aa8-8dad-5233fc0708ee,fac94fecc2d2f74d190103869bff929c,OfficerOcelot
4e126ea7-b38d-418b-8176-dbbbed9d47c7,c2f7fd4beb718ea0588f213a92fab1f3,TheFloatingFlamingo
a3801697-e965-4a03-90d4-b0e1c974a620,1ce6975ecaab543b7c835380d190cf1f,GeneralGiraffe
6e93d786-c25a-409f-af87-a909eeb2aa68,0f7c9316cd00ff808637193e2335146e,TheProwlingPanther
6ce9b4f9-bf66-448e-9c85-12f1631e4468,8737c30f685246de82aeeab41f18b020,ScoutSquirrel
624fe7bf-8230-45b9-8170-1b6a76f3b098,ed8e37fd9d462def4a06ac7bfcfd1b2b,KingKoala
ae636da5-2e48-47d4-bdc5-174184217ab9,0eb717d2e766889f8c2c9d4b5f841b36,TheFlutteringButterfly
a8d83872-5929-4688-bd0e-14ab12ebe4ca,64e5ad7d5b36ed965d8b1adff5e33c6c,CaptainChameleon
25d4984b-f9af-478b-b508-5956ea15541f,3ccd5860cd96f3119e8674ec2acacc6a,TheFlutteringButterfly
74006c32-320f-4f6e-a106-548428e481f9,769620deeed869e0f2fae7f0a24d8caa,DukeOfDoodles
7f781120-8c3c-4084-ada2-ffac2770821f,a792632b4b130310349ae241d3882f37,TheSoaringSeagull
4e939598-42c3-47d4-9bd4-6e933321f97f,2ef6077ad32c87372010a35a0f1c48d4,TheQuirkyQuail
39bf2ae3-2428-41ee-9ced-13b80decc66a,9e4bd96159ffd0da1f214c9c35b7d124,CosmicCucumber
2fd3c1df-8a68-4e8a-9b7d-b299ae052441,cc78bd89f2cd42db025c6f42afe6f877,TheCreepingCaterpillar
a0a4964d-955f-43c7-be8e-747ad1ac3b67,4055ed52bac3232293245136ca778f81,TheWaddlingWombat
0231aebc-bf30-4902-89a1-8dc49ed51632,427d012aef13fa467683b236e6729d7a,AdmiralAlpaca
bdb75c3c-a442-4dcf-9cc8-4f33ff4e8a99,14afea38fc720cf05b115e52e79248e2,TheDapperDolphin
71add46e-b47c-479a-916d-a2deae91929c,d4a3f1571956379f31689d1bca5f441d,TheBouncingBunny
6fbe90e1-a10b-45bb-b410-480474263e00,3c7113261dcec2709611cae5a7b9d370,TheFloatingFlamingo
fd2248a0-d1f0-4d24-83a0-e15ed83c0a13,5838e631e089dfca9559b87f67aac8bb,MadamMystic
64be4c2b-92eb-4fbd-b0a8-bb93972b6a18,3ef21e564811878925be809833bda90b,ExplorerErmine
dfb1de00-7a21-42c1-8d10-22be1d3fa5bd,24823f6a28e45f97409aa1970b7901f3,PrincePenguin
e520ab1d-5d51-4e38-a60c-8bf0ca7316b7,9562da72e4a0eb8f072fb8ac0f40cb15,TrackerTarsier
2645a148-fa3b-434e-8361-f0ef86cbef64,238b1f749d90326999b58bba1d127229,TheBabblingBaboon
076ceaab-10d8-489d-a3fa-da08ebf57fb4,5c1b90288cc7752b8c0a4981b37ff298,TheHoppingHedgehog
ba9f1a45-aed0-4a33-89c9-fcc60f55dfcf,6cecdc4cb2b0759de6496820be5a4cf5,PathfinderPorcupine
9b87b256-0c4d-462c-8280-c15fd49baa66,1b43f1d9beb1c1a7e149a0d560d7db74,MadamMystic
4f9ff041-2618-45d4-ac88-501fd1c66d58,1a56676ec3a8ebaab5588df08f7d5722,TrackerTarsier
83883565-37d3-40cd-b28d-e706082a8df2,9c07575f39d8ae9546eee1ab2d6bcab9,TheHappyHippo
4384ef9e-8903-4a48-a941-432ef524592d,a91afd281e589a7f476d72ecb9549c2e,TheSillySalamander
d82ea122-7bc4-43a9-8abe-4c562f9b8a18,31abed7aa841eaed68359edc8e90bd93,TheHappyHippo
6e12f5cb-9075-4372-b8d7-02f1e889ebee,a2340bfbea2289ad946be88934183a9c,MadamMystic
1f1e61e0-745c-4c2b-bc84-f2ef96b5cd9c,65a2e6042bc2e88efb9a2199b806c8e9,TheSqueakingMouse
06f5afb6-5d7b-4839-8b3b-92957fd79819,81b37efa8f606edbc07cad86d21fddb2,DoctorDapper
22f0960c-630f-4e93-ab72-695692a6acb6,12b60c68c35eca5047a43c0e6342b161,LordLlama
d5867a05-141a-4a7e-8efc-593d0f467dab,28dd00171c1602a8cf78efcbeb676589,TheHootingOwl
1d35ffdb-3aba-4dc4-a5e6-b72f26f32a79,3bd8d15710f23ee36f24c943b250409d,VoyagerVulture
552f6500-3e23-4997-b57f-75dfc8a5d231,97bba35da9e9eeb7cf46a32b812e55be,PathfinderPorcupine
6a607230-5d6e-495c-92bd-903ffc655a03,1207a5390b13119e4927db0a0a7aa52a,DuchessDuck
6d358834-90d5-4b6d-acf0-12421cfbf304,4869390e48534c33170dbc1d1a462900,TheZanyZebra
3cef780a-673a-4935-90a3-501f7b14dcd6,9c6a11a705b18c341bc1028c0449cb2e,CadetCapybara
0f07fefc-8d44-4b7c-b236-e072c997e092,cfd9130ac9c53786db9abfc1eb69172a,LieutenantLemur
4f8a3f10-17e3-4230-b4f6-2c8bbc8b277a,50865beedd218f8cdd27dac4df65b6f2,PrincePenguin
94090eb4-3082-4146-87ac-a070ee289739,ecaf1cdb144495ce480fab2bb50deaec,PioneerPangolin
1d05ebc7-ef5b-4b41-bc68-655bcfadc5e1,d885e80b14504fbd5cfa8b9a141020f3,TheHootingOwl
8c125d6e-e801-466c-8c2f-6f9e481ae216,c8165061a6faf6b1d9ae8a5765121c17,TheZanyZebra
1a772397-2a2e-4d43-a284-43b7b005f700,10cbcff79d7592cfef7ab55ef2e9975e,TrackerTarsier
ca28620a-c7d0-4497-8346-431e03a0e78e,1728102d4c28eaaed180450c900cceab,TheHootingOwl
f8323ae7-678d-4c77-9fd3-b1367d575a96,d7f2b7b5d8faa0bfb197b856e56dce7b,DuchessDuck
2fb943d2-74dd-444e-88a4-8f28b19e63ee,05e5a6f8b690c9bda8a0987239f59ff3,TheFlutteringButterfly
22da215f-78d9-4879-ace1-5aad89e90154,cf9ace3639df6e53947f73c0ad90f41f,TheCreepingCaterpillar
0c365d2a-c355-4631-9d2a-b9df8073ec91,597db8ff3420842d0a552da4d6e75b99,MadamMystic
ae6442d9-3773-42b5-9558-ddd1b28d124a,a8436f4f18a814e049d1a2fa54c0e6e0,CosmicCucumber
05efef60-2c7a-44a6-a6d9-6802da4e04ef,73d7b9a75cd1a0e7c28859e0c56c8d81,LieutenantLemur
3fb4bb49-f39b-4884-9621-a5b45fd8d655,58f37159d1ae98c34c066b95bf77257c,TheJellyfish
c9348075-0dd0-4202-8161-f2d9d4ccaa6a,cf828851ce27dbf5fe145918e1566fab,TheStalkingStork
dd65f3cd-e37f-461c-9862-75b665f587c2,92bcae6b4ee0a7b88af8fdd0f0dd5537,TheSillySalamander
b4223b79-25c1-46b5-8ade-58f44bd2e993,828b389a6066648f3cd387810831eee1,MajorMeerkat
aa90826a-15ca-438f-ba69-101243d42f20,85d1181ad6c630faf3169cece3c3aaa0,TheJollyJellyfish
e4315712-7715-431b-9be2-c454115bb12e,7bcef9cfa2dbbe523169949826838d1b,TheLaughingLlama
53d44ef2-f4c4-4f82-9b1f-5e98f96d7d31,783cbe272f0a4fe9af3e323ae5279308,TheRumblingRhino
bb855851-3aae-4cdd-942d-a635da4e8691,fa96c925330a856021a2d10dfca1b5f6,PioneerPangolin
49bf2ddc-f900-4ce5-ba65-cb51c9955e91,d6b72715e44c670f37860af5e433bb3b,TheZanyZebra
4bd3ab27-187e-4fa0-8b4c-28ef0cb72164,92bfee77a3558a4e7f5fe1a56402d843,DuchessDuck
e45f6b0c-1b96-43dc-ab3e-2fffa6e1963f,f4de2023b8eeec18bf52337b306e54ff,TheGlidingGecko
0aea1643-dc56-49da-a026-e8c17775b84f,b7f0b9bcf52ab98cad79e2133e0d764e,CadetCapybara
9afa20d5-cc07-45bf-b65c-579434ad5efa,73a89f8349fb6582ba2e6cc9538f9a73,PathfinderPorcupine
87a3eccf-4bc6-4422-ad28-d8f026b1206d,6b508317189c392207aff14f0f2c699e,TrackerTarsier
2dae6301-c768-43f3-a824-c71385730c14,d432ba6d6e574f87edea5f5ad5b786cf,SergeantSloth
a7948582-a076-4a3b-b61c-192ee40b3319,91a39473291a6e119a4f21fe35f66abf,TheProwlingPanther
29415214-d8ec-4f2f-b32e-6e82a089c3a8,0cb1cb3119713269cfe2de6006656c00,TheHappyHippo
31a96772-3097-499c-abf9-d6d40a301da5,8121b44adf8ac692b5d95f73f261e9bd,TheDapperDolphin
87a23462-de79-44df-a041-a608b7e9d84e,4d7d3d421e8f63ef4ab41daae9a6dbd2,PathfinderPorcupine
d806dc7a-d3af-4e52-bb87-1ff25c679289,d165d58314e9587953c93ac4cffa1c49,TheQuirkyQuail
180b9f67-454a-419a-b596-1c750b60e5e7,cd523290e9ae698991ba920bbb060478,CosmicCucumber
625072ad-e9cd-4bdb-8991-6489f6f8c34d,a7c418da4a4fee9aff1d56bcdf3ab535,DuchessDuck
0c12fb79-7e42-4f13-bbf5-0402fa291315,b71cc50d0adce91ac028553e7bf89c78,TheJollyJellyfish
a8a205dd-2fef-4ac6-a52e-582be3047593,237bed61d92c280d4a6f34e9b59bbd7b,PathfinderPorcupine
3598cf3e-f4ef-4bb2-a9d5-cdcebf79b389,6bf26bd9cdf3590c1e4ba67346496543,SergeantSloth
ea94c50d-161d-42c9-a21b-13ff87856bcf,969c0e8abce2771cdee77d39d643978a,PrincePenguin
8078fc26-de65-4a27-9203-ebc56e529c4a,ffee3f97cdae58ffc679fee5048ccfbf,CountCatnip
ca41c44c-34c1-4d87-b525-b31a3ad76df5,76e9474f43a86e480d7d6d7410a39f69,TheCreepingCaterpillar
ddc279f8-a14b-4785-b164-574791bb901a,ad927abe705a3ac620d3fbfec8ccb8c9,CaptainQuirk
b0bb4f47-a4d3-4ad3-8c35-88a8675a9cce,e6ec40e41fecd0ef155f72407291de30,ProfessorPixel
d49d1aa3-3c7d-41ce-9f7b-7d85b64232fb,fe4c73b5a45df14481134e62dd745e2d,TheTrumpetingElephant
402be8e4-7fa7-4691-98aa-08e2d3658023,57eb8a630805c192967a225aef7b198a,PioneerPangolin
bfb120ea-576b-4048-a45d-9a7b5fbb4619,cec7f26b9d253d2749310b618b15ebda,TheSqueakingMouse
61654c56-56ec-413d-8efe-6f9e27dc67cf,033d0008ed5552a11791e62e34ead0b3,CountCatnip
8f479250-88b7-4146-89e1-aef1a2b44b76,eff1ca4d594c38b4eab5ed5e2338c121,TheHoppingHedgehog
0d0e164e-a6cc-41ea-84ea-9b7e509b505a,4c3b0928ff0012160eab70d61dd52452,TheFunkyMonk
e82ffd87-c675-4eaf-b170-a1deefbe93bb,21ad45eda78c98f87c413fe937f43628,TheTrumpetingElephant
c73f5763-e92e-4499-8a0e-1403da127da8,a02fb68e0f5228c7a4fa196a6de440e3,TheGrowlingBear
7f689ccb-08dc-4085-82a8-8b5be7382cd5,9e0fdb6ff8b39382daf5fda3c6e593f4,TheFunkyMonk
690e25de-4c0b-4fe5-a2bc-7fe2e5545769,945a1e978e7994285414d7bc5210dfcc,CaptainQuirk
4bdc8b63-e77f-472f-bcad-10611822fbe1,9db2fafbcef51fb1e8997557eb8fd63d,OfficerOcelot
7e12a54e-7187-45c5-a73c-b57b74c32676,4a4678b98a4e069842f6cf613e0eaca7,MadamMystic
f4f55e36-ae7d-4afb-bafe-2820098353dd,fa264708c0bd8798cac76dfdd9586c23,TheGibberingGibbon
66b88f6d-a967-4d9e-847c-b7331cbe6cbb,15ecba22fb1497ff36190222e2ee5444,TheGoofyGorilla
6e81c7a0-bc3c-4b83-80c6-85ff6a4d40a4,3a90a2a55ec8cdc205137823abfcccd0,TheCroakingFrog
b4de92e9-436c-4bf6-84ee-44037af84042,651166879bb972269108f885ece390a1,TheJellyfish
7c659c87-3cb9-4643-999f-8006ee4cd53a,ae826bcc5643c305bf2217cfe8acdfda,TheRumblingRhino
f0d1778c-8904-4490-8843-3e049de6c623,92af986d621e4477997fe34b2ab61e29,TheSillySalamander
dc68a004-3d34-4d37-abfe-757d43b4c1af,c87e2ec84d61f2956674143599fc021b,BaronVonBubbles
f5f49331-4211-4f27-8a21-d7350e158df6,1e38eed3b683526d9c71365cdc1caaa7,TheMysticalMeerkat
9535ff61-941d-4f1a-b3de-b9132f259cd9,28711787770cb639ebe088c3c33fe468,TheMumblingManatee
57298f3d-b93b-4255-97f2-a499084fcf06,38b13987c9db2fd8375ba24531f6621b,TheHowlingWolf
04478bc7-5754-4b82-969b-274cdd36e9c4,c6119e741c79b0b1b181c580a73082e6,TheCreepingCaterpillar
f96ae040-843d-4dfc-92f2-b1ea54241005,1b2e2ffeb3ddbe0793f2bef1dfd56013,LieutenantLemur
fa0a0e91-2d04-4a69-a5b6-58d72c775a96,e6927025db0d19042c44b63505c60428,TheSillySalamander
dcadbdcd-8b81-448b-bfbb-2c47902b144b,e715e23ae2864a07eeb7d47d9d77ec2f,TheFloatingFlamingo
5fa83ada-f658-41e4-a9cf-d7db851cbd42,70ae23b3080026eaf1bdbbd1439c0e05,TheLeapingLemur
7b446484-3fb1-4063-893f-898e03aaf6be,ce8145e1896b94a0d64f643db83a087c,RangerRaccoon
edcef936-5a19-4f4b-b22f-9a71e38bd7af,e959aa796bdc4e079fffa748dc1efa13,TheHowlingWolf
2d91f554-741e-49d2-91bb-4e5ec925fd40,2f95e29744347dfd0a23542bced2eadf,TheZanyZebra
f7ca126b-a1ff-4a06-920f-f45ba2f2a13f,616a84971c7cc10965cb0a100979d322,TheHoppingHedgehog
05ba5704-bd21-4438-8b62-e958430a868f,31d17419087ebf0b64f07ae2276a4daa,QueenQuokka
ee103579-1083-4524-852f-1551ea51b1f8,c7ec004a6ef1e9839048e1de6aab26bc,TheHootingOwl
616bd22b-015a-469e-b2af-0477f460ec0f,69434afac92e4e4f09236ef605117f08,TheJellyfish
f856f7f5-02c3-4aae-b053-558b15bb3486,b26ea700c11b02e2271028bfa43bcfc8,EnsignEchidna
f25a38f6-c468-4a90-b3fb-5c25cb5e1896,ce8aa43541f049cb1bc2763ab187cbc7,TheBabblingBaboon
a7ef9b6b-3144-4efe-92f5-fc119c290c8b,d6898a862af4e9109158f91942233a84,BaronVonBubbles
7781ad7f-d853-4ee3-8dbe-3019a1e69c63,8777fd06b9470cbbf91bdb05f22cb543,TheWhisperingWalrus
9c728ead-f812-432a-a698-709f5023fc91,6bcad4359fc42217ce25345dba2e2aa4,TheQuirkyQuail
0286b2d6-c5d7-4b3a-a388-76cb5e290082,fa324ab59c5a830d5994df27f0c544ea,TheHappyHippo
887ea346-0653-491a-9a62-00502bba5318,47a2771d3cc357ba55d9d38df6806c05,TheSwingingSpider
5f52b7a2-f5ce-4e5d-95d4-206f4d4da1e2,986ce30a0a309087139d1e37c8b4edbd,TheCroakingFrog
2d900e1f-039d-4f07-865b-cb1092de9880,7fe9bb47b93cde7e008c0878481b72f4,TheCreepingCaterpillar
9998219f-09e7-4557-b713-7910e982ccd9,00d85b06d338715f8c98b082fd4a5ea7,ThePrancingPony
6f3a7120-4ebc-4f8b-ae41-d86d32e11b05,46b409a1656a39cb8fe11c1c74b4c067,TheHappyHippo
762e8fb1-6a4b-4338-b0a1-e4d47a65a39e,086522d826d320d3bff648083cae2a4c,LordLlama
bb8abec2-716d-4081-a7f6-c03e70dad80d,e00eacff038d7a8bc5383fc7217f70a4,TheChatteringChipmunk
cb367fd9-1232-4cef-acd3-53eb47532cf2,f565d5657e492513dc42e45be7abb90e,EnsignEchidna
405dcb4c-73dc-4d50-9391-63f11d4f0ec4,aa0c4d27a86e9ba608b0b41a87c97345,CadetCapybara
20468cd9-fd78-4489-9998-c9cd2a8e9d49,d7238330373ee41969ccc461ac70f82a,RangerRaccoon
8a92f027-841b-4288-8928-0ab49b9fd11d,69404f1911888a50e8c317b39a853fa1,TheMumblingManatee
4d561a9e-cf4d-46ac-b606-06b23f6de957,e4459e8b5521963d859a4b8c40d55c0c,ExplorerErmine
45b3330a-07d2-47d0-8fe6-b5d3677e2540,72f3179999b04f3099e882034810d6ec,TheHoppingHedgehog
35bf3d53-968a-4f6b-9a81-16ad1a730325,3c46433e2051f694f3c87e06567013ea,TheJollyJellyfish
62cc7149-24cd-4519-8aa2-b786b5643d6f,4308de56997e508e7491d72512399d52,TheFunkyMonk
559515c6-f44d-4d75-bfef-07e86de46793,0bb7e21b93146bcaff6fb9c3a9fe81fa,WardenWombat
900a15c8-0be2-48e7-8351-81ab4f09c180,45a486853d07266692ffc4effbd09072,AgentArgon
bd6b5d11-34cf-4517-a606-f3f3cfa4e974,fe45072e219abe1cbdd90dcb3444019b,TheCreepingCaterpillar
8518975c-da53-4815-8f67-6e1918cb770c,d55130df80c2bc068c9b3fc9805f8029,GeneralGiraffe
ec17ea28-9444-4a66-994f-5bbf3b3ce8ca,0c05d980cc00050905b745a1fc440f0b,SergeantSloth
16296f76-6ec0-41e0-b714-a380b05c512f,788c26e2764e7a4e1982205782015cb0,TheSwingingSpider
8716925b-8366-403c-8896-0e261f34941a,87036f842f2a894b79689601abffc470,OfficerOcelot
cbb645d4-79db-4c31-93a5-219f5bbfc745,13dd766f2f17aacb3b901a8e323c7cb6,CadetCapybara
df392545-ea6c-4b8d-b8f2-0e06d1ad017b,5a8fddf0a37828089f5233081e6bff88,TheMysticalMeerkat
25db16b9-9449-4418-8f01-ac6687adeab1,7f8144e0dda3051db46deca7b0e6b6ef,TheDapperDolphin
cd7007b8-e5c3-4688-85ff-8da8bd68ef08,daa46f1db0414ad340f77a113dd6c121,TheZanyZebra
2caf89e2-2d21-46f1-80bf-87db403af9d5,e8b8899078949a445bdc1bc550a643d5,DoctorDapper
177b9b32-7a97-4779-8c20-5320002a207f,71511ce0db696fcf9ab72254e7048904,DuchessDuck
064d4c8a-3580-4494-894b-0f6444cdb8ac,ad06f484afc759032fe7f2fa7c9063ce,KingKoala
8a129a22-1978-4643-a9e4-19659d07a362,27e92a2423d97ac913420cfa16f7403c,EnsignEchidna
e46c393b-a02f-4d51-963b-18bc3c92a453,e4f50791952bdcae820d6b03ec359f5d,TheMumblingManatee
97d96941-5d66-4e13-917f-35f6e4211164,a2b576353145bb6f50af7cc1a2a9a78f,TheZanyZebra
06f28c6f-b301-46ae-8658-2bb6d46cf58b,8b01949681d763d2a786b51f0b66f9cc,ThePrancingPony
b9587527-89b2-4d2f-b427-6cd70897955b,b43a408ba3dbab47fb6526fd8dc0f4cc,AgentArgon
93e236cc-8835-4fe4-8091-273e01de33f4,1ae9045edb18b81e72b17c85fa958e41,ThePrancingPony
e098b673-b373-46d6-87ad-c6716413ae02,be0e2288def07e3391b869ed8d1c78ca,TheGallopingGazelle
733c71b9-80ee-42ce-9d97-1f2acedcf4fa,5088291370f65ca16d24c1840bdfe5a0,PrincessPanda
cf6e3a3b-376b-4243-8fa0-b3e5ebf5b93d,d7abd3a071b78cdba044eec86dfa9b8a,ScoutSquirrel
6c5f7efa-0668-4543-a864-0bd13981f498,6027db12f19542873671309de26dd287,TheProwlingPanther
a094c444-30b2-4f40-86a3-79e72be0b96c,e7e129ca7bf881ed4754716acf842a95,TheProwlingPanther
24774e31-bc0a-4e60-a3c8-d46a74d52932,67d4263a5f35693894c3397fa8181a2f,TheBabblingBaboon
60aba669-eda5-4591-a641-fd350ba26bb8,4b8fc23ce80c10831c1cbf5319d2cf5b,TheStalkingStork
7062d227-a628-4f8d-8e6d-a381cf5ecff4,4780766a147f4265d587a0456ac2485c,DannyMo
1649e7bb-bc53-4456-8c45-df99b6d46946,25aed59fbd5580d56436643b6eeba7a3,TrailblazerTapir
6e5f01e3-0598-400d-9d0e-f1af5aafbbd2,a7536fb8a4f2f0d82a0c6160ec71946e,OfficerOcelot
f4a5a511-0d20-4b94-8f24-8bd2a7d0502d,e99c7b084f9ed1c356c5abfe74eddcf6,TheFunkyMonk
e0bbaf7f-6450-4c6e-adc8-c40b03ee0a06,00a1a7a2308a692a504e85d70c29e57f,TrackerTarsier
34ea2b04-ad1a-47ce-a644-408817af16bb,853cd75e19b1ed97c0fb34ef8ae8880e,ProfessorPixel
45b24fc0-a2e5-4c81-b98a-67deace50c2f,a4414a24d453a871a7427d134ee05691,VoyagerVulture
93810efe-f3cd-4b15-84cd-7c66bb7a3b2e,ea871a8ed51ffa66d89e54b9eddea58c,AdmiralAlpaca
36f79f2a-a85f-4944-924f-bffaec7c627c,fdb0e432f8473b42ee49cad60ef2a926,TheSillySalamander
953b2767-4bde-4a61-930c-0d311083ffd9,da6be5e0ca56d95ac7043f60984d2e50,TheGrumblingGrizzly
c38daf6c-dd74-4b21-a463-92823cd8c493,5ddd34f1090763028cf2f81669bed5ac,CosmicCucumber
7eab663a-4d21-42b3-abe7-fd8c476e970d,88cd282eb18d23918a68ea348da14f17,QueenQuokka
12c5f4f1-a1ee-45d3-ac80-0d85c29972df,518ab87aafbd35775b0c5a7fccc36df3,SergeantSloth
c1e3ac3b-7155-46e0-8903-5f7ebce129b6,043670b3f396b170a0e6d4b217d881d9,TheBellowingBison
d10eb90b-545c-423a-bf20-bdb7dabeef90,69c662b4b992558d6b65551708f72a4a,TheRoaringLion
9a492e37-2a1a-497d-8110-09a3f46155ec,c3cf4cde0fec88321f42e7163be98fc9,TheRoaringLion
bfdff01a-b7a6-4a9b-ba03-98e02f168eff,06393d6379094e71599d8f039d2fb55e,TheWaddlingWombat
68a9bba1-70b3-4c5a-9159-b37c927d05e2,a0732981f22e5de06f20246bf0da1ffc,PioneerPangolin
8b974893-7545-4e5d-b009-1e1f03ea7d66,a9be0826225954fe1e6d4485f5004a0d,TheSoaringSeagull
5f0e0e97-52d4-4cf2-bccd-3cb7d660c5fb,ac3b990dc4e31f7cd9950b42e55258a7,TheRoaringLion
edee6dfc-718f-4c52-b28d-758ecc60ab19,54b13af39d7341aa2edea1188a1f7e94,TheFlutteringButterfly
f0c9649f-455b-4fca-8833-c51a8ad5f4f3,bdfb3aef54bbf8d374469779a5630d42,AdmiralAlpaca
72560320-a700-4dc4-8fa5-cb2dbe2462eb,2ac876ac6561cf9ae55de17867b8e29b,TheSwingingSpider
76d8a7fc-fe57-4b4f-94c9-85bf6b8ee786,08eb9897dcdc2f4417e7d5ada929e1c0,TheWhisperingWalrus
e63013b2-5729-42ae-bb64-b3aba25bdb8b,8b19b1a925becdcc808e421e01547340,TheBellowingBison
5c1260a9-6423-475c-9cbb-60dd5b595f6b,e97c50e54eb64b17466253aa52ecf95e,DoctorDapper
a9cb949b-7a53-422e-a051-9e78c76fb8ce,e28e019133b94640187431f0fc0f5139,TheZanyZebra
11b09c47-8fa1-4967-87fc-949d4578fc38,181542858fb432d15d2070e5bd05c448,VoyagerVulture
ba9c6e18-d452-44b8-ae7c-28c2d70ab91a,7d79aca20bac58e7727e537483a5e9e5,TheZanyZebra
2827e009-ba9c-468e-8d26-1316511716f2,65a46a61a563084d6ef9821dc105c17d,ExplorerErmine
adb4d9e1-0bb4-4a3a-935c-e85dba561eb5,5b2a7a507a44c9b8adb35be5c2842666,TheJollyJellyfish
8ccfaa1a-5351-4e8d-8ae0-28ea9633bc5c,c94740c3472c56d37aa7de94da219b95,GeneralGiraffe
0ee48008-39c7-4aeb-bdb5-03795c63f41a,303441945657d1bf1f0cba80371e9770,TheSillySalamander
8db7ffba-65aa-4788-a68e-876f6e35522a,dcb236afe3cbeccf65d7546c221183f6,TheFlutteringButterfly
95ffe8fc-84af-4499-ab5a-b1f891515ca3,e30a5b60c497313fb36991197ed09c53,CaptainQuirk
503e01ca-1479-452a-8cc0-559618afa570,22d390abbd2a4eac6602ac0127d2eeb0,TheSwingingSpider
e1ddfa38-33b8-4663-b4eb-95b258ffc77c,4cd2d9411fcd1c9e664e7b95e3587848,CaptainChameleon
bcaaceee-5179-4b8a-ae05-16cdd5396bec,84084bf48180acd1ed44eaa1b7306e3a,ExplorerErmine
403d6e8e-582f-4b96-834a-07271e0f99bf,3b91f7ef0896fb5e8cc61a5fb330382f,CountCatnip
fd95fff5-4aa0-42f2-90c4-a47177c3d1b1,1e0e6e90fbc9c299a442e73b8310bc4d,TheFlyingFox
a08b4736-826a-48f3-b39b-a0f5a8f17d2a,0307e80daab767bc3d2e0335c6d11354,EmperorEmu
c835c7e9-34a2-4c60-b4eb-b4e778cd0cc3,168b2474a8c461352090ffb13bbbb00a,TheSqueakingMouse
393c721d-abe9-42ec-a2cd-2132c4c08cde,89b8f78b79bc67d78567d78f9816af9f,MadamMystic
d93e486e-49bc-4149-b552-7e890524de4b,6ce417ea885042d575b2a70fec066be8,TheSnortingBoar
cd590375-b7ec-4295-aaf7-2c60caa3010c,6d7bb731252e2932dc0f44cf51f3c019,TheChatteringChipmunk
47c448c8-67f6-4047-9759-5531c40edaf9,74666fbde440f1a42e5cf3eabec72392,KingKoala
c962560a-9cb9-424c-8879-031f1d43489e,9eed02ad69185e4d7a0417d7f7bbc533,TheSingingSloth
61fe89fb-ec82-4343-8845-093e5a38c851,1f014cc5e8e5c310bb0e5f9ba23231e5,TheHappyHippo
d4b50884-f6d0-4124-90c0-ea27cc77db40,5b17c74d79841fc60e49777a84efeb1d,TheGoofyGorilla
31dd637b-ef98-482b-85ce-0150c20eedc5,12850c21a909273d2b8643b7278aff3c,CosmicCucumber
dc0ef4e0-12e8-485f-9703-7a335bed398b,7ba00b52b0ca637060c6766b3ac640c9,TheWhimsicalWalrus
73564114-9684-43f0-b299-01b6eba6c84a,49d4ff52f4558ce8d596405774d304d9,TheWhisperingWalrus
b50f040b-5081-4f5d-9f2f-d3bd3fb90871,1637ce3c5d9c9d2dee98d56da7043978,GeneralGiraffe
50a2b96f-44bc-48f5-abcb-210121069930,054646b06648ac1f33def560c1d73f43,DuchessDuck
53c5e2d8-36ec-4a4c-8d54-c06c686fae67,f6e61b476095626d5dd5d8da48cd37b8,CadetCapybara
394f2e13-fbb2-428e-b6f1-2a8a861ddc99,d15c5745a110e87f2a805bcd74c42d02,TheFlutteringButterfly
6b070262-76ad-4099-a072-3ea1a98a2398,95a6638838eebc29a12e92292c0612ba,EnsignEchidna
bdf538f0-30c0-44c1-9c5e-a436688daded,e7b6cadb1a277ccbb08c72b091ef464f,VoyagerVulture
9f99bb81-ab75-442a-93be-5bebe3f9f32e,323d34a9f8e61ad43f418a8d7e7cb6a2,TheBabblingBaboon
59446d82-1488-447b-8569-fcfd37ee4c71,f369f7a7afa057bd2626f9c360831c42,TheMysticalMeerkat
6658a813-2194-4054-87c1-7e3817ac1c6a,534ce20f87c4fd384d70c1afbf75fed9,TheGoofyGorilla
3e39ef06-c07c-4eba-a4b9-023783295303,2a3416434af6c08275f53466bb830ddc,LordLlama
79294337-ddc7-4f28-83d1-8b6ff02e6dc1,4023f70e637e291fdd73715dda309bbc,ExplorerErmine
2d7ebe8c-4591-430c-8b73-2a5b7308965c,0f6c2e9d48626dfa5269f49a0a8cad20,ProfessorPixel
77039b25-3265-422a-ae91-17f15f0fabbd,d152da31982212652c3e83ed9fcfdb44,TheSwingingSpider
d77138b9-216c-45fb-b29d-63b5018ee64f,2b7fbb2d838bd804f318454c6e70ff89,TheGrowlingBear
95358333-0b0f-4dfd-9c45-88199315a624,f66a3b433cb4feeab150ad4b835004e6,CaptainChameleon
f3ba693c-e8aa-4749-b337-2014a6731421,d1a7df065f11bacbb4c782cb9dd92413,SergeantSloth
36e7d442-cc76-4130-acba-e07ee7b0fc54,44822cd964304790ca8bddacc8afb740,TheSnortingBoar
a3f01e76-06da-48e3-8f43-a27bfe72eded,c87ac8e2dd28e08dda260ec09fe3b58a,TheBuzzingBee
1d01386c-a211-48a8-a776-d21d8a47a8b4,7823e627a310872d1c4181a13ab3a9f6,TheDapperDolphin
7700fa5a-0744-44bf-9581-e7903da5abea,ba149e23ea1abd61ff2e1bf7a16b8aaf,AdmiralAlpaca
2a4dd18d-5fc4-47d4-92cd-9db00e515d89,06db248573e064d1ff3318b1d97e9269,TrailblazerTapir
4ae7884b-a384-4bd1-abc9-eef5e6536254,9b74d73c1eed3ed3896dd418b1587b07,MadamMystic
fe4034a6-039f-4895-8472-11ad5690b447,39207d874fa47dd36e2e4fac62b2423a,TheChirpingCricket
d8476e85-37c4-48ec-97eb-5f41b6e1ca51,9a6967b5db83bf7655eed5931c04ead5,DuchessDuck
281a17dd-a8ef-48d0-a9d1-f76f8a224a25,7497e69c78dd4e661ba83b13a6a1beb8,GeneralGiraffe
91567344-9c60-43a1-af09-0d73750de206,e71a41ed5e9c2f1cd7458040cc12b88e,TheMysticalMeerkat
d87a6e87-a520-4874-a2ba-b32cc6671241,a34fab9b791a58cd6c56379642ed7986,QueenQuokka
6fe21d70-93e9-40d7-a3e4-aea48fa4c2d2,eb0eab07481b601b654d00543dde0184,PioneerPangolin
021772f8-1f27-41c3-b4fd-185edf3b3fe0,9838f12528b655e7cf9a0d0e6252248a,VoyagerVulture
44427541-eca8-4dd0-9a04-b61e4bec38b2,5db68ab58d8bf8602e4f7a1d30ddf433,TheStalkingStork
0742615d-8d60-4007-9a41-46fb40e314a9,422e8f46ca71ae9a85cd91969b117e3c,TheSqueakingMouse
72cc0c9f-9e56-4554-8455-435f11368dbb,bbd9d7171c3998e9d370f420de74fa9e,TheFunkyMonk
e577dd11-1117-40be-a2c9-b20bc5bd69ff,52f80c65707f70470b722ecf3e3c6dd6,TheCreepingCaterpillar
a380bcbf-1078-4a8c-858a-4f132970ad64,abec646fba1edc3a4b1d77351b87b8c1,CadetCapybara
b842dcff-538c-4b13-ae41-8aebd4b1d75e,0e1982287143683930f56fcf794d5bbc,TheJellyfish
3375955e-ee26-476b-8286-8e39ecba7d4f,3d1b77111f604aafb6614c22133b604e,ProfessorPixel
32f614a7-0972-4e97-9a36-cea1d7990269,7e1605a4ff453c83d992bcbddbacec9d,CommanderCobra
000041a8-c69b-45d3-ad3e-837dab058074,72258d2b04a6b60b3bf35f4273516e4a,TheSingingSloth
2f85fbd7-af03-47d5-8d4b-9d4689836187,8bc7b7cf90eb1120c316f5de6d001cb9,EmperorEmu
b8180d72-8dde-410c-b07f-c0d003a05ada,cab84520c82a8284d9d0b823bab8e452,TheCrawlingCrab
01ab9ecb-d1e0-41db-90fe-da51f9e87396,c1d90de34830c46b1f732bb761164989,TheChatteringChipmunk
69aebf7b-e919-42fb-ac7f-75de0e017c39,db4bd97a978da255b4cfa4df0684f41e,TheWaddlingWombat
347a04cc-27a0-4c3e-bd9d-e1fa87decb62,babc054e9a779a35de1c58ad8e7717d0,SirReginald
11be3216-d27d-43e1-998e-abd723ef3cec,055b55ff27617af2c8b4ee218edee1c9,PrincePenguin
9be075d8-c482-482a-aa44-cca65c30d422,49a1f2305def8248285b2decd213e1a7,TheSingingSloth
f6ffc879-cf46-465a-b74f-e954b91a8272,b4ae6454fe613268221e610874171646,TheSnortingBoar
7883698e-81ea-4cbd-9d8c-beeedfeab116,772377b6e991a13698d03034d0b6a355,TheSnortingBoar
8c180f59-7b3f-4059-92ba-740c39226828,f434e4db4174a6bbd1e951e71b00995b,TheSqueakingMouse
6a95ca43-4be5-4f39-bc33-75b6c7b3360e,5375fb3d55576e6fd3722723a3e386a3,QueenQuokka
e9bfb07c-c836-4b0c-8f6c-bf22e2ecef16,4f999825d59971c1747baf5b93218843,TheJellyfish
9dfd7c21-09ac-42d9-8e92-4ee5fdfaddf0,8e3da60de2d2df1eb8ff370b712abcef,DuchessDuck
1d3192db-b9d7-4432-a7d0-1dece4923bee,1a8bb8e7aaec01d4fbebf11a9c2a149b,KingKoala
2f45bd56-332a-4266-867e-3ba34d9564ab,a8cd4aec71c46bc22b4faeffdf5e6c72,SirReginald
43c47152-0106-4c24-8da8-453f7039df3d,7511f46d027043d4d0770bebcd5474f6,TheZanyZebra
f0f0bcca-8a3e-4de4-981c-deb811ef5723,2ff7ea34f4e8408533163f390e9188d3,CorporalCorgi
2dec4176-7495-4b86-b200-50b464746030,c171699aa4924b40fc5f3ac7c7b77891,TheMysticalMeerkat
f570af27-f37f-4af0-b3c8-f9e884c2bb66,ca78b44473d218807f3d04963b8acdd1,MadamMystic
7f8ee41e-e9c1-4417-ab41-67dc4e2af2df,8c6945871cc9f11f72ffb166625424b3,TheGrumblingGrizzly
5c319971-e93b-49e4-a67a-ab64f03ee599,7cb4f0b7b02c0b9cad0f8f3b7ca17674,TheJellyfish
968e5b78-f4bb-4e84-8e9a-0e54d7411abb,af351882e4091f66b67c62943590fc8e,TheFloatingFlamingo
59854683-498d-4feb-8a74-2e58384e864b,b15dd51ec1eca8d29e84e1aca268dc26,SergeantSloth
d8b20134-39af-4894-bd2c-94966fb7b663,84c34e6aeee880d6debdb66c05687eb4,TheWaddlingWombat
6adee161-4a66-459e-9751-84b74fc96563,5f9fe2949ee64d9f1f92d64a62d98665,TrackerTarsier
958e01c9-a186-4dba-991f-c7d49b9f2566,f930b23dff1dfd5ef5d42a8c86f4f8db,GeneralGiraffe
df62776f-5c72-40a5-928e-27d1148c82b3,446f817da1422347d89bf9063760dfbd,SirReginald
bb0cc1f1-88ba-4ad0-94ba-946c77f03fa6,2c6cc1fb366cfeaeed788d2442d6cb7b,QueenQuokka
ea340c5d-4928-41b2-8c20-258f69c6994a,bf0dc96376680dc1149a1ceb660a68ba,CountCatnip
009b971a-f441-4717-be81-9bb42bd9e5f0,5042c742cd8778847287b76f5a0a9f11,SirReginald
3b0fd6e6-fbe7-48f0-9cbd-15254aebff89,557f823ea03e448ac7dd777d132bc88f,TheGibberingGibbon
95ce3192-1fac-4e39-8fdb-9d6e82e184ea,5dac4b0312744c1f58453b55ef3ce499,TheMumblingManatee
ad5fcfd3-211b-42ba-8c56-70083f21656e,d49d647196c9471e7a086fe89e8ce941,DukeOfDoodles
abfa8283-f180-440e-9a91-dbccc5b133d3,173af5e2cc5b5290725135e76726e5a1,TheWhimsicalWalrus
213a4413-4bf0-4995-816a-51678a175ccf,11fbee9760878d311824d08adc71d024,TheCrawlingCrab
709ca2db-e09d-4664-b8b6-c6f096a99d59,67441f2a2af8da156a14daa2a021a9b3,TheCrawlingCrab
819c904e-7a21-44fb-8bb6-b9ecb260556b,fb6d6ae206ad7fbdbdb2c1a3b5ee92d7,TheDapperDolphin
b9749b1a-23f8-4eee-930e-b32553dbb585,9f98f68f93fb990f7685a4dd08e3d5cd,TheFloatingFlamingo
b6d5451c-e650-4d41-8462-05b53991795b,39c881855f8fb4dee723481fabe8a219,TheChirpingCricket
7a647766-7be5-46bb-ba89-3987e776836f,d94b6e4d6aa7f4838cc3e9a6dd55f84d,LordLlama
82978208-ddfd-4e8d-b675-150eb7a2017b,fbc7dbcdfcdf0196403d0227c3e8023f,TheGrowlingBear
9e55550e-d85b-4b1f-9b0a-7fa73f1463ec,b4ad67aa2e3cfac7c06457b04d69107a,TheWaddlingWombat
272bef4f-90de-4cc9-9523-df5b3ea63a0d,e563f1ba9c57ff2fd802e0eda59c842c,PrivatePlatypus
baff4052-3af6-474f-af40-2c5bebd1cab3,4c82c70ad6444ca6741599cde45f3ef1,CaptainChameleon
8d5862ce-d236-40a1-99fe-737f0e2ff854,f96a8f9798a9bab72268ae3f0f5923d6,TheJollyJellyfish
68ceabcf-53ff-4f3f-a958-da905b3b51ab,b8a4640944c0a0c9893b5611d5d4c9c7,CorporalCorgi
2ff33a70-3ec2-4ebe-b6c7-9ebe00b9c0e0,1e2a2a97672e82369f537d97e13d2a6c,PrincePenguin
fa91035a-6b2e-4807-91f3-26373dfb4d35,4c7ca81ff7f769facdf93270350af7c8,PioneerPangolin
b3838bc4-3afb-4685-be29-92b50c335f94,17e93ed3ca776b00a7a701aa50822fd8,EnsignEchidna
60b32cbf-7d2c-406c-9697-605acc2015e2,68d512d8923e8ef04a40ec1ab4b1edbb,CorporalCorgi
a4f1e248-485f-4cba-a42f-b67ffe0cb095,4caf71b77433894f73e23150909ea70f,TheSwingingSpider
8360c978-e6f8-43fc-9f29-3cc3c90fdf2b,4e36b9defc7fb32ab4a1750107d70348,PrincessPanda
435a2ee1-9e29-4eb9-9972-35ec3ce9b920,43a1e85bd7883458639bbfcc5fee56eb,GeneralGiraffe
736cdb44-f7eb-4665-82fc-e7bb9c4af1f6,6e573e7c581ef738bd69912d942a973a,TheSqueakingMouse
86f871bc-40a9-4b32-82a7-39685e54e87f,769e137e3fce468856a86421bc240876,TheQuirkyQuail
974798ab-4ed2-4b51-a566-6e302a53ee55,10374f61af0e60dc95ab533ab098d03d,TheGibberingGibbon
5fc0ca2e-fea7-4e4e-bb25-bfc95a1230ba,496cac97950a74556b25bca3c98756db,TheLeapingLemur
391f5061-9bad-4af8-9f2e-658b181e3d25,93a049f4e333e21310cc13c126871332,PioneerPangolin
aa8f92fd-e567-408e-8c9e-212b53881262,af412570450019add15d3e8d7b3d67d7,TheTrumpetingElephant
7e777ce1-2885-4748-b2a8-10b728267539,042e48a7835308c3e781185d12227e74,TheJollyJellyfish
3d918438-5634-4abc-9160-e5bbc5e63154,6cf15e1d8ce8f9830dd735484a21dc7d,DoctorDapper
d8751821-99e8-4739-94f0-bbabe589fd9e,5c024703d83fc041d61a6f5226877135,TheGoofyGorilla
54daa717-f159-4937-93c1-c7949fea6064,f5dbac906666a6b2962ada7022e85bb5,TheStalkingStork
a130018a-e3f2-4c4e-ab84-94c8662bb70f,77b94fef06d66865810b6439602f9831,TrackerTarsier
0799cc70-51ce-47fe-bfea-8a2715e14805,2dc52a088425b8a4b743c350c3952bdc,TrailblazerTapir
d5baa314-6c87-4405-b604-f44d669b48f7,7b0e4ef77db7dec6fa0cb6fb5b2d1b6f,PioneerPangolin
bb3c7ddc-ea8b-4cc9-8f9b-3e1857111236,a2e6eb6e833812ab016165e26cde847a,TheStalkingStork
60561083-8629-4e88-8913-1ebb3a8ba4a7,de56b06554a42d13d534600c6548c65d,TheGibberingGibbon
baeeae51-7db0-4fbb-a523-e4158292330f,15cfe27f6eca393e04f06cb6bb44bc21,CaptainQuirk
b85ae87e-2957-4f39-a3c7-73960763af34,c8e901cd339a2824afb5b80e8c1cb738,VoyagerVulture
a0396e56-9432-45ad-bee0-07d6ad63eb67,1a318bdb737dee8bd9b796b0a4126c2e,DuchessDuck
6ef2e583-f6f2-4313-a4f5-7e0c492297a2,eec6938b8a4d342c3146f9a31a081ede,TheWackyWombat
23de14f6-6feb-411d-9ef4-e1fdcb1c540a,a22950ba46342d006059cab441429010,CaptainChameleon
90e7b0f1-15be-44ac-ac6c-bbc5259bf67b,fe7c5fcc133006ea16d3e0abfe4e4254,PathfinderPorcupine
a251eb7c-1d84-49bd-8073-54c057e04fea,96287261737018a5ad34887983530fa3,TheZanyZebra
01b6cc7e-3e02-490b-947a-24376095113a,bfbf6c0011d112351593fbd80739bb5e,TheChatteringChipmunk
d9459e88-100c-4ece-ae47-7ee910a588cb,79655a79d2647f800aef3778297c9a94,TheHappyHippo
580df182-7d1e-49cd-ad31-d1c4bbdfab74,c5b360b58738c4684a89c70c050ce3d5,TheBabblingBaboon
26a6baa5-c921-4cd2-9783-af817c0a13a7,a06f258a87f2a33917258a614fdbf4a8,TheProwlingPanther
91263ed1-9882-40b2-89ed-600c30eaefb1,722262eb2736e04edc8bd3da7b00a555,TheHappyHippo
b9c181c1-f2a1-4617-b992-81f0845a89b8,fab0cd5e1aacfeded96b8f484823a41b,TheHootingOwl
85fb31a2-037e-40cc-9600-04d0c38d40f3,56faf4754d154c3a51f72dd497510699,CountCatnip
f742e58b-e4b3-4294-8c8a-26b06203fdb6,1cdd3219a424b81e2712b2228cf050a5,CadetCapybara
387870b0-2f2a-437c-924e-573a2d6284f4,d48ec726a9aacda45c255d477e439bf1,AgentArgon
f77e5367-d5fa-40bc-944b-b77232b3a8cf,b4b58a685b3cd2376b7f019f30bf3265,TheQuirkyQuail
22b84729-6635-4163-9581-42ca47c250d6,688dcaba6b2a830e00e6fbf7d5c5743d,TheGibberingGibbon
0bcbb68c-8dc6-48fd-acca-425d70bce066,5f84e96a5158206830acf84e1b108402,PrivatePlatypus
e09f7ba4-3ecf-4fba-b0d5-a2b60d800fbe,9bb3ca92f2d088034ced8a78505d05e6,TheProwlingPanther
993177dd-29dc-4562-ab93-42727e64ebae,211a7e934903787a720223e385b447b3,TheGrumblingGrizzly
23a53f0a-2c27-4ca5-84c8-bae056e9a720,b66311cccc9b68eaec9c4192ae515b81,EnsignEchidna
162976bf-369b-4486-9860-5f018b0df72a,874782359afcfb19304c24cc11937aca,LieutenantLemur
3223f440-b8b9-41a4-b279-7b8a82b8e799,8281245ef8d7de0587601870d51875ca,DuchessDuck
2b13b358-d14c-41d2-885e-8557184861dc,975fe3f5071394002c3004b4c2817be8,TheStalkingStork
c7d8e8cb-5977-4044-8877-751a3b8cb932,0000eb6e1b9bf0cad3f9e0fc03a9de5c,WardenWombat
7f95cc8c-99f4-4f4a-881b-01537dbbfa81,12366c6375017a1eb32c0d7d30419852,LordLlama
1603a825-2b0d-4bcc-afae-b64aa47968bd,2de761ba1151d65430c773b1538a3d2b,GeneralGiraffe
4bd6da5c-b805-4b48-9b73-75e55e4675de,0385d829f36fa534b9a8cc2aaa7f36fb,CaptainQuirk
0290ca1e-d81b-450e-a2d7-4a0c22d0fbbc,aaaf6a9744fad4e6193995a93d9f316f,CommanderCobra
134cf9c3-d076-4e99-89f4-f4bc2c506296,7872f8861d076a85a2bafb128e044ccf,PrincePenguin
672669c0-38c5-4454-b186-d22912bf2e75,7b2ea2111f07018f998915d6a8a74856,TheJellyfish
73843436-2d9e-4a1d-aca6-aab5d7dcd88e,9dec311fd0efebc91221c01cef86cda8,TheSqueakingMouse
03f2896a-304d-41c5-9c77-dd62157c0f98,d2dd0c4560e6cb129f6e27b9e26c0551,TheLaughingLlama
9a300a5b-5121-4045-923d-476b895bc98b,b431b63baf12d3297f4f907963e4da55,TheSnortingBoar
afd5c31d-72f2-4e62-bac8-74ebe077e259,5b0f71aa0b5bebfd085321b2ffd99765,CaptainQuirk
011d4fc8-d534-4748-8e53-4416d8512786,1c842726e0f5a2a59bf2b5d02cc54369,TheDancingDingo
801a9ff9-d6db-43e6-93a6-c0994af9fdc7,8553c10b17cd84356855a6bef75f69a5,AgentArgon
5ff66576-23fc-4bd8-abd9-671bacb44a86,d8089c4d18227e2b11404326d084bf3f,TheLeapingLemur
2fbddbab-4821-46b6-8eca-dc95b8119a0a,e83c81ba2457f2279d42e4f0c5471c5f,TheQuirkyQuail
982e7d32-dc7e-4447-a800-2bafb7dbab1b,18bd8768159b9c04b6421e1b3558e454,AgentArgon
b5560efa-80e2-4d98-b09c-a833b941e9a6,1c4982c88240b0b2065d682618e4f12d,OfficerOcelot
96eaf15b-f89c-43da-9fec-81c740fc6539,eb21071d6e6c0fb22acf9bfd48d1b81a,TheCreepingCaterpillar
586badef-496f-4bb2-8826-c1862ef04bd5,8ba1b4f8a3761b78de73c1bca72d59ea,TrackerTarsier
4c31fcd2-7760-4835-9993-b1c6c602b40d,6dbf9460cc282331d67073779b4f35c3,PrivatePlatypus
9861a2d7-3f9b-4bf0-9391-6980c504572e,1f20718f593ff5f9029fc876906e5511,SirReginald
a65cd526-6579-4c60-a63c-20493ddb8f2c,8f9e89d8ae646b1177504b31673d0312,GeneralGiraffe
8d05d0c3-b197-41da-b838-7316ee60cc28,eb4c8b81f0de15332e9b882db4b33df2,SirReginald
eaf3c112-5acc-42d7-8e7c-58321dc4d267,407c7dbc154c5fe7e7ff39ae7f74b03a,TheWhimsicalWalrus
568e336f-52de-4191-b5f6-1d99b28bef4a,9f51f41bebdadfc30e886d75914cc7c5,AgentArgon
1720bfcf-f989-4b57-b648-1ff7a973f410,e1e4491439e17f6e49d40dbdb8b5dde1,DoctorDapper
731d08a8-d9ef-4970-b3ae-330de92c5c90,24663684c65f7dcccab24379fe078e41,CadetCapybara
1c46bb98-ff68-419f-97f8-23f43106e04f,0cbcb6b3eef81158cba197d9c9fb22bf,ExplorerErmine
b633e411-3c06-4318-9d24-10c2c2f5af80,2a241ab34cd898a476db5d30569ca395,TheBuzzingBee
76d09a4a-7c7d-4cdc-8aea-efe7df95ce96,348b1a2bbc78407802b2f5242c6bd631,TheSoaringSeagull
049fa9e5-e35b-456f-9782-b30b5ca9b1dc,d9e4e99533a50b9c39e76e0948135e18,DukeOfDoodles
fbb2fd50-4eee-4b3d-b286-371f5d52873e,47aa6b7ea918e7cd8a8f4c23ab36e849,WardenWombat
09a880bf-f9f8-413a-ab84-a5264d125af7,07f81310a89e3c88bf6209e6b2841c58,TheFlyingFox
d38b9705-0821-4896-9e87-8f3151a4a1c5,788be0ab88f257966fcd390cd4b01ac2,CadetCapybara
b6ae6d9d-3600-4393-800e-4a516347aee8,5f62ce33c8cc90cbb63f50e02d56cec3,KingKoala
dddc10ca-f6c7-4fee-bf52-69ca40bbac44,34154362c71547eef53d751381b7ae6b,SergeantSloth
4536a5f8-2427-433e-b2d5-ba671e0d7276,0e30058c918cac8ae3df1dfa07b22fab,TheGrowlingBear
e2aaff8e-22dd-4b5d-95eb-a8c4a25d2fbf,d5265a8ba28b7bb180a98910d30f7a90,DuchessDuck
c1881150-f785-4220-8c7e-acf713568453,2558bcd3494200c04bb60e6d9c4dbcc5,VoyagerVulture
764e8648-ad5b-4c6e-a1f9-50ac33c83a09,8965b5bada01d84d84cdfb19e2389677,PrincePenguin
8b89e679-08ef-4992-bcda-f5b4ed14e79b,89022f6b7369220d758d161631662ac9,TheBabblingBaboon
f68d3253-53fa-4d6a-bc1b-6bb8430afca8,8e0e66c81a7e4f699139cc504b631936,AgentArgon
fe915c68-88c3-478e-a20e-af071133a7ce,3eb191676881063c06fa04e8a8fa7104,TheMumblingManatee
9ad277df-2d35-47f8-810c-fb07a270fa25,e081b55dc9c574a7b1a5f00e92f54419,AdmiralAlpaca
b72be3a7-d32c-4e7f-be32-e6dfe78a928d,5c30f7c209ebd1cd55596d584aa27994,DukeOfDoodles
8453098d-c184-464f-aa24-5ff87826f25e,484e61fe92c11c41a181a178381f646c,PathfinderPorcupine
9d0ac22c-e509-44f0-99a4-c9bc06558145,36bb254ba0a991c71ad7cc38ed726521,AgentArgon
f826f30e-d835-4b1a-8073-99fb67607bef,322fe6df73470119f7c4f10eccde27c9,TrailblazerTapir
e4e68c77-1017-4bdd-afec-d04598d5a886,5439b9b4503fafcb20f203b409cdf5b5,TheFlutteringButterfly
f1d14866-592f-4f13-95e6-cc6235ed547d,974c661df083543a65aa9cba20a6e46d,TheGoofyGorilla
f0171797-9a33-4cac-b05e-46711194a296,3b2ee52c5c4b89897ea97a6f5a4f428d,DoctorDapper
beb3bea6-acc9-4552-b66d-cf4be81bb053,e88422d41e8f18e0578fc038e0761721,TheRumblingRhino
781bf406-777a-4d0a-98c1-600ad3973ffb,70617503191d5ae541e99bebed9e8246,TheGrowlingBear
24a882aa-374b-4690-84ab-c8427691a786,6bf5f6d5bc1c794e80e5e2e948ba4d6b,TheHappyHippo
169da9cb-9049-47d4-8395-a240dbceefa3,ee69f1553fc4fc468180148a80f60217,TheTrumpetingElephant
5e169e92-24e0-404d-a5f9-5f3c430a83d9,2e4a35df301b1e31c6a962227bb76d4e,TheBellowingBison
ddd2d193-b616-454a-9df2-c26e5281c2b6,07b4281d47d99117df8bb869a2b71220,GeneralGiraffe
a910ea33-6fa5-4f5f-81dc-7b0d669dce2d,0415552ed75df20f940ef8b993817b0d,TheSoaringSeagull
c0282232-0a40-42c0-bf11-ac84278587ec,7da92bbac38ee7c44544c7ab526d56ad,TheChatteringChipmunk
8e113184-3f43-4565-9127-e5873bce6a25,291568a10620c5a5a57fc8c8ad6ec401,TheGrowlingBear
00e4d8be-ccd6-49e1-9a04-723279b58a7e,48202d1274a8961fbc02134725755381,MajorMeerkat
1500eeb2-ea32-4500-93d0-d26381ef90dc,5e66c125a366d3f0bb379fa84d5bbde6,TheCrawlingCrab
c7a986fa-73cd-401b-b407-7f00f5700401,7c9e34a0679e27c45e8a5568345999a2,ProfessorPixel
18f3f830-52fc-4c45-a013-b61e836fb6e8,6d2353c618fdcbc9beac8b4f6722cd44,TheLeapingLemur
4361bd57-b639-454a-8971-3f614d6744ee,a71a35bc2858cd0545e408bda26e2cd7,TheChatteringChipmunk
650f0f16-c72e-4932-b3ae-a44c0c2957d6,cab4fcfa29223519049789e45528e200,TheBouncingBunny
b04bc533-2119-43bc-9e1f-4ff91c0a2637,bad930d91315ad22ebe48d8db7b5e793,AgentArgon
4008aa41-e30f-49b9-909a-c59f01ef6e0c,41a1921a374a7cbba1e51b8045510930,LieutenantLemur
d0f6d802-8e26-49f1-a51c-4a05e699b763,e8c3d26d00442434c21c786991ed2aba,PathfinderPorcupine
5988e263-57de-4540-84dc-8d14971201a2,2e2f2246f5665508d788d7c1d224ed11,VoyagerVulture
1ee4becb-9351-40b7-bb6c-9957d836c759,1d24494401fe7b49a0ad9d270dc2e090,TheCreepingCaterpillar
b48d4cb6-2e7c-4f52-a335-23b60afa2a95,1530bf8554256b184055e03c3531c83d,TheSillySalamander
ac345888-775c-4b29-be14-b0482e1cef37,c612b9c4ea91bc9ed12b63d132d02ecc,TrailblazerTapir
f15f9255-3147-430c-a726-80aa724cbf88,00722fee567224dce0c33aa56bdb0355,TheHowlingWolf
2b6ab061-1370-4518-9e66-8aef7e9954e6,2e7313b12e35b1715d329974078cb909,TheFunkyMonk
7c245bc3-eeb4-4e12-897a-c0cda635f128,e3cd659e64473ed9a2d8181d564805b7,TheSingingSloth
236864f5-1112-4997-a8ca-4c3075d699f7,600154805dce4a8b3092befa14c6a109,TheCroakingFrog
ab6daf0c-bd7e-414a-9ee6-f0d818385bb8,f676094fc00b8d136f95ecc955f310eb,EmperorEmu
b6267e3f-a296-4eee-a50a-7a6d6b3de50f,b38c1087c592751b3c71fb03364a9ff9,WardenWombat
68108cd8-52de-4c6f-ba81-78f4226710f1,84e4d54d2802c6206506a9647e8609d2,TheChatteringChipmunk
c13b1d03-a42e-46da-9af6-d2c25cfa72cd,cdc16994e6901cba015729348dcdaa48,AgentArgon
136ba45c-571b-452d-b33c-cb23958e6412,d386f995c0c4a786c3ea5e3e850dee68,DuchessDuck
b0f95775-98c9-4b32-a61c-ec97d60197ec,8424479af8fff07db3358b484983c7da,DukeOfDoodles
bc4550a9-dbd1-4d45-9e35-305cd36a7e68,78406ded01d9b9fc81b21decd4bd5f92,TheMysticalMeerkat
ad427e78-ae25-45f5-8145-733be0c46f62,7c46f844a5e634f1df462781370a9b92,TheSoaringSeagull
e46b1843-d8d1-4aa1-8946-1b2e30638c68,a97d304308d92aa7024c2965408dca85,TheJollyJellyfish
cfad3909-cc45-4643-98e7-7b40c05883af,ed116dc9bf401098ad59a56c42f266e2,LordLlama
91ecdd01-a886-47e9-8327-91c6ca317a63,9280fdd9c91535d0362a05fc8dbc8827,TheDancingDingo
e9043347-42fe-4726-b9c2-d07cfc028ccd,43b5e5cd692cb106df4e9ba6d2137cf8,CommanderCobra
55d29f1a-ac54-4134-b078-e00394afa2b9,a7fd06aaaffa62bcaa1cdcceccd5a391,TheLeapingLemur
f2988d4a-9b54-4772-9f6d-a6c53ef4ed8a,244549008c91209cdae9fae77f5b5b63,DoctorDapper
8326fd9d-651f-44da-932e-a40779a023bd,d695754ff8a756c723c269b05e547e0d,TheCroakingFrog
d8cf8abb-3c1e-4de6-a48d-b04b59ad6e95,58feff0b8aa272cb79f314b04d9c6f82,ScoutSquirrel
1b565eb4-a94e-4bd7-952c-047dc666e274,8d0de3cf3d519eac04cdff505454efe6,ExplorerErmine
185c0e9b-7943-4292-bb51-80ff695f2fa7,80f3b03e54dea2918951637be7ff2f50,TheLaughingLlama
b0a51d2f-9076-46e0-9ad4-68e9f66e75bb,316bab29504b9ec83254d2d5cdec9845,TheSoaringSeagull
5c19d10f-7996-4cb3-bbc5-2b8bf8c581fb,be0f5ed4befa70b47aec7185ac7d86ec,RangerRaccoon
fa043dba-94e8-42c2-a82b-26114cfd8fb9,f0775b79d60dd2c766095e4f8fc450a1,TrackerTarsier
060cc46b-4789-44ee-a61f-14d48f52bfc3,e6b4d27e7f346d555120b9ee9b0f0b34,RangerRaccoon
716e7132-ccc6-4f82-b7da-499558b3ed2a,fddeccaf8b710a85ba80486b4819e264,TheBuzzingBee
358fc8ab-8756-49da-8087-ee4f38761641,cee926391b1985568db0007e898f773c,CommanderCobra
76151625-7eb2-4614-88c0-f7d5a5655bce,b51415f09164ce70b8ad3f4e2fe8efa2,DuchessDuck
e094c77c-496e-466b-83ff-673e161426fe,eab0cb073e72819061e2db1499c361e8,KingKoala
407a66f1-ce68-4c6f-9784-4d9c1916fa6c,e08c275933315de769722a7fbd66b561,TheWhisperingWalrus
39dbbffb-3a8c-49c5-984b-53a7bd820fe7,ce348528e857c6fed2678067714b1388,TheFunkyMonk
1ad9a424-da03-42f3-af42-347ea4555d07,727463dd8a7c60998ef8a913c1cff736,CosmicCucumber
535ecdbb-f374-4cb5-a51c-f0ca2349550b,4c2b9339a66bbde2df3996a6f4f643a0,TheChatteringChipmunk
b686c2ea-f5d0-4be4-bb50-de77ffd14bb4,4c028b98404265798d35e877b630b482,TheFlyingFox
c8606fe7-7285-457f-a227-c7af1391f622,15505fbe7b97ffa96da49e58547d2de4,TheGlidingGecko
2ee62f2e-80f5-49f6-bfd5-9b8569c0e554,203c5f61d5f41fe3d6f02ad60a8ad7f1,TheTrumpetingElephant
c958dd0f-00c3-4090-aa45-70ecee905ce9,3397f6d8feb291d5c8d66a6468b17d5b,TheGlidingGecko
496a5395-9e3b-48ca-ba94-8431e82e89b8,2100e124164f20bdde4125e5531e0f2e,TheDapperDolphin
a42acd3e-5a8e-40df-a848-5bff5ee33e0c,c58043bd0775b8f90f215cd9ca2c23e6,TheZanyZebra
b9b6483e-1157-4187-a5f4-25d1d6aa3ebf,992a7423d4ab282777444768d1c8738f,TheSingingSloth
36b28814-e1d7-4f68-81a7-d3480bf60d23,37792e2e6abe44717c273bfc13aaf8c5,TheBellowingBison
410f5c10-2308-4bce-8afe-86c99977623a,b0cc7cb699851a262355568b99260c31,TheFlutteringButterfly
5d296a58-c212-43ab-be78-66b90c56a253,e4943269451448afd4f443d165e4f50e,TheMysticalMeerkat
f2eb8e64-3b26-4128-86fe-a55fe14d0590,3febf2056e7ba83280437517e474d7cd,CountCatnip
f88c270a-3587-40e2-8f18-74ecb99fe66d,8204a8c767406c72be78a988a85eda7f,TrailblazerTapir
f8064489-b7da-4354-b41b-224cdeaea64c,47f42fd5cc3156464eddeac249c1f4a7,LordLlama
880e6104-a3d7-46e3-a38e-160417f2b41e,531a91d872dec10f7b26db21e935eac9,PrincessPanda
32021c9a-27cd-4c2b-9fdd-440e2e3cd8a2,657bd1b28c90e58f48ef7e86cdb8af43,TheGoofyGorilla
db80a72d-42f3-475e-8cc5-6a69cf7dac27,4355d3b29fb5a076131e082d0f50e530,PrincePenguin
3aa77827-1bc0-4441-990e-e5d32bfc34c6,8b28228d8b6e649259a3612af6383f2c,DukeOfDoodles
de9e3d9e-2d18-4d98-8693-ef611daaa55f,a0fc51b9049d84e0d38e4f8a02c74380,PretentionsAbound
e2e5468a-4bed-4de0-a581-dd7cab8ade87,7165db48b08b87ff197d73c632515e3d,EnsignEchidna
c593613a-a4e0-411e-a81e-122bed466250,0cd15051ba2112774effb295dae55ad7,TheBouncingBunny
50a41459-f9df-463c-b3cb-24adacbd2143,5f43e02b099b8ea0a6b8ade66744ae40,TheHappyHippo
7b91e131-06c4-40ae-abe2-61eef5506279,e696ee271130a32bf2c38b9ef76c72d1,TheRoaringLion
5bc72ed1-f9f9-4d26-9063-8e45d678dece,2ab065621bc61a22782b5e079f7d8002,CorporalCorgi
5b2327d9-62ab-4f1f-b9d4-f518a59a8063,8b9793aa0d5ef9f5e012ea3bb4d2acc8,TheMumblingManatee
e32135cf-db39-4d9b-8b39-47ae2377a6ed,a478ab0f304e6f3fcf1fa12927b2a47e,EnsignEchidna
81282a9d-a599-41e0-b8ee-c455b6bbf969,3689b40f04908a7b9a2ece0d8fa493b5,PrincePenguin
1cd37d13-490a-44c8-bb6f-7e7e9fb6f417,5e427f24b3af54158e5f23560428dde6,PrivatePlatypus
a2db7e9c-5da3-43c8-b20e-1f8bf7b1bf83,33cd038e88065fce396f35ee16debcb7,TrackerTarsier
d86c2df5-23f8-4fe1-9eb7-c5e99dc7cbcb,d4fbb4db0cdd536e1009ed4f3bc17c8e,ProfessorPixel
4ff0e2f6-3f69-44a8-ade8-1f6a316bf367,9c62982cbf69df4b494e331d16cf10cd,SergeantSloth
28a29e16-d982-4cf2-9f69-0c3494d4ae5d,50f0a8c8ad1acdd859209139b08083b9,TheBellowingBison
9226d467-5cd7-4dd5-ab3c-7271cfefee2c,e5453c2b3ad3ddfa1c9c6c0a04cf3a1c,DoctorDapper
7832c055-238e-4415-b631-3574a177d65c,882e1e0462f6530a3e9a385d05d23e15,ScoutSquirrel
c005b093-aad4-4335-acdb-6a710863b0c3,42eb95009c1b89d4a207f653f820c6ad,EmperorEmu
c44fb3d6-c6fb-49fe-a5cc-abb1bc28c6b2,1ba5813f9b490b7e9db0caf2833ceb3a,SergeantSloth
668762b2-70e2-4e3e-9a80-de05b2cfda54,32f4bc47e1e04891087af873356b334c,TheGibberingGibbon
09175d43-7db0-4a43-9dd8-23d039cf8d34,b5d6cbddda954f00ceb51182ac90e7cf,TheCreepingCaterpillar
85acd311-c4b0-417c-95c1-998b8cf7557a,dce59cefa1b197943dac8ac809cb0d07,TheGrumblingGrizzly
e4805e20-8bff-40e6-a4f9-cb2bb6702664,08a7abc74779e86b79ff35c52af1adef,QueenQuokka
7cc848cd-1093-43e4-b2b1-ac5d70d65af5,c5984373f5bd478f7bfe27ad0939054d,DukeOfDoodles
d76fbc72-7662-4240-9f82-1073ecdca854,f7ca435b26fe793b23d4ca87920d5883,AgentArgon
b833cda8-7a1b-432c-bce1-84fc442bd15b,882cbb645369de9fee1a4c3a38385602,TheFlyingFox
f817b298-d6e3-49fe-9189-efbcfb25078f,2b293153e320ccf75bb7c2654b0d4549,TheZanyZebra
224379c8-fb41-45cf-a1a8-002d2045de34,95cec4235e3e5e28dd2b4dedf9ab75e2,TheJellyfish
e273e627-6d01-42f7-9dfe-d9fd1643afa4,1bea61ead4d5d76d03fb0393cfe88d7e,KingKoala
9fc7bc31-303c-4fa4-8c13-3cb6d37b6c6b,974bcaa96bfb036540d24abae99b4e78,TheMysticalMeerkat
027c169c-0004-4192-a53e-66bf4d70dd3a,59b400f47fa69d79a5d553e1d3da7ef0,RangerRaccoon
2cc956a2-d455-4bf3-a275-6e605911ebaf,1017d4faf2aeed48c6f1542c451f9a90,ExplorerErmine
19612bcd-9186-4e1f-b2d6-cd6ef44fc621,9525b071d5c07fbb2038ec4c43ade0a1,AdmiralAlpaca
eef3aa21-903a-4f49-9770-c2e95c938c22,340bd94db658352aaf55505050c00885,KingKoala
67183a5c-46c3-45d6-b5a7-d1a2e1ceff44,0cb429258f03b64793ef1827b8540eda,TheMumblingManatee
0024c1d8-ad5b-4ebd-8131-f85c7618fdc0,e029ca17ef1728126a86bb17173e75e3,LieutenantLemur
cb0c8d98-a8d0-4b18-b165-8fcdca6279ce,a5adaa6979a33d1a1916dfc9f2fe2ffa,TheGallopingGazelle
0746f415-fea4-454c-8ffc-1c143c92171b,e1e34f290195914771b1dbeb4dc96edb,KingKoala
ca5ea041-f032-4a1f-a129-076b0bdaa6f4,3ab1746835492b6de3ee96429fe5ccd5,PioneerPangolin
b0903541-653b-45bf-858b-1b037543d730,181d611cff40f0dca0424ee1ccccd761,MajorMeerkat
03c6d0cd-4988-4d7f-a22b-0831c00939b8,b68891d416bb6c9dc9c7bc2377ca4fce,KingKoala
fc649eec-9a0b-4267-907e-f9946a791c7b,df921ff13a06b2520d8c4b14fab0f9d5,CosmicCucumber
946a6d1a-843b-432d-a279-824f0ef8a052,e49f8cf690dcd7e893eb23761621f900,TheJellyfish
79a045d2-d9ac-4294-b87e-f974778f286a,c4d05db0f852c3c6bc991b4019c43783,TheHoppingHedgehog
ad25a8bb-cf91-44c9-8ed1-82f85739b969,c755a3285b28dcbd4233f5d2aa18903a,TheChirpingCricket
f4a95398-4ba3-48c8-91ae-737227373198,9fc28a9b46a6e08bd9c6241efa9244bc,MadamMystic
41f4709e-5390-4fc0-94ca-08201b03e755,1633aae54403fd84d397f9c72e26f963,TheFloatingFlamingo
8b602ebd-5924-4b34-a224-67cdbfd1e58d,a4f2edb012e0d25523f26e083cd4a0b7,TheGlidingGecko
e478f7b0-491b-4e7c-b723-7256a421603e,27f54dcdaa48cf3a53f615a172cfab9b,TheLeapingLemur
7dc79671-554a-4cf6-bd9c-b64c66ae4dc8,e56917c1c87d99fd2335e8cd26619951,TheCrawlingCrab
dba8f390-bacc-499b-afa7-7acb2996305f,8084f36936289ae01d24f09dde261e26,TheBuzzingBee
3bab64ce-8cfe-4e32-afbc-192fabca9488,ba418065955fc728140179ed9474ed02,TheSqueakingMouse
27728cc0-85ca-41b9-a4a1-80b136ebc667,d262e70c7f2830f6d6d0fd44cda44751,PioneerPangolin
4bb1a938-f965-404e-bc82-ad077d51b160,45ea8925fd1510acb474d69b1bd82e71,LordLlama
3c536dfb-7f4c-49f7-bf85-cd1a003578cd,77b17f23553836a0549121b2cf25a653,BaronVonBubbles
28710235-0f5b-4bbd-8ca0-86a2511532e2,1f0e39445d63f1cd7bdc3a7bf2cdec0b,WardenWombat
c949577d-d419-40a6-ac28-7bc08965df33,424738ad021eeeae7c85f036169e1b57,TheBabblingBaboon
b029762f-3ef7-4ce3-ab5f-ac7232da83f8,84df56eb75c0592355250f87602fdbb0,SergeantSloth
e235c6ec-8e6f-43e0-aaad-4a01f7364a37,f58e4d72ef2dfe6223fe8e731edb46aa,TheSingingSloth
730524e7-dfe4-4e07-becf-0bbdde564e69,ca2a19c572c21d0aedd00a4a42603b14,TheSingingSloth
a456efd3-4df6-422d-8719-ec8b4a9a421c,6c1b10a22b9a7ef9e8e1fb9d6591dc98,TheFunkyMonk
36353c20-b2e2-4a4d-b030-a63650c366fd,40a4b56874c37e9d6205f82841d54669,SirReginald
d24d1120-8ed8-49b8-92ca-714e56b10e55,41e6306d12fc2a2db1c10ff75991c8f9,ScoutSquirrel
9708fd43-fa5d-435e-95da-e751f5dba551,5979e080f0f3c56a6854a11ddb554aa2,TheSingingSloth
857d45a9-561c-473b-b48b-7550af1d0d6f,29f7be735703688bafc1c546c34e40fe,LieutenantLemur
16c0d7a5-fe30-4f3c-b05b-392746c8c10f,c033ec8c7fa451b9d2179f212b37d91d,CommanderCobra
0a9fd0b4-6a85-4884-a78b-aa1b9c515096,7e5e999dd7526c9e7aa99268e554d61c,ThePrancingPony
03d7b9bd-3b0e-4bc5-8116-3503374773de,1cc59597baa3a84d596b8f752194ef05,ExplorerErmine
02344431-d8bc-4cc2-a955-4170f1050eb0,2fe9ff4271f48d0994293666a4bac557,RangerRaccoon
398d1157-5b16-4745-b9b3-b631ed17515a,98cc05292e515b1a540e0408a9c1cf0c,TheGrowlingBear
a5a94fd9-70f0-4954-8c8e-cfac4885e590,5d21d78ab098fd6c8e37cbcd807e08b0,ProfessorPixel
7f0fd868-3a73-4dff-8cb1-0460e57b2323,5b4b079d6b523747187bb7bf2ffe2ada,QueenQuokka
be14840d-34c5-415d-abe3-940d3ef64d35,eeca332286b630b5db1061f132e87a1a,TheSoaringSeagull
c7c0c545-781c-4b39-bdcc-8453da442550,5fde3e0f0d7842ff3f6440b9e25bc488,TheDapperDolphin
40842204-455a-4175-82ef-6dcd5b197827,28cf57935c8f26d287397652652ab2f6,TheLeapingLemur
86554c27-f3af-4f73-bd9b-18906e52e6e6,d70792e1d02e5a043218c189ee992ac5,TheGallopingGazelle
da9fc02a-6cec-42fd-89ac-6ac8967bc260,3c760b5e65ee7c0d3b66ec38bae12f15,TheCroakingFrog
8cd45d04-086c-4742-96a2-7b96bb63f47b,75bab39cebe09e192eda9640d1f8ba1f,ProfessorPixel
d935d0b8-a2a0-42b1-a3ac-eeb1987cb9e4,f7e8c7fb639193c498e7722d6ea39c59,TheGlidingGecko
b7b92472-e849-4f3e-abb0-d05edb7ede44,7cf1d886a2d27d06139c5c9bfa6cb2d2,TheDancingDingo
1c7d8a43-eafe-4315-ae00-e0873a6a8078,3340c0b345e081beb2e3268e2dd528a1,ProfessorPixel
ecb69c92-0c0c-4ae7-9981-40dbd7cc31fa,70d3a05a52414f523e7239189eb14ac4,CommanderCobra
0d775849-329e-49fb-a7b4-ac1745f702ff,c6c940c8813631d350c4c5bdce492cda,TheBouncingBunny
2f6aae88-00b2-426e-8cce-3231ee313964,b1a51571a6b222a6a5d98c5af7d85c34,TheHappyHippo
ca3e6fd4-af5f-4c6c-87ce-932529107185,43aca9ef93b2b65a64a5daaa56c51b92,TrailblazerTapir
649a8149-f3ea-41e4-84d7-e7b214fc702c,5fdc76219e25b9cf343eb33384026841,AgentArgon
3f87f0b0-77a3-483d-83bf-3cedbcf1e23b,59299d7fa01cb9356c564eb58870b796,PrincePenguin
8d3ab742-2447-48cc-b594-b47dc31051ea,858f03cb5bb35d9903b71f39fc98dc43,TheWaddlingWombat
5d66be27-fbd6-4ff4-9876-d2cd5ffd0517,2c0dbdcaa20fad3aa56aede62ccad4ac,CadetCapybara
4b34fe80-30a2-47eb-a985-64b72c3606ee,29b65016483054a65c62d7d29083062d,TheChatteringChipmunk
e6963ec0-e992-4396-922b-90725801e693,b5fbf74f3f8f326c84445cf5ca65fce9,TheRumblingRhino
9fdd3c66-7328-4ad4-b3df-00d06296cbc8,52138807e2bc0231068dcb5ebc02f938,DukeOfDoodles
f543f254-4aa9-49db-95bb-555e6b09a966,85fc602879f0bb25a4b286e557972f5b,TheHowlingWolf
0f5ca471-e559-489e-b8b4-c6feb3542e8a,43932abdc372f4142f415334068b6f71,ExplorerErmine
0dd4820b-10d8-4549-aa21-24691aa89925,ac5e6491acedc70c48c110a73f6609ce,RangerRaccoon
09535808-00a1-4653-b96f-307bfd067def,cb4c47fff61d1295c7a772caf87955c1,DuchessDuck
8b793854-4933-439f-8d3d-580f970a8856,0d611daf117de50d3057e0bee5da92fb,BaronVonBubbles
98dd2522-603d-4d4f-9ae3-02efe86a3f08,30a3f1df24dc5a046253a938c864b9e3,KingKoala
c21e49c4-b8ab-443d-ae3d-81a4419c27f5,148d9f1d4369676dbf96a38b55bb11aa,EnsignEchidna
12e47620-8e2a-42e7-a799-df5a6df2e58c,3657759db2813bd8c2d664b56c91b410,TheFlyingFox
31f33e03-9b2e-4b2a-9cd4-4195bc8e37f0,7498af0bb941b46b81233325d359ec58,TheLaughingLlama
6d6eb185-dd81-4d83-a8fd-6032b442f850,9027d184d2c41ef912cdbee9c6caff04,TheJellyfish
38f6a545-391c-4f8b-89b5-ffaac23d8c99,7b8a6c0d73a136122028fbf27d015412,TheGallopingGazelle
8cca3ec6-d44f-41bf-91c2-883136ac0746,c0d813c4bed3105c65d9c058cc6ed17e,PioneerPangolin
c657ea84-018e-4f8c-86f3-05ed81fe83a2,1397f5e7a6ae5559b990c1f3c6764416,TheBellowingBison
e9a15fc9-1043-4fa5-a3c5-8e2d4777a916,a8ec38979d28a08656a3510984f339c5,TheGallopingGazelle
f2a52446-9a56-4aad-b976-c0527834c10c,0e7da567e071bb4e89e2f3330039912f,TheBabblingBaboon
980edd37-cf71-4be9-9f9a-4a3a6095a40c,42a18c8c8ce4191f45149bec8e2223cf,PioneerPangolin
45c34d5b-2dab-4bc3-ae1a-0d8d2d5718a7,735b798759d0389586afc228c5683a95,TheDapperDolphin
2ba1747f-eaf4-4995-8d57-85723e3ee5d6,c12bce5fd1166729241911301248c4e9,TheGallopingGazelle
0a1bf54a-0b34-44f8-bc2e-76c61221044c,78ec1bb592ede79b757adf807b86e643,ScoutSquirrel
8f0aaddd-2f5f-4f42-a678-6dace14c7681,e8e56015375a09eee979b992845314ed,TheLaughingLlama
9521ffe9-7f7a-4e66-a620-54322e95ddd0,0e25836c6c4839edd4f92b33b9ad0377,TheZanyZebra
6122ffe9-970b-40c6-a933-cc5fb436b72e,f7e0d834f16ad5459e655ed715013d0b,TrailblazerTapir
ba84ea24-9a45-4c4a-9ea2-857a804f8493,f020c167a96af0d11fb2ac8d8860300e,TheCrawlingCrab
77815d3d-84a4-4c43-ba0e-a1995f4220a8,53554f66dd07c2f5231f65c32b30c4e6,CorporalCorgi
3c063d73-da0a-408e-8400-1fa65e37b310,ae8ee4f2cc6dea742bdfd6dca60d7180,TheSqueakingMouse
d016273f-3a0e-41da-bc37-3d69320bd93d,f9f54369632c706a9b4f17a3a7842cec,CountCatnip
0688f9cb-6cca-4c7f-904c-eb61db655293,9fe874347bbf6751c94256a0ad89cab6,ExplorerErmine
d9e2864e-d893-4b0e-9226-9ab883675ea6,866082d5d440c87e7582b6fc0e8a8343,LordLlama
7082d8fb-d937-4e5e-8866-e41626e32c91,26a6a6f8a315ceb18684b5d14e65cd02,QueenQuokka
d33c4480-7762-401d-8645-bd942546c093,34faf40848695862b0cec637ed0c9b01,LieutenantLemur
f2448504-882d-4506-be85-51e8dcc92e1d,f724c42fc631424ca0fb43df13b6f6b7,TheRumblingRhino
8244afe1-d150-4878-8e05-a9a3557c3399,c3bce412ffc61e5a8e9bb2d0583ac95b,TheFunkyMonk
133c4153-9fb8-465e-a479-af343b608423,df805f9adf8297ba9a81da800e197946,TheBellowingBison
a80120f3-6135-44ee-8534-29ba922a23d9,b4930208c9dbf465fd0255da5446843e,TheGoofyGorilla
0148c92d-bd0d-4f7d-bd2a-b0fb75d4007f,564afa231644d92d6ab56a93cf104679,RangerRaccoon
364c8f9c-62f5-4ea9-80b1-10656feb470a,24699e39dcf4823766f9ba784bd8c3fb,TheRumblingRhino
7ad772b5-dfe6-47ee-8f3d-5f5d09e39ead,e2e1215d27699176b341cb430e686190,ScoutSquirrel
2ca124f4-e5f0-4e74-a656-f4fe1f5247f2,7b6213f99cd0e1cd12622ab06c5446e9,TheGlidingGecko
90a6416f-843e-4a95-9c17-98dbf37eaf05,5280d90a74233915ddc63cb6fd5622d4,TheBabblingBaboon
57f83790-8d7c-4aba-8775-7a17fb7006fe,35f0cc3163f3e1bd61a234d5c0084d08,TheMumblingManatee
38ce60ef-9d9c-404f-987d-b48d7ffc6ca8,89be86aab9fa18f813306aeb95a423d9,MajorMeerkat
a9dc62d2-9af1-43a5-90e3-b8b6d1868597,582ce0401ee21a3a0e24ccec5c965368,TheChirpingCricket
90acb447-33a2-40e0-a8d1-f6923b8c1821,86ba15c8c7029664cb415ba1746bf006,TheHoppingHedgehog
80d8c4b7-3070-40c2-9c9d-b7c99833a508,cebc31b0787cfe04cb2b37dc4b5b1e34,TheRumblingRhino
01e38dae-c801-4777-8e1a-faedd0cc76a2,69fb67cd0667154909351fe1070a083b,MajorMeerkat
dbc6e994-80a2-4547-b655-62242a321a64,9e4f14c197c12a5d3a9ed5512a665027,PrivatePlatypus
00b6f562-4a1f-4fff-8d61-20d659b82904,caeacfcca903b56a27513510d9d57b25,TheTrumpetingElephant
436db7de-e37e-46c5-a5a1-64a6a2630127,a8d98c7ec672c6bf1a97d24bedec3e84,TheWhimsicalWalrus
32ec93c1-36fd-471c-b9d6-2bfbd76587ed,e129ba2926192e3b25773a1819d867a8,KingKoala
ff1c2365-cc77-42e2-bb43-5a1734065d8e,6819cf19820aa94ec10adfcf002d4687,TheMysticalMeerkat
8dd96895-f149-43f7-82cc-15768cb5ed5e,22f08b7f363d7e5a59f831b34743418f,TheHappyHippo
59347dc1-486f-4838-8063-70beaeff763d,4b465ce67e1c8bf77a907fdb67b1682c,AdmiralAlpaca
0e3310a3-3bac-470c-b67f-5841926c5889,093cfcb3826a14db15a4c48bdd55ae80,TheSingingSloth
2120c2a4-2023-4510-b85e-764dc5df3040,b0cda66707e63114541ea7d331b39d05,TheWhimsicalWalrus
84782c04-8f02-4fa2-becc-f701b38e3e3d,d4e666519d1891456ad132abc02d0532,EnsignEchidna
efbe43af-75f8-4e4d-9dc9-7df914faeea2,c313c819f832c3f8893b550d5f35db69,TheFunkyMonk
ef591db5-8ec9-4727-b762-c5e19ccf03d3,d74e6742e0be467a0f48ab7afd7bf9c3,TheGallopingGazelle
f1ad11f9-ee6f-4fd3-93a3-9559163b4758,914a98fdfd7836841f9041c19037d0b9,TheSingingSloth
7ec94088-719b-45b8-9890-9a1078cb2bb4,80b7d83eb100e8129980b3687dabb75e,TheSqueakingMouse
9994cf45-8dbb-44bb-afb9-201451e43b11,5f4ad372deaee6b206e2ca5d411757ea,TheMumblingManatee
f94efafd-df47-48eb-8b34-574099344360,42426cd38554bbd46c8d766b30ef3d40,TheSingingSloth
ae8ea2f2-dc97-4a44-988b-fbe9a225ee32,e25a6e347b82745f8c0c6dac3164cb86,TheZanyZebra
0e543b3d-7cc8-4f7d-bf58-5e6835f6e05a,e60f853fb34492fcdcdf5979246c5c89,DuchessDuck
87e9c19e-6f47-419f-8b44-bc4adcf05080,05c7adb00dccaa44eb1ec3b9243f7e53,TheFlyingFox
0cb5642f-2da1-4a8d-b885-4ffddb3b2b1f,f9c66df9322225e94f4e1ab0744147d2,DoctorDapper
0bb8d250-184e-4147-b35f-76f190b80b90,716df0cf7899ace7807f050898534111,CommanderCobra
2ce86a06-a7f6-4cf9-aec4-5e40f4fa038c,b5c13741caf336b35cdc5824e5b1df60,TheGlidingGecko
bb8ee02e-7faf-4794-be75-64e68578f3bb,8866ff82d24955dfade02cb3e52001f6,ScoutSquirrel
77fe0258-83cd-49cb-8a5d-c2c24a65216e,f3b5d2b69a42af2eee802876739ffd6c,TheJellyfish
dfac812e-3e6e-4c9a-96ee-39c4af82d188,fe2945c33e557d9bbded4ddf907bbdd6,PrincessPanda
9c1fb724-3689-486a-a1ad-e5c77f981be1,1840c97ce8dd5a1b2a24bcdbad5ca06e,TheGibberingGibbon
45a83421-f237-4a10-8571-ef5f58b8c7b5,66db6673182e0de6a9e47d577c044791,TheMysticalMeerkat
5097cbef-96a0-4fc0-838d-c13626177d64,bcc405d94bb0061618ba99e41662a5be,TheSwingingSpider
b81acc75-5bd5-4c4b-af1a-fa2ed4df64e3,bb5aed1799edfad83ad020f2157a69f7,LieutenantLemur
04ddea04-7f17-417a-9644-c297569296dc,6939dca22808a997f5ce13779b9aa7ef,PrincessPanda
50fe9265-d8f8-4644-8640-9b3859614004,0da54078adb48dae72c6007f55246493,TheCrawlingCrab
d71b32dc-ae4c-4937-8f91-b992bab3dad4,e1d910b00b1b7ee0cbbbd05ba51d7397,TheMysticalMeerkat
560226d6-c2ca-42af-97a2-6dccd9734801,361e824b91e19bc61f7053e2bf8d6891,Squooble
01332472-0415-42f0-a041-11808194e801,8bb2da59d0357e701da2db352ada1a4b,MajorMeerkat
750b2631-e66c-4086-93a6-91d756ccc6e4,cfcf17b5fed4b9c17ea702f8101dd932,CorporalCorgi
190bc12b-f4a3-4171-9eb9-fcbec2203092,330d970227e155c2fb9d8d049e4ca22e,TheMumblingManatee
9124762e-0a55-4984-a8d0-43cce44de395,6212995735ca5762b35ddea21fb207b0,CommanderCobra
5fcc9559-5ee6-40dd-9beb-665f8c37d789,0a42623a9a618cb168ec20a818ce482e,TheGibberingGibbon
46783555-7316-4373-8f43-e4e3c6615550,a0e587d6ffaf069bf13a91aa7be12db9,ProfessorPixel
d225c5d4-de9f-49da-bdec-12dc66f27e3c,df3ca28dbcb5478d1a056fdbbc888e8f,TheSoaringSeagull
b38e8d76-16a6-4621-90d8-1bed82808577,1133f0ab234927040f236da5a76cc5ce,TheFlutteringButterfly
351f9376-4d02-46c5-914c-6d00e31936bf,45a676c7a539fc082161183ad6982be2,ProfessorPixel
cffa8049-652f-416c-9aea-bf00b2bbc976,5dcc937abc725d25c2b32408642a15ee,TheGlidingGecko
2f858d41-1c0e-49a7-aef3-04d61aa4b2df,930a416a044a31b9b88036d315b46745,PioneerPangolin
0532e1b8-9967-4339-8e85-a1864738da3d,f63a86e03ea3bc77f7332b54f682c5fc,ProfessorPixel
31004f86-c5de-4644-ad3a-04ecd63597b8,d00f8f0674744ca1adb670caf1b9e9b1,PathfinderPorcupine
96ceac40-b9ad-41c2-8c3b-361d9961f782,6e4c606a184acba4b0b4ab3c24a10903,DEP
1a81d836-7a43-451b-98d8-6d438c479222,a6b6d9568d6918969eb2bc0849d638f8,TheDapperDolphin
b35de1dd-834d-46cb-928e-168bc2105db7,84a0001636191add961b9ed4d41f1801,PioneerPangolin
a4c4814e-a096-4293-bbb7-6140da0ac74f,3c8801e3e3f41aa69b4bd25d5edd8353,DuchessDuck
425b59d1-6783-4914-887e-9fd1e2254654,b045954c7617df73403aae08edd14ec9,LieutenantLemur
9563d05e-fa43-4a99-bf16-5921fc3704b2,51991613dc8c27288600c802f159c8bc,TheMysticalMeerkat
6d5fb005-5e74-4e14-8efc-9e412e7d6aea,c852090ecd96423b5d00d5f4d2c2a25b,TheLeapingLemur
d5fd4260-da81-44d1-ae2d-8902130e8b08,1eaa7b72a6f6a141c6a876b1da566dcc,TheSingingSloth
16dc11a6-ea7c-47ec-bc5c-2560097e753c,c6a6b821b56c806f3f7c561881bde7e0,TheWaddlingWombat
e6b72413-b231-4ae0-9278-426019dec4bc,77b797263477bba34f839e7976bc9984,SirReginald
d7b20cef-05e7-478e-a930-0028aafa62f7,60927063d31992a8735bc4d227f9e3b2,MadamMystic
9115dc64-270f-468c-ba74-5cda06831174,89b0ec27f3b5a5cdb486b7182afedb6a,MajorMeerkat
0f900dd8-307f-431d-8694-729425a32cb2,278dad417966df4470c0577a62aed26f,TheStalkingStork
fb252ce0-c97f-42f1-8525-5738a2d36d6b,0fab0b01eb8827dfa3288f231dcfa3eb,PrivatePlatypus
c80c3067-28c8-4cf6-8a75-c3d7f541ebeb,f72285262251a7646677e4c516cecc8e,TheFlyingFox
98ee91c5-8946-43de-8cf7-b19fb5c010cf,a6b904c6c5074c63eddbc159a3e28ac1,TheTrumpetingElephant
15b96a21-6d48-4f97-8a85-a2cfde5826d7,944fddd43230a80ea3421ee1c32cf352,CosmicCucumber
25d936f9-e2be-4749-bbce-9f4ff830ca59,f222837379c2136c9c6b315143edf7ec,TheRumblingRhino
a2a8bee3-632b-4b39-9352-b5d7e2db7945,2688fb46a2d7a42f00ab4e7026001aeb,TheHootingOwl
e2fefb3d-8f62-4e48-8b8f-ef69547a2316,f1258e5fdaf38cad5eef370b6184bd84,TheCrawlingCrab
85852334-34a9-4d58-8d48-713d28b055c6,0a9ec661ba5e3b7d6be7f1cfd9a4fc6c,CaptainChameleon
5f642020-8a60-45b6-b084-65bb6edb299b,9474b789f29e4af2fd8b453b128570de,WardenWombat
339dbcc4-35f3-49e4-8fa7-796ebb26013a,070b1ef179df0bf4b9e494bbfca36659,EnsignEchidna
3fb46cae-3963-4911-ad25-b67a289a7e4a,360f7b3333cfa04c51fb6b7eabb70270,MadamMystic
2a135eec-3851-4087-8c49-4862ea7550c5,66e12c7727adf2f08f414d62ee30f157,GeneralGiraffe
3c1849b6-d291-4a71-8447-a9d8b4cdfd0c,890caf63a8cedd6ced562bf63165de26,TheLaughingLlama
deb0663b-3c0f-4df3-9c8e-cbfd13947a13,e22882a702c7c55387000d1393f7e5d8,TheBabblingBaboon
9e8adc63-14dc-422c-bfb4-a50e21360649,f144d3f21a7553d45e3292391c3c2e87,AdmiralAlpaca
8dce3363-2b6b-4c3e-96e0-04317b6c6ebc,22443b9ec20850a322ebb235694b48db,ThePrancingPony
84f84444-9b7a-40f3-bfd5-1ef5baa21e6b,009131e4fb1daa1ae9ac4e725f595f23,LordLlama
aed87ddf-fe2a-4f91-bc0f-56b938a5eac9,e92488e2f580d6e052f4d4aef4a049dd,TheWhisperingWalrus
9d4aa76c-ec3a-4a98-8aad-cbadf2a69a41,386c6cfa689eb8a03fc1e13216b044a1,DuchessDuck
a0561be6-ec22-4b91-a229-cfc6b3d70fba,d366d1e824886f00f3cd9d009df5e00f,PioneerPangolin
2bc811d4-c26d-42c3-ade0-4be206590578,698136c632661fec01a4953805156ac9,CaptainChameleon
c3116289-5e72-4722-98bd-6c62e11da84f,f24d48cbcff427a78639eb91917f5738,ThePrancingPony
d89afb98-cc22-416c-825e-0972c27f669a,257ba92909601d4293557f5d7d457a1d,TheLeapingLemur
0b7ec0f6-0df1-40da-a0fe-50e9cc6692bc,acadd6e982abbd2d7e99ba09d3442897,SirReginald
e4ce1064-546d-454d-b249-84e9e72db2c9,27a9579f4b21f6428e2cbee2e881b3de,TheTrumpetingElephant
0fed150f-e619-4fa2-9c9f-9d1d25e98772,57044edb9037badc2d01d057d6954555,DoctorDapper
0610b275-6583-495a-9868-9d6285a1ff57,d0bc3853d2538139bf006f37bb900e9a,PioneerPangolin
96d8229f-fd97-4fb6-8c9e-5ca2f9f822ab,65beec90bd135f2ad0c2f10c10d143b4,PrincessPanda
dacad494-8714-49c5-b04e-3b1af5d027d5,843e0e21ddd0053c45f2d8efc248e118,TheBabblingBaboon
01ce1281-133a-45b0-a08e-dfb45951822e,fd2e1c8105091e094431d1235d97ebce,TheHowlingWolf
61693e13-326e-40f1-8a87-52919d00831e,df1b1fe80ed9b5cc6b95c5881ee909c8,LieutenantLemur
0dee2990-3708-4d5c-b3de-9bacde5151b8,8adf7bb0b0895ff7b265d510a6d3c574,TheChirpingCricket
6e6cb08d-acc8-4274-accc-8e864d669197,301d896dce5a88cae14baa614eb445c3,TheZanyZebra
61d2c891-5125-4f0b-a0db-671015d34bbb,57b050299a7a3234dd7f09bf04e2296f,PrivatePlatypus
b2d5b25f-fa64-46bf-aea0-35bfb33f80bf,aae5d5ca4881dc5a087b3697ce1ddb93,PrincePenguin
4ed99537-6469-4caa-b6be-e4906bf4ea63,621d7fcb06c170c659ad0cd16e24ebcf,TheLaughingLlama
ff2b09d3-2b07-4885-96d0-900ec740f7bc,c19051ab9ffe42b85e4a70b547c59ae0,TheBellowingBison
524c36da-14f9-48e4-8d81-cf66afc16dea,71aeda45d8d411d27bae18db4d2d7987,TheSoaringSeagull
cac9aeb7-bcee-43f3-805f-3f2d542f1a66,c2691d1ed26f1d094f97f0efc66bf3dc,PrivatePlatypus
922408bb-465a-47fc-bdce-88f668403390,33ac258acf83e60191117833e46bb0de,ThePrancingPony
98ca9cad-0f53-4906-9fe0-379a2e26928c,b31e2955d8467ac41843b9b6ebebf24e,TheJellyfish
f897493f-4b38-4098-8d2a-845426aaf4fa,ed7e9ce34056bb2d9b63d536e2cee46d,TheStalkingStork
d166df67-31a8-4570-b122-c18772205be3,fb5558c4a18f2e205df31e1a9e4bc1b0,CommanderCobra
e70ae6ff-bed5-4284-80a0-bb6173b70661,b654ae35d4bb51d3b3b0baba0dd01e5c,ProfessorPixel
3dba1a53-4770-49fe-8d39-10f3d1c06105,dd45e0b032707f253308ea8c81335fd0,LieutenantLemur
c6d17804-29b3-4d2a-8862-c7145d836492,4dca398d510fc0a62b5a37eb13da5d8f,TheWackyWombat
6ad9353a-826e-4673-9c04-67e4fa579a12,142e882c1e7a77b7b792667d8fa7ed99,PrincePenguin
315878c3-d63e-404f-beb1-6104fe59e2c5,cdf535a4074167fb6ecd84ccf56bb51d,TheStalkingStork
49deff04-7b53-4897-b4b7-69f054063910,aa484e1171132306c105f20fb41c3e26,TheWaddlingWombat
21fc3c84-b694-45ff-b233-07dc9c5ea586,397085a0d81fde0fd731646befc6c314,TheSillySalamander
802ab1fb-b998-4856-a2c0-bcf6cd92e8d1,8f92f4d7d28f8667c92cfd4a66a96f18,EmperorEmu
8922715d-dd22-4e3f-b484-a01190b9a69b,3ed8cd7444c276e5d9ad7f9f6b15afb5,TheHappyHippo
c85bf145-696f-4aac-afa1-a2ec61939279,a73d9f30467c670b71008a9978fb018a,TheSnortingBoar
3dd9f2bb-52fa-44ee-91ab-7df468b0f4e7,ca3e5b72f1bd496b1f417e1bae042acd,MadamMystic
7a386e61-9a2d-407b-9f2f-a9bf67ff00cf,6bcc461715671c352cd310586de6e521,TheLaughingLlama
ca03dac1-570f-47c1-a008-75c42ba881d5,f7b461f38a6937a9f715597530103607,WardenWombat
ce4a9e52-4760-4f79-a141-f7521d753e68,877fb30ce02d5bf5d546239bed72e315,TheBuzzingBee
23a41ff6-f238-4f8f-90ba-b79a222f6792,80559f4751f10290321253c6798e53f8,TheBuzzingBee
2554f0f9-d520-409a-8196-4c6ad6f98d80,3f28d44e3bcebafe7bf7cb1452991e23,AgentArgon
fce7a7e5-6d20-422d-934b-2b413a4b7799,2ed04fd67fe72a2ed763edb54ab07259,TheFlutteringButterfly
8f590435-302f-49e4-ae67-bd86a934f662,ea1a2e72a5046ee958244e79d6dd4687,PrincePenguin
8ef85a90-9d79-4532-bce1-dd37c2288f1a,40518446cb350c7a8681b811cce768a3,CaptainQuirk
ac069da0-3d4d-4314-8b41-e6a0c2e18778,955c957ff24e427d72ede00a76fd8cdf,DuchessDuck
86b816d1-d01f-4c81-84c4-53f63b7d3a17,a76aa853193d7c529a423b5403ad874d,TheHootingOwl
67026074-b3d3-4265-81cc-ff13b0b2a33f,59a84d0522620f3e3b46e5e873f4c59f,EmperorEmu
b72e1ef4-4573-47cc-8726-5f117b975649,c1fa107ba7458f6d9be8906af1220f3e,VoyagerVulture
bc8f7a91-dd1d-4dc3-87fd-ac22d894057a,361fe9d5859b47110f78ee6ba624e7bf,TheSqueakingMouse
89771102-dbea-4029-bdf5-2f7610c9fc68,3939e62065312a48a3ca0900975a37f8,TheSoaringSeagull
f93bdc45-e7e1-4552-8c4c-87ef659054b2,506ae040d70968a080fdb6e6e6a686a5,TheDancingDingo
aba8cd83-f29a-4545-859a-094c32d15c8c,6c1c58378b013d6f498b8cd1ce9f6c80,TheWaddlingWombat
2c04c0e7-3507-4ba2-964a-3edf9309d6ff,8a5553ed11f84680450eb732a272349f,PioneerPangolin
ebfa489a-c1e6-45fe-9558-42202b671fb4,ce6a3689c47977c1c631fe768c43f821,TheGlidingGecko
4ddfcc40-d7c1-4ad3-9eb8-afb8cd698a49,eee63ef22c5de9b0510deabbcfb9ae1d,TheChirpingCricket
51a7b85f-500d-49a7-8a81-ad59ff5d055a,34040399f31018a1a4def8d92e0be2f3,TheFunkyMonk
1be5fab6-0e84-4dcb-9ae0-53312084742e,5d769e396ca4fceee30113edef0c905a,EnsignEchidna
d051a65e-7870-4e97-aa5b-be0bebc8e25b,25a6962c5c26808cbc48e7e70025ef90,TheLaughingLlama
e1e8980f-af98-4f42-9bd3-96dd927265d0,e9467e1f30024dd948af66930ffcd209,TrackerTarsier
b147deea-dcc3-43e1-b6ac-fb9d7928904b,75cc16a37332cbf9ad424d004b373fe7,TheSillySalamander
c4b24f91-f2af-45f1-8c6c-7f5d27622194,1b09e6275f51c3721c7f47507bc2f4a1,TheBabblingBaboon
37c0fecc-a8e1-440c-946f-ea166ba99b77,5c1143344b29b54ccd7abd5e39320e91,TheChatteringChipmunk
f105922a-b639-4215-8a24-453b50900700,8dde2f883bf0f7795b2a4151c06c7476,TheProwlingPanther
7790ecc3-9d0b-4d8e-9f5b-8f13cf96fe8a,acd676cb8239b9c49d848cdc609ad3ff,TheSqueakingMouse
71f09e39-5195-4d7b-8075-d74510daa8d0,eff7bec888f90f5ffe48b699a1fca40f,TheJellyfish
367b6bd9-744d-4517-a3fe-e44de8aecff1,e2c94ed3e379f703df1324e3de4cafd4,PioneerPangolin
62be9e08-6572-4ea2-81bb-4d0021d0e87e,98aacd1fe09f9bce7c9f6dcdfa002ab1,TheLeapingLemur
713354af-6760-41d0-8163-d8e46d31862d,f0778de6f8865b9f34870374ab07687d,TheFloatingFlamingo
6da773fa-770e-454e-92a2-b2a017edf1d7,306546d32c5e368b5939debdfa6dfa4d,TheDapperDolphin
59204c2d-850a-451a-9b9d-7c0aef81a31b,71afd540c3e1f6708e0098617bd05b32,TheBabblingBaboon
ed7431dc-3767-4016-b46a-f80cb56479c2,22d4345605aeaaec985d6053388d27f9,PrincessPanda
d0ce2a4a-e02b-4451-b867-3fcff73fc9bc,17dde0fee5adf5e4674559d9800587c3,TheCreepingCaterpillar
741a19ac-a263-436e-89e5-febf7edf2b51,8eeae2370a299643402c7d88892f3518,TheSqueakingMouse
99bdee82-3f46-4fee-9d15-f8f728129c4e,674f6c5cc99d975e7f502ee6a0dd57f3,CaptainQuirk
890da9aa-37c2-431f-97cf-d81b5aaf6ed9,280010003decd623ca3961ec7a9b1256,LordLlama
92e37715-f717-4dd0-a548-723a1bec80bb,ddadaa5d04eeddd0cff3f3b4f4da183d,TheJellyfish
e59702ea-96d4-4d57-8063-61560da18378,60cd593a71631a0857372c0b7676adc0,TheQuirkyQuail
3810c4c5-634f-4332-84f6-e8754e5f800d,ee104cfaef68b334ee50f19d39856bb4,TheBellowingBison
eebcf4e9-ff93-4271-ad60-d5cee624719b,a556eba64ddfac58722a16317e13cb88,TheProwlingPanther
87052a26-6d78-4b07-b5f8-e030af62df3e,6aca39ac55fc33d170579be7221fbb27,TheBouncingBunny
9bc95495-f123-46d5-9b3a-cf69671b02c7,98779db37a9e9509bce92a5640219981,TheLaughingLlama
9245d101-75fd-4c97-aa6c-43d81319cfd1,d476b49af0b81cdb8b481712217171ce,TheCreepingCaterpillar
dba83f76-6fdb-4742-b65d-bc65fe27d20b,0af60f5c25677c19079d177b35803c3f,WardenWombat
41a509e7-d7c8-4edf-8648-dbc179ab3a9f,beac33828e98d647a427e86a926a6e23,TheWhimsicalWalrus
6a15dfa2-f105-4534-975d-31b485e4ec12,9c0447b17eb5be0ea2043b3897cb3dd7,TheTrumpetingElephant
abd440bc-d1cf-42c1-a4bd-364e6109fd00,ff8ff9cdef8df83c76bd1fc5bbb1f625,TheBouncingBunny
1d7ad6e2-4da6-4056-a70c-22ea325c9297,2394b15999e2a6d90a7cfcf96cb7fb9c,SergeantSloth
9ef5d960-df1d-4dc1-8c3b-a0bfda4edcb7,2689aa76fa1bfebdfe1805c1621d1073,TheSqueakingMouse
ac2740bd-e59c-4a84-a99c-7da828b94a0d,c890ea3087b6d338a88c9fc886e1cb04,TheGoofyGorilla
612e7881-67fb-4394-a874-4ee426fe6efc,1ec519aa7ab247409475d59ca5e8fda2,DukeOfDoodles
8e31ece4-5f64-48a3-a124-2484a84ef839,c7f2fe0fb48a2644d1e92f7dd058cee9,TrailblazerTapir
86c87470-0e0a-47c4-a70d-5d5b1988a97d,65f1d379fdf26fffabb173f9473a9302,CommanderCobra
eae3c7ef-a219-41a4-9521-c8bbe9764cc6,3800f2416dff465f4a2d5a8c75d84baf,TheTrumpetingElephant
94fb2fae-4adb-4d7b-9657-f57502fd4e77,c70c3c9a251363080e5b22ea0de54638,MajorMeerkat
47d96bb7-47d3-4f87-a9f8-16fe342ec851,28f0292b899b38eaa4d10f2941650e04,TheStalkingStork
381745c9-bc41-472a-b9c2-6abcf2307796,e5c79e3d005c0e9cd749404e10e5f56e,TrackerTarsier
c27a9cc6-f699-4628-bfec-9e4196d2fcfb,e4edb5ad824fbef2c9c5ef0821240897,TheGrumblingGrizzly
7193ce58-d635-4bc3-979e-f0b84f249754,22897239ffb89dbf46c811a676300e6d,PathfinderPorcupine
f83a8390-ebca-4b0c-871b-8406bddf63ad,4f1e23a162fbd0a2595bb37ee7aa11f1,TheTrumpetingElephant
dd9548f3-d8df-4d36-84b1-cb0ef04d28c8,84f9195b2c63f552178236c53c539f32,CountCatnip
303397d7-f015-4ace-bf34-4b0614b2efe2,efb2d78e126cd35b62ee4b99b3d5c7a9,AgentArgon
407868c6-461f-4444-820b-7aa673cfd61d,47c841fe6146c1e64bc7c48e3f7ade17,TheSoaringSeagull
98431fb4-5337-4d0c-b39a-4bad75f309eb,d9369035c62ea50dbcbecfb75aaecde2,ScoutSquirrel
bb39273e-b160-4185-b17d-66415ca6b4e3,4fd124a6f5ce45ad24989c9f0561784d,QueenQuokka
8815a0c8-ff46-4255-b0ba-6195a5106cc1,a8cf572310a20902eebb74354b56380a,AgentArgon
732ba86a-8c5c-4094-8988-10bf492314ad,a88228895628340ceb6e0d800869c893,CadetCapybara
ee29a7ce-bb6a-4c59-9ee9-37997718d3f5,b5402b1207c675dbe110e09c800d6a62,OfficerOcelot
34247593-e0d1-4d63-96ba-ae7ab751d1c6,6032d7016730587849dbef6e3b5090a0,TheProwlingPanther
47f94775-b892-491c-814b-76f034433b9a,0b584e0f2daeae98cfc92d3f95fdac80,LieutenantLemur
4e370cef-d017-4a8f-a814-c8a19dc958d8,01cf1055e2d480651d0711e3d3c7967e,TheBuzzingBee
446ca09c-d63e-42c1-b316-65ac7cdc4087,b447b88d2c50d43cfa5e9218bb619633,TheDapperDolphin
af0cb4d6-4027-46d9-ac0a-c309e999ff68,2b52f1c85f9a7f3277ac53be33bfa0c0,CaptainChameleon
74924414-66df-48b6-8f84-469e24b8a613,2bf059ed27325f51b8ecdb911feb3d57,TheProwlingPanther
ab10a5f0-1d7e-4110-bd6e-839354d74bec,5523306442b894960f2bacdab25c94cb,TheSillySalamander
fd1e1eb3-8fde-4ada-a819-19fc91236bf9,8f92e6ac1823319e0ea76a7f23d09826,EmperorEmu
8992cb56-1bf3-40f0-9641-ce5d65733567,e81e0a3ef1b4ff9bc131dddec8223f32,EmperorEmu
dfe313f3-b91c-4b8d-b0ec-e00407bd2af5,3abc443a2d344ba8fae54b3f531d5a36,CaptainChameleon
e976cc8f-b4ae-4a4a-9385-2111d829c074,7adb706e1401aef6b9bf790333257858,TheRoaringLion
9b7b1432-ddd8-42fe-81af-2b32305e3740,653b3d630a259e4be32a9640251a4d2d,CaptainQuirk
56f62b31-3cf0-4817-8eef-86ad450e19a8,d56bcdaa5b19ce315ef0a6fb3601f3a1,TheJellyfish
76fd8120-717b-47b8-b3b1-4582ed06e904,27a037c5a27df928cb9ba7ac03eebdfe,TheFlutteringButterfly
ce1facdd-3094-4ba2-9bf7-715c5aa5e20b,5d2e9a899444001b2cf4730d7e82c3da,TheMumblingManatee
3a549ea4-3fbb-45e2-99e0-728082019976,248d0e6a589358f2c3a521239a7a2564,PioneerPangolin
3be278e8-9521-44f2-b530-7c244d4e9356,abdef91ca6fb9f05bd517d301248e868,PrivatePlatypus
73af9d44-d142-46b8-b039-55db0c5692e8,98f1139755c1fb8a536e13932fc12ede,TheZanyZebra
44649df1-dad8-4947-a080-4553a90d5851,0edcf30aced9b03fce53e87d76136826,TrackerTarsier
17ae8928-ca2b-4ef7-8289-382ea5503c15,0bc72cafacee0c8671d04e81e106904a,CosmicCucumber
45853920-1490-436c-a506-ae9d7b7adb5d,b3c2f656b7b0a563ca2da422a9c0b492,TheWaddlingWombat
de10a99c-4bc8-4533-a969-0a0ba220e1c2,f562aa52a9ab1ce466a45b85c03535bf,TheSillySalamander
f4c4d955-1e27-466e-a0f9-b4859c9241a3,6a5b129366d990d2ec53512dfe522894,TheSwingingSpider
b78c542b-df21-4dd2-9be5-adb55a69c3e7,61e33a0b08c53c89f36f5dbdab2a827c,TheSoaringSeagull
66cfb084-b3e5-4ebf-8654-13ffef90fc5e,f5c79d9e32da546aea043a8a8d06dcf2,TheWhimsicalWalrus
e4248d2c-28d8-4875-afb6-8f985297f9e2,20c38bdb30855d6df4f4349008664714,TheLeapingLemur
fc1b5eef-1a2f-4cb3-b58a-10727919bfef,1ee6a19008540f59a38c417985c4720b,TheDapperDolphin
625d1339-49e1-41d8-bef5-cce621e36695,6be2afea89a70caaa9556b6f355774bb,PathfinderPorcupine
479f04af-d872-4f2d-b025-8093688140fa,4e20ad687b34bc62c24b5714fc07fd72,PrincessPanda
eec28ac7-c1e5-48c2-a5ce-d8a5f00f3ce3,5eaa59155d98b0f3e1a59306379c65bf,TheProwlingPanther
4ac4433a-e95b-40cb-bc22-ca77ba91bcb0,c751f61f6dd94b9f611346b89943554a,TheGlidingGecko
6d7488eb-49ca-40b7-b8bc-8a7f1fe387a1,663c009f2335628288157cc7ecede2e2,SirReginald
18a47628-57c4-4839-8925-8a7b971929e3,6bbee4da55d65dbc54d675a7967b37ec,TheGibberingGibbon
a08ee8b8-ad46-4afc-8862-1994ca5cd29f,881cbd6c2dbae401057221e51a83cabe,KingKoala
3ea9a37b-885f-48c5-8d00-98e8a45fe0d9,cb78283c010a6dcae1415e0ceb385643,TheFlyingFox
a34be4b1-e5f0-4cc1-b336-0aa5b090da93,63c20d621fca90c436bf8d893affc7d4,TheLeapingLemur
215a129c-9788-41ab-b447-64cd9e883044,a1d32662b9a5894fdd299896331cd3a7,TheSqueakingMouse
eea840a9-7b85-4bb1-840e-073bf4233f98,a2ca48d13a585d832ac0175523607e29,TheGoofyGorilla
0fb98725-8cd8-41b6-b858-c8ed55580bfa,bb91259ece13ac9c837f46f1c7bf56ce,TheWhimsicalWalrus
ce61f9fe-4b68-44cd-99ba-b96290816b88,b34bf5ad7044152cd6fcda433dbb00a6,TheGallopingGazelle
e433e824-dd70-4b47-a1f0-25d3cb67998f,db70aec248284cfd493ef654bedc4b2c,EmperorEmu
e3828f91-ad23-41bf-b7e7-238859d33334,5b4c3e1a2ee344d2ef138980d6ba43c0,EnsignEchidna
dc64ad5c-1a2f-4561-b495-56c643bc7391,66b218aabe338dfa8c3ae429ffaebf25,LordLlama
87f38bc0-d641-48d4-acc7-931da50049d2,6a979e21ea01cd1149f05a2abab5eb1e,TheZanyZebra
8f64b180-3a8e-4a11-b147-a46979a233e2,0509e2a5c10f1268755b464c496ebb68,ExplorerErmine
118de4d7-f16c-44ef-a187-ad048a7a950b,f385503b17df8f7302ab1ef726d75024,TheQuirkyQuail
e765ab17-97de-4d87-b49c-281181e681be,2ebf6175489bcc0c4c7ff7622be37e20,TheChirpingCricket
fca3eefc-1ea0-424c-81b1-0671848e3e93,ccc0ad52c8bde989faaac3e3bbdbfc90,TheWhisperingWalrus
45c0be07-b198-44c1-9b57-eb7602e86489,58196db657d2799205c04690ce644a23,TheSwingingSpider
209b5420-2234-4f71-bfb5-364f8721fe3e,41f1c0bff1bac01a292e5ccf088fde88,ProfessorPixel
169c6104-cab0-4eff-b770-b92a966417a9,d6bbdf642dbcde8883a9c4f8b9d73de2,TheChirpingCricket
2305a983-f116-4ddf-81c0-56e2617afcad,8398f9a7a682a3415aab1bf6573e4e3a,CaptainQuirk
44e8b5c0-a6d4-422a-b1ce-d95b2a355a7b,7f266bde2c6445f380b07c9c078c7a52,TheSoaringSeagull
bc461498-bd2d-4633-af52-d0ae0d1b67de,247e3c8df5a8343aec6b833a3d0d8003,TheSoaringSeagull
0e1060a6-9546-4720-baf5-cfd0e391e90c,f2b0cc0983c9d6da92171863a24255c4,CaptainQuirk
3041e81f-5f50-4b00-aff5-a0dc643365d5,ebbded128979210c40bb6c04254379fe,LordLlama
54fb1e05-c04e-4886-9f3c-c64032acd549,bc549fc1c017329b288a1918317f6c98,TheChirpingCricket
62eaecf5-7139-42b9-a977-4271118e4826,07ec580079b91d9350792f4a0d5519c7,TheHowlingWolf
d2fe33c5-4af7-4a10-b746-b05ab16e2373,6be9c8e025abc805899905d8ccf954dd,TheFlutteringButterfly
feb74f5c-cc59-456c-93b3-f2055375d681,a60ef53bd59db7b608b59d44463c0aa6,DukeOfDoodles
6e5e99b3-8ea2-416f-af66-16def10221ea,0199541188a6cec91f562ada1701b0e9,CadetCapybara
7e3faba6-78ed-485d-82a0-6a60e0e56fb1,3d3be5a3039b9711c7b475e080891d8e,TheSwingingSpider
158d48d3-68ed-44fe-a175-74fa21ea0e38,a66d15f8d07fe3675277ea953e954d79,TheGlidingGecko
fb82d1a7-8402-45e4-a8b6-2da32bda6e10,7e19e05c6cc0df2982bc74d807e38f60,TheSillySalamander
cafb9790-f55c-4c92-8cc4-0b924c7b8322,a90c2913fda3873d3b1c65afabe9ddc6,MajorMeerkat
4f507da1-8bad-4d83-8657-a75cf5b7f665,18dd35cb8f71c057f7f11e41f86630a9,EmperorEmu
a9923658-18c3-4101-b2b9-8957f52cc6ec,7e1fe9b041f73198aa641ed9344f109e,ExplorerErmine
7441c6e2-2fee-4d5c-8af0-f86b94494f8d,a57baf9fab4e846802b9cca124ce7a1a,TheBellowingBison
f15de524-7487-4463-8be6-7904e6e7b729,8a4b4330ec03dd5495cf44fc0a2df28f,TheGrowlingBear
2516a9e5-4557-499e-924d-bebe12807643,c794232c77e073b5731ed7898341e897,QueenQuokka
665d3119-01d8-4453-a4e3-72e87982a1fd,c791ea88de762a57f58f510bfbccf8bf,TheBuzzingBee
70bc2812-a6b6-4a42-8fe0-26b0f8bad405,ed4ccaa1512a439727fcab1b64577308,TheJollyJellyfish
6d44c186-fece-4529-a345-b0110ffb2b92,5b816bca0a7ddf9b679ca4f58c4f0253,TheHootingOwl
c5b63bb3-5611-4e5c-9455-9cd225d9a78d,12af80683e44d2a0783fa269cc5a12cf,TheFlyingFox
5cc8853f-80ee-4475-bb99-bf0db7f55475,1bbb68b4ec1aab6310b9ce779037ee01,Ranjith
531c5f10-6cdc-4172-8e2e-d77dfe76b63d,566e4fb3e9dc42df7458be1e29d4bef0,BaronVonBubbles
16aa727e-9be7-40f8-81c7-e2ddfa28bd84,5aad8ba8453be35be2ff82c7e6474e53,TheQuirkyQuail
b475bebc-20b3-4975-8b96-43778044d9ed,cd08a076490f0e406ac1b186cf93c4cc,TheDancingDingo
4158f99d-dc31-4000-b564-bf6328f28e12,a74d2fe121eefa4131ff0e65156d7231,BaronVonBubbles
038ed06d-afb6-409d-ab10-72d33801794e,e31acb03c9f0714a886ef1a2d476e92f,EmperorEmu
af93ed23-5a96-471c-90c5-44f0a1d81a7e,3db2d84fd7695a940867d024707519a3,ProfessorPixel
a21917aa-8413-4ee8-8ab5-899dcc41cdb6,e99085afb87b9eaa81ba623e0fa654d9,TheCrawlingCrab
300c4c41-7f9a-4454-a820-79dec899d4b7,934872a5e7571c3194500cb35e415da3,BaronVonBubbles
4d2ab4b0-b78c-4e0e-b2c9-14b9c62371f7,99140f910d634407b865c78baab8ee7e,TheBabblingBaboon
2c899610-f2c9-4346-97d8-14de6681b681,637d5d93e109fecbbbcecf73a16f1203,TheHappyHippo
2fc5262a-d6c1-46fd-8bd2-a5f0e2f2c48c,5336326b1e8d582645209183076898d2,WardenWombat
fec580a9-cb4c-4799-a1cf-c6df16226813,d2a7082c93ccef3b827263026f356327,TheMumblingManatee
bc43de06-4e34-4a7e-ba4c-a1cce95a327c,4c537613023be1ec2cf8add0b6fe1469,TheProwlingPanther
f0020f7a-c928-4092-b05b-1e8302d6ec73,fd1a47e1fa38a2c2a82469735fd18dfd,TheRoaringLion
4eb669e4-c4d4-4a0d-961a-9e8023adf3b4,e119bcc88dc1af740222bfe35fcfc3cb,TheGibberingGibbon
8a716b14-2a04-457c-b48b-ca4ce8356138,2016ce658dcb4e3d0ff99098420dad92,ProfessorPixel
ffc0514a-3e84-4522-b53e-7d8017477335,ee9c1eb6475882d399caeb6b2e10c425,SirReginald
181297df-63c0-4e42-9d9e-a1a6d42708d0,bb9392b5fe890132edfc86bcd4722bf1,TheRoaringLion
b5c38085-f28f-4b94-bc22-3dfe765a5fbe,11d2bc80bb47ef93f1597edbeb41eddc,TheJollyJellyfish
ed8defe2-3b26-40cb-801d-d8ddec8f3ccd,2e64e58147d4aa8845fed153b293e945,CaptainChameleon
b490ed3e-7eb4-4916-8fae-0f2cd12baa61,056fb23df9c6644565d72a169b98de32,CosmicCucumber
84e2be62-de09-4f22-acba-17baf9bdf68f,abf655620a9c3ac6a3c6e2ccde3c4dea,TheLaughingLlama
eb29ff6d-f818-43b6-85c7-d1488c18eeaa,7bf19731fadd14268d0f9b75d4711a0e,TheLaughingLlama
e789d27f-839e-4457-b0a0-c61f8333f4b1,39671ae9b95f9b49e9ab29aef75f5923,TheBouncingBunny
44ac3b50-e53b-48e8-b7b7-43e7b35dbf5d,021e68942df77484a908e7721c2a3d23,TheBouncingBunny
60a97f20-8437-46c6-af84-f4314a1e2393,9b485afab61eca9936892f54e600b664,TheGibberingGibbon
77bdc704-5d05-41e3-9cf3-7f6fa0e00c7f,68ca8177b22ecc688411ebfdb478540b,TheGlidingGecko
c4e7f47d-192c-4fd2-8b99-a594860df5ba,797a52decffe8c936688104d58981df6,MajorMeerkat
255fbb7d-c848-4eee-a003-b140dfb03e16,93bc0a23a7d1c1bb8a5cacb231fd796c,TheChirpingCricket
3488bdcb-8b9b-49c8-a10c-87caa0f6ad91,ce89a50d9aae05e34fa26329af2f61d6,GeneralGiraffe
bb7877b9-87e8-4285-8d1b-695f41e78c7a,373c5873b5098361508ce4ce0fc7d63e,LordLlama
09b21128-e62a-486b-bc18-2d85abb10b8a,03c1684562b0bcdfd9f48dc858f52830,WardenWombat
10fe6a94-9090-4420-aa2e-e609882cc2b5,2766c974069c37054609e1fa60534e99,LieutenantLemur
5049df81-3dc9-4b47-9923-054ec4f063b1,915369758c3a569a00524850efb1c295,TheFunkyMonk
ae61cc45-e0ce-4876-9be9-0551ad9dd618,2fa5d769222011712722c7aa3ccedf9d,PioneerPangolin
b14e8bd9-7872-4c68-b9ee-1c99d2b29ff6,9c35c59b787bdb3fe227f4cddbb2c0de,PrivatePlatypus
eec9c497-3d8d-4023-81a3-de2785834017,593b8efb1f26f4832b715a8af81e81d7,TheGibberingGibbon
3cbb2249-5485-4c1f-9c25-30dc3e0abf71,91fa0a523432b15b959ce3fcd142d983,TheFlyingFox
aabc3b30-ffc4-4755-90db-adcf0fbd89b4,045b46006ef3ba9bfac7209fc2602d82,DukeOfDoodles
9be41727-371b-4eaf-95c0-194098be5ede,1c480469b7eb6e8ef523eb2d58cdf58a,DukeOfDoodles
0e379489-923c-4b9f-bd45-7d4c784886a5,6e3e451414fd6cd50d34294808ace58a,ExplorerErmine
0115d0c7-5fe4-4f9b-9092-1f2753af2664,d0df40ffb796de7cc2c9eb28a1fb0f41,RangerRaccoon
1b9f67ea-5ce5-4901-af9b-a4f862f708ae,96d3965f5c9f26f041ddab3d84a755ab,TheBuzzingBee
7214d4c8-e14f-471f-9715-483c4f0e3236,59995efa9efacf0518641466d5ea6481,TheFlutteringButterfly
ff68761d-1532-4c52-b0d1-480fc66b56a0,291764ef225cfa8d1a575073965d972e,ProfessorPixel
b410408f-443b-409b-807e-8fd0c846e41d,942e29edbd291260ced58d81e50dda23,TrackerTarsier
7b264ff3-06a4-4f24-bec0-67ff6935419a,42808d6f762acc6bc0d5a9f751cbb368,TrackerTarsier
72cabf54-915e-492b-8cca-6550a723a6c2,f7b96870cc07fd87757f74f9de76293c,CadetCapybara
974877fb-c4ac-4feb-80b3-d7f2a1f5f9ef,512889bfc37e6280f9fd4cfaefe68482,TheFlutteringButterfly
16153e16-c54b-450f-abed-fe0b297d1fdf,ebb0c4a07fb65a08fcb54ebf203a71dc,TheGoofyGorilla
05d03013-e223-41f1-9a1d-b86c1e623093,feeec24972254f1c15912f84c0d589af,TheGoofyGorilla
4f2186d0-b320-40fd-a484-b2cfb96cf38d,a532bbf89f85252d236de8749e1a0801,TheCroakingFrog
5d906cd5-33aa-4d89-8bcf-ac3ccf0a3a40,bb639eb134ba6961c7d624abeef7d2c3,TheDancingDingo
14057618-9d2d-47e4-862a-54d4b9b4c76c,4cd597c980169e52f2fdb13fe5f8fe15,TheCrawlingCrab
b938986f-3a46-401f-91cb-0ab5c644d2e4,fe312d1703441b37c7b85f46588f7eac,TheWackyWombat
a47ce721-f486-45bf-9c43-42974d1e4b25,ba13149f7d2205229e81b85b29afca72,TheWhimsicalWalrus
5b6b0b6f-b343-4164-aa2a-8662f7ec0b8a,be0850adb8caf51328427fa096cf3457,TheBellowingBison
20adab08-93b0-43b1-a51a-c52f5178fc41,c17b9e87c5e1e10f6c498d1c6a52b3bb,CaptainChameleon
021cf7f7-ce73-45ea-975d-741c871fe501,1538d0cba9d36e184c11548d163de36a,TheRoaringLion
17582209-7cb0-4deb-b2ee-67297a939113,31b79d44c7676e25bd509af017d2f152,SirReginald
bed30c96-ab53-48ee-9cab-e2cf2919a215,9c155426bee6677a657ebb8975486d3c,PrincePenguin
9b6db913-21f8-487b-a20a-95654db49e8d,11ceda319ae5bba52a75ad04003313da,TheGlidingGecko
cba4ab35-14f5-424b-86c0-01fc39da2ad2,369c5d4fdae3e244435c5b38bbb9ddbf,TheFlyingFox
55eb552e-f8d3-4b3e-a798-7c2cfdd0dbb1,d6b18087bae6fea47d294bc4d9e18860,ScoutSquirrel
45d59e27-f04e-4339-aedc-cc8c78dada25,bfc5bc83285dcfd8909d3fe80014d291,TheSillySalamander
fecdda39-87b6-4c12-9109-e9eeedb97162,870340a491d1239a664f0808def60467,TheFunkyMonk
0c029d2c-ff2f-4240-b09b-0861d1351c2b,2f217efcb790128575f11d01cc4b9d7c,TheZanyZebra
0708e71e-f76d-451f-90e1-0d7f30304c22,38d560b56b9a67bb30a1b7ea62203ffa,TheGrowlingBear
c961c9f2-2f84-4c91-ab5f-ac53e6dc8a34,9d161abd76b6c22946ddb7fc4acf6ca0,TheBabblingBaboon
82dc8d0e-0537-42b4-9998-ec2962cebb42,00d4b2290fcf4fe4af2397a7473a1b53,AdmiralAlpaca
302b459e-67ca-4253-9ec2-174670750f7f,a82aa34a0957a7b0d63fb20b7df34112,ThePrancingPony
3e5b3f39-c43d-4e9e-9bba-d8e4aecc20cd,10ec31d686670a2ed4311ad83f33a2f6,CosmicCucumber
9417eb82-ab94-4cf2-8e65-b4a3de7a0576,3214a2a0a6d21de0e7e7b820758db065,DuchessDuck
aa55ff18-974b-4509-9dab-7362dc6e97ee,d39401cd615d5da173111c1cd0e254df,TheFunkyMonk
69888e18-cbe2-4846-a890-22d6e5f3a20b,37d12839ebe3257605e5932700d102c1,TheGrumblingGrizzly
1ceef749-8e54-4e41-be61-9ef86174e798,928dc955fdba9fb293a52391d358f869,ExplorerErmine
cca7b9ab-f231-4efe-8ac4-07329b5f8631,45709c6b484597e026fa9f3159dccdc6,QueenQuokka
fc9a7b1d-9f67-492f-a1cb-a9450694fe71,bf0af8dd73187192eef91e323210e3fe,TheHowlingWolf
93254656-bef6-4a8f-9ca2-44999a04983a,14a5f357af282d82bbd62b2be95d6cdd,EmperorEmu
6471eb55-33bc-4bf1-bec0-c2f279aa0e11,f4461684a3b8b11882e7ba74a9b21593,EnsignEchidna
b84b6b3d-46d0-4221-9d83-85971f7b1c7f,0f03d592cc2ed956b373f68cc1247481,TheWackyWombat
019019db-6ba6-4468-8c44-71481653a6f2,1e01708bc275354068c962fcb496d437,TheStalkingStork
f57aa0e6-6d6d-4d5e-8f2a-dd5928fb1d49,3d964c260438b9125a545761a47f18c1,TheSqueakingMouse
e476b14b-bc54-4e02-b0b2-532d95d53606,44c6f3e6e310ed6f7783d7900194b154,TheHowlingWolf
51cd2419-e512-463c-98c5-3d29ba033abe,0ef5f7c176eeab8a41f4acd964e34c61,TheMumblingManatee
955c6c5f-a314-4744-a665-f0d0ead0000f,88382ebb39a137eedc932bdf33fd4d42,TheHoppingHedgehog
8491221f-d097-4beb-ae64-c2ae5a9abb29,96de31842c375f6f1f8ca6de114601da,TheFunkyMonk
a3cef3ad-903b-49d1-9294-83453bd11895,0b296f286e6f5dedf311cde21fb22153,TheDapperDolphin
5049a2b5-7501-4bbc-b27e-cdff6d15a291,69ecad37063f1fc5dac4aa7fed7871f6,TheSwingingSpider
74a04ebf-3bd1-41d3-a0c8-96cd37795eba,d73e03a2182b959f409cc0058bf462f1,ExplorerErmine
793e9489-2027-405e-8837-d552b6243f9e,36e790fcf9c1bc34322ee255300ab94b,OfficerOcelot
a12acba7-bd0b-4674-b802-f7e3c6f8052a,fc4a4fa17047e07fb1a907379468974a,Рембронд
1b7a7fc4-63d9-4509-851c-3922c7da379b,1c5ea57c7305c7c67c368028b9003f9d,TheChatteringChipmunk
ba8f6883-acc2-4970-800a-9156e9c9c488,e5ccba22406018f7f0fd101b1e7540c3,TheSqueakingMouse
fe0143f0-1312-411a-868c-82ac189a5b4d,b302472b2cd1cf04710e151da32ac7d6,TheChirpingCricket
a74d76bf-3031-4407-926d-fde53fb46356,d78e0f144773870434edec931ddf495d,TheSoaringSeagull
8cc79029-a87e-4da3-9b70-36e0b4736ed5,c3fe3391c0246cc37e2ed34d5f819b27,TheBuzzingBee
0b82b40f-b743-4c33-bdd3-b91d27199411,97920299ffc7cd97360a13cdf72130bb,ExplorerErmine
8eb04368-8be5-4881-b990-5e19d82cbff4,79fd44916e0dce8fdf91b1308262651d,KingKoala
61463c21-d2fa-4736-a1d3-ec946c1f3937,667d9686de966e1f524d2ee1cd6f998f,BaronVonBubbles
b4eaa8b4-9f71-4e92-8515-35ef27b28b7d,5323589632297386027dce0804ecf253,TheStalkingStork
4498471d-827d-4c9c-9a55-1e875a2c7164,c47dbba0002d6f2b3b3549e365f710d6,LordLlama
03911dc7-05c9-4eb0-b16a-e3b256e87c2a,99ad21461e871566a4cce93edc1776bb,TrackerTarsier
3f38dd4f-6c4c-4c48-8013-ff6619f81b68,d93f3d36aa4ef2e8fec17d832fc24c03,CadetCapybara
1cc0e0c2-0731-4115-82ee-9154d6107084,bf2be3124d142944ea00f0b55703798f,TheSillySalamander
7cc1063c-7c15-4a24-8ab3-95e368f42f8f,082623752b68f7c453e0b91fb4286efe,CosmicCucumber
190e43eb-94f7-47b8-b14d-5c205db425e7,f6fe68a22cb9ba8f304cb4ffd3bf1a32,TheWhisperingWalrus
b35df0b3-1dde-4f9b-9ce1-f33daf76571c,adc7490cbbf2a4eb7969abfcdb44724d,AdmiralAlpaca
14d99d5a-cbec-4474-8a5a-2f9ea0031a49,b2a4839b69d5cbdddf1eafaf25926b0f,WardenWombat
46eeb0c3-e8bf-4fd1-b778-b4f53145626b,0f7437301a0f6b5ccb68eb068fdbc8cf,TheLeapingLemur
f22f136c-053e-482d-9e5c-8225858f7ee6,4e2d5aad19d0367cb4af9b6ecaab30f6,TheSingingSloth
c4b87be6-3fb2-4cbc-b8f0-acd6c2c5e2eb,ce01e246c101529c0c7cadaf27478bbc,TheFlyingFox
91891140-1281-438a-b177-65e8b3859561,be18b19401b5cbaebe6add4c710217f1,TheFunkyMonk
77b731a9-384c-442d-a28d-a4e93f47a8ff,d22a4cab162cc95a6368719f072a2564,CountCatnip
fcc70f43-a00a-40b4-a817-5caec58538ee,0d2bc3257fcb1238dc5a37a73219dd10,TheGlidingGecko
67ef63b8-ce20-4397-9117-935eb6d42dce,9d3a77e890e8f79b7ab31905daa81eca,TheWaddlingWombat
90913dd1-b5b8-407a-bf66-e1f7d0e9a8a7,40b17d16a5e5d28372487b6ee4963c84,OfficerOcelot
a291a627-cf0e-4f11-9bac-102b531a30ac,727f9466fafcf77c7210d983cb1121de,TheLeapingLemur
3b224bf5-dd00-4c8f-a96c-08ddd518a712,731a013886f6b717a19553661bc09f39,TheWackyWombat
1e0a0c9c-3ce8-4cda-9df0-3c5d1b2078d0,c4e523f5f2b995671002ae3f67748856,TrailblazerTapir
bc1822bd-cf9a-470b-bd12-af3460c9f90b,c401867a361a5dad78bff2397dd8c2fd,TheGlidingGecko
45d5d9c7-4808-4a1b-abe5-eb1b93f788fb,86946a24c9e0c19b026727e5b4ab25ef,PathfinderPorcupine
9a6d6e1b-fc04-4ea3-91c3-c70b55f09674,85194af2df52026581c2ec54ae491ee2,PrincePenguin
0406eae7-48ec-4bca-9dd3-5f241f551468,bae77b232764aa4ff2f61702d689c603,SirReginald
ca725acc-2149-4880-a71f-0313b95f4c7d,45a53890e5e090f68a6a8ed183a0c6e5,TheChatteringChipmunk
35470533-8390-49f1-a88a-efffd1c20777,9ecf1efbcb842a1871a478e000831792,SirReginald
58fd33f2-91b3-4ea6-b893-0db673594918,0a2302928c6f4a1a3a0f148eb901650a,TheWaddlingWombat
9c6076e6-beaa-4492-a628-e70fbff2c09a,58dd8a3c6049d55ba22f4f8ca7bf222a,TheFunkyMonk
f95b37e0-e3df-477b-ad81-a5e10b1d9a60,706996af18eeff7ead26e39a43becea5,TheSillySalamander
a6d45467-4113-48fa-ac83-de55d758ad87,8dcb2237296baca03c7dd25d7f662c4a,SirReginald
dee85ed9-b6d1-4c9e-b067-17ad2ac045fa,e8096d0da46b83817e9adcc1d80ade30,TheProwlingPanther
1e465869-849e-4c16-9c74-bf724468420d,f8fd77641d0126d2dde98e9e7148e9cc,AdmiralAlpaca
c69b27d1-ceb4-432d-a7a8-5faed77392e4,1a4319f3db22f1c1782643867e476f6e,TheLaughingLlama
86c6c15c-5c4f-4557-968c-b0e58cff1056,b0d32900aa7548fcb9f249bd668d05b9,TheChirpingCricket
748e311d-0e39-4e29-9df3-3a0109756ebe,743315984b5c729210c9eec68de9855d,TheWhisperingWalrus
7b192401-6767-41ea-a9ec-9f930d8c8952,e57b3debc72d4c7c9092426a4ca4ce83,PathfinderPorcupine
c6c57eb0-f95c-4012-96aa-1bf387645e94,2d9e4158b642e84102c21235544f8a4a,CaptainChameleon
a1f943a6-6c18-4396-b746-9857ca07fd34,76a2bfdbabe500f7a02ab71fd578d001,ExplorerErmine
453ed662-3860-49ed-8a4c-b15bd400ecea,e433648b2ab0bc93eefbd16740e62609,TheStalkingStork
39fec10b-4c4f-43ab-8286-36e948409a38,254c0b259de3b60abb2b54f418d17645,TheSnortingBoar
a879369d-1d22-4c8b-bd8c-c93493fd71f4,0a7318cad4fa94fd453ae9aad43b8523,TheGibberingGibbon
3ab9a0dc-2966-4b46-8722-c53b374fc17e,002f13fc5426923ae6fef56de3c06859,TheSnortingBoar
5905856c-9248-4969-9cd5-9c034b03b202,b7773c31d6d4baf5bd9581d570b6bc8f,CosmicCucumber
6962c8da-4bad-49f5-b4a0-e9d164d61a82,a460161672fd8d37cade28d7789be8a2,TheLeapingLemur
62018479-de34-491b-b2d6-eec6723baf4f,cbee35e13b18f893ec437f6e8ea73879,SergeantSloth
87aafccd-7b42-468e-bed1-dcdce79df651,b6ac4e6115e4b6da5fcad750cc37e7f7,TheGrowlingBear
65fc622a-7407-4baf-845d-6abd6a2d5462,4e635fe3490a97b7c6eb0779b74d9541,TheFunkyMonk
3a5fee84-7621-4057-9c67-4e22772783e7,9f27887e1318625a45f6d721ff6002af,AdmiralAlpaca
4d7b64a3-be27-4ffb-8681-7d775c842ef5,33a1e12145ef91987855311af82b34a3,DukeOfDoodles
5462e797-01b5-4a80-a3ee-293f2a9b6220,157473af7c203cef8829975236070fdb,TheFloatingFlamingo
7a03f8cc-3703-46f8-8f51-22bfa9e4b988,eab39ac0b749c1204902b7e88cd3decb,TheCreepingCaterpillar
8c7ef4fd-e088-414c-8b03-7218810f77e0,e9416708f44284de69871af74be6adac,TheWhimsicalWalrus
08d0057f-b324-4470-b10d-c6dc4a09737a,76402c79ca4b0952a8e68958398342b8,CountCatnip
f06c15bb-1c6d-48f9-8666-9be7848d9b51,8c293939cae929781f29c06545b491d7,AdmiralAlpaca
5ae19275-8ac7-4759-86bf-9f405bb5fd69,2b7d995cd58c4f6eafa6c4702e45142f,TheSnortingBoar
b107a896-5822-465e-a806-23e0d9b424f5,8f83203a539b9f4e5cf29b84b20351d9,OfficerOcelot
88f31f09-8c12-4b47-940c-77ee2cfb3c00,5b366badcc4722af148b099dadf14940,TheHowlingWolf
7fd8fd1e-cc58-4aa7-b516-46efa6ed6dcc,6fc9c2a62c7125dcd9a777cc943ca813,OfficerOcelot
9d37cb22-8f38-4873-aba7-ce30d6779a15,7b0691396861b676e7909541770eb56a,CaptainChameleon
62b8a0a4-0447-4457-8701-625a0341983c,3f34537097379e451d27edcfbb7bb0c9,WardenWombat
68f2f159-6b4d-4ea3-b59c-59753f95f435,c37c7cafcd46f55ccd6c11ddd1f60eb0,TheMumblingManatee
1047e668-6d24-4d27-9048-ae71d738f27c,e57193bb0b6db293e7fcef6adb1e353e,CaptainQuirk
0e5443d9-c711-4ecd-80ee-633dec6a97cd,1790831b9f8fd8321c7caa01323a3e86,DukeOfDoodles
49fc62bf-7743-4a7c-840b-9fe8a42e6987,87e751269ca58823fc873b924c99d4ee,TheFlutteringButterfly
0d734ed6-ab20-45c9-a148-a540076f2a78,673b1c2c841fcea61223e788b2448171,TheWackyWombat
248ca4f3-fc96-43a8-810e-13d533c95ec3,012b695fa468d9173a0f4127ae77d1c4,CorporalCorgi
b34b660e-cd97-4544-baeb-7a46d92e0852,08fb61800bb1576485f09a2c3833909a,TheSqueakingMouse
dd0a3e85-fcc1-408d-b0a7-9c66772ab08d,405754eff551416896e5bd22def2ed03,CommanderCobra
797fd562-a076-4d83-bb59-5128128712f8,17e1bd8095090aa29d1f5218e27cc4ad,VoyagerVulture
5a0b34c5-0919-461f-809c-718cb40b9e31,4ef4150b04e9f42f7705e029369f04aa,TheSnortingBoar
0979122f-3001-4ba6-b95c-84c495f3f185,61b98eaa4a7387228f14eff0aa19858a,TheMysticalMeerkat
d3168aac-0230-4da9-94bd-c08775dfecc8,54034260a7c18c92010e6bb9cb291fc8,ThePrancingPony
8b70c3f4-e66c-4b8b-aa19-d9beae180896,d80776fad2b80b0bdf8be97310a0fa3c,TheLaughingLlama
350093d0-93b1-40e3-97b3-0389a858a62f,780af6ef12200273b79873cf8a7cbfff,TheSoaringSeagull
1e16c7aa-4251-43a4-ac76-20ff8ac7f0fe,fa454157d23b196f8f1f40fcdb364856,TheChirpingCricket
813f8953-a993-4405-947e-c5e39c650fb8,485c0604ec9cc535253e1117fb7ac640,TheSingingSloth
593e1b1d-1c1b-440d-8379-5e1323a39905,637175d86457b288dd015aba249a10f1,TheWhimsicalWalrus
546f60b0-f5e3-4702-a386-615839fe551e,7aae1af141c6ce4b0f28ed00d00c1609,TheGibberingGibbon
d348fdc1-8fb0-4f9c-aa3e-48166d3c3574,55dad9cde48aa0a791a9870af2075669,CadetCapybara
0feeadd7-92ec-4691-afa5-f8ec17f021fe,5359ea0c62460a676aa27597c1ff0ff5,TheWhisperingWalrus
af7d2aea-512a-4368-8e20-a0859e23aa7a,fb836796c317f2928ec932016989ad67,TheChatteringChipmunk
f1106112-970e-46c8-abd2-5e097534ce81,6d7502029f464010397a1c4f7a765297,TheLaughingLlama
884b1bf5-dad6-47f7-bf3e-294ff6e6f1e7,d8d2435b146e96bf2bc12cd27573db3f,MajorMeerkat
b47a0b16-5e4c-4aa8-aa28-9022f7fb33c5,e7cec8d1fbd6b1d1ca8dc3ef51709e79,TheGrumblingGrizzly
6d8d8679-c663-4b21-852f-5e6361053aa0,c47e1aaf28f7278df6c389de368fd1a5,LieutenantLemur
1e777aeb-457b-42dc-a9d0-03d5a11b4e7f,36e70b5c425915903599233bbd7393a5,TheBouncingBunny
487edaf6-650f-41fe-9217-1a419ae2f8b8,1d931caabbd57f77e6ff9dbf1c5ddb06,TheCreepingCaterpillar
1458381c-49a0-4e80-a874-72dfe62a442f,46685586049c16038ca4bfdf67f90215,TheDancingDingo
c69f7628-421d-49e9-ad44-310547a44063,977d3654eb8bd9ddf0ceaa2933a924a5,TheFunkyMonk
4251e190-5660-4ed1-872e-08a794242e17,26a3fa05410d4117b7ed379c20fce7bc,TheFlyingFox
f04b4349-93a9-4cd6-a65e-48407cfb1c66,6abb5a1fd68791b0c7676a424742c75d,TheStalkingStork
17ad891d-7bf9-4de1-8693-b1255c281f9b,56ad86528aaad164a9a5d421047fa1a6,TheMumblingManatee
42ef0a3f-d535-486f-87de-fcb08c60842c,2b888a6f0472c99c6b1a1a21d1944bae,PrivatePlatypus
ed8eba38-1b98-4c70-bb70-d15557817a4b,736d3962163bb8e574190cdf22aa6623,ProfessorPixel
b1447f9d-e1c6-4d57-a8fc-0e72fe35e44e,9a3dc6746f117467e674a17c9efc214b,QueenQuokka
69d3ff35-a47c-4a8e-a647-4c5b2ca7519a,8fa7df0e8a19c62a8693d7d846616895,TrackerTarsier
6a63a1ad-ede4-4809-948c-55e765c28676,85fad2f3bedc1deb457cae5e97d9615a,PioneerPangolin
55d781aa-aeb5-4b83-a68c-08c03e8c2396,60b527dd6cba55be65f043bdcc4fb50b,TheGallopingGazelle
f2bcd214-416d-4fb0-b88e-4658cdf33d75,51a7b586af75c8ee4690ad7c4a3b6a71,TheFlyingFox
b9ad2a84-8453-49e2-b64f-b01b22a0bc20,5b9bb562f69b66bb50d324ac19b3e6ce,CountCatnip
325c1c51-65b6-4e0f-851f-e44c9353baef,7b556aada42921bb59970a8e47ff7b6e,TrackerTarsier
fd45776b-c662-4f61-bc01-5d57736817f4,3105da4b153003bd89299ec425fa5ffa,TheCroakingFrog
9029a130-fafc-4537-ba97-1b4b33fe1f1a,ce16cf8c94b25cf2282232ac05dd19b6,TheSingingSloth
70903000-3090-4de1-8403-47e718f3af0f,5c6dda002a5bfe4fb3435108d05caa45,TheGlidingGecko
a4b4d781-ef53-4228-82cd-c3443251fb35,fde2c65e6f581c3a31d1a0653d178c78,TheDapperDolphin
47053a50-e22d-4c9c-aa12-a2bf827abc0a,271bea00540ed138d4b81cf76bf6bb89,CaptainChameleon
2bbd04d6-2ba4-4103-b181-859268d026ac,4bd7a3e2cca445198ad4a7028301bc50,CorporalCorgi
728c8bbc-83dc-4902-a954-e802be826a78,48739daf5b74860c8624f00d5464093f,TheTrumpetingElephant
8bea56db-5837-457d-a31b-1f4c0c12dc6c,9dd77958e9f706feff5b41fa62b6205c,TheMumblingManatee
705a8e96-1404-4824-b801-95f5d23249db,3bd4435c59f9b19e7a2116969ebcf48e,KingKoala
4e89dc32-2022-402b-9881-b407c6a75e74,d95b0460021eb64d02a8854c89918b97,TheDancingDingo
6e4049a0-0e21-44c7-983a-92075ac3c55b,4a3cb106481a73cb491523ab49a03a16,GeneralGiraffe
df3fbe27-a721-4569-9934-eaff5f8694cd,5379dfa9c4f57163757ebe03b533e925,TheBabblingBaboon
96f2936a-9fc4-4bbd-8e1b-11fc0b22656e,6dbeb0c5d16980aa1042b90e8d8d6166,PathfinderPorcupine
0b9f8ecd-3bdc-4a8e-8753-202bcc0999a9,c4c5abdc9f4847efc0193c2cc47ba6e7,ScoutSquirrel
246d0c30-4d3d-4dff-a22b-5e03684740ed,fc5b95c16536ceb307594f673e332fb7,ThePrancingPony
0fe93aea-b739-448a-92d9-1ca7be42dc76,a7439bb09c4767e4a5cb36005fb17560,TheBellowingBison
424259eb-7cc7-4766-bbcf-5304b902f3d1,f6bca3e72ed99b4d59969258437d16c2,TheHoppingHedgehog
13d122fb-7e92-4775-8c45-4f6f213601fc,6f0339f18843b562be9aa53e7e7f7a61,TheGrowlingBear
42114372-ddd0-4f34-a60f-f4a41baf8962,a37e46ab44d30d2bd8c3f50eeb43d343,TheZanyZebra
7bd7f9b5-ecb9-4e47-ac7a-4b90696400c1,85a1432976efeeb69c504f96a5f57c3e,PioneerPangolin
704d0299-5cd6-43e7-b940-1ff036adb5cb,7148e0c0fe07a64f8dfeedc81571726f,PathfinderPorcupine
5d207b00-fca3-4b6d-acde-b3630a5884ff,d0f7edbf4420e19b0815ad2e66ed1844,GeneralGiraffe
67b071da-50ed-4d23-a162-effb376c5c44,6797a5336ac4d0132ff0dda113dbb3cd,TheGrowlingBear
33d803df-d2e2-4b7d-b6db-becbfb86e22e,d630e469532e888066353f93bdf215a6,SergeantSloth
dcc24331-67cc-4570-a4a7-59eafcc8f79d,9e699188aaed935bc1ce5577768187be,TheRumblingRhino
669608e6-6981-40f8-ae59-c60e68b54bcd,56081f6255457796854bc3db7bd6d204,CountCatnip
2940da4c-e846-41d1-b541-b9fcbd2c7695,79cfb228f105cf5ccb095c4c66c55e24,TheDancingDingo
0e8a724b-9867-457f-b267-55f864a81fdc,6eddb8d6242342708414533ba389f186,BaronVonBubbles
90e62aa4-df38-453d-ace9-2fbe945db68d,0fdc653e9a9164c3acbffc265fd07d85,TheGallopingGazelle
bce36d92-ef79-4cca-ae76-0902d50be8a5,d45a74c513fb7ce73c8b8affc989330a,TheCreepingCaterpillar
71f9d1d3-b01d-404f-9ba0-b863df0f9bd9,e428384cd30c0c04bd27ecd742ddd96e,TheSnortingBoar
9bd4dba1-88a4-4ac6-b46b-fe997940a3b2,ae3a12970a5cf43e24eca3db179fc55a,TheWhisperingWalrus
8e33c2f5-80d1-4f69-9995-eeb9d9797b4e,f14df1cdaceac6c0133677fd67f2e11d,TheGibberingGibbon
713656b4-f67b-4b97-ad1f-b4263a3212b0,4e8de88eb1f585a56ba5c78184152c60,TheChirpingCricket
43e5fc55-0ea9-4664-aa51-b5695a238fcc,d24c53b3442b08fcfce7d38566382648,RangerRaccoon
3e2421a2-ed70-440c-81ce-3f55a1eaa8b0,8a253445d4b588e069fd0a623222719f,SirReginald
44e232b9-cd4e-4712-9949-cdec4e4aaeaa,8896f73c88fb0681c909dc04b81787f0,TheWaddlingWombat
96a15c47-2e41-48f9-880c-9368cabf674d,6022c372ef1358509faac620152439e0,TheCrawlingCrab
4e9aedc4-a24f-48dc-b830-75bfe75b525a,94832449bd8c9c6f7adccca32fc02c7b,SergeantSloth
74e9bc17-295d-4f00-92c2-ff21a0c471c3,799c0176964017d9e3654f2af8e00f34,TheBouncingBunny
34d276b7-1b92-4288-b11f-8ae9d0e70929,676276050dd0306f1201835766e9ca1c,TheBouncingBunny
cd7db9bd-a8dd-4b9c-81fd-ffeba02d9faf,5c349179aff4dafe568ac0e2fb382a32,VoyagerVulture
b90b4bd3-166f-42a2-8ac4-0a97c9e0527e,7524032f5162a9ed65d46b3827d7dcc4,OfficerOcelot
247cb77c-f909-4086-b97d-1896673fb05b,3e2ccc809e6b2fbcb248d36a33f87db7,DuchessDuck
cd32ff4f-4352-40be-b3f8-d664d18ee8f7,de89679cb9b24067cddf9dd6a06680d1,TheGlidingGecko
ef02a74c-7c75-4698-8dfd-32b29cc14a34,6c3ece025fc0f95e3d09686d784886b1,CadetCapybara
63009ee5-4359-48c0-9532-5f4f64709d8f,4feefcf84de01cccec5efae00814788e,WardenWombat
dcaa49f4-472c-43ca-9067-aafc60260ca6,06771736992dcd953a16abfcf3f59fea,TheDapperDolphin
33f84f1c-51ea-4860-b1d7-6211f9abc3d7,b314c845f8e8ac66e4984b3876928408,TheSoaringSeagull
ab40914c-d481-4191-a344-cfe5776ae8ea,4d68b7d55f3fe786ad84d2f1e716f403,TheHowlingWolf
43dd8a63-441f-47f6-abc1-862d86b5e431,8033e1557d09f8e1d3c125a8f0bc6444,TheGrowlingBear
06a56986-7701-4d95-866a-373fe6accea0,09dfd016930364fce0c3c6f8a67f061b,AdmiralAlpaca
6ee955af-9ae8-412f-894a-8915d78b3ab0,32fbc092532524ce569acea7fb73f963,TheRumblingRhino
209d1ff5-1a7c-4d23-97fe-3619fa3d11a6,bb358132396c14e9010972ff85742f0c,ThePrancingPony
94c8d89a-f2d3-4dbd-a74f-62d8749431e3,9b09d275cdb267f3a5eb9e84a81e1321,TheQuirkyQuail
d1ef092a-5400-4489-93c9-594d85e3fd99,dd436d38ee55035220d8d53a31402970,CaptainQuirk
1e28668e-72de-40d1-9672-02a01105c3c0,2c0285ce47b041475729daaa95de3cf2,TheBellowingBison
51e020c1-142b-4cb4-bee5-ef9da9e6b753,1337248b395dc3ecb24e7d938b913bbc,AdmiralAlpaca
f945b9df-1369-4486-a3ad-490db2cfbbd3,7ec484abc27422682d2dc7b8e35ed0f6,TheFloatingFlamingo
3013cfa4-dfa0-4ff7-b0d9-dbb1e6557b86,4ffa2913eadbbb6b911f73d80699edb1,TheFlyingFox
f40b8517-50ef-455a-882b-c9df9207fec2,2186eb9d1ce6e8a550bc7096ea8c0d1f,TheChatteringChipmunk
fb835487-ee83-4654-839f-67bfb676463d,40baad268d9247632c501bacc38a589c,MajorMeerkat
fb1e4d34-b48b-47c0-adea-bb3ce88413d3,dd913cd7300fdfc690e4c65283ed6058,TheWaddlingWombat
c6368549-e76b-41a2-8319-19b3f303c13e,0d02be7effeff4ff26468247b6ab1a91,TheTrumpetingElephant
e817cbdd-1c35-4602-a524-7cac379aa854,c3b1f8590b678242eae1aab88a819c94,TheSoaringSeagull
efd73498-dec8-410c-a780-95c8dd1a6524,13f6af88158e58577b8391e21a6b8e73,TheGlidingGecko
632fff33-7ecf-4f27-b8a4-8443959e0172,688716eb6b1c1a84edecb6549e19d261,TheGrowlingBear
28392a63-00bd-4999-bf70-b850c4a38a85,643eff8cb0dca0f43fa440917f9e7226,BaronVonBubbles
6ab7bcf7-0572-4ba4-b060-eaa7c2c76bbc,995ce295dd6e40ed96c75efe66a6588d,RangerRaccoon
e34a8544-bc2c-4931-aad0-2ee9bc421fa9,e750a039f6a8101f940b9fb2a2aec058,TheGrowlingBear
1f33fb60-5334-4eb0-9750-5af0813110fe,9d1df5cfbff664ab0309dd21b39e64f8,TheChatteringChipmunk
ee619afe-fe34-49a9-b9f8-7341899b123e,89edf0514be55fec1c3ff491b01d8d37,TheMumblingManatee
be1862b8-76e7-4556-a851-6fb29d173f3e,d7f3ecf1eabe92a8ef20d673a32e1489,VoyagerVulture
644e644d-be24-4cdf-985c-ed5852acb979,b3bc5508d0630a4b55641e3fd8ad2026,TrackerTarsier
b6fef8db-aa57-4786-bf9b-affd994988b6,3243d9d51c78ca917be81a3c790b7fd2,TheGoofyGorilla
561a9b42-46df-4ac9-a6e3-920538a174b4,fdd7edf25d91c42a9b8aa1eea72dcc9a,TheSingingSloth
11de8092-967c-4094-9795-ad17c0562134,5c8b68ae6a152e006ecf81589a406843,CaptainQuirk
965a203f-5f13-4e20-ba83-c25579efc032,f1a9c3f5585723b1f005230e0806a6be,TheGibberingGibbon
8dba5815-4392-4874-98e7-7ab204686699,49d74b04802dec42a487784e1e116127,ThePrancingPony
bde045d3-b73c-4a5d-a89b-c87f75724a48,6afc74e8255645b81aa384eaddfdb7f4,CaptainChameleon
948c3a72-3ceb-4856-9080-545c89617c2b,c78d8a1a4f41152b983a814202085a45,TheGallopingGazelle
bb4bc049-15de-465b-a31d-8b4d6db910df,f97cd55db8ee0290e79b64d97ca27e85,TheWhimsicalWalrus
9af244d0-6d4f-4215-8086-eebadf80d5e7,5c09841f83bb9e0713b468604eafed7d,TheFunkyMonk
aa0ac5b0-3482-47b4-9df5-e128df59b367,b4b0526f2412fd46249047b52db5b818,VoyagerVulture
61e2c0c3-d79b-4951-873a-d09781577df4,9abddc52b526be25335ab2975b1c86fe,ThePrancingPony
7777c29e-d2db-4594-bf5f-fffe7ca749ef,70fcf0dce30a6f61bdf649be6c18d16c,TheTrumpetingElephant
441abfca-8891-4b29-8553-91e6f9d0619d,d243ffdb686392354fa10c201ab35391,TheBouncingBunny
c1ebff3c-b38e-45bc-b6da-362e599577e8,0fbfb9623eeba31ac4bdfeea477e216b,TheFlutteringButterfly
52326510-af65-49bc-89b9-ac30b90dc61a,2745d9529f4c82573032c0478d822ed5,TheCreepingCaterpillar
f64c7a98-08c4-4161-8ec0-4c8dc134dbdb,2fc12163a69c44404f2c73d01677b90c,TheWackyWombat
6ed614d8-d5cc-4cdd-a2b1-060f401c99b6,d4d68a6a6fde435d009a635dc69e6489,TheQuirkyQuail
71ab73fb-2adf-4c03-ad31-2a65674c2dd7,fe1555d04cacb780465b78666fb49d6c,ThePrancingPony
212f4326-78ad-4a66-bdee-e5b36c96e08d,b58792fb33f9ac6908046031fef2bea9,MajorMeerkat
e7afcc3f-c95d-4f5e-9b3b-271df30ac420,8b4d043c5370bfc4ea1e023d265f8b19,CommanderCobra
9d618a74-73ac-4d71-8912-226f21c03d2a,7806d76f4e3dc299fec8967ac4d5ccff,TheStalkingStork
bb698c37-9461-48c8-954e-92560d05e244,698367473ac7ee2a0e05ed81afda4087,TheGrumblingGrizzly
2153a3ea-b547-45b6-be03-cf4873fc6851,34665117c1bb5f33650685beadafac84,SergeantSloth
224efcbe-1e45-4793-a721-4c2cf0b0f1cd,ea3fd5298bd29e43021033ec66093eaa,BaronVonBubbles
10630e38-64f5-4160-b828-501fc1c83d4e,5ca7089cb539d1bf5ad574cad71719d6,MadamMystic
b763337c-0ac4-495d-9efe-ff1ba2d6a4d7,3f7466abed298c61a9e28694b09c196f,TheGallopingGazelle
61cd9c00-1620-4f19-8d0a-17b656f95da8,b2800d0eb0cd11e8a0385790b7c06f5e,TheJellyfish
78ae2172-f767-40b0-a063-81943e03771a,7aec54f1d0b3f2c7fd4d19efc681d5e3,TheJellyfish
3a997f6d-a785-4b0c-944b-b7f578a2053c,c96ae126c2900513f48208a8de23a499,AdmiralAlpaca
24357fc2-e2e8-4bdb-b776-69f51b540cb6,dcbe76f522a30e252cb5558838ded0b7,EnsignEchidna
74609623-803c-4e1f-b949-f5c961bb7191,dc9b129c35da5ae7e06d9bb865153f3a,TheSwingingSpider
c8f38923-d328-4c4a-9a14-944b207d5e77,128650bcea81cafb79260adbe0c8729d,TheGoofyGorilla
9f3916b4-4922-4bf0-b432-8d70396c8a6d,2dac6cff7794527b89fd9b09e328f75d,TheMysticalMeerkat
e7d7c2c5-bfcc-4843-8b2b-481438f8d470,6f11bcae6ed7d03ac4bc252a196956c8,TheLeapingLemur
3ae0aa8f-0e65-4c6c-b0ad-235fa055d37d,207b7bc12252eb499ffd0234b52a3389,CountCatnip
c72511b6-a9f1-464b-a774-3db9e7d5db75,dda6c110cc096d4aedfbf50a3f4c1ba6,TheSillySalamander
b66dda7f-bac7-407c-b3e6-2457a69c28f0,d89eadc6390f41ecf098e6f99bfac5e6,TheFlutteringButterfly
845543d3-1c75-4870-87b9-740d7570f4ad,8ace3f4c1873c7b950d54617401d11eb,TheFlutteringButterfly
de832a7a-2236-44ea-9d65-c24979267152,873e25c00033dfb3a6a9ea4a95846058,VoyagerVulture
c391cf86-638a-41ba-b081-265ca7a71126,e649d6f32b4a180e03a7b9f3f36792c4,TheChirpingCricket
de0e26ff-03f0-4aef-9026-ca353f58afb6,ce1a081e4c18c781de5287119bbcf1a3,TheDapperDolphin
194e8877-a186-4fac-bbdc-5b591caaec93,88ade8b46467af19c891c338ccf07b55,PathfinderPorcupine
bade56af-de2e-4f57-a4aa-f431cb7ee876,162768a4b0fb6bc78415dba9d28d17b2,TheCroakingFrog
1bef4fc4-0815-4151-8199-34c7c6d97a20,6061a671457270e82722ed7e11d124d2,TheWackyWombat
9eeb5ed8-da0e-4c07-91f7-4e60787701f3,12ea653d91fdbfc7fe58b10dbac60a73,DoctorDapper
079b58b5-9e2f-4055-9be7-a1a9d66d10c0,a005a1e77d526dc45a17719bc81ba539,TheChatteringChipmunk
3206b0eb-0041-4219-ac39-6515c6214061,0d2a560e174c0661a2488f4aad5345d7,TheGrowlingBear
ce9bfda5-6241-48f3-a93b-c9c46a21eaee,85d155132980306a235345fdc4bcad88,TheHowlingWolf
ea5f6644-f6a9-4b0b-a959-0ec5ca225498,4dce579342d2b2a98ffd375d81e1da17,KingKoala
5edcdeb7-cdb0-4d36-9270-e9a12dec7e12,1c15dd35e3ccc6a41aeda79096502dd9,TheSingingSloth
d8c63e04-d591-48ff-b854-bbad85bfa9fa,e66a0761c57016a3408c07b51b6cf4e2,KingKoala
d512abf0-1aa5-409e-876e-2d8610433c6b,126ad894194b8d99f0294420e34ceab2,SergeantSloth
33e72ad4-ad00-414c-9926-953a6eff43d7,28744a4dd47f67ef54ea64a2d9776b5e,EmperorEmu
d03f9b82-5b13-4289-9092-cf3ca1603a08,5dd152c0a7281bbb3c67efba72e9bd6a,RangerRaccoon
f1eabfb2-ed7e-4c61-b51f-aff1cfa1983e,7b5c3ed742ba623e612a195b18cfb744,TheSoaringSeagull
768c5869-4e58-4f96-80f4-85026bd49a3a,e30362678f9e48125bdc624e796e374e,WardenWombat
d7b18d51-8e9d-47eb-bddd-062f5014ae73,5c67ad2a33af7f51da4f12c9c623380f,TheFlutteringButterfly
282325de-02ad-4b36-8b3c-4ab89d46cd30,355847ad0b6b98a1234b44f8eb3ec866,Gideon
e4d82d22-93a2-47db-8137-5c18dd784d3d,ff5a6a17cf72b007e697f05dae43814a,VoyagerVulture
5526c332-7415-41e8-b64f-0cf0ed1f7895,1e5ad6621ee5a54d01473f6cee0ce450,TheWhisperingWalrus
748716ba-dc64-4693-80db-dc399fbfeeec,6a89267c2b8ff21d72740670f1208b24,VoyagerVulture
5230be62-d014-446c-ad47-129703f44e2e,e1fb7bd1a01c9eb55199ba639e215e31,TheLeapingLemur
47beb78c-3cb5-4d6f-9e91-5144569b2195,bae07606a941da19660fbf3d29d7067e,OfficerOcelot
f3572133-3a74-4e07-9ea4-c6a5d33fd6f7,d11e8a628e41161954669f74f59bbce6,ExplorerErmine
a47b4598-ad23-4f42-8d71-3a6333ab682e,75624ddc3892a914911c1f1dde442130,TheHowlingWolf
5c7ad541-6920-4b0a-8a5c-3be6e77adb95,c34da6bd6295cb036a8879555feb3058,TheBellowingBison
327d30c0-ee1f-4f15-8d4b-a72d793e8438,0e2f2ca4f03cabbfe5cb463cbb0f8266,TheFlyingFox
e7dd1a85-9619-47ab-a39b-6c2205dc9496,491c6c0464aefc084971745b2a0dfbd7,TheSoaringSeagull
0ab95f86-1c36-452e-b16a-2a6a20125e74,84a998dd49a64cc3f60e330a630378ac,TrackerTarsier
4a12d864-c11a-4f1e-aed5-900ea536e8be,b3a67c0755aa35988fd08f3fd9ce38d0,GeneralGiraffe
fc796f9c-706a-431b-b81e-51d4243710f0,2daea27cbe0015d956ef0d347f796f2b,TheBouncingBunny
86924272-4f08-4682-90fe-89ddeffddc3b,f1ccc13f082a3ffd2131bac01054f2ef,TheZanyZebra
0d596181-a285-4f48-bc11-ca78161b18f2,9c6dd7dd906e1797a5f6315a64f05422,TheWaddlingWombat
b0fab7e6-607e-40be-95a8-db5e49aa56fd,8221fe80352e7467ca9457c5447dd6c3,TheStalkingStork
73542781-63ae-42c6-9fdb-96434db9148f,9223b92b0a763dcc289ad95600f1a77d,BaronVonBubbles
99c91060-1558-463e-8366-630e9519d572,f7a07a137b82c76e84c1f48aa3fb7287,TheZanyZebra
d67f23ec-fbe3-4e3a-8d56-51ed815ef83b,cb6823e296d3fde34716472109fec400,DukeOfDoodles
4e3b218a-ace9-4b71-9ec0-662ecbdb0c0b,5ad70c493ce6947fb73c51dc2bf30bf6,AgentArgon
289082d8-c620-464c-abe5-95b034ababc1,01a552909784385038801c966eed9cf8,TheDancingDingo
edf05d4b-d763-4c58-aca4-30de2b134f1a,bb969ccbf9ba17f3f3ca3967070940a2,TheFloatingFlamingo
3239c075-779e-48b6-95b0-008b4cbc8b5d,a522c954b7c44a3460ba0345339928f4,CadetCapybara
bc8bddab-6c32-4c33-b2c7-0f0ffcb3e31d,522df40730cb3fa55a58a817a6cc73b8,DuchessDuck
e8ae0d1a-cca3-491c-91b2-976159bc3cf9,70db062f0df72f422ec37277dde5c11d,TheBellowingBison
aeafd35a-bb4e-4d91-abad-b58d59b1c1f7,f0559ea29422867029a4638d00126076,MadamMystic
42bbe603-fb4e-44e8-9f8e-c8308968de69,8eda893764bbac66ff85a669149cd7bc,LieutenantLemur
e6c34bd3-2694-493b-9b4e-3c6b2894daf6,be11c7bfd2d4a144b3083013406e8d4b,AgentArgon
d9d435e1-fd8b-4e58-b858-4e1e415cc62c,59638e27fb66c4a8053b546930148cb5,TheHoppingHedgehog
5ad0c9d2-3813-4fdc-9cd2-d916b0f4c788,dcaec704aa6225daf5fce5b7220a810c,TheCreepingCaterpillar
a8ad1be5-fbdc-4828-8e2b-97bfe349e22d,065bbf57c48d87a38ba9e61fa07b4e2a,CorporalCorgi
5ba93b62-41a5-43e1-9de1-2c00e3410b55,f2de306eddcc45cb567ef8362f606a32,KingKoala
47049b70-d40e-49aa-8ead-602ef35222b3,bd3c182909658bc4d75d5ef27066d51a,TheSingingSloth
41fe84ba-8fa1-449e-8840-fc47de03bbad,0ed61453be6d08c06b03695a4782cf31,schubert_fan
0d8d7742-36c1-439a-9eb4-945c476274b6,128109043c2477ea8241569057bce003,TheRoaringLion
98c5b776-8020-4df1-847e-382ea50ffcea,4d1a362e227f6fd1a9d0303c80d4c034,TheHowlingWolf
a774fdf7-b99a-42c9-ae13-6c263096f79c,9b78e97578c55348e1ce84dd82c90f5a,CosmicCucumber
c933ddfd-5802-43b2-9c45-143251c304f1,5da16b08eded494c9b21f0bf400975e4,TheSillySalamander
69d0e4bc-596e-4472-8a6a-a6766d6d8f2f,7485aa2dab0304848a38f159a9156b00,CadetCapybara
6946aa9f-c0bf-440c-bcaa-aa066e165e77,b00e4bfd9b3e2cba1f5aaec171064c52,TheStalkingStork
1438d87f-316e-40ce-a8d5-e73a28c19111,106d4f2454a65e2b731460ab0b989d5c,TheWhisperingWalrus
d33f20f5-06f8-427a-9e4d-0aa31f25baf5,6ba8724bca07f7ac1d3a5914a67c4e2b,TheCroakingFrog
b0339e8d-3059-40f6-ab54-0508cd830f00,21da93eb21110f03517db397766f778d,TheHappyHippo
3a3464d7-81b9-4ae1-b9ad-8ea5c3ef4e3f,91acf1a98e2097b2dc2155537d1cff2b,KingKoala
5874d3e0-a4af-4bea-a7fb-ad68a5ab76e9,9dfe3b5c1cc52d2f1f2882d18cc8c3fa,MajorMeerkat
ea6f0161-d6d8-489f-b251-9b56f0a140d7,75934b586b98ab670b2b90991f3a0f82,TheGrumblingGrizzly
f319a77b-eb1e-4976-b56e-c9ebcf459fd8,f33ca7de44c094cef0e1a54a227f0be8,TheCrawlingCrab
b4a06a1f-dc1a-42bc-b731-c1e5c76c7126,b635c672d8f731f9d06a89995fa6d59f,MajorMeerkat
75e1a7f2-2d21-4c33-9a62-79b2929f2d7e,9e0e38a3412c8857030bb85d4574808a,TheQuirkyQuail
0f66cc9c-36c0-427a-a4b4-b6c4655d4dc5,7f17c0ed3e494065c2fcf4cab2431a0b,QueenQuokka
e430b786-dd71-44e4-a530-73ea728fc6e0,ad6ff5abd51c504d9893a6349698d130,TheCroakingFrog
dc1970ad-285a-4c4b-99e4-d46ff59ea9d4,b48c6af48c4160d1a501cfbf249280ff,TrailblazerTapir
80ff4e8e-5f9a-49e2-9575-9b329b4c56e4,8ecad1c4f3953188c055b9b5795dc88d,EnsignEchidna
b445a3ab-779a-4c9a-99da-5abeac436f95,c8e040709e3f238c0b15ab915ea5b771,TheHowlingWolf
027e2809-2945-4747-afc7-831eb3087f13,86d2347ea5b81715bf1d61e0bd45b2a1,PioneerPangolin
85782101-98c1-469b-aa05-6f61a28df2ad,58f04a89c19ba31a9538648ef6f3c38f,TheWaddlingWombat
6dfc30d6-c150-493a-b134-1ef26986f8cc,122225ac0ebca1cd850672889a98b4e3,TheSqueakingMouse
0e7c4c5b-fafc-4985-9e32-d7aa762a7912,69024fad6b0d7a4c937bfc29e0a48ff5,TheProwlingPanther
c2bb408b-a8f0-40fe-a7c9-8206d46b1010,4580e055f5373e7bae50027c40e1383e,VoyagerVulture
5bfa0721-6eec-48f9-94df-5f4fe74bd3f1,19b51a69db94ca5138a24bb0a0b1a6ca,TheGrumblingGrizzly
3d00856c-f1fa-46bd-9bf0-58769c21473c,010bab443a896d71b0b805e022b44f70,TheStalkingStork
1dab55f6-e568-47e0-8b38-781d14217cc8,033879cc9d183c2175430a4bdb08b837,TheGrumblingGrizzly
b6e8e02c-c5f3-434c-9d0f-35b738aa07cb,d9196f6610450930ca7e0ad9e858626b,TheSnortingBoar
f45befa6-6ae3-4a59-949f-1bfed61b4edf,03f085d38d2e8ee409df11ebdb19762f,TheStalkingStork
4ceecd21-3a14-4159-bd72-a999c147706b,599dd200b8a904512dc4b1d64f107bc3,OfficerOcelot
6b455587-c35c-4f33-bd9e-03f2ddb4c972,71f74a1ab625a48db4ab88106418a242,LordLlama
84f23b99-caab-4d9a-a43b-12af302d9ddb,759ac09992da219f8df652a2b7c23eb7,TheLaughingLlama
f5b8e4fc-3ba1-47e0-8e34-932603113fd2,7e2c37b811c282ec2daa2640a934b5ad,WardenWombat
66a92d3e-3800-4e30-ac60-5c0fbb456a37,fae65d553c7578eaead09f413958f207,TheSnortingBoar
0de53e5c-ef39-435e-8c82-9d4703a25ac3,8860b3c6181b9e78eac47979076fa03e,TrailblazerTapir
4ed8bd3a-3232-4c45-9c91-1164ec89fb86,6d5b1c619ce56c3041472f863b4494ff,MajorMeerkat
90401e7b-3591-46b7-94b6-f406c8eac9a3,48994eda705f8b64b1ab782ce36fcd32,TheSoaringSeagull
b6240b77-38f4-491c-a0fb-b0174efdb3d4,0fe8bbd2bf62b998296bfb7dd762672a,SirReginald
4f10e00e-73ef-4000-9207-cdce2d609c5e,e1a4b09d28dcd979a4feb7fd2a4005c2,TheSoaringSeagull
c2528315-d965-469e-86d8-19071efcff93,a1d81fb28a586e746d4b18347a2480fb,TheGoofyGorilla
628b7497-77a3-4eea-a0df-bff500f0ea33,e282ad5b39e370d1937aa336c585522b,CountCatnip
dbda994b-959a-46e1-a739-35641cd23d2e,cc09bc69e7c290ab03d66fe2ba7c4e1f,CaptainChameleon
feed2aab-df08-4d12-a10b-e5853cb7c256,d3935f0b656137e56951e98f5c0fa6a8,TheTrumpetingElephant
fe61b395-9973-4cb9-ac4e-17829e005e03,746c4b236791caa13dd8e8c8f18f169f,CosmicCucumber
b1288ff2-047f-4695-939f-8e4118173dca,750fd6f44db9ab851b9867d95dac4aae,TheRoaringLion
03f0a7c3-5ca6-4420-82c4-118835e39ef6,053200549c3268fca5c4e7256254af5c,CaptainQuirk
93c728b5-2597-4bdb-9ffe-47d73dd8d8a1,c73d74ba2376d5602f9e29cdd06bfde0,TheWhimsicalWalrus
d3c509de-16d5-413e-be77-5d095c9019bd,a1309f1878439b674cfeaf2052a1e446,MajorMeerkat
05ecd327-50b2-40a0-a5b4-2240bafac52e,d44956788e4fa91bf38ab8374a8b11d3,TheFunkyMonk
bab2b613-9e16-4708-93bb-8cea7a56b034,c76149a9dc832192c8e0f907b23ccc1c,GeneralGiraffe
f749713e-7f32-441f-b3ff-4962bc50a0b3,8c2b94249aabc9a84f734200a2993a49,TheHoppingHedgehog
6ab2223d-5f2d-45c9-9dca-ff0c8b58d0a2,10415a0d76b37dd6f9cc3d3e4e19fd98,TheChirpingCricket
4c9ac066-ca20-44ea-b693-20b311d556e8,421d1bab50f6ec114c7ec32f6c0f2ed3,KingKoala
3b68244c-e415-439e-a21c-e6ed918930f5,4fae729c8abfbbceb2f01555ba6b9c43,TheHowlingWolf
af519b36-9f38-417b-b237-e354e07fd3c3,136d9be60b9d08216ba890fbc1eb20ea,TheSillySalamander
87511080-a803-4d76-93f5-b862d699677a,d37db35b6381a40a39d1ca73c506bf82,CosmicCucumber
018dc9a9-07b3-4a03-a19c-ef636775a477,6b40d4a3c2c41f11b2f32f773b8b5a6d,CommanderCobra
1e6e583c-9c20-4da9-aab6-c9655df989bd,d30a9589708c841ab5422bbdedb28af4,TheBouncingBunny
65cf6e06-8d2d-4945-bb2c-b48d83f22e2c,a07d6512c9d30f9e73f1884a29c028f7,PathfinderPorcupine
6d249031-1a72-4a1a-b274-68c36b8e53b6,6cd2a2784ab8d2c7fb9e23c9cb1fbc94,BaronVonBubbles
a0767aad-a210-4d43-9d62-3e0d2b65112a,dcbb41c5f5d1348912aa21f729089255,EmperorEmu
bb45358f-0aa6-436d-9017-591428efc674,55765cf2dfb6c209dc4e0188da8c490e,PioneerPangolin
085b2a45-0709-482e-9fe8-a90a6b5ef395,ebb7c94f57132230470ed3bf5acd3f5c,TheSnortingBoar
e3de9623-8d99-42c4-a9ab-a6439c310bb9,6a8aa2d118b1644cbb94c0072bd2e365,CountCatnip
d924b2a4-2649-4745-85b5-475bbe0182c9,c08142c5ff5c1a75f61c2769c06e6e37,CosmicCucumber
2bee9bae-4b0d-461e-880f-cc705dd9b2eb,d222194e218759700dd8aea40844e93f,TheChirpingCricket
6e1b118a-0b92-45d5-b4ef-685ae06c8f3a,e72da6f87abd97d4aaf2ab99d81717c5,TheBellowingBison
489631fb-113b-495b-8b91-f7d7a2c38c11,9e9d5dd9c63bedbdd89946f0ae0d0840,TheBuzzingBee
5163f0d8-c846-45ca-baf4-3600d86d4a14,80da5262186111bbf3695190538b14c5,TheHappyHippo
863f5996-39a7-471d-8857-96b0cb754438,7e85fcbbdd301b690acb1337c2ae680d,TheZanyZebra
a11d156a-1c7b-4652-bea1-ba841ccafff6,afa66def0c670229b9a5e203bc38ed31,MajorMeerkat
8809fcd4-fee3-4bba-92e8-0ea315812a47,de245b4e79d7d9e7ffb78f7b48748b0f,TheHappyHippo
f314c835-9042-4684-af81-5da01e4c30ad,04cf3b411121951d343f96e5619675c7,TheProwlingPanther
34bd5e33-583e-40a8-a060-5be38db8c785,9f24ec2f7b6b0b61cc50e4e1149f1c59,WardenWombat
35f81415-2eaf-4836-be49-0e6f63373faf,7c9845e36ab8553835fd7112c905346f,EmperorEmu
20da27a9-d156-4735-ad7e-199d47dd9512,67f7c0a75051acb76cf28f0021c3eb2d,TheCroakingFrog
28ad4731-3eb7-463e-ae2b-ce36dccb76cc,b1a046225469ffd9781c2084b0d54d26,PrincessPanda
80dd3466-ac84-4492-b2d8-b1bf5af30b4f,ec1c1f2e0d553488d991101e7278a9b3,TheWaddlingWombat
b02f6ddd-b123-48c8-96ba-e14c12fceebd,8801b5e2f1f101b6b8733ef173987cce,PrincessPanda
1d9ebdab-3e21-4336-adfb-c87965a1165f,be65945dec15d827d2c6f6ab1aa11821,TheSillySalamander
9e221d92-8774-4274-af14-fb095a296b1c,214899963b5ba59df7234c3abde84471,TheGibberingGibbon
c4a8c518-9216-4d4f-b92b-449060c34631,ba17519249e99443acbee2881e7966b4,GeneralGiraffe
e9ec37bc-9dfe-4a1b-95a2-45b2a81986e8,2df47c841a9f74f7b34fdc07042e19ed,PioneerPangolin
785b7d37-0820-427b-b027-6b3a5df4963f,5fdddfc30ce861ee15f8009a150d20ae,TheWhisperingWalrus
26dfdc9c-3606-4213-abf7-9183ca40e135,918f82dd537512faa77229542ddbc442,TheFlutteringButterfly
a8834da6-df52-4e3a-9a65-4c2b036c78f3,766dd67e6f6136304cc204950edc8fa6,TheZanyZebra
0d99ad1a-6ff5-45b0-9cca-74861a1a4b64,2e81834ca0fcb13b3513bb1d31bb7ae0,TheHootingOwl
283a4bce-0ae0-47cb-a14a-c6621170450a,493c407e496595510d6039a35359b84b,TheProwlingPanther
668fd687-c620-4fd8-8008-80d0dca60bb2,970525213cb59af86c8857df0f84c762,TheSingingSloth
4785bf1a-b612-4984-b243-5977fea33ea1,c199cc75f16f93f416ae68d4ecab6c24,TheGibberingGibbon
1046daba-beb6-4994-9dc7-07c66150102d,0c9ac9816637b0667cdbe75b212a7842,TheGoofyGorilla
3dec7dae-1c58-4286-a594-9ec87da230de,07a34d789f0fea841d2e48040d25a01c,CadetCapybara
384de7ac-5f3a-4dad-b94c-6262d8b0ef4c,0407e4e5f7171b77c11d5643317941e7,TheWhimsicalWalrus
f31477ad-f5a8-4489-a0bf-5643c38e5bd1,f1597fa535fbbce3e3ffc9c5bd214461,MajorMeerkat
4efa3d6b-14f4-4ab5-b4a3-a20aa1304ccc,6463d68400384804a07cd85cbbcde32d,TheMumblingManatee
77f6252a-abfa-46ed-a4e5-273339b704ae,2aeb186d94f0b03297981ff4cc0db092,TheJollyJellyfish
d42b6e13-24bc-4d27-b9a4-be7d2f09aa6a,6c3372392b89373909478970463df19d,TheGlidingGecko
f368ce42-fd14-426a-9747-a4ce27664802,a92899ebec9c4394be2d77e00118a3ef,QueenQuokka
1474b8b1-618e-41ad-abe3-a9efdcd0f0f7,8c684d75bc6b563b833ec149252d1c41,TheChatteringChipmunk
a42a4706-f286-4efc-957e-3978794ead51,1d458726b9d8f3c3b0f02f7365f96cc8,QueenQuokka
0c02e21d-8fe8-43ed-9c5e-21480f4f68a1,adb388bd22a79973b5e754c9fe8dab4a,TheDapperDolphin
f17b1b99-5f1c-4a61-bebe-2ca553c2e726,c7959772024eb0363ae9b9ec967e5b17,LordLlama
4836da60-f9df-49cf-a5af-c748f8d4e060,dd5c3ba02146fc4cfd3a7eab6b1bb265,TheGoofyGorilla
e041b31f-a51c-4dcf-9f8b-473a8707fd48,eeaabda25d0c681b78419dba044e6d24,KingKoala
cc54d82a-0ce8-4cad-9633-448ac98622df,8f6bf4f63a65f3ae8c070a773664ba5b,TheHootingOwl
ccf71ad4-22b9-4c9e-907e-124c39802e39,eb18f27ded8c4620719c553f0ae4ab66,TheDapperDolphin
62a9f2aa-cf6d-4e53-b842-4b471eecf1a8,0788efc6f66f3f3b1b90a8b389fced6f,TheHowlingWolf
e5b8a7d2-a195-423c-acef-bcc10c5e75c1,10595149196e2ae6670a30342ac6b897,TheSqueakingMouse
30af5b65-e9ca-46cd-acdb-c9cf83a50fe2,655bbd269ff9f752591add615672e54e,TheDapperDolphin
28fddac6-9871-4316-bb02-417a3e314766,3dc82cb71a561ce5e4a3b3b31b0a9d64,VoyagerVulture
599dedec-e59c-4d7f-b0a8-3ac11bf083a9,882689d4ecde78ab815a3aa238e8674f,DoctorDapper
bf42c6a9-98b0-45a5-9c9d-31d19cd071cd,b261d0fa7b44d3ff330a3dad0fff2692,ThePrancingPony
3dbb11fa-42eb-497e-a25c-bc83ec5d1673,5c9fcfaa8a2588cb4b634fe46ce37e3b,TheWhisperingWalrus
807cdc9a-83bf-4fb4-9d1c-61f13b4c89d9,1d90b592703c76ba11b29b10d940d759,LordLlama
822dc0eb-8c15-46f5-be48-235ba3bc6984,3b4ae9f2a520e8769c172240884d4a34,TheDapperDolphin
ed7b18e2-8df4-45ff-8db9-a8147a973099,b7128070350125aaba3a8284ec7b2f88,TheStalkingStork
1400f823-94e6-4cc4-a854-3c2cf0701aaf,a3f7c2e88f6c382ab9cb95cb02a4a813,AdmiralAlpaca
9851ad70-f269-492a-92be-4c083acd70e8,0f789ba6821aa1429f1d9c74a30e4b6d,CountCatnip
7dcf626d-df57-4cc1-afd6-cfe46f11b5cf,43b3846012ca20100975110fbbe5c5ac,ScoutSquirrel
46d00bd7-3cd4-495f-8124-d27c64e6f535,798885f91f0d5548e064af943e4fa0df,PathfinderPorcupine
ee9fa19b-e7bc-4d50-96cd-7f66e29160ea,7255be84fe9a3584f80968164a8309f1,CommanderCobra
271f57d3-c4b7-49f0-b598-9a673b27c1c1,a9c8d6aca94bbcc72a40377bd40c12a7,TheGrumblingGrizzly
778e235a-cf99-4565-815e-73ae087bfa80,884ab1cb298d3697256dd52edea29c64,BaronVonBubbles
658dba9d-ae73-462d-946c-6dbfc19df3d9,424e55b7c9c71a45d4b30172f9632e33,GeneralGiraffe
afbac162-7ea9-436b-a33c-d6b832f75324,414dd193d8260e21ab70ae1348d0b1c2,TheFlyingFox
72997539-2b75-4424-8fbb-48baf6d38503,291ea8b8c16797394c875edd22242e37,PioneerPangolin
2106c7dd-5eca-4a67-a560-137b4dda2092,496bba62a4d7b9905099adb9bc31c056,CountCatnip
4ca3c6e8-ca3a-498f-880f-b9a1fa5982bf,db730bc38df45b16083e024a940b847e,TheBellowingBison
a893d0f1-d49e-46b1-b9c0-05362b676c3a,0f75f008888071bddcb21965bbd2bc70,TheSqueakingMouse
f0d71297-0fcb-4605-88a9-55788add0be3,d4291f141920ea2842967f7803ad024f,ExplorerErmine
b828746d-5a40-4fa3-9e7f-ea08939a39f0,17886589a0b5830ed9e6512962938372,TheGallopingGazelle
9cb42082-9cb7-4143-9cc8-15a33f0dbf92,af0bee69f872b1a2543435a139fa9ef6,TheRumblingRhino
ca56ff0a-8808-4141-b426-555440245fbd,9e6171207f08cfac4d406980a47d2eca,OfficerOcelot
5a94f08c-863e-4edc-be81-b3f8f0a321df,f2d7abdd773b4f745158876eae834937,TheGallopingGazelle
611ccbe3-50ff-4358-8add-16331f20133f,afe76a431eac6016e2899929c4b6126e,ScoutSquirrel
0d9cd1dd-ab1a-4ae8-97db-0ea91b088e3d,5ad1afec97d90842ab8b25a566f044dc,CommanderCobra
64ae0d13-00b8-4bc9-be3e-854328dda740,517d722a584cabb8631192e10474b88a,TheChatteringChipmunk
a9093da2-ea07-4ba3-ad61-d190868aae46,c84c9c3b47d87870af2a194011b22a81,AgentArgon
32c4a9d8-77ec-42b5-882e-385de58eaf74,fb51560f359ddfa45117c610b54ee2d9,ProfessorPixel
4cfb6a84-57f3-45df-b48b-78072ae9b7fa,072f522417f05bc3209247d357c37b13,TheGoofyGorilla
122334e8-aaa0-4925-a912-42de94232ab5,d3be7a11f26788ddbe1fa9ceaffb0935,TheWhisperingWalrus
e96acb7e-02f1-4f8e-aba1-c7717897df8e,75f69c06ece29badbd27c3e3a4fe7ca5,TheLeapingLemur
d9f4d7b4-ceb2-466e-b2d4-e5a61dc22d97,ac957ac20036d6a7200aee048303a499,TheGrowlingBear
99aa98ba-b339-404b-a68f-9db55ed8a49e,f775b08f19ce70ba1f07b78653d5b2dc,ScoutSquirrel
5ba8bc89-5e35-4744-8f8b-6d6901b57f9c,1dd71514f9c25b4a12c2f5cad7e23904,TrailblazerTapir
a5bc385f-1788-44cf-9601-7919be48b426,af324edb0d0db2a709f61a165d9d4ed0,CountCatnip
5033cfed-8c3a-4d52-a6a2-94450174f86f,a392160062c50d993ba18cb088766047,TheWhisperingWalrus
6a4f63a4-751e-47ee-bf23-72db9a6b4f4e,b62a23d47126018b62fd1f4539ef4c4b,TheFlyingFox
24816822-c277-4632-a01c-98422053024b,092d58c6188c7d6a4aa6c95d99a2bc7a,TheRumblingRhino
4c689e72-9dfa-4ce0-9228-62f37462c9bb,047b89a7580c68056bb2323ae8459f28,TheCrawlingCrab
1a232ce9-35ca-45d6-a14b-9840a09ee06c,d8b42e66beea0dca10a995f1b1809133,SergeantSloth
372107ba-5719-4b34-9e28-9b7d8ee2c24f,89657aea8aaf81f64124b63785c00c60,WardenWombat
582d0847-c15b-4e34-a365-9ab772ab4ed1,eab22430b14f933f02229a8f4c8ba1b1,PrivatePlatypus
e7e887de-2d76-41a0-940c-5cfe20053d18,5e69793db414ac6970a05bedd297e274,CaptainChameleon
de428795-d55f-4d48-86cc-3c6730c518df,0d9f5266ad08e8315f5c184384c34c50,EnsignEchidna
f4724644-acce-475b-929c-2696797c8544,ea78b426b6a18467ac8cb6d3e71895c2,LordLlama
c1077da4-cf40-4e7d-a797-9bf1a8eeb003,d634f06a949addf056512e7b114fd778,TheLaughingLlama
a94b8b0b-fcad-4ec8-8914-e82c2a932d02,1a37147b9b858e38d5445f651290d70d,TheCreepingCaterpillar
fe64f3fd-0819-4c2c-89f5-b065214531cc,c001cf409dc72ef4a2ec40d80b30ef71,QueenQuokka
81924cbe-3ca4-4e08-a457-694ae17f80bf,0bbc844270c16f89a6d69d24e68072e2,TheCrawlingCrab
0228cf24-f260-45f3-a4de-61633ae363a9,0002c8831c5cf506df613a79a5ac063d,TheHoppingHedgehog
b9a160a1-e4c7-4d02-82b4-9c7047805ac5,664024821dd7c256f3f12a18b7ef71c2,TheWhimsicalWalrus
ab3e0866-f9ba-4baa-a581-3a7e29dd45e8,cc416e1e1250b76c4a94371cb3c7890e,TheLeapingLemur
ce6aeda5-6c37-41ba-9571-3f241586db5d,b75f9007ee3423944b30e86fd96f7770,TheGallopingGazelle
4f793a7f-8ec3-4b2f-a916-c39b1e34c260,36f7797875bf5a55d99334d7fbc0aa26,KingKoala
fe2718c7-7191-4cce-8de6-db901cdd0119,a01919cca1630d45a3ca0b348e40d8a3,TheZanyZebra
eae881e6-e654-4630-b134-0b436ee0a757,104f91c02a303c04b49dfff7947f803a,OfficerOcelot
189bbe8f-da60-415b-a02e-f9cf2352127a,67a6cb48452bbb44e6a4ccd947df925c,ThePrancingPony
39e53bef-c6ea-481c-adb1-2cfbd4bed5a3,04faf7a56dbe9d37a6dfdc9db0c0cafa,OfficerOcelot
42bbb729-0d62-4fa7-bf64-3ff3c9ef2601,f9d0c14b600b1250c8babcd827a31a1e,ProfessorPixel
a1758f42-592f-4fc1-b8dd-5fc5b5e6a9cd,3fe3d649c17919bfea0ec0471d6fdd87,TheFloatingFlamingo
62196476-7c53-4537-a2d1-feae7037ea1b,4aba4eb69a09d1baa99290d624e1ac65,EnsignEchidna
a6ea18c5-13d4-4368-a1cb-fb9a4aeaf25f,f916775f4e46fc63d0cafa4c737ccf06,TheGoofyGorilla
1dae6e16-5368-4f70-8dfa-cc517802044d,d9c7ec906635867f54fad50ee5b31794,RangerRaccoon
2e8ca36d-27fc-4147-98bb-548591e3b41a,acdc37efdf365caad8d1eda5eabd33b8,TheFunkyMonk
3ec29404-22aa-482b-9622-3a929d0f0e33,f50aaa4fa0d80fa4fd152661ab94399a,TheProwlingPanther
4914526c-3d01-4c25-87c0-c3987926bca6,5fb6ddb49d38abfa2a3b37e861500942,TheMysticalMeerkat
0db0bd6c-7f00-4373-bb56-a0251482903c,d30f7fd1f0a108906aae6f97ea142684,ExplorerErmine
f71c1511-d209-4110-a4f9-4cf9fc4ec5ed,40718a59c55aa4cfd23694ffd42fafc3,TheGlidingGecko
44b6397a-dd6c-4add-bc09-c7bacf5891af,381a56e8472ee2b4654e6fd1931fabbf,TrackerTarsier
54c2ca5e-8c1d-42dc-b6ce-21478b3a8dca,2b0fe058f934e71c0d07e7903292d701,TheChirpingCricket
815a4a18-8cc6-41b9-a68f-5cd7603bc33b,87984cd431784252e469566a9db1b5fc,OfficerOcelot
15926046-c8a0-4f8c-9efd-7a62d25b2912,27990a6c8232fad8368d25bbfb34914f,TheMysticalMeerkat
4c7975d3-e3c9-4f9a-aa96-71f4ae3d8d56,c3d39f44a542c743e39d234d88d59390,VoyagerVulture
12aebd0f-aad4-409c-930a-72839c89f35d,f34db09030063cdd60162062e99ff6ee,CommanderCobra
d30f70a1-b701-4a2f-9fd9-d6aefa02ace9,e063d841068f599fe2fa687f44b930c6,AdmiralAlpaca
d860087e-2173-4bf3-9a14-104435da0a2b,e8e749f26a84e313c982d8e74a505cb0,TheJollyJellyfish
92b08675-2413-47ac-853f-c4009246a845,f92da705cc57e856b74a0525afe87736,TheHowlingWolf
99e45c48-0d00-4fa0-86d5-81d28dd1357c,4221890a8287a530c59f4b385883b10f,TheGlidingGecko
00432d33-d8e4-4072-9ce5-2a059d1271b9,eb87cba9186ab1d1c8ae994524ec8877,OfficerOcelot
1eaa7ae6-a7a6-4ec9-8657-bd3e21fc3a6d,cd6a0da8951d9f4dc9d53c4fcb7e322b,TheCreepingCaterpillar
642d4600-b52d-4d38-8e51-a59cac46751a,deabc393a04ccbd64f0c026a4034b59e,MajorMeerkat
2014a7c2-4b9b-4b5d-bac6-0211da46f74c,840481989284844d92c02b8feecf9ab8,TheWhimsicalWalrus
c1d7f41b-dab0-444e-9460-5b23ff90a455,957844bb33ab77b8d9efcc8834236704,TheWackyWombat
453f3dd8-b6e8-4eda-9b11-67eb19fb72ce,e3a2fcf2c9936746ab81f311b2d2724f,pizza
fd0cea48-08fd-41aa-969a-c8d9f87ae943,38ae4641a0295b0250a0a455b5c44f49,TheWaddlingWombat
d2551f70-207f-4cd0-b233-b08d42b6f457,b92d32dbf8ec7777d48fba5699112224,AgentArgon
b4ecfdee-6b0b-464b-8924-b0b95d37a1d5,bd60f57d6d8eb819b1141af446a64913,TheFlyingFox
259248db-5266-46f1-9451-971cdffe5823,2f3dcb97f82ecaa0006b47ad5a3464e1,TheCreepingCaterpillar
9315f1e1-5256-4392-9013-2ab384073a64,c6d19848f2f502384485a5c8e640c3ba,PathfinderPorcupine
6bacd3bf-9311-4363-a54d-6fbbe2757eae,405a61c41aaf64a32bb422e969f53b19,TheQuirkyQuail
8922a050-caec-484e-ae6b-d6ac16bb7409,2d59ba082fc490b7344d48a2ade8b977,RangerRaccoon
7e99f642-0a53-401b-bbb3-018815538494,001cb35fc66990fa3b913a1926422eb0,TheBuzzingBee
ba81b59a-5ad6-468b-9701-2de16092d287,9e30f3ecdaafaa7b30fdb870ce14bd4b,TheChatteringChipmunk
55a2f7a0-193b-49c0-9395-de34045f1b00,60d4e3224ec04fdf5ef27e445c54041d,TheBouncingBunny
875ea49d-1cf8-4b36-8ce8-fba65a38db46,4aabef22526ed7d0e24366522cb79de2,ExplorerErmine
965ee566-56ea-4b15-8a1c-96de96e2c33d,70e9245cd75f22f2351246bec84057a7,TheRoaringLion
7743d00d-c90b-4d2d-9240-7e6d6051117d,9e385b6e1be28d9c2a4ef73224492718,CorporalCorgi
6137d0b7-1f04-4622-99b9-e746af72fbbb,76e5f40c4b0fb0d6ba0ae73576fa2c9f,TheMysticalMeerkat
459617ac-1d2b-430a-9df8-a47e7d4c202e,eb847f6a039af85ec84cd2f66267fe63,TheZanyZebra
3d46f0be-78a7-4502-b992-233129a8774d,745ee034de34ab42faaa21b3da682a67,TheChirpingCricket
340ddd7d-8da7-40be-aae9-f2126a2343cf,ddca346ceedd0e0e3aeb6fd3365df035,TheGoofyGorilla
d2196520-493c-4a62-a07f-6cec487ab9a0,aeb0ce156170578f4a5ea784324faae7,ProfessorPixel
85908225-4a6e-40ff-ab5b-dba83c707976,919b3432e4e7e5efe378792223d694ef,TrailblazerTapir
1cf362bd-0ea8-4da8-88df-6878d1673afb,d11ac43269df11dd3674bbfad91ab71c,TheRoaringLion
8406138d-1d90-427a-a2e6-03d07d52e208,66b28f122d170b717a8c822cc779b6d6,TheSnortingBoar
58cd5ad3-4f0c-486d-922a-e1eb6fd6700e,d6268637142481216602cc9cd62ea9bc,ProfessorPixel
5757bfbc-482f-4447-a36d-9cba96f7ad9e,c6ac10b7cd635d6f8854efc3a7a7dbb6,TheChatteringChipmunk
67f824c9-ba41-4c2d-b9c8-17cdc7720efb,628cf3284c52e7c06816075bfe4eccd4,MadamMystic
a0b7a729-d9a8-44a0-8fa1-51b01aa8c23a,1c470b8c8dd2746b36f9443496d1934a,TrackerTarsier
346e3669-b59d-459a-8139-f068eba7e5be,daf648ebcfe5bf411bfffa32f2a15050,TheSillySalamander
fb0848bb-cdc1-4bb1-9505-a653872c4ade,e1446f1339f0442eab58c7d087753857,PrincessPanda
18ef6934-6bdf-4e9e-bea5-29ab8013563e,719e4e3ec3bb779c518560d797ed9516,PioneerPangolin
fbc45ced-46f4-4fe6-8331-f2b22d58506a,7ee204f7ac8153fb20bc7d5fb8237f7d,MadamMystic
cf1d1ac9-e508-4624-ba3c-d2a99f6b5742,8014433cc965bd1e0f77a37f16016e1f,CadetCapybara
8643184c-1c30-4ff0-a123-0f4417dd213d,b3c5c6627143b4058e184516bedb946d,TheLeapingLemur
a86af228-94e4-45a6-b4ae-9162e9a33768,0bd5e4fb90a34683e430534ff5c0212d,ScoutSquirrel
83396bdd-c9d3-45ab-83cb-a4d9d97e6f7b,02eb4957a6f8c80a957afe528887bc1e,MajorMeerkat
71b669f2-1a04-4d7d-93c7-44642a9a3469,cf5985eb25cf430a791ddda5d197e2a8,MadamMystic
fbc61f8f-dcbb-4dcd-b799-233e9bdbde24,fb47371d89c26d775a7985a998f571da,TheFunkyMonk
7f33da47-f047-4589-bf69-44959c897476,4c9406746bfee081a852a61352a09237,TheLeapingLemur
318238b6-26c8-40af-95da-16653596d7f9,9dc4af23082379819515ae211deb857c,QueenQuokka
eb88cd63-1241-4123-a95a-c7a92a1a1a9c,c1a4c3d1b7db76ed91b945b773893c0c,TheCroakingFrog
2e03fe38-0d0e-46f5-9aad-498048bd44db,fc8e061a6dd911d6ccaef6434e2d0da5,TheQuirkyQuail
98f091b0-9ebd-4a0e-99df-c06bc0d95997,6f9178329a483af9e0c8ff52e54ad482,PioneerPangolin
f1d0ef24-8e22-4053-bfed-f7a58f94025b,393492fd2e695f3537c82aab14f64cb3,TheLaughingLlama
bb979941-9c70-4ace-9640-72d1bfd96a8b,81794ebe2028b87e8dba61a5a5610888,SirReginald
cfd9a6bd-1798-477c-b4de-b5fe5c1b24b2,574373499a4d90b099d5af8607510d8e,WardenWombat
566121b6-8067-4176-99c8-34bcb83d6113,28594666b38e2de144aa60ceb5ce25b6,DuchessDuck
401a2c5f-b5be-4c6c-a17d-505f5bb436eb,fe00dc0430ef3c7356ee606d9f599284,ExplorerErmine
24fc0db4-3547-4e8b-b72e-3c656d685c84,790147db653e4f32a7738047733c2b94,CosmicCucumber
3fa34675-cd30-4e04-be6b-8e2bb6a46e9b,322b74c8b651c4645af5b5c0baa9b080,CommanderCobra
484568f7-b782-43c6-9764-aefe5d05aea0,b8181e83e441a5068c9940c86f7968d8,WardenWombat
b1b17a51-abb9-49e7-a157-16ee5f9be726,609118e05aaa064f71fef0cd94fccde4,CaptainQuirk
5a72c45c-8a50-4a4b-b61e-a7b598412a13,b9a32b2d08a35920e68ca050c351878b,TheWhisperingWalrus
7c67fbd1-0203-47fc-8bb7-c722ccf62fde,f45b0d038572489dfdeeb1103d145631,TheBabblingBaboon
43598db0-c574-40ee-a196-3158349820b0,baffbdd01cfe7af41c8269c9a4de159e,TheMumblingManatee
46dbd4b4-1dfe-4e26-a582-27e9611701bc,484e35f377f9c35a94dd3f3cbf2d2232,TrackerTarsier
8c938906-d39d-4163-9dc2-b9767654ca74,09ed94af8afc587234849cecaa4a2a70,VoyagerVulture
59c8b36f-75f1-4606-bd86-d4bb759f3949,417730563a0ef93b387255594f1e1221,TheSwingingSpider
d6390a3c-9b3b-47bc-b030-731138cd8d74,af53cc6ebf01259037254eac84a75044,TheFlyingFox
02970d94-b3bf-4f70-9f05-dcd807d53835,0fb2f38345589f6687cdd61d1602a561,TheHappyHippo
8a4001f4-1b06-4de4-bfe8-8635df724d29,865530d08a84205c5cb737fd6944155a,DoctorDapper
ebfafdc0-9f4d-4e02-8ad3-4369017ff4c3,ff351723a2d6a51372b431394a462b1d,ProfessorPixel
584a0840-a119-4682-85cc-fd64f36c329f,4a73f4aae89dedeadfcef44b9e23714e,TheGlidingGecko
f13c3abd-9853-4d1a-ab5f-102579c629d2,32a8a6b2b6fdaf21d9f1b6f45a195480,SirReginald
69ac4d33-fdb6-472c-a42e-444f62e39b53,57fb364b87234b223d478d12d8675d3a,TheMumblingManatee
24f3d679-4989-485a-83e9-f2f4914243b5,f53598b87a94550c5b75eb6f2fc3d697,MadamMystic
2e697e70-8d06-4fd8-b31f-0a4d148195c0,697870ef6422f8d6de9eaa56b89a9497,TheJellyfish
ff62b055-ec3f-403d-8744-24b29375a925,caef6a3a1ced07cf92c6de81306ae644,TheWaddlingWombat
67a3b269-5ec0-43c1-b9ab-43071dca2c5b,4b956be85be8350d37cb10ff7cec615f,TheCrawlingCrab
ee2d0e7d-4fea-4cf5-8080-829eb10f49d2,d1c8712c3d1284f7e88a544e8b18cb63,TheGallopingGazelle
60a76f5c-3f80-4e46-ab64-3b2b18186b0b,02f609fc9a44f4c17a2d325224d491a4,TheMysticalMeerkat
057cac61-115c-4b11-8a17-43568918b4de,bc6b960d5088c270bf2cd9b0711c63cd,OfficerOcelot
3e74158d-f913-42e0-81c2-5d31346cf636,651c1abb6405c86d506180ad814901a2,MadamMystic
7a616f50-90f1-4dec-8754-ef5ff6c926ba,5a251e1129c3b1c5421728ab94dbb76d,TheRoaringLion
15eeaee2-ba46-45fa-b283-76846cbb50d5,b3bb5fdd855d145739a523fbd1c5dde8,TheHootingOwl
6c16a359-f5b0-4224-852c-53cfbd5cf668,e69abd1efce6623eba5f4ff7afaf0e6f,TheGoofyGorilla
47fc2db3-f23e-40d2-9a35-27b51df93082,bd3e0f38b055fd92b0a75bec19d19344,TheSillySalamander
19c70362-ef54-4ac5-901f-d92b6b1f5aea,2681d655196d525a3b610c9a444fc2b0,schubert_fan
ff4ad257-5880-4936-baf8-4771c8d530f5,07755b58a2ac9fff4ecc5579c9943ef0,TheWhimsicalWalrus
476fc85f-f6f9-4484-8927-d776e7a3bef3,997acd0b4d62b47fa7c61deda45fc179,TheSnortingBoar
cb193f6b-03c9-49af-8f05-5014da13a0a4,95d5dca85fe2ccd6af48d38064b3c88a,TheMumblingManatee
f72d72c4-0fa9-44d7-96df-35175708c8b8,629e42318753c5a4055138590cf624c8,TheCroakingFrog
2601454c-a34e-4772-9b24-d0c40f4607aa,f0b069f3dc9243782963d58928a3ad4d,PrincessPanda
94a6cb82-9b34-42ea-899f-be3dacd42603,b302f547773c74a6b13553d25ef4d8ab,TheSwingingSpider
1026b1e6-0759-4abe-b7ac-b796cbd9e77e,c6c1eca993116f3291592099e2fffb3b,TheSwingingSpider
3d9e2f5c-1157-45c8-bc88-75967e91ec2b,054ae2be3311f91ec24cffcd02fe73f5,TheStalkingStork
b2666e66-cd0f-429c-8712-37379cb47698,3ac31d217641617d350a57b0d96ea844,TheZanyZebra
fdae632c-0e1b-4836-a8c5-fae47de7c800,9526d71c7fda56ea2ea85f13eb6fb35b,OfficerOcelot
0be42b31-4c13-43d2-b464-25a1feacc2a2,0544121b5673d30f5825a24786e1085b,TheFlutteringButterfly
5e9a5688-910f-4876-9228-fd91e9c0a09c,ffbc8e21dd1bb687c063021a85517754,TheChirpingCricket
a58a1453-2ff7-4528-a047-ac3d2292f559,8859c4128cb5f59f6648b48fae0411ec,TheCrawlingCrab
042b6aee-b811-4642-a1e9-ca52342c4490,dba6fe66eb7fb0152e3a52039870d153,OfficerOcelot
4eb88a74-e2f1-45e3-b2cc-646b961117c8,1c3be0fa2d5a89c1b9da10c091306aba,DuchessDuck
26184445-6949-4495-b087-8a7515ef31d1,183392c7efcff95947242dcfa39167b5,TheWhimsicalWalrus
6790c5ca-2f7d-49ba-aab5-a58314b11ee0,585aa177ec2942a33df3117737f7a6a7,TheSqueakingMouse
4c80c995-f852-402c-a9be-f813f1e3ac7d,00d500112d8d7212d51b85de3487561c,ScoutSquirrel
9d716952-a0a9-4b16-9d44-dbdc984a44b9,9031479649ff3feb616ec221e77c343c,BaronVonBubbles
d712d2ce-ba13-4287-9462-432c3f969ae4,669cda8b2d56d0be2f7bec5641ae4a7c,CorporalCorgi
4f06803f-1b42-4c16-9663-74321b205545,311d3e534a625ee5b02215efd19c8bcf,TheSillySalamander
1022f35c-b66d-4c19-9f08-711ee8f537a9,e586388b18369d6a5124ff36aded658a,ScoutSquirrel
59595503-9d87-4ab5-8efa-28562f75a0ac,a4a09103ae2baa927e2102da520ea9f7,TheHowlingWolf
c70ededd-f716-4cd1-aa1c-a1b34a6e5469,084ff5140c63d0c6cd13a98c0022e6b0,AdmiralAlpaca
f889765d-ce04-4972-b465-3ad073f5021f,36d1bb00ce41cfa87ac2d585bb6dd19b,VoyagerVulture
502f989b-a06d-412b-af51-971820b2c4ab,90a412201dbe87c9bc6dbbad381a705e,TheMumblingManatee
095da0d1-98a5-4087-bd3e-a5b51d06c2de,91490e98fd406d5e8d57071e1462c9d5,DuchessDuck
6c9b11ac-8a48-432e-9927-88217de13db8,7ae4204050e8f26274264793dc68e94c,SirReginald
34c7bf2b-5a16-46d0-b3e9-b8f1822ac69d,6cde1974049016cdde1fe50971dfa09d,TheLeapingLemur
49065997-accd-48b4-9d53-c0a2be46c160,2ee7657533a45b029920f40f3b569a4b,TheQuirkyQuail
7ee55c88-df86-4be2-9761-6482f00be891,b73c187a3a97f9ee704908bbe9598425,TheWaddlingWombat
3458e3e9-3bed-4650-9fea-e3364d7fb547,64e55226780f9af63446d964d7f6d375,QueenQuokka
f8001a00-7846-42a5-8f68-4aeaeca07514,55e95fa861262cec00ef6fb50aab4608,AgentArgon
2eb755d0-a70c-4e8f-b0df-abd7e62b97bc,7dafa70d2532b078d46885947d0ccf98,TheGibberingGibbon
62c7b14b-faa4-4b97-bbd3-6242735387a8,3ccf16f234f00b785268d95dab3fa3f3,TheHowlingWolf
3dbc341d-d637-4d20-ae69-926b5f5c6795,d60b49a69111876095c3579f52823704,TheHootingOwl
34978eb1-2a0b-4c1d-b684-7a45700ddae6,03e77c00936a6f847509a51bf6e36f4d,CorporalCorgi
2c66b62a-23e9-448b-beda-5c168461762d,592b777adeb74e1e1faba976bd3f3d79,CommanderCobra
45721ea6-6953-4b5b-a2af-51d8c5cd6d45,03750708e3050384e032f146483cf53b,TheCreepingCaterpillar
efd164a3-64fc-4846-ab31-33ad95c6b425,91af393b71aa5d9e8637c827b4915ffb,TheCrawlingCrab
5479dfd2-4523-41a3-8506-bb50913f134e,2f6a45777d21497853009b9e809f9025,TheDancingDingo
e9bb7085-4468-4206-9dd6-147c06694fad,55c0878a3044a3571eca86aa5157b79e,LieutenantLemur
f059b112-fb30-4b81-88b9-090fabeda4ac,1f7d3685ecfbaa27bd87873bad9eb58e,TheGallopingGazelle
48db55de-f75b-4a77-a983-b16ecaa04a3b,6a4d20ef4bcbf361ba9ff38024f81431,QueenQuokka
e97c0348-5d29-4ca5-8362-dff8186aab5b,aac2ca03c054fad4613707e162f77724,CadetCapybara
21a525c8-ec65-45cd-9619-9a5b1879fdda,bf8559ddfae999388078b19b5bc74bd3,TheCrawlingCrab
b46b89ec-a26f-43fd-92a4-188a9b416f1e,f395e67e9576ad8f7eb184cf0c3743b8,PrivatePlatypus
12dc3797-22b1-4dbb-afcb-b7ffe39f4862,dfe1783ed6328da04114f7af2cee8c23,TheMysticalMeerkat
383466b9-da41-4d10-a5f4-4f375e4af1db,a048426fd866953f7a69d8f2f84633ee,TheBellowingBison
cc5422f0-57d1-4c9d-ba36-8b691d99c8cd,84967216c8d526f93c35f7aff39fd14f,TheBuzzingBee
61c6a490-5206-41cd-8ce6-f79833176446,89e4938c77d1e6abdb5ac2132aba23f9,SirReginald
94ae83d9-295a-4800-94ed-d0695f84cfae,5c8c8b0c12a42fe0b992b9143f9b69e9,TheQuirkyQuail
1fd4e4c3-a1c2-45b9-8f2d-dc84b556a389,186fb0bd4f2ade27357e4c4dd71aa95e,TheRoaringLion
be3fe1c1-03da-4481-9762-1c2dfd82b52b,bf575ca8b1a16ea26b820cfd18996fec,TheDancingDingo
318be82b-7a02-43da-92e9-6649dd5881de,e02cce0abb1eb28d2ceb2ac792aa34b4,TheMysticalMeerkat
ee15147b-d016-4593-8697-544be005ee24,c553b1aba4b5484d8f9479b1cb1e6ffc,EmperorEmu
fa9573f1-ce83-48f5-8c09-b2109d11dc0c,dda27ad6e625d1286e085ba6e2226d82,PrincePenguin
7a16b0eb-a4b8-4c4f-b596-5c02f22e19b0,6271dbb3b13b2da8ebd3483f357ed3da,PrincessPanda
46c125db-1c41-407c-b1c9-6ba13a267bba,9228f37d4fc72ff3c20878413764d006,PathfinderPorcupine
7406d1e6-5c8e-4a95-8a6c-c0f5ceec5945,eb381e8d102fbfe67f7312e26a9f9f99,TheSnortingBoar
862771a6-97a9-4be8-a33c-a49a618a6525,04c9cf8b2ac0370ce87f2ba1d7b14d89,TheSillySalamander
0759274b-53d8-4197-851b-f9e4c786ca7d,491c3ea74964e1e0b52eb77b7a9ed839,MadamMystic
e7239e46-f1c6-4090-8895-5d14fe7f2bed,1a64ec78f91afa833ae12c22ccf3e59e,PrincessPanda
ad026c29-4314-478b-be05-dd05e868c94e,21b56e11b0744cb7d962fbcec719a90f,TheBuzzingBee
92fa4edb-56b6-427f-ac66-dad06436cca7,84fed03bd0c84c51a7ab487cffeddf5e,GeneralGiraffe
cdeb1939-3bff-40e0-9f1a-a3bf34bc2f41,011c3360cd8a40f332832d88c36ff001,EmperorEmu
9980d45f-ce74-411c-97f1-343e86c5fa27,7e30ad60a93e8c99ff7609ef2c37613d,PrivatePlatypus
25fe480a-8b72-45a4-84a8-e766452d2a9b,9b2582f3305c92b06496508a6ea3c619,TheSoaringSeagull
7aeca98f-cebf-4e81-9cbf-794c5384679a,c8185b27b3809b5ccc6f2c0e3c07c1c9,TrailblazerTapir
00e2a933-8e7f-4606-be29-c129f1411157,3bfdb0c433fa9ebb3fb207c3ae64a4f5,TheSwingingSpider
5be6b999-f533-4a8f-9260-2dc804c12735,b9319541fc870bca1177204d5656a486,RangerRaccoon
c9377e19-0611-4f83-882b-65761d9f85ba,e2d99ea858209b25a05f93d81ecdfe1c,DukeOfDoodles
82f47802-ddba-47dc-affb-645531df4ae8,10b0a14069ec0e244bd1be8820c06330,ProfessorPixel
7fdd941e-3222-46e7-bfac-9ebad2ad0cfd,6eb4cfeab9a89949f9f27a6ddec1137a,TheWackyWombat
5c2aa4e9-9c14-4737-9526-a25444f39171,9ef50cba75278c51401026dee9908e1e,TheSillySalamander
c64691f8-36fe-488a-b8a1-447a2e13d0f0,1d18059c9dcdce7a3d0e9557f8b1a09f,TheSingingSloth
de62ee15-f9eb-4266-a01f-5f9e348ab35b,a87a94abf05aceba2e6e763581a15308,TheHowlingWolf
0a334c47-23e4-4981-8df5-586d7171f5cc,32b629817cb20ee11b5638b56c4535cb,PrincessPanda
fc41f641-1b8a-41ef-a27d-6d5b03a50243,e4752c789720e7ad46b7974b25a176f2,TheMumblingManatee
2d426d88-bdba-4028-bf90-b7f15f1c42b7,ad61895a598d5338b7d4f0d7072f717d,TheRoaringLion
0047a5f1-7176-44d8-9b55-3f8c6ce6251a,6da02de6f1ea2cddd7c72f255bc4f5e1,CaptainChameleon
220f621b-5d7c-42d7-b539-26e8d0c44bf9,84f22265392cb7c07f13bd2051d36e9f,TheDancingDingo
cc05b9ad-f477-414b-b3a6-1732c4f4b645,1d7dccd2d3074ae8e95897a6abc6180f,PrivatePlatypus
5e34e95c-f2f2-4beb-8052-4c74333b2e22,6488b09aaa4afb1800dddaf9da841b18,BaronVonBubbles
c60f01ab-71b1-4a72-bde3-b2c29018a008,026d5c5a0026438020e0d98b7ee3cb73,BaronVonBubbles
82ba5812-b909-4bf1-a208-7b1a2c9314a6,7a4572e176beff6886cb430973ad2c04,TheSwingingSpider
ffc5c431-8e7e-4118-bed2-7bad177cb9b0,8305eeb5e85469a903a5cdb1bb45158a,TheHowlingWolf
c536e561-ae65-42af-a41c-6acd3db64664,4f358fb88b1f93237fc4bde8d4033723,TheGlidingGecko
ad62ab4e-902e-4d9f-93ac-3dc876a8e309,e14b6a084c4122c9bc9b2c21924bcef1,PathfinderPorcupine
8a377ea8-490e-4d5a-9e63-cca092b9c386,d2e3bf78a5896e868bc8b2dad6df2817,TheFlyingFox
71a2ba96-4545-4e0a-97fe-5dafab2230f2,8adb50c4bfb26e2330b11717aab0ee53,TheJellyfish
69281b50-0caa-4041-a718-981ff58b7657,4702538ba7c2359aa8f32a4bbc55201d,TheBabblingBaboon
bb359822-11e3-4883-ad0c-e5852578a3da,5e13fe40fcd1cbc0a82a7df5645be411,CorporalCorgi
1e8b457b-93c0-4e2d-93c2-c9f514a2ae94,9bc2c4cc8c33fc11f254461bee3a7bd9,TheMumblingManatee
b9f17f7d-f0c3-4b88-b459-7e9233eddc58,3c65e4d90d0423fcb8b4029766d9424f,TheGibberingGibbon
884174e2-a524-4c70-b8bd-d47d953761bd,6a8bfef971483d179cabfae8f71fbdda,TrailblazerTapir
45536b2b-6b74-42af-965e-0656ecb14c06,d50add806bcb9bb048dc87ab7d5a3a08,TheCreepingCaterpillar
db7d1e29-e5a6-42af-9513-20453192b2ad,68285aa1a0a41e7ea1cea8e264f259eb,RangerRaccoon
f8ba1403-fc19-4eac-a89f-2539a2d46bc4,94ee63bb707335e147e01b43af35d151,TheFloatingFlamingo
00db6102-fe9e-45da-bde3-e825d8f8076a,14bfc5e05527e7d1358a0b549d2d521c,AgentArgon
79d89e72-597e-4836-b981-2b0c5a667163,03abaf2dacf95eee1124bdb93cd38167,TrailblazerTapir
41315b36-7e22-4238-972c-b568c8989b14,cb875e9326e2dc0aa2cf628dc96b6ad4,TheSillySalamander
1d3b185b-9fc8-427b-9205-d80306059f6e,8d01ff9d01704f3f9129e55da9234bb6,TheMumblingManatee
60d0cb8c-6b13-4f36-8a72-a5558119eddc,5bd797fc7d640d2d0e107c8dd54eb6b6,DuchessDuck
8825b673-ba97-42d0-acb1-0510736087ed,750751279c35c94f95c7ff6e04bcf7e7,ThePrancingPony
86f199ff-6143-4a96-a1a7-00dc235731ed,153ced483c6e46f7815829514d67a1bb,TheCroakingFrog
4e856e36-0ddd-401f-9500-e6e4cce7317f,03e61d580e1f79aced61d24a3895b1a1,ThePrancingPony
d58dde35-27e3-4f00-b3d2-e14cf3b97442,7b41d52ce03659fc076966f20725c59f,TheTrumpetingElephant
fafa9392-1cd6-42dd-bb61-62048909e0d3,b2c2428a91158c5391e619cf0b65bb27,ExplorerErmine
e0cd6a2a-2521-4d7a-8f17-838d2f9b97db,a7d16385003cdc55aaaeeb5bb2f57777,TheDapperDolphin
0ec9cbb7-fdb8-40fc-9647-145366ea6d39,a93830c3d3a8f73a2b8ead97e98ee503,TheGrumblingGrizzly
6f44eaf2-c64c-4142-89bb-293296e115f1,507c7ee98f9c9f8a05099db2c0ac23cc,CountCatnip
33690acf-7886-43f2-8de3-49d4d1129ca9,c477866e13a259ff7736716b2d4d3b5b,ThePrancingPony
e51449cc-0da1-43ea-9466-373b5c6f5e2a,dc75f1fc5ed91a74a4fd9ddc4019bd89,QueenQuokka
946a4c7f-c091-44e1-b10a-6b12e1b05ab4,9fa5d9e68d0650ed4d98d54b6df5368c,TheGoofyGorilla
fae4eb0f-fb8f-42d6-a1c4-db509e3f50ab,58be137c393bf4f39f79ce859d474b79,DukeOfDoodles
388a720f-3e55-4353-8efc-9b0476d3c5c3,813326fb2bb5ed0d8a6135ae506bca43,TheFlutteringButterfly
01c27f81-5dde-47fb-b97d-52fe663171ee,4a8f5f2380535034ceb15c8d25d2902f,TheDancingDingo
524d5002-1e8b-4565-8921-58521f830099,262d2d7c1ac40f7797f7cbfa56f3b17c,TheSnortingBoar
73de7c4f-6e72-4c4a-b837-1c223adfb889,b33a8699311b290c231001772ff236eb,TheBellowingBison
919bdbce-9a64-4492-9337-4e5c9a8f1ba3,14c54c62d29f8ff17c64c3425e8c415c,TheSillySalamander
b66d15d1-6ed7-4b3a-af90-9b0d90eb8494,e8a27122291e784cc0f7b1dfb07ad4a5,TheJellyfish
db6db414-e64b-4e09-b6db-04e63ff25127,c5be9129da4713c0a4b636abdd827a20,TheSoaringSeagull
b4b56769-f809-4b3f-8102-84d8c0cec029,e8a5b12141f8871c2f220f0712b10447,TheWackyWombat
d6b0924e-a1aa-492e-8eca-e534dd6314f0,01b046b943b52ead6a62b21b911b0491,TheSingingSloth
67e4ba2b-dfc1-444d-90dd-afa0469fdfed,dc6177649deb1f17d9aa125bdfd1b04f,TheChirpingCricket
79b8e4c5-3ac6-440a-8d4e-1b33275c6dd3,b6f101feb28973bd5e30dfa11a3105f9,OfficerOcelot
e337a21d-1446-48c1-9b8f-58ea1bd8b6a1,f4fcef2592df45a231c28be89d9ea7fa,jkap
983da030-48c2-41a7-9dbb-4ce6138b210e,fe47053c4243abe5eb28d4f0e2ce11c0,TheCrawlingCrab
dc9d7919-e1b0-4caf-abca-71ec2cf74080,85bec1cc935251e7a653652d542b3a55,TheStalkingStork
5ef38632-d7ad-4d64-8565-a7ff243947c8,ce7350a74b9bece67e2541c0297a0326,TheLeapingLemur
4d065118-92f7-497c-87d7-dbd8f1622ad6,3c3a47bb0479dc5bb23741a314999712,TheDapperDolphin
dfdc41d9-8b9d-4fa5-8130-36e13da0162e,b9df9922e0971914981eaaca85824016,TheWackyWombat
51047c75-b5da-4cf3-a197-52bfb7e60441,c15880a78b468473515a635349eba392,TheWhisperingWalrus
e31eab6a-2ec6-4ac2-9873-69d5b386e427,2e19663bc03f12a3c594182a26a21999,EnsignEchidna
100efaf7-410b-4267-9466-3074d33b3773,95cc31a2ae00badeb66414d278c601f1,MajorMeerkat
015b628c-27fc-42f4-b94c-1a4ca26bf1cf,3095b52272aad8b1c08c26b76393403c,DoctorDapper
55b1f81b-6998-40d1-a4a3-d7946daac741,fe07de0e8e074f3e72b8a6a579d9aa0d,MadamMystic
0b109ef3-139d-4ae4-952b-f31376fb1779,52d02f0a137104bcd1021bd07396ade2,TheSingingSloth
e93d2e85-61d9-41c3-88d7-409d082050e0,34f927d68507a6343beda0a8891a5886,DoctorDapper
23cd9e82-f6f3-412e-be04-ac5c68a97630,868df04982087782b8db740fc5fe2392,MadamMystic
919906af-a59a-4914-8e84-362c4ad72cce,be7cc2d630f0d03c9e138c2045551a16,TheDancingDingo
066e678a-4db0-4bca-b718-f0247e21173d,92dbd0a54d3a9b20add9da9c17d1f9a9,TheBuzzingBee
2c014375-03a4-45c6-88d4-d6c7b91eaf4b,c862137a2e5214bd58475c4cacb95d9b,CadetCapybara
89061e51-5af0-4307-ab35-972bdaf9ab8c,f0a1d6fbaed46d2f14bfb2e8681655f4,DoctorDapper
2797b345-f76c-4191-a149-bd3a611ce6fb,3add5840bf1df829291338bf50dd6ce2,matz
a816e090-a4f1-4720-906e-30e8ba28181c,a74211e59f1fc525f0abff6bc05c9c96,TheSillySalamander
1b09d9b9-a326-469e-950a-9399e32441a1,07fe02c5bc9e2104d7865a9cf2a397aa,TheLaughingLlama
7c1b5270-0fb6-4947-9892-a5c26fe7e649,18972835f40a33f91638af5f794a8d98,TheHappyHippo
f154eade-f165-4c7f-8b92-863a49f4ced5,300c9535368e87828ddc4c6818c1b8c2,TheJollyJellyfish
eaa2fbe6-926d-4afe-9f51-5b482d5764ed,4aa00bc1e0839b074ed338cb3030c098,BaronVonBubbles
cf2f4747-befc-48da-8a80-dba75bdc6cac,346643ee1f531abb35cf82f4c8e67fb9,PathfinderPorcupine
453ea8d2-6b99-4f24-8e44-400c1987800d,9dea9f2795e8fa76cdb3e0bb22c76a4c,CaptainQuirk
59292aa7-13c5-4d44-b342-e178eb66d2e1,1a0eb89c64bb9b16c3bf7896f95e29c6,AdmiralAlpaca
7e5916e6-8561-401d-b12d-af77d4488444,13e5bce696738919788077ed674a8f7e,PioneerPangolin
d2a77e0d-fb5e-453a-851f-82d03f26f3d5,a61a4125ac0b32e1c448129adb2e09c7,GeneralGiraffe
12275551-228b-4054-b681-74b2ecbf2256,4a864c850b47e74d3006c0a7533ed5bd,DoctorDapper
d802f054-3aea-4479-9f26-20e4c5e1f2d6,214a45a89b1297093d146911d539b883,EnsignEchidna
b673cdfa-c467-49e9-b70c-ca70bc3b6956,7976ecc1b405894d0266da875bf21c4c,TheSoaringSeagull
9189a398-50fb-4fdb-b0f1-2c9e323833c2,d9fcda9d6de5200e18933f49d867d68f,TheFlutteringButterfly
ab701330-b7b9-4204-9ab6-663d3d12147b,35fb37f419f1c30fd84b2567ce849400,TheHowlingWolf
3a5621c7-0868-4f9c-9f91-b2e0b2efd7dd,b1e26069e5f578b90d82ed22b623f245,VoyagerVulture
bfddbda8-6cab-4b66-88b9-4e1fab48354c,83a894aa50d03e06994fab4763c29689,TheBouncingBunny
cc5a0a0d-da1a-4518-9880-d8050dfb005a,c9b9a6199c480ecc44941489114c76af,TheChirpingCricket
30833da8-a791-4a3e-bd50-13b24079c7f0,6279663933031083359a51a23793389a,TheTrumpetingElephant
fef2eb49-9843-4643-bce5-e736d36f5ea8,a3e6a352dd6b59d1df9ad4b104f5e235,ProfessorPixel
1f927341-5f9c-4c1f-afb4-2dfffeb059df,c7596d78bf9dac4f28c3fd10c6ce1a3c,EmperorEmu
dc1d9ba3-bfec-49e6-a352-b4fbdf391ced,ab7a80184061c794c86664919d090522,TheChatteringChipmunk
4a5990f1-7d23-4dce-9052-f79aebdaaa98,1a74f0f207cb606590b648ba21074ca6,KingKoala
f106e46d-2d3c-44ab-8afc-93e4ae6dbca5,013bdcd403cb195a242f634eae0684f2,SirReginald
3d0fb467-2d63-49b3-93f7-8504c68dc254,bef36f596093de1a3b881a5f7553cc10,TheSingingSloth
7a9d23f6-46bc-420a-bf91-7d271b225fac,26f7dc001a02de8cb3e8cfeb85c89d2f,TheDapperDolphin
724a43e2-a606-44e4-8811-f05e0751dfb6,5bb9aae3937ec6f44092621e7404d74a,TheTrumpetingElephant
6d0f61bb-fb33-436b-8899-a7464d6bd24c,fab870a1f50f53177d45f396366737ce,TheWackyWombat
7cafac98-a6f1-49d2-96c9-277afc94c42e,33a6f82f86d3c69fa6853759edd82d10,TheMysticalMeerkat
fefccf00-54c4-43ab-b152-40edefb74780,074366818b87c67fadc97ed6cb31c57b,TheJollyJellyfish
ef884660-419e-42ce-9c95-c86a1ffac1c1,292859ccb4a083f90e7f481cb0f6a892,TheChirpingCricket
04fda8b0-ac95-4d53-bec5-0cf1ce81899d,76a98f64f92c281ea75e4eab024812d7,WardenWombat
17090b53-d3f1-40c2-99af-49a4091048bc,ef582455f7bab52d0cb7c265b41d4c68,TheProwlingPanther
5339720c-ba41-441d-9769-8359ad8308b3,f85681982a9a48010546ccc246a03d07,CountCatnip
9021869b-e62e-43d6-aaac-74a540f5c230,54011ba55494da1d8f028dce47079ab8,TheSwingingSpider
a6c34282-ef8d-436b-a267-86f25b43d705,a65506cc60e63b54b49242c7ddfb245b,TheSoaringSeagull
a46d117f-b281-4974-a73a-124b47d10101,d5bd747e78e1eb0e9b0497b1974bc7d4,TheStalkingStork
2e47cb84-3f1e-407c-870b-dd9be24402d1,266556df973f467ee8b88d948cb29a31,TheHappyHippo
4038c2b4-58f8-4358-8848-586261f3876c,ad487513bcf6a3bdd9423a3225b4550f,TheWhisperingWalrus
df5eac53-d9b1-439e-b6d7-7e7c96973584,455d54275da47014d528a42182b3923b,TheWaddlingWombat
57367a9a-3fe0-4ccf-8181-349c3a34393a,d5d96866a6f24e9c94646c0765e88ce5,ExplorerErmine
72e42012-fa06-4f37-b7e1-19e5c87b53b1,84ac852331b2980811860a3b15a5e557,QueenQuokka
b3736b8e-a7bf-461b-b1d8-2852d738b3a8,871db842b4b16f08b3c25ac2ec4e6d29,TheHappyHippo
bfd10b2e-29fd-4602-bfde-744d0ea2d0fc,4d7e828d0c09a896282adbe32f891b8f,TheZanyZebra
133b1f4b-054f-4377-bd63-815c17da78cc,4af872521f0d68bef07279cd487e689e,TheFlutteringButterfly
ab0f627a-079b-4b74-9ef2-af0270506691,a7d36ec17859be05c8ce92f0dc543af4,TheHootingOwl
6dc67697-ee6c-402e-b9f8-63db3cff011c,a370158f0a504bc0434b3d4852133bc6,TheRoaringLion
073fad9d-2320-47c0-a7c7-d5c993b9e18d,fbe87c28dbb17914bfa7aa3239c0d578,CadetCapybara
f5b924e6-7683-44af-8fab-74c7ed52b936,93379f3b83fd8a0b6bfca56994ef8598,PrivatePlatypus
2ee5bc77-c77e-4f54-9f0e-e332eb27c2e1,603f340bc6d76df21412edc2dceea637,TheSqueakingMouse
7861898a-a600-4ce0-8ed3-84a7b0004fa9,c1d0ca08653f3cbb5cd7ede8e2a807f7,SergeantSloth
c00e737e-e640-4666-ade6-7d114bd2ab74,2e6f29017e0a2b938a0c6438eb43b59e,RangerRaccoon
24cefd99-83a4-4924-b166-6c3015976acf,14b4d641c7019a78c4e139d25ac17daf,TheTrumpetingElephant
5fcd3297-4f79-4882-90b3-a4507de2bd52,1e81c90152c2200dd757794360792df2,EmperorEmu
f8b91040-ffde-4d44-85a5-ad5436f265c1,5f13abae50bbccd05aa1bd03817ed20b,CosmicCucumber
537579dd-b797-4b1e-95a8-4da4fd2c6370,95f34b6474bc1b46f4d0b2aa781d42bd,TheFlutteringButterfly
f1d26f5b-a0f3-4ace-b255-51a5ee5b831a,314c468e39ba9c10d17e4f7f08ae8a0e,TheHappyHippo
61f396cd-19a9-487f-9906-9a14342f297a,a8c68d7b1576cb73a8bbf0ce547e159e,SirReginald
84794ca4-81ec-442f-a323-7ac4d76126aa,12ef5926078ac798e6963a4b89f3bc86,PrivatePlatypus
09ae9939-1f63-4b0c-a76f-9b672f2873ca,ff1fec34ad8c986295a40edfe852a0c0,EnsignEchidna
c36a383e-5f78-498e-b61c-65e8eeb143ec,454a3ae7d1a6e8d6174e7363281591a2,VoyagerVulture
8d073719-6bcb-4ae0-b975-72e43c681ea8,76ddd099c2ae5c36333fe2b187619b47,AdmiralAlpaca
ea45cadd-92a9-45ff-a84c-821cb4632d6d,c5646f1fa7f7ec08f28121a8a3287ded,TheFloatingFlamingo
d6aaacf7-7a17-49c0-aec7-3e11277bbe7a,f7cdc4022f59b9b61b5c5097c169dab3,TheGallopingGazelle
53dc3c02-6ea1-4de4-9a72-daa0018f453c,0ebe37ce3966ec4e2b7cc283874de9d9,TheLeapingLemur
ae6c5999-6500-4186-bdd4-02cfe7479ecd,122448b3587eb2b19214cda382364fde,OfficerOcelot
5d28736a-c684-49ad-bd0a-bddc0a6efff5,f4ea8ee6794c66328d1a9af381c9e3ea,TheGrumblingGrizzly
f25afb4b-42f4-438f-b56a-f3e9bd1e4ee8,e14ca24a793c95f5b848f4b4a4121bbf,TheCrawlingCrab
09c7db86-d0f8-4abb-a91a-a3a27602bb05,4830bcb1444c469ab0f6eb4abcc67503,CaptainQuirk
4d4c5459-be97-4449-b269-949c858c966d,9e94352663562b3da15fa9aa8bd0395f,DoctorDapper
b06c4124-8e16-4dc2-9305-db8edcb893f0,72b3d12f00eeacd2950200e259cbc3fb,TheHowlingWolf
b6f23bb7-5cb7-48ad-8b0b-9b2684ac95fa,ccf68f2275ec5d4f2a6e8836ddb2583a,TheGibberingGibbon
5bbf39b6-fafc-4d86-b1de-8a421bdc9858,804faa01ccb7d4038a142b555101386b,ThePrancingPony
36cc08c4-38f8-495f-95a7-db5aa3611072,d7f44a03963b56bffd9da53c4f83f5f1,TheFunkyMonk
08422368-e8ac-49e7-bb5c-3a854a2fae99,dbe366881f13ae30de08ce9d550db881,TheWaddlingWombat
c6ef1afc-2666-4be6-9ae7-6c327e7a0b85,425e2624e98c15e9d3f378a2c879ac81,TheGrumblingGrizzly
f7f17a55-c2ee-475c-b28d-1fbd9b739628,76b02e3c631aac23ae5d0938f58e8856,ProfessorPixel
ae39ecbe-161d-4a22-a400-a3d3e72523ee,b69bbd2f4def443f6fd636a7fa8c22b5,KingKoala
47b68b5b-705f-4767-bb96-7544a5384727,886f08e944b28a44b9d7d7a9f07e1703,BaronVonBubbles
e2403271-5431-444e-aebb-b1edeb7834c9,8dc1b2bd08e7f623082676660cbe4a24,TheBabblingBaboon
b2e1a772-6419-42d4-8048-51c108c7a4a5,fb2bdba90809b643551f3897ce0b11f4,TheMysticalMeerkat
b4842fa1-bb6a-4bba-9522-b7c699821ac9,197edaca86cca5a541dfee9bd6f35242,RangerRaccoon
64b61e59-ddbe-46f7-8efc-d7ea88fd193f,5dc5d8a5c07695a6f4d749470c81cb02,TrackerTarsier
774781f1-61fc-41d7-b1b5-82bed6650f09,2fe74778008c54a5325e9d985bb3dc70,TheDancingDingo
604a0d01-c0a4-4d7d-a167-97e6e66efc48,a0afc0313c4a2fb18799affddc82351f,LordLlama
d9051aa1-f213-4466-abff-32d79783fe4a,6798a4f993a6abbef6bde27025a04a12,MadamMystic
4e8c0c60-c99c-49c2-82ef-bb289265cff2,22984fb88c589e43a0d61829023c09e9,AdmiralAlpaca
99ba50da-c673-4020-96e5-453f92dbead2,b142654c643c55c4638a809485e77c40,EmperorEmu
29df7b81-21c4-406f-8bee-7d1adacd64d5,f01b59568bdf87bc1fcc92f27060c1ef,LordLlama
f5ec46c0-27a2-4f86-a9b5-18df1823da04,95d032fb03b1e0040f597af69175e87d,TheGoofyGorilla
8543ef00-1f11-4753-a609-705de87ee239,1c0fc5aabdcb76171477a61c18bbe222,MadamMystic
2e9acf1a-349a-47d2-a9ab-b4e821e3e301,903225e3760eeac3002320cd5fbee0f5,TheSwingingSpider
66586801-30b5-4f0b-908e-7c12555447b7,8d93d2e3b3226194c96d5cac44eb720a,DuchessDuck
54c870ab-480b-4950-9250-0e02e17a66e9,9095139996c834b46bae836a428aca1b,CaptainChameleon
6d42777c-3829-40d5-ab23-65fc5fb546c2,91ecd77a4f3944614268acb45a7f23db,ScoutSquirrel
1cd654e4-9f04-4847-b201-40c9c0c5062b,a644017758ea22553d482a7bbfa410e5,ExplorerErmine
e1ef602f-41d2-4f19-9d11-90a67e749524,27d02dc03965cd781773352c5b7b4b09,VoyagerVulture
64bfe123-e4a9-4c67-aeca-c4e3dfeb4c47,6defb9b6702a526a65af6dae6ee70cd5,TheZanyZebra
dcffe5c5-0686-44b2-9a22-44d54dbc289f,72aae8fdb111d3a8d683389bad483ea3,LieutenantLemur
4cd5584c-9ac9-4bd2-9342-19acfc399c60,540ce0d930edb8cf3091e4f3190a19b9,TheDapperDolphin
461514c9-195a-4951-b132-ae980dfe0e3c,bfe3667b29893f2ef0997450834b391c,TheSillySalamander
0f0c850a-ab88-4580-85e9-afa4b9674eab,00e01fee0ee0536d2e427a354a67bb03,TheFloatingFlamingo
f9224aa8-5787-4b8f-8c91-18e3efbb5f0e,d98b20ca97c69cb9679371a6425e941b,TheProwlingPanther
8373661f-ff92-41f1-8fca-e5d156850e7b,29375a91bec38ceb22649a1023e294f3,TheDancingDingo
c9fdb256-5823-499b-9df1-29c62e4df07c,48bab3263b3afa910136579cb44e48be,DuchessDuck
0ae451ec-9e51-4469-bba8-64b75beafcb2,e2d67f4a27b590449c8d0bf894d1a84e,TheWackyWombat
658c9cf7-f366-464a-aab3-9f0671bb69c8,cb5d088fb96d6e36ef3e48972f3279e3,TheWaddlingWombat
5d1293e8-0bf2-46dd-84a8-b4ef3859ef60,1634e9a0ea48f6bdd79dc94a0550117f,TheDapperDolphin
f176f49b-a26e-4bf6-b9ab-a75e4d95bc5a,1e248f17a03f16a4884f4c36860fd2ab,VoyagerVulture
ea155ff5-561e-4097-922e-8a8c4ccc1a3e,e0380e068b93398bf5a5d2926d8ddee0,TheLeapingLemur
7bbbf615-4893-49e0-9e0e-0b03c8be9454,3fb055ed6859de286bb744627a171a83,TheMumblingManatee
2c14ea37-c95a-4e92-9a32-3ee640a6e670,c1dc04bfb9e30339d50d8609f3996e6d,TheGallopingGazelle
bb12d7a8-5ea8-4796-910f-7a5057557368,c454287c0df9e9cbc4cc77023c7c35f2,TheStalkingStork
cbaf307a-4ba0-43a3-a422-4a2a40dd9955,efbdf355952fc65b8ddcf4aefc7d135c,TheGrumblingGrizzly
7b1b5fab-a8fa-4297-a892-44973baa60e2,a9fd77f7c1714ff9e02ccec5b46a45d4,TheSingingSloth
6f16b765-a91c-4bae-8285-04a4756c1049,bc753081544a417ac267989d35d5aa19,QueenQuokka
6288b642-f29e-4e58-b6d8-6a6df2520cf3,9ffa580050bbb37f325331878c4b34c4,TheGibberingGibbon
acc65d8b-69f6-40bb-b678-e758862e23a3,72fa2e76ad5278605e220a95c0cfd146,TheCrawlingCrab
9d0dcd49-3b99-4ebc-a029-8713274b7f22,fce1eff9ab146b3e92aece59a0b0b165,TheMumblingManatee
a202cbfc-9a95-40c4-9d0a-3bf0c4dc3fe7,f2bd40ff678067c965df8641c1d8f1c8,VoyagerVulture
0bddb72c-b5bb-41bb-9590-18b09400347e,ad7280fd0b1118698c5205ce86059728,QueenQuokka
35d637a3-e0da-4e1e-8ee3-9efd366c2975,85998d29e88ca2280dbd4c7e5dd69321,TheSqueakingMouse
4cf870ad-97e2-4bf9-90b8-103f0bd95ed1,f9f3e0579d0d77a9352c0fec8f7e451c,TrackerTarsier
40de408f-77b1-4eb2-9435-600c3fc25d9e,70fb4439b0236434950940694cc8ff8b,TheDapperDolphin
d1983cdb-bde0-4898-9990-e6616461b9c6,fe79d89fbb779bea4b518c15d32d71ea,ScoutSquirrel
be26b512-85f5-4747-9fe6-34a1cc731afb,e1c8cae7086075b300482feae0f6e903,PrivatePlatypus
f03299b3-b7aa-4253-b827-a1cd272f3924,9663c97795f917d3fc1d140cc18588b5,RangerRaccoon
667ac50e-1bda-4632-8fa5-6256d8237fd3,4fcbf2064f0d6605777edfdd269c1316,RangerRaccoon
0966d6c6-fafb-4b66-bdfc-dd837a71ba5c,50b1e7f61fc6f547377d11662438ec1e,TheSingingSloth
cfc39bbb-e6e6-4a9b-a486-9b1797f73c3b,9a50a674ce44c7e80055636dc954f824,DoctorDapper
3fe27650-08e6-4a17-b11b-aa50a2bee547,2a7bf7f9580c7b1eec60b9c8644bf483,BaronVonBubbles
023dbf9d-c2ae-43e0-81f2-cd1ab445622c,ef1807060089488448590f33ddd8cafd,DuchessDuck
7551fa54-6bbf-4e0e-8164-b7ebc3bb5b0d,f2b8ac24a128849389745c48aa807a9e,TheWackyWombat
2c6c44ee-fdb8-480b-84c1-b1e769e6a418,5c83bc43aca65e5aa14d04bad5efdc42,TheGallopingGazelle
f5bb0300-b4d5-4538-b651-50c608b5ee94,38f117901ae6d8d67e39e2bd3d73882a,TheGrumblingGrizzly
954ab873-52f3-4f1a-851a-21dbd8d0550d,7e04c06372fd44d8b779b911f158a33d,GeneralGiraffe
6504d30f-1e1c-4147-80d5-019237ae1f08,32d1a628cffb240c5bc14938cd8d8634,PioneerPangolin
9523d9f0-641a-4254-bace-ae60f4cf4a1c,48135ef2413a20af36725b942f1fc4f4,TheWackyWombat
6e4fb7dc-7582-44c9-b9ea-433198d85cca,bf94dc38988cc5d13838418612d97587,TheSqueakingMouse
130994b7-c911-43af-b72a-4a539a6a4615,6128fe3b9f0c669f78efee599d9ff85e,CountCatnip
2dc276e3-22c9-456d-b1bf-3c33d573711f,7da85afa3574ee25bd288f496d5e6fff,TheMumblingManatee
859a382d-b993-4640-a484-0ade71297e32,6de95975d3886489bb3275e0455a646f,TheCrawlingCrab
bfc25109-6e1c-4655-bca5-8da70701d446,1ef167eb903582c72c251214eada92c8,TheFlyingFox
c834aae2-1de6-45b7-a1bd-755c1a7f4d6f,c1c0602cfd6e2489e78ac1421f43fbcd,CommanderCobra
61cf5e75-5235-46c0-ad8b-81d438885bba,a66385bab61990203058ad408ef9b195,TheProwlingPanther
4674cfe7-32f0-425d-9169-7ab73d99be2e,d13adb8ebb3659b91915eea49e0fca9d,TheBabblingBaboon
654089c8-0220-4b15-b6c5-8fd416ed07c7,07adaef07acbc83c3bbee48d22144696,LordLlama
5f62986c-84b9-46e1-a1b3-e7fe0fc6c572,9cfeb34738179607444f6e4ad23d743f,TheRumblingRhino
7982e49f-e88e-4c82-918c-3a21595c3e59,422e8d2fd9db3428a423e7cf94fd9e8d,TheLeapingLemur
87ba17f0-ff13-4b14-92dd-ca4efbd55dae,3052845a82913d8ec21043c692ef75fd,PrincePenguin
532aec2e-4fea-4998-83bb-3359a045c416,f2f9c8d3f5b069127265f0dc38b8b750,VoyagerVulture
c29a5cd2-095b-4b8c-96e1-63ff3c94711d,cc882580cf91856ec3d10e167f4cc411,MajorMeerkat
4910c6f9-55e1-4eba-9113-c133076c82d4,caddb01d9c7845dbf722c48f309a97d5,TheDancingDingo
32d75d00-40d7-4b00-81f6-7151fcaa870a,4914baa44400547cc01cbfd6caa72029,TheLaughingLlama
6d15c5fc-3c50-402d-84eb-9452b57dee80,c5ac40daafffdda1233696499fa9a0d0,AgentArgon
5829ced8-6a95-468e-a5ea-68ca56a74b81,1752c78561043b5b178aa9d0b966cd28,TheMysticalMeerkat
951397c9-127c-4e21-84b3-971635b1468f,a65b6131e821ecf43976e2abb371a356,CadetCapybara
9f6c9edb-d574-4c7b-842f-0687658fa848,acfd5015a412e84f3ec4d3a1a0a259f4,TheLaughingLlama
3fabf773-3fc1-4930-9ec3-3a9c4f08817e,aa3d06e68b656a7379a79c8bc8a8fb48,TheFlyingFox
3bb50660-0a65-4178-8c71-085bd618685a,42703787b51e50e3171ad514964668c2,TheFunkyMonk
d60eebe0-4d18-44b0-9ae8-0f149f74fd52,2ca9675a31e48a14ced36c2a0ee030d0,TheSnortingBoar
d3a43d27-268e-4f46-ad21-57cdb35cf65f,2fa57451b2fdc8668b09b19812b91932,TheCroakingFrog
84f1e59e-a59e-4698-ae84-e5663c05316a,7430a63ce72e324d52bb9a6bad9bcdeb,TheFlutteringButterfly
99d767d2-573b-40a7-9202-075da44a6247,e985c50f4a8a892d88457f8c8ab7adad,TheRoaringLion
454f4025-fdcf-47cf-b769-49967db543a6,07057dd8cdfb13fc53634edcc76813a0,TheFloatingFlamingo
0cd21c57-beef-4795-ace2-0c540e09c738,0a4a7a548b05829a0aa6ab5e415f8ffc,WardenWombat
4876a23d-437c-42e6-83f8-823f79e21f0b,420f2e36b73e267454932062145dcaed,ExplorerErmine
6323334e-9b54-4cb8-bbda-6ccf12941285,9236c5972e170c6b5e16d08c3f01d0e9,TheGrowlingBear
2b8d7b2f-47ff-495a-ae23-485be9673917,ef6672a942d06852ce1e303ef2772278,TheWhimsicalWalrus
67622a3f-4aa4-455b-98d1-99e482772599,9bbfe4befa1d43b8a802f84db67e5cfb,TheGrumblingGrizzly
e7d3c0d8-04a5-481c-8acd-59ea8e8778f0,9cd8bc0300ae4baff41d0666e80234b9,TheBabblingBaboon
9ba0478f-9faa-425f-913c-ab79471697e2,1c725b6216428105f1c0f26d9d2f0b45,TrackerTarsier
a8db3a63-366c-4907-82bb-5b0cd2f981b8,0f75cc9f4d19280c50bbd2ef5c0f9a38,TheFlyingFox
aab3213b-2681-427a-a7c5-6e51a213c90b,e773b0fa689ced4335aae44846d9ebb7,TheGallopingGazelle
66583caf-2936-452d-9f67-1b76a741b92a,3a288e324e78fe12bcf7ed0f706aec8a,TheHoppingHedgehog
e27ebdf1-a336-4cf1-9526-d76a5f6a4811,3ac22a944bc03a219331bc8fc5cf01b9,PrincePenguin
1ba6548b-99bd-467f-8b18-f9968b3315fc,81e93ef5aded2197509fa9775bd8b77c,GeneralGiraffe
2a6a48f9-aa8f-4231-9868-dacbcbc62104,1ddb1f1e9cd613bd849410d9f71ba48e,TheGrumblingGrizzly
9c2abaa2-221f-4f41-9532-5847b16f80fd,c6460eff90623902415fbfa0d3c3ef48,WardenWombat
7452c8be-8cde-4622-bb57-eb280ad66118,e58e657ccd747b6c2b3d70978f112e80,ThePrancingPony
42d3ada0-a03b-4174-b319-794a767bfad5,f3ecd40b3229962316a4644f0e27fbef,AgentArgon
3d63a3f7-7a23-4c51-9c6d-beef9b021592,68582c3bd2d217ded4e4f079c1b7d397,AdmiralAlpaca
eae8c8bd-f9a6-435a-b46c-9e51e62d083b,f7cd712710b75e47d8106f4ef40acb55,DukeOfDoodles
2728c053-857d-4665-915a-91e359c557c7,bb3fbb68315d675ee6705bef41f11f31,GeneralGiraffe
30d1e34f-1185-44bd-8816-7265f766c97c,457926a701187ec6c44cd44748233443,DukeOfDoodles
b8c3d047-5c2d-4322-a8e5-47ce65c6d1c2,d6c97cf247d2858423b0fa6493a5aeae,TheWhisperingWalrus
deb2756d-d993-4391-beb7-3a93eb2b5565,0faa2ab40d3bab45a89c6e9c9c238abf,TheJollyJellyfish
26f6252f-7611-4f2c-b1b1-64a50d854255,7efe8863544c2b335fa5f9ed77d3f4a7,MILK CAPT
38f84756-6e3e-4b26-a2eb-aa67dab5f456,3feb2938be2d239ce580ec424a8db2ce,TheCreepingCaterpillar
792c3166-62e2-4a87-b124-ecb440de6b30,8ca9b4069145f471f2c1e92ff2bebc6f,TheGrumblingGrizzly
2be6599f-bb21-4aaf-800e-1d72dc6e5890,3d940c9ad8ae392d7768cd8f8e9d2167,TheTrumpetingElephant
f1c18474-9931-4e0a-bbc1-fdd7e0e77d48,421f039eb6d3740865e213c474bd1f06,TheHootingOwl
45a3e05b-8e6e-4c6f-86c6-e1e9d4c8e28c,6f9edd8af8e7da8ac126ff4bc97f499d,TheWhimsicalWalrus
e9785834-4448-44c7-ad5f-7a2c7b38efb7,90da5afff8a47abfb2583a791d8c2704,CountCatnip
a9c3aa4b-86cd-48f8-b5e5-3f7536347b61,0c30adb672b6680deee814c310d59624,TheSingingSloth
6b66a83b-7c29-4810-bafa-db622f730130,bbb30519cd809a2b799d875978fde0b3,TheSwingingSpider
d2871270-5ab5-48ec-b4a1-e6fe21addd51,a12828d2108236c9f1dffb7aab0079b2,CommanderCobra
b556f724-9c68-4af5-96c6-6370d49ceb0f,d52c162e2a4b7e3d179d2ac0173449ad,TheBuzzingBee
a2fa36f8-2652-4a9e-9e08-c9b8838d9384,5c5a8b5740a8b083a048e7bbbcab6b28,TheWaddlingWombat
663a2819-f637-4eb1-8f25-a95f24d8e972,6c36b9031667b700f63b156d692038cb,TrailblazerTapir
634725a8-7a9c-4b16-92e0-cdfadcddb5f1,a42ff9b1c50c634d194945c8d4199a31,TheBouncingBunny
ba139dcf-8e50-4d1e-abfe-fc97603570b2,68f757cec3536478bf699ac1eb5ab609,TheHappyHippo
e103ac3a-83cf-4898-95e4-9a64724e9be1,45e1bacafbacd20aec1f2f75f6b0326a,DuchessDuck
7159335c-4fce-45fc-b9d3-be17e62cc8dc,362a61b7666df6a601fff6cada314248,TheGallopingGazelle
12f7cd5c-304b-4f4a-ba94-cd144a12b5ea,84e55c70e0224fdf97b2210bc4b2c646,TheCreepingCaterpillar
b14efa2b-4137-4a7a-82e2-96f2d66ebb2c,17dc76339d507444de2884bbc0516e23,PrivatePlatypus
cc6b69ec-01c0-4925-a3f0-becb82af7e09,bde6208fef64c4c26d3e956eabe04655,WardenWombat
69de734f-f753-4a74-b39e-372aa512a117,a60311673b5526646890fce4ea419235,PrincePenguin
a766363d-b4f1-4c07-af84-c73af92508e7,a2e2579d488845bbf3e87048ee099271,MajorMeerkat
01a60abb-0a9e-41b2-b4a9-a867152e3f99,f6f44206760d7dc6db3f8228df064a56,LieutenantLemur
d80909c0-48e7-4fbf-bfa8-696674a68f90,3dffe85c38efd3782fa498c609d4c5d5,EmperorEmu
ac92125b-d860-4769-b0a5-92ed8feafa15,7d13a33f90a2e74a2fef89f10e987e23,LieutenantLemur
1de2a101-fc5d-4b6d-9b94-edaaeed8dc05,4194edc4e72f088b6a144b8bd1aa555d,TheGlidingGecko
453435bb-9192-4bff-8f77-3abc823f45a1,abd8afe7ea8826a00b519afd1aa66a54,TrailblazerTapir
2f30f5e8-4d81-4c87-b91a-5df9fa9024c9,4cb0e5169313b7a8abbb5079e59b4c4a,TheFloatingFlamingo
67d1011c-76e2-4750-ae70-46db4c2ba9e6,ed08ef0a87acf088e11d3b1cd1a336c4,DukeOfDoodles
f91c819e-6e38-4e00-a3d8-7466171fb6a4,0bc32517061fa16ea9c55e45642f79bc,TheCrawlingCrab
16d69bf6-ee75-4ac9-ba6c-f3d7e57d4fde,bda35405769afcea812f33633cf7ffc2,TheDancingDingo
deb38b10-82c0-490d-a803-a896d220425b,0b41bd8172069d530d8ac19cb43244a0,TheBouncingBunny
443bc82e-4a7e-4bfa-832b-1485b49b1d9f,8b446df08c750807693c8cb1c2d954fc,MadamMystic
be3d7b5b-9424-43e7-a8c4-22b35dccdc17,d8719abedaaa295265b385a5bbef610b,TheCreepingCaterpillar
c2fc8e60-d80a-4b5c-8470-cb1b9d18c386,e74d9f7c0634998b8c3aa79ae0b8c644,AdmiralAlpaca
1a56f5b8-5b65-48be-9344-92e687ba9f39,d18ed31ff0709161a4f5f7309e2795cc,PrincessPanda
e1757f6f-5671-43e9-99e2-2751151e052c,27d28267746609f00ef46eef86afcbf5,GeneralGiraffe
80613149-95a6-4ff0-b768-6659576e4f69,ff2e80723441d74c2f1a6e850007a853,ProfessorPixel
25ddade0-57fc-4f50-b0a5-e11324f96c0d,cf91a351e044df1632eb12f4b4299fb8,EnsignEchidna
cf83b14b-7bfa-44ba-85ab-2243d65f0c46,e0b88b70c8181b6a50662032dab3e64d,TheProwlingPanther
efc14ac7-df30-4416-814a-74b89fcf7bce,adc27af6c3f70886da0a55b6338d85fd,TheMysticalMeerkat
d3fb1641-9575-4d0d-ab73-9d80905e3a79,14fdcdd7ce229685cb2e39cff7df69d7,BaronVonBubbles
89026499-0c4c-4743-9776-b316132ef99f,579b0fceb0a46dfaaeeb3c77dff16ec5,TheWhisperingWalrus
3e9f707d-65a3-49d1-bdd9-35c955b68b37,d02552bb16db4e44c4417ac182ce97cd,TrackerTarsier
6e29fbd2-3ca0-4dba-af59-cbededa0c18d,b3fc5563d91d02c94f891b7e217716bf,TrailblazerTapir
5155aeae-8e52-4545-aeaa-0ea9fdd35015,b1771897a63a3919daf1dc61f9293357,MajorMeerkat
134e75a7-5531-4774-b97f-f388803c3524,8343125e97d2c1b671ac67e30e70192d,WardenWombat
5e61477e-8a37-4744-a6ba-974721d71b89,7ed85cd80fd8b9e0a560de975e48922e,TheProwlingPanther
5194452f-fefa-4f65-97fd-aa1933d6b266,5d424c83c355916647c39f3ca3c38c3f,TrackerTarsier
300bf7ed-6adb-483f-9451-2981f88f4c5a,9b16610e7a3a2f67e0ca1d9a1532f955,ctran
8323bd35-2ea2-47a4-a7bc-5c8ae8ca1c1d,05700aa1c2542617496e43776daecc52,LordLlama
f7d366d8-efbe-43bb-809f-3867120e50c1,21997b348c6bec38f15059423ae09a16,ScoutSquirrel
264c2167-2357-4b34-8755-31fd28fd8db1,be9beb2b03ca4c4f134dca41601292cc,TheWackyWombat
770d5c11-18d8-4980-bf10-56f5e22f368f,1ae1098db845ed3a4865ba45bdc2a4c0,TheGibberingGibbon
6d58eaba-03e3-4429-ba50-eb1f290b15af,bdb6d32c939e4024466f245b11e9e95e,TheCrawlingCrab
07a3d71c-5bd6-4af3-aac8-2c60a08a4c51,3eafa0d4bd9611104e1f58e6c4b27287,SirReginald
2a838055-bff1-4716-9e41-e1e6341988ab,293d4a39599383a5d9f4d6325a3a4ee3,TheBouncingBunny
83190163-99f8-458f-9dcf-8ab4407d4f31,4dbf954e2d75a75aca2eb9b67c3be0e6,TrackerTarsier
72901a9c-2f38-481c-9b25-6f3a165fc00a,5f94f48df18724f9375e94e1c97169db,TheGrowlingBear
c2fba468-f3a8-4d4a-ab15-629cf313a8da,f6285b1174561fe013c97daa852fa0b9,TheWaddlingWombat
367b6205-c069-4412-9bb1-65eabde5437e,f2b5f2fa0fd1b264dfd2ebd7c1671f74,BaronVonBubbles
2b143cb6-84a8-47d8-8563-abdd7f9cd1d9,fedbf3839da61f9cba9201dafc617656,MajorMeerkat
28ab11dc-7202-46d8-944f-f3bb44b2b8cd,a3c4459ed16b72ec7a3c00b13757ee0d,TheBuzzingBee
cf6a8832-2bed-4a4b-bb34-7030f89321cf,e4fd580b8beaa555b3383ee7749bda00,TheFloatingFlamingo
bcc34f01-fb84-4b38-90d7-6423f8b9235e,70d8982cc7c55b3cbfd4cd95b28f1099,TheSqueakingMouse
77184a0c-90f5-43ae-9e50-359c16a385ab,44f639ca4ec570e02c3deb7316cf1009,TheWackyWombat
07e892ba-c4f7-4885-991b-e66d4578c9ae,72f4ed7de7108a46ad5b4fcccaad32b8,GeneralGiraffe
3eb2b895-f1fe-4e86-8084-4767f30b9bb4,ea09974cf5428b0cc213e44c8c5a43b1,ProfessorPixel
1ffb58de-3730-4e76-9acd-142fdd8f3960,2d9bea7d976206e4619f37545e02fb83,GeneralGiraffe
3a874cd7-e74a-4ad2-93c0-c7e0414e86d3,9f3249d43cd9b2a651d79c2d04775285,TheHappyHippo1
fccf5eb2-962f-40c5-9104-a79b7d880dad,e3aaee62b5fb660df18bbf8bcf30cb5b,TheLaughingLlama
d020a38e-c365-44b5-8927-3e25c760ed4f,37f9af18e94eb432bc3c9676ba757d77,LordLlama
874f975a-521a-4e02-b3bf-66290ae686fd,dc5dd3fcb5f9164f00f3cc45efc411f7,TheLeapingLemur
6d6042e4-2bc3-4472-845e-f21eb82533d7,2f1ead1f4fd2aa1d7e4b07eebf75186a,AgentArgon
f0ebf207-0e21-4ed2-97a4-d029f6fa117c,ec01179b5a3b57d067ff7afd315471a7,TheLeapingLemur
6dbe1401-a9b7-4bbf-9bc6-b1f5fe7d1c17,a8f5579b8bb8e7b99a6d89a661cfb1b1,MajorMeerkat
98cffa6b-b7a2-4939-84f4-51e9936c70da,abdb11ee29ee009a51773d1b58a3a879,TheDapperDolphin
d3f1af5f-3084-4767-814d-9fde2266f26a,e19d30da400fce94b1dba63014c29d78,TrackerTarsier
8640e806-0da4-457a-9377-5ec968c0b46c,de01e530ff0813992db086122b652f37,TheRoaringLion
8f8ae42c-71fa-4301-a8f4-23d307209d33,d682914162fce61f328b14e93d8bbe93,ScoutSquirrel
012d5665-dd70-4e8a-86c0-4383b6b417de,55b443dc846de908258725529c3fe132,TheBabblingBaboon
5d4c8507-b075-485a-9774-2bece999e086,c191a4a0d966a76cc659065c77e36d45,TheHootingOwl
44f38c1e-fd51-45a1-897a-f37074aca37d,3b3c1c5a5e4f20133ea33dcbc1cb7962,PathfinderPorcupine
2fdbae50-c60f-46b3-b462-096d9b656bb6,e17dec075759dfcaa083d05c4a32aba7,TheSqueakingMouse
469a0df4-e164-4745-a1d5-3cbe1db23f7c,2a8f6c07b5352884f222950d110fafc1,TheGoofyGorilla
54511c38-a98b-4536-b0de-5e568099170e,9a3741d686dffd2527edc4b86b7b739e,TheSoaringSeagull
41bde153-8fdf-460c-b5c7-d4efb969f4fe,d8a48f1a7e8e61ee9e6303c108e9de7a,TheWhimsicalWalrus
6160b57d-6081-4ed2-8470-05543c8d1710,5fe71fc7bd3ca82c4ee02fd1a458899f,OfficerOcelot
2d59547b-97c9-4d3f-a537-16532d142e54,39d11ff72570c9ceb69dafcb8c1e3982,PathfinderPorcupine
636c8999-36fb-4fd6-9d39-d6db53c69bff,2aafe942fca910cbc11a09e93f0f2327,TheMumblingManatee
5b527b85-c05a-4d06-a69e-35a767a5f5ac,9d062ed7fc1966c547774c54f51e5f60,Juanlo
ee9bc078-16d8-45bc-bd88-8983452ebe68,a11653aacb9b1be87e139479283d709e,ExplorerErmine
5a774233-547a-4745-83a1-7e9c7de53a8d,f0595b2a6b8f51d0a830d292ac3b35f8,AgentArgon
c7fa90ea-5b24-443f-98d4-ab5a7f18ea79,97d721ec6ce59f43eadbc93308fddb7e,PioneerPangolin
3f623449-c87e-426c-8cdb-4b983105c911,254899452ad8ba7495756c812075c41d,TheFlyingFox
4e2a3ad6-e5ca-4cfb-8001-5030cbdd33e3,b0e6fc56ef0fb0d59cfbe288fbba0f91,WardenWombat
afc06030-8249-474d-bf2d-942cbd20b53d,19fc7394f9f6e012da670b17ef67f0eb,TheChatteringChipmunk
844a46c3-9af5-4d9c-97cd-e58fcae4967a,1340072a65a2e811dc35b3459478e542,PrincePenguin
7b03a29e-0d61-4f27-a664-3c48fa71b248,181ccbadc20716103233c0978757b64d,TheHowlingWolf
7140d83c-60f6-4f51-8368-689bb6c4f992,5dc6c17370ab7986058369911cb2206a,TheWackyWombat
549a2d6a-cfb9-432e-bb27-8a817f6d0c80,9bf547181bd38453bd7cfe5c8e511926,TheSqueakingMouse
fd221cd7-814a-4fad-b4cf-33127b244d28,aa59fb709eabd320e314a141ef1fb1a5,TheBellowingBison
40593d88-2ebd-461a-b31e-d3bfd0aa50f1,bdc9c774b4802b07a460e689c9d5db4f,CaptainChameleon
e4c96172-63f3-4e6e-98e1-10a968d8befe,7b43f3af0e69b208720f38c6a82df8fd,TheProwlingPanther
dd523c21-0ec1-4983-974c-630a9527b869,07147a1e56dd28a3aa1a4f0aa9e5effb,TheDancingDingo
6b953874-05ac-4841-96e9-62d42592d33f,7c250fefdbed671916d6b0d881741eb4,WardenWombat
f474b79c-02f1-4f8b-be70-96e644105455,fe8b99a1a83d82d28e24c975c6daf82d,RangerRaccoon
ce0cc3e7-ea99-49c5-a65f-faa2c060aff5,4e9bad6f063a2a6818c4cdfe545f0f77,TheProwlingPanther
1c937b18-a1e5-4973-bb6d-6f7d3c6b6594,e34030c1f2cdfe7fe7539e7d5b6893b8,TheStalkingStork
b9111130-7ad5-40d0-8cfd-ba8872c1c914,7bfebaf697c1f6efafef824a4c6ba301,TheWackyWombat
d910bbac-cf01-49ed-b49d-412a0aad26c5,0a73c1343aa5f8470213b3aa6bf3a6f0,TheLeapingLemur
d420ab9d-e845-4490-bf6a-f6eae791cf8c,bd438365f2893d09d1f47a3d70f9e8bd,TheProwlingPanther
3672fdd2-e430-404d-8bd9-56e7eb3ef8dd,bd87b133ee39132ef2decd40b24a2414,TheLaughingLlama
f990a194-dd19-466e-a315-c2e40e4d6164,40e7254dc49dfed9df2653436199356c,TheGallopingGazelle
77d6c2fb-e6eb-481b-92ac-1c6edd1092a7,23efd3733988eb7d2a509587e22490fe,PioneerPangolin
e637033b-3977-42cd-92d7-41869e63d3f7,514e55efed575d8ec9f99f1088074b92,TheProwlingPanther
30046287-b5cc-4126-b469-e8540698dd4b,601fb2fa53db8ede0e1eb74b5cfdd651,SirReginald
7c73418b-0679-4c49-948f-2d565580f3d0,5e45eb13b8318280ec6a77624e3717f4,TheJollyJellyfish
487bd70f-4c78-4597-b904-b73e2cf12e7a,21f025749c0c183665a85cc136f2e1a1,TrailblazerTapir
9e1c3b37-6583-4e15-ab95-01b188a8b6fa,708f6f8c791e2e5d59050e782085d854,WardenWombat
45016391-85a9-4b30-85c9-8d0e4a2b3b72,0f006780e6cbfbca7282508811db6dfc,TheChatteringChipmunk
7138ccbd-214e-45e6-a599-096904de1a5f,cb084795e4d7ba2cc9fbefae6814d7fd,TheSwingingSpider
cb952e0f-a2ab-447d-a332-d455ee381f5a,84c4e5c73a07141c70a382c2eb3db9b8,TheBuzzingBee
e2b68ef2-be2d-4ffa-97e8-609cc9c34349,9efcfdb0f34b506b8132847e24cda22b,TheSillySalamander
8a574154-7a93-427f-9e25-9c655fa8c1e2,18c289fdb5be2ecf98fd69c3c91ede69,VoyagerVulture
7a23160c-8265-4e80-a615-adbb7f683f5c,fb54031a88d8677526704b0f1f1cf087,TrackerTarsier
4678ab71-4fac-4aa0-a8c5-42e5acf6d89c,7f63657a77519011b492049d11dbb48b,GeneralGiraffe
6c48484a-81b4-457c-a6cf-ae4e80c8d5e2,0bfd4850f0af93c0bdedfe43a350f57e,CorporalCorgi
1b618f35-aa9b-4e01-88a0-d4e6d3584ef3,3a109c547ded03a4e69b432096c76db9,TheBuzzingBee
dc409ccb-400c-4ca5-8f10-725b585304fa,d79f7b05fad5ca552fd76f614776250f,TrailblazerTapir
81c342f5-bfe6-4006-bb43-5a4d38ba35f2,321734145258f13a4a628033a5ea1308,PathfinderPorcupine
fee99715-847d-4b2b-a8e7-a397ac10b6bc,7365e9b103d05a177be7c90fa5aa5e91,TheJollyJellyfish
a49766c0-c0ad-4898-b56e-c883e2443be1,753bc67cc9593965e6fda6849e9ec503,TheCreepingCaterpillar
c6ff6564-a292-418c-93b5-56e300931f38,a455628e8df84efcd3adaacf37fb5a6e,TheJellyfish
d899b503-1bff-4c76-a80f-42cc75a49dfa,eb77fc9f90f99018766a0d1433431984,MajorMeerkat
996cd154-9597-4aab-a335-38e8681d71a1,d35a3f9aad680629675439d5190a7545,TheGoofyGorilla
d091755b-a6c0-4f54-a4f5-8dbbaf316f42,ac20c30ff7b0680dd7c7849546f3294a,AgentArgon
37f14a7b-a981-44bc-aa9d-34bb279eb468,a21898847a2d1f43f9c81bc213c714cd,EmperorEmu
a8c2b438-afb1-48cb-bdf1-10effa3fce37,5b457918acb0983084b99d703d67692e,ProfessorPixel
528fc250-2813-460c-9866-fc58ee94648e,c416ba2c9bba4abc59b696459cb2a76a,TheBellowingBison
a02b593f-af6c-4d3b-b36e-d914c76b2f07,43fbf3e52987e3f6b3e50374f9dd10de,TheWaddlingWombat
d4fd7183-a45e-446a-bfb2-444d050f7294,56b505117189f619ce0df42787a57f22,CountCatnip
ef605e63-94c3-411e-a375-2766edb0efbb,7791e693ae579753dfa4eef3b3431247,TheStalkingStork
91ab1f93-d16f-4df1-a366-9ba8f9cc78c2,6ddd3cdb5f295a201766f40d53b6d48c,TheSwingingSpider
6388545a-ff8d-44d4-90d5-a4b34d391395,8ee065746437e70b2fb8631812e5e646,TheGibberingGibbon
be4aeddc-3961-493d-9880-aa2e9f921b6c,3538c78398dddc477ba4f59f64187300,AdmiralAlpaca
36afbb14-2112-496c-8183-3502966ebd83,8b799f34776996f806c94241adfcfcfa,TheTrumpetingElephant
92d0ca9a-a65b-49e3-8599-dbecd4180be0,576d0d05ee31840d44181d5bc09213fd,VoyagerVulture
8c3695ea-951c-46ad-98bc-26651a32744e,6f5376050ce8e9d38a09944e7236c57a,TheSingingSloth
aa3ef023-9188-42e5-b015-870104486d23,ae810d885d8e9016f88a00d37f558652,WardenWombat
3a221e72-1cb9-42cf-8875-53af4b797183,c6d4bdc6f11cd403f786ad0c9d4c8658,TheHappyHippo
3986394b-ece4-4d65-958d-9603c3e6f554,87bd4d5999b52ab52581c05b3879cd96,TheSnortingBoar
0ddb2b3d-5692-463f-a9e5-8b02ffc7ef35,a7191b06ac25ece334aef85907907157,DuchessDuck
9d4d3890-c609-4b0e-aaf3-78e3c8c88df5,0f9094d118a5836e85d8697c61035597,TheBellowingBison
15988c5d-5286-454c-8625-bb3e343a7722,19040590caa7c843a93e6ef9fafb81f2,TheBuzzingBee
08cbe49e-66ca-42a9-b3c1-2863146c9ad3,00e08348780655b55361eacba20f44f5,SergeantSloth
8a7ecba4-765b-4c20-a1c7-258f2f4adb66,cb971b43fbb4c70731acff9253d6ec84,TheHoppingHedgehog
4383f7dc-5545-4721-b015-a07ab0a0f237,22b847fa7fb2d55dcbd4943ef7c85efa,TheWackyWombat
9012f400-2730-480d-bc28-535c2bdecbc4,039fd22b2ab4bde2ca776a4b6629ef48,TheJollyJellyfish
c2e92e45-03a5-4d5c-a333-a63cec5ac065,da36d0a1ad5ac989b72c9e3401faba22,TheLeapingLemur
be41c125-9d48-46d7-b9ab-958bfa08bf66,3cb90a8051ab21b82b7f2158cf1141ec,TheBuzzingBee
5905e013-732e-417b-a99a-f2b26df08da5,46e0f92fdbb1d14766c88b437984128f,DuchessDuck
6ad53f70-234f-471f-abe5-19d13174c022,b24a982eccf26979e1132d6a68a8a290,DoctorDapper
ff632859-d2e2-4e14-8001-8e6d5221d4ff,66aee420bc327c25df36b73f80137b67,ProfessorPixel
8f516493-f182-4c96-ba03-32b81d246bcc,658048ce4cc8aae3a25b9259e25ec3d2,EnsignEchidna
d344251f-d9af-494e-9b92-acfeb845a253,33b8be2ce4c181ebb226b42dc4bec2d5,PrincePenguin
8d8ba1f2-de06-4f93-b54c-1ad463cd0362,f4ca3fd974dcb72b5a98cd50a314340c,TheDancingDingo
54163fb9-fdd9-485c-a45b-38816ba0de25,05bed658ac93fac5048734391f695eba,TheGallopingGazelle
218a117a-8ae1-4a91-a614-8398f1e75eb6,9b003679de0fc4c669e26cd5333a53bf,VoyagerVulture
7864a2f7-b279-4346-b4f6-e5cdaa046272,700ecd77608fdda5e4570cf614f553b2,PrincePenguin
be3c4745-547a-4edb-a469-b49591a45b53,40796d7e15eb739c4639e4a3ae680056,MajorMeerkat
44cf705b-323c-409a-818c-428c36ab9ebf,76b7a5ddbeea5d5a54cd655b26b20f94,SergeantSloth
922149b0-89c7-4807-b12a-4a56fea283f2,33999b9fbbea7a6fda8bbc57740ee6e6,TheRoaringLion
e6f1e06b-7f42-4170-9413-1f70383fc334,4559ebd76f4f605db80b4565c113c120,AgentArgon
0562feb7-0fcc-4e65-bf86-57167db25aee,b053c049e2f1c2a68ae6e5e06cffd4f5,TheLaughingLlama
3c9ecfda-9b35-46b5-8f45-975062a9c4ec,1c2daefff31861ca0acca9aa4621fe4a,AgentArgon
d8c8ca90-3a35-4d62-9e82-1a800bccb42e,c1ccc6696d06e298b28e3c2658ae9a94,BaronVonBubbles
16c4f7be-729a-4aa0-af77-1d461c8904b0,e410d078404105e02226a4d4caa9d29f,PioneerPangolin
5f8b9397-31a6-49b0-9d75-42df0fa635a3,3bc4e8e1d7e7e05eaf1e60d48a6ebab8,SergeantSloth
22da75eb-a1d7-4fc4-8e7b-ea8c29755bd4,9f657996fd48046706816a3cb7d2df5e,VoyagerVulture
b97b9578-407f-4e51-88d2-568286f46d2d,1028874df8825f8000d24d3f6d8bc566,TheWaddlingWombat
24fc0b55-3ce8-4e15-a27f-866949a00cf1,9ed2f93c14cea2496c9a64dc614862bc,AdmiralAlpaca
85201993-d2c2-4f89-a11b-a4bacc7b3610,55b1d2c57b21f8ac0215d961cc5b7d29,TheGrowlingBear
7adf4c17-071b-4b9f-9b7b-476e5fe6b3ab,d7efa9c4329d9d268e52f9c7682383bb,TheFlyingFox
be95f10f-1eec-41d8-9c36-938929c2db92,7464208900c28efb7ba96545008cb76e,ThePrancingPony
31b74dca-a3b0-4ed8-9537-2931ddb727f1,01dbf8ebdc85ec8ce1080cc6e57eca38,SergeantSloth
0443e1d6-d43e-41c0-b375-d2c12ca09b96,23914b92d6b324238045248b09aeff8f,RangerRaccoon
dee28319-6ac7-4700-8e72-1102d51b66a7,dcb56f2ed09bca238d6e4c56a96dfabc,RangerRaccoon
b6809a3a-efe3-4dae-8779-a92752fb6f85,09c4b0ff486c5eff3e37a79e30c7d3d7,DoctorDapper
bf9e52ef-dc8d-4fe2-a463-bf680b0b7c0b,ee1e0f23f0aa3fdc06fd40f78cc4ba39,TheBellowingBison
aec7548a-65cd-4912-bfc5-494690358f8f,8c9fae6fd9088b81dd74c72221222283,DoctorDapper
ec31291c-89bb-4c29-9f06-203e5ee1cd58,c4a42627c32af67a0bc790276a14aa71,CountCatnip
62820a98-0534-4191-981f-2641f2abcf3a,6caadd9a5bd76dee66576ce497e5f874,TheGrowlingBear
50d61237-68bd-4f45-9330-46f6be9efed2,5fdf87f08000cb5683d51e65073ad19a,CorporalCorgi
00152a58-dd25-4368-966a-8eee52bebc8c,89cb8de36577571facedbd17159a4093,PrincePenguin
5b42f3b1-855f-4ee9-a17a-04d009a9c5a4,946897c28f2af3302f0fdb6b42bb13f1,TheRoaringLion
7601cca8-4b00-4ef6-81bb-5a19f116ef3d,e19ba3c94d848251f78098bc224bf2ee,OfficerOcelot
bf5f4981-2f06-4ef1-b29b-d77d82a03103,73e0684478e2b2e7d3039a73ae4e0f5d,TheQuirkyQuail
8dcc9de6-3141-4f0b-b350-7add31e1bcaf,c68f5195b97391752c21f79e9e879509,QueenQuokka
239ddd90-5ba8-4296-9f7c-34f61f2edbbf,3824173dfcf0fe552b72703439f3a62a,AgentArgon
38a18de4-0d1c-4bdd-8aa9-8b0be0cf12f0,d107a645b4ecc183b010c303fb0af6e6,TheGallopingGazelle
07c89a4e-44ec-44fb-8d17-40be3cd0ba31,85dca9a0436965dc9acfb07b301eeb54,TheLaughingLlama
5657fff3-4206-481e-9e80-084255d7d120,0a7ceaa05122c6e28621980f0a4e3c5d,EmperorEmu
7fa98d65-718d-4dab-ae77-71199b436ff9,72882e71fead20194b0c438f31fa3198,TheDapperDolphin
ea3de57a-315e-4fc5-bd03-7eeb6beba864,0ee59ae36161c675cced36d972547150,TheGoofyGorilla
74d23b59-54c2-4121-aebf-441d39832da9,2eeacd86305ce57a32ed8c716bc75dd7,TheHootingOwl
25fb33a0-c84d-4141-8685-3dfb34b8ee25,e1d2807a868cd212cb2b927b20fbf2a1,TheBabblingBaboon
45804f37-cd35-492f-b80f-af2798e13a2e,13316d565d9cd9efbb2575336888a0ff,TheFunkyMonk
a6510a68-6db0-40a8-88a3-a8c5e6ed0049,cf74b0fd23fce7f561db92cc3ff316aa,TheMumblingManatee
6e1b5f25-5ee9-4e06-a352-0cbfe578fa39,3ae85db5327d4bdcdf59085be119890b,TheSillySalamander
1ffb17a7-bf07-4b0c-adff-a86a8cf02e5f,0ec76b7a26a1d19b5b92c14449a8099a,TheHoppingHedgehog
2711b924-f645-42e3-ac2b-13e3d0a4993f,bdea26586d54093fdd53718147d654ea,PrincePenguin
7397d508-c9f2-425e-9b63-c9276415c22b,7d51307ed0bb992e074b9c525e30f3c9,MajorMeerkat
14150b91-6a81-44f3-b095-47eb3585bf2f,3352416644d50b89b54e0c723efee9e5,TheGrowlingBear
6d0a777d-f6b5-4676-84b0-f2da959acf5a,300c1c30b361b0885dc2d3a4b770ed37,TheZanyZebra
9354d31c-2630-40c3-896e-308a79a44682,8f7879458ae32f033a79b5a1f8b6e178,TheTrumpetingElephant
c0c3ce1a-485a-406b-8011-e92f12becb9e,152536308cdadd84c4ef753c38b17e57,TheBouncingBunny
a3e58435-de65-4bd4-8241-002a89222512,f357c12f9b2bd81e0c7ebdd90e32f3e7,TheSoaringSeagull
543890c4-11a9-4289-9bd7-29b43f9d2083,88f6a836276b1b685214a9e044eae42a,ScoutSquirrel
055260b2-ac18-40e1-8de7-d878f8528c4b,220ba2f766925c9608e2d25ad598b02e,TheWhisperingWalrus
c9139146-216b-4d36-a060-325a2efe45e7,f98959ce89a72ccf5bbf54a6f7353aaa,TheRumblingRhino
292dfc58-9928-4c80-ab0d-720ce5076d98,4d823b69b83d978d6bfa0f6be49fb250,OfficerOcelot
c52d84a9-a6e4-4c58-bc6d-b626e79b82fc,af1a86f4379e227b12dec89e9bd55df6,TheGibberingGibbon
b376ee3c-9549-4966-977b-322295c57748,523c9d52068b911dc29babbe1628f4ab,CadetCapybara
bab3fbe2-aa32-4dc3-bdb2-9cb84b9025fd,5303ee0ec387aa93b707e81b8b10ab68,RangerRaccoon
10fef031-89da-4feb-8ad8-5bcd573d9864,d28cc289d7246bb1c8930e3446a015c0,TheGlidingGecko
b847415e-f55c-4d93-a00a-edc0a52c4dfc,7654a181797ddafff162885963db2e5b,TheBellowingBison
f45611ce-3b44-4c7b-9d89-60bcc3457ca1,2fd70f728149a78c90d4ad2f824d39f3,TheBabblingBaboon
156588e6-41d1-40f7-8dc1-80c614a95ea7,603743db0a2ad7c4b64ce4e515a5a78f,TheHoppingHedgehog
1f9269fa-a73d-4175-8529-d5bf18d690b0,9e02d5aa633c333a37710e8e251fe3d7,PrincessPanda
5fb163da-7dff-48cc-955d-526f6fe55931,a9c6a41c90d793482e87c8f929defa5a,GeneralGiraffe
99526d11-49eb-4806-b0bc-0d272baefd0f,d22de37a3d4f48dfe4b2b97f7da54138,TrackerTarsier
7d97643d-e0f2-4d14-9031-1bb7353d586f,858ca2c8fd29930938a8ecf0eece926f,CommanderCobra
ef79ac90-f93f-4ade-ab05-d9fcefdfd872,c714160b98bcdad3691c555f7a74bb47,DukeOfDoodles
dcc349db-37a3-4957-873e-ff20a97fe524,eab15bca6fed0f37187ebe3337016428,TrailblazerTapir
efd56fc3-43b7-4372-93bd-d2d0234bf578,68a056afb77c24933f89dad2830ea780,EmperorEmu
1d28361b-25dd-47db-9266-8cc169faa56e,bcfe004532a764bf3ac12094ee4b9577,KingKoala
1dd06727-7236-41d7-b813-6cfc5382ebd5,bd54f8dccec1f8183612094e9e5700df,TheChirpingCricket
7e88b215-75ca-4719-acda-cd8b1c7fc767,9bb146486bea874476a6de70bc2ef1a0,CaptainChameleon
5a2bf31e-5a83-4432-9c75-3139e56254ea,775bc28564028519682f3d971d923114,GeneralGiraffe
07927f4d-99f3-45b7-abd2-89c1959b6cf8,e1fb6696c0084c828b1836f3e0b95d7b,PrincePenguin
1abf9ed0-f96a-4b38-9d71-e1155f767465,95c3a5a34c281670c71b17a92c78861b,TheWackyWombat
342881a2-e029-4667-9929-cc182a31f585,fcc39d4069e47be8cb464567dd6e95f1,KingKoala
b6438e1f-8ec5-4c6f-b267-b695ed2ead20,65dc7d3e7881650604476f8b683442fc,TheSnortingBoar
6174cf4f-73fa-4ed7-a55e-5caa6d6e0be0,7e85b8d1ad2e41e9f6c044d06e7bbff9,TheJollyJellyfish
8de19ec9-1cda-4872-9137-8d8349772678,0c98e91c3834b4ed3624d0eb0a7a6402,PrivatePlatypus
d5d05c0c-fb48-4621-9a97-e7913d227beb,aa0d8537521ba23e627dcc925aa18f7d,TheLeapingLemur
f3501c71-1a22-47c8-b119-a5e44aa611a9,775ccb6ed0f9e8910a24bc8c233ec957,KingKoala
11124935-ace4-4d03-9dca-0ce684b53815,feefc33fd25f1124eed0c34792a397c7,TheSillySalamander
a2f5cfcd-6845-40c2-8426-c6eb477d0986,23f0a9f9a34b5dc3316fda8b7c01369b,PioneerPangolin
1666b2e0-ec8b-439f-b525-f996463b5e3c,82ca52aaebb1879e9875792d9f52a5b7,Pi
58e31ca2-035e-4212-9209-3c9a3949464d,410a2e1633b674fab9806656529921e7,MajorMeerkat
f352e986-ea19-4e39-b4f1-be0a7c3ed813,29c6041b852f444bde1ac8d294274abb,TheWackyWombat
73269cca-bfbc-42d2-b5a9-9a8a6d27e09d,de3f8b23592065253e7a638b517187b8,TheFloatingFlamingo
3bbd0302-5201-4888-ad18-710a254e632a,df76931056a3c0cf1241edaa1d6549cd,TheWackyWombat
e582133e-a88a-4941-9231-627e904b0828,54c48c4eb41ed70167fa1fafbc5eb14e,PrincessPanda
379f6f87-41b0-4f3a-a863-db4f18cab35e,fcbaa46f018194d06988e66f3412ec7d,LordLlama
85112986-1f29-4512-8422-ff3229c73083,009eb3e7a40d6fc84a63cd51d54d5d30,SirReginald
d6764008-ea44-40e5-8ef2-c9ca0c45d338,ec7b75ddf5c6c7f26cf70093edeb7e9e,CountCatnip
56c55722-f24e-42bf-9fc0-8d41641e8f0c,2caf7219d89ed870afef8b5c4dda9ac6,TheHoppingHedgehog
214a01a1-844b-4dba-95ac-d896a2957037,2ac19a5c24a6e6f18a80572c8e7a4f61,TrailblazerTapir
ddecc963-513f-42b3-8b8d-0b190d04a6f6,a9e17f3bcfc3452c1086196a1144e55a,VoyagerVulture
526f3683-2cb7-41c6-b0e5-842f142db18e,dec49abd25f1cb3db327c7f95f20d152,LordLlama
ce42331f-d554-4180-bd42-d5b74de6086f,3eb4bf497b4c950afe3d2017498d6fc8,TheLaughingLlama
6ab1ae31-024c-48d1-89f3-b04b0b200a3e,23d246abcfb007e95c1de31cc4988155,WardenWombat
8bf4e569-cdf6-4225-b829-5b3cbb5b22e6,e2f37a52015f24bc66cfc13561fa947e,PioneerPangolin
78768a42-eb39-4c2f-bbfd-159730e18478,d454e2c5e4fabac8b3d653c1532cd2cc,TheChirpingCricket
874775fb-91fb-4d8e-89cd-ae1acb485df0,1430ef91cdb6906edbae495b2bb4b8a5,TheGlidingGecko
9cd4fb22-df70-479a-9a15-def2e659446f,04e4cd160a3479de59cb9f2a72028610,WardenWombat
e7a97470-cb17-44b3-92cb-bd39435d392a,d9f39d0d3e3e83529b6bcaa75a2cfbf6,walkermatt
5c6d5119-2653-4aab-880b-7a8844d95c41,2bd40f551230bd9ebce6894dc21ce703,OfficerOcelot
e98f6958-4d0a-48c6-86dc-ec26dcb566e1,a5df24a027397e75960db8181a3255bb,CaptainChameleon
92a72b48-9114-4f8f-af11-077b248b10b6,c1b26971c3da56d82a36981a79df3da0,PioneerPangolin
b1c810fd-02b9-4198-abf7-549a00d87884,7856214e931aa3b00586dad585e7f821,TheHootingOwl
26afb40f-34c2-4863-8bca-4db44f1749d5,e3a2e5c309e34b530dcf4cd36b98989f,TheChatteringChipmunk
a828fe5d-976e-4836-ae88-fb804bcacc36,4e2488b2714044d17ffa72e2b31563b3,CosmicCucumber
0a005573-0842-4181-9c09-5bf069ab12a5,a80d4fdc663b37c2f016f272d4f637e8,TheLaughingLlama
0ce8990b-6815-450d-8838-15b076425a09,08f8fd8f385741f493bcfbf725f59c0c,VoyagerVulture
58e0474a-e471-4c26-86de-02ea0edaeac5,742659cfbc7f2e735a6e24a90cfc7518,TheGoofyGorilla
8aa799f8-0e79-4e09-8996-96be9064b73f,af5e6774e957ae4a4ecd0f8f18d46ade,TheBabblingBaboon
7d7c4fb6-ae23-479c-b03e-5f7210c28bfb,2ea6452fc771eb8486ed52b73205f6ce,TheSoaringSeagull
86a1ab7b-1748-4885-b8b5-0f3f0a4faa02,e272e8b57a27c9935af4d95ca2ae6095,GeneralGiraffe
5f2bf872-00c8-41a0-8460-62059b7aade9,3cb66f0af432619be400fa5375826f2b,TheLeapingLemur
c44ecc4b-a89e-48b6-8db9-e75715766fcf,26eaf92fd527bdd67981f4906377194c,TheDancingDingo
a80828ff-13aa-4b0e-be5f-36c016595654,be38f8637896131aebf8b8ff73e4d8c0,TheBuzzingBee
90ab7ed9-fc62-446d-942f-6df3c9bf6d0c,a82540e40d8917fdf36de123c731102e,TheCroakingFrog
6bca6562-85f0-4481-bcfb-9feb063fd156,6761d755b136c489db421af34a77e19a,PrincessPanda
547e7fcd-94e2-43e6-b137-308a1402d7f4,8ab137105eba2968ce072fc28237766a,TheHowlingWolf
498e5d9d-2b9c-4ee7-9ff3-a81dea1fa055,01b55ba0b231d67dd957e7ae2e095e3c,EnsignEchidna
dae58034-4152-4306-aa21-5f6ae38b3fad,8be5c2d06fc24181b6b1e3f2aafc9c95,TheFloatingFlamingo
fb0b83fd-528a-4510-a68c-692b9cabc27e,d5a5119ec5bcb78acae0ec26d2059ba9,TheTrumpetingElephant
92ccb95a-084e-4ecf-8914-c8bcc14e34ab,8c7cd4729c60ac2ff60cc7e435cf79a0,TheTrumpetingElephant
0a338c6d-6c6f-4084-859e-375dd58a4bd4,e7e72558feef2f77bfff59059f64767d,TheWaddlingWombat
7ec9c5e1-4e6b-4091-bb4f-d8ebd22ce6a5,34e1f94fec5c090db0e2048e86d8f8fb,TheJollyJellyfish
7755fb5c-ba54-45f0-a12b-4bce9ab4d6f4,f70ec33a3bd5acbe58b0e1d762322a7d,TheWackyWombat
0788a1f6-f1e7-4c66-8a19-f1a07a6fe97a,d088d57adf0390c6063df38f6dc4a454,CosmicCucumber
94e313d1-0660-4130-ae79-f938104460f0,c745994ed1997ee1d0fa4a5fd194c905,TheFloatingFlamingo
12567d9c-2d11-46f7-9b14-fcbef220201d,0cac1f159857070bd5080e09d038d2c0,TheHootingOwl
6251621e-0cf1-44d9-a680-e8757c282e84,66217a68c81098bc8088c4a0574dfac0,KingKoala
717b17d7-1d63-4c87-8ead-258ba054df90,2cef392c3a8221055dcb318c9b19a06d,TheSillySalamander
e79aa46d-d5f8-41df-b621-045e072bfb17,472e468307d509cd177960bceca10ad4,DuchessDuck
023686ad-fb5c-449e-b874-686d0579da11,42b8050cd068120aef49d8d14bd5b6be,TheGallopingGazelle
7216025d-ac23-427a-ba0a-4fdbaf63faac,3664844fdef8915458e1b2105fddf4f8,ScoutSquirrel
b726e631-9b59-4b7b-a5fd-d8e5deb0bc16,38ba561ba33ca1bf8eec4bb3778a2485,TheBouncingBunny
7b9204c3-ca1c-4aa9-adde-5ccf52c19174,36ab6fbef8082fc17fd27dd795b7fd93,TheWaddlingWombat
3d2c1d16-8933-4dde-bcff-94f45655ed04,2541f580762d9108366d248325a7d596,ProfessorPixel
2b68f89f-3865-46ab-a8c9-1dc8592e1c37,5a5e2cc18035578d2a4b6fb105ff55ab,TheSwingingSpider
10a1c263-f396-4ca8-801b-a9c54495ff5f,0fc0c4868ddba483101672ac4fc4665d,TheHappyHippo
ab8b552c-9353-4041-8142-7dc072395525,c07ca5966e4ff6ca2018781e753a0954,ProfessorPixel
8aee0b82-9ca4-45a2-be5e-087043b0520e,3e5ef623e00bc65eac0ea42dce42bfef,TrackerTarsier
c8a815b4-f3bb-42a6-9694-28d9d6c3f68c,9d1afb04ffcbf6cf3baaab058d503608,TheZanyZebra
9dab82f6-58e9-402c-8da8-63c7595d595a,c5c08d1a5c26f62289d38b7843d05ac0,RangerRaccoon
6a19dbe7-0b84-4e1e-82b6-0ba05325bc49,38607e4b4b85a784f23243b8f26b6f0b,PathfinderPorcupine
4061a366-d781-4ba8-b33a-7f9fa8eeb64d,08d64e998c77c22289583ab8945af28a,TheHootingOwl
db4f7bdb-37aa-4fe2-b0b8-e0de2f5d83d9,1a740f8f347ef5c577afb7c28e47a693,SergeantSloth
81a2708c-726f-4d83-86e7-cb5665f77de2,fa6d4342a97c0c08e9d6ea33cc4d79b2,TheSqueakingMouse
280df978-5350-478d-a315-01a389efbf27,c88d068dd670d568ab7bb98280654ec8,TheCroakingFrog
5424f069-8a07-4185-a7bb-60f927e06cbe,8b5fbd42291fd09083901c8534c84e96,TheFlutteringButterfly
d3ac02fc-5c78-4279-9aee-ed6dfc350018,7f82ca98c45f82804e458aa9139c1393,TheSwingingSpider
6e50a3c6-e634-4da1-8029-a50fa4e2e151,a5d468cf8bb3de153738fff38e7e076a,TheSillySalamander
c424dc52-601b-4228-a6f5-a500110a065b,c85a7bc4a644c0b58e8b2467c2772baf,TheSillySalamander
d0187d17-a257-4eb5-a92e-c7c81902fefb,2b7ce219f684e61884f84cfeaf44b09f,VoyagerVulture
52dac247-0437-4622-9189-6a3269d19399,b7cb4d8c041f73633c9716a08a9de8bd,TheDapperDolphin
4842b1e7-fddc-4197-b371-e494302f8d0c,c9bec1ed5a2e21813f4520fef446c7b3,EmperorEmu
b910691d-b090-42c9-bfde-c625d373cd85,a6fda357458018b5bb21e1c2a4183409,TheCreepingCaterpillar
fca12c65-4435-4b46-a31f-54c553a56789,1ce477038507b8979e45058802886937,CadetCapybara
64d6cbfd-da6f-4ae1-83ae-5fa707c2f6a1,a253bcf99d9ae76614b71a9db3554ad0,TheBouncingBunny
59c8fc1b-870f-4f47-a4a8-b2cccabef761,6fef7cf2cc88c8bf9cad2263eafdfbaf,DoctorDapper
802a2e58-7c1c-4001-8a4f-598e29f95cde,f4d13ea112e9ac69621b5fc5f85d0702,TheMumblingManatee
898b145f-6220-4b63-9423-35504633e577,65e84ce0934f258b188efde29d9b2c99,TheDancingDingo
aa7e7b14-9c2d-4a89-a759-13daa770653f,994c7bccb9bd70a4ad65a504c7306578,TheDancingDingo
836a7fb8-ab7e-41c5-9c42-25da6a2526d4,ec4fdb91cefe5eb87ebef65506f52d3d,LieutenantLemur
462188ed-c07f-4250-b08d-8382bfd0f333,dc2959a1ab8800a5eb842bd08e492ab8,LieutenantLemur
f2f2bf04-75a1-485d-bb57-7d24de1aa6b4,78771ae9c2ce8e267681749f919e2929,RangerRaccoon
9fe130de-b84b-4f75-96d4-26a3c2c5e474,b855afd26e08bd4d87561f557776e980,TheStalkingStork
2d8ef230-370a-4490-a3b3-8c7f9dacc301,99f663c3705a780ef0331431c140edb5,TheWaddlingWombat
fcedf066-31f2-4e92-b577-9a5b16bbbfea,371221ac89909c548b75b98ac7ca88a1,TheGrumblingGrizzly
cc36def4-4d64-40c2-a3ca-128139f51d57,d05ad9ccbb0b39b1cdc28ec10cbc16f8,PioneerPangolin
136100bc-6fdc-4768-9816-a2f2932eb5e0,4f8e22429d97ad787c74daea7f924cb1,WardenWombat
da8a51c8-98a2-4346-b91d-e922e59a8e09,ab5a8a9098f3ffec03a90c01b42cc9a6,TheFloatingFlamingo
ebc976e6-78bd-433b-8846-a87cb272d3b0,3dd17e608af62a0acbd7b98052814736,ExplorerErmine
25ef6185-636b-4fd4-9b0d-7bf2940c79b5,41029e878767fd9dd80fe036289c1594,OfficerOcelot
d0b96892-b765-47f7-b589-fa7f312670dd,14da1f1fc522b7adfeff615ecf54bdf1,TheSillySalamander
24393f1e-e3a3-4fe3-874d-3103f6d3d6d8,1a9c5f67993a0d6967c83213c39f6aa4,TheFlyingFox
70e42bfa-d9be-49d4-8a31-a1473229ccbe,0cacd428c1974cb15bda87864bec1900,TheGrowlingBear
c16708d2-f71b-4d13-a5be-3defcc0250eb,20537c0adb3543a63de1113e7d8df912,LordLlama
0fc2feed-7c1a-4e71-8fb5-2caca2b24097,1fda37de1a8a2c3b1d7925d095bc77f6,TheDapperDolphin
d9e3f4bb-5795-4db9-bd65-033ec6c95dd7,1891e01b2d84038a25cccbd0a85c9fc3,TheWackyWombat
b40771b0-7513-4dd9-b1f4-9a8ba273c3b6,81da3b6cac12712c371d7f982e95fb08,TheGibberingGibbon
b4804177-d4d7-4a54-b634-ba7893a6c11d,52964daeb721904a582710e869c17cf3,TheJollyJellyfish
5d95b8ea-92c9-48dc-b3fc-8476ed049d39,3949b34763c3d4c7f8ac229d9f58b3a3,TheCroakingFrog
ccf123e6-647f-432f-8925-1c0322007a6a,04d172ac81e524fc75b25a0395af6f2e,TheDancingDingo
661f486a-a595-4c85-a088-51754cdfe046,3411f414c5169c59b6fc923c1800c2f7,TheFloatingFlamingo
f86b1cf5-db19-4138-a610-fdd57d04d698,5a6717553ab4097439e79e8546b47fca,TheBellowingBison
d9aee0f1-27c9-4e16-b7d1-88aee2382a4b,c44a282f1c93a71448cb927c0828f351,DoctorDapper
b94f800e-09f9-4525-b55a-7e96ae6d4075,74244e6c2007a3d8399eca246c786442,TheGoofyGorilla
a9e8dbf7-a53d-4510-ba42-af3bc82f025c,2c358245960c12ace909c303559adca5,TheDancingDingo
8321249f-7519-4969-8ba2-71981ec65c2f,517684f21a01e1ea94bfa390a87a1a4a,CorporalCorgi
c126ddcc-fe89-4529-a404-c17ef551de79,dbb4b18edc0b8ee8d1a4cab904498fec,DukeOfDoodles
565a105c-4169-4763-b49b-9279595ad14d,a81d20c5db5361f3b9eacfcf4048bbf7,CorporalCorgi
0fac690f-7863-4402-80a0-2ddd86ac4b0e,ee1dc64b0d29da85c4442d355e067b25,ProfessorPixel
234373d2-2738-435e-874c-6cbcc038e191,4f3b878de639b62d710484c44c342dce,CorporalCorgi
c9a69dc0-288b-473a-9b88-561f3ac363b7,7b0269e9a281c8af703017c459a07fa4,Triphibian
7fd8a5d8-79d5-4735-9124-b240f4ffcb29,dff405e96f9c1df6c2ee06e7127f2712,PrincessPanda
3e8f5a46-e48a-4134-bcb4-9ee219cd0e85,f6e057b424e2ae054271f439bbf21ce8,TheStalkingStork
b8466319-6320-459b-9e81-8533a75326f2,e6274e0fc4ace93e6fa3417f5dfeeb24,TheBouncingBunny
84c58a68-4174-439c-986b-3e679cabf1a4,05598e84bb3658ec5e162109461b0ca1,TheStalkingStork
11681540-8780-44b3-ba78-28e0582f240d,98122729e00a67566959dae5e43c6039,LieutenantLemur
d2c724dd-2fdf-4a62-923e-5e6e89ad9917,76bbd73cf11b6b68a652c201809bb5a8,MadamMystic
8e17f3c6-7150-48a9-85b7-eb2ded177fd8,c7008b30d28a351da9dbaa1bc0726a62,TheGibberingGibbon
24b7ae41-a029-4185-8f6d-89508f69ca84,78f73f9a4639368c687cd70a2d2f00e4,PrivatePlatypus
81e10dea-f778-456c-af52-e412a69c66da,7fb7a30d0483cc2a717846e8fc2ffe95,OfficerOcelot
3e65364e-5012-4349-af9d-1158d13ad2c9,d2bd88c6c47ab812017a0972a45fc782,TheHowlingWolf
4fdeab2a-d608-43e1-97fa-c75527c2ecdd,dd1704fbdc6288c31b97c1a68cded9f9,TheChatteringChipmunk
0bf11651-b103-4052-8226-f03703bf179c,24a12694c128d408edbb76045de7c944,TheJellyfish
5234d839-1d5a-49d6-9d01-7e3bc15d5cec,57201882eb6c8c8839e80a4c59f39439,TheMysticalMeerkat
8dd316dd-85b3-4fae-8600-db953c0e41c1,9697cb12339c3bb8e77286685b28148c,TheLeapingLemur
69ffc349-81ba-4712-af0b-ab84516436e8,522210736f26d573e8548547b0742a0f,ExplorerErmine
66e04d9f-6736-4485-abbf-30d260ac9e45,ee18019b068466f238c0ae955919f570,TheBabblingBaboon
5ec69aea-ab20-4d1d-a2de-dfa14a912573,294c6f3ea4855f48b12b1e76461dcf4c,TheCroakingFrog
0a7724e0-e683-4710-9be8-eb3c60b2debf,0b724f4e33b47eac04466c55447d2abb,TheMysticalMeerkat
c81b8946-6e7b-497c-8e8d-8dd44c9f1d0c,22447ecef49d340b7cd9a1951a7ebf82,VoyagerVulture
21df9d12-b222-453a-90d2-d0bd7c40c535,20c80399b0f3ce6a58855452b3a025aa,TheDapperDolphin
b9d4b56c-602c-4f07-8642-a16aa90c00d9,20000bba4109aa642bf3c0be3021f125,TheWhisperingWalrus
042758c0-930a-4ce9-98b8-c227961b0aab,ea9c0eaf7e970048828a525ad53b3791,WardenWombat
872436b1-c4b6-4fce-ae32-e3303bcb4389,1553869e509f1fc65356cb42b93c41b5,ScoutSquirrel
d27839b1-9a52-44e1-b340-a1bc94a84f2e,ce0bdd22b28a15bf9f5f7287653fac6d,TheSwingingSpider
a05814e6-52a5-4f52-bfd2-a7adac32066d,8ff5af4141c0cb2719b5fe25bf6d030e,TheGlidingGecko
88d6894d-0a86-4370-b794-9a355df0300b,0b22af668eeba85e5c71f30b30930278,TheHappyHippo
29e98187-ae74-4642-9f3a-01f6169e5327,38e8977b71014d087341d230103e0b32,CaptainChameleon
7ca00695-6478-44aa-8687-6530fee94a9d,ae362cae49be3c7511a9575a29e3989c,TheCroakingFrog
8788e5bf-6a33-4f2b-a355-d456800df502,cc7175bd9e2efe2390a5c5598cb7d0d4,TheWhimsicalWalrus
804e719e-fa6c-40fa-81a7-b8dbc3103df6,7d89773a7fcea45a3b56241e44cf2732,TheJollyJellyfish
9eec2deb-52d0-4a8a-96ac-392c4511935e,0252fad12ac224845753ba70b7c148c2,TheHappyHippo
3444c6a7-793a-468c-ab41-46c3c74f9df1,d287d6c305fe963e105e11f44d5356ce,TheBellowingBison
957f0255-eca6-4a78-9390-3d66905c38a2,f2b70af4b8c0afa4851254528821d0a6,TheGrumblingGrizzly
552d670c-2ce5-4ec0-9a65-4c44bc94584d,c7de5d1fe2c50dddc43830e4ced520db,TheJollyJellyfish
026a54c8-83b3-4936-aae5-2bd095448dab,173839738cb1423d2280a8d829cdb6c1,CaptainChameleon
e7bd283e-4fe6-4685-8fc5-711ccff1f178,617555cbf3366f3a5ebfb6b2ef16f2bd,PathfinderPorcupine
0a565013-286a-49de-abe4-7d1b97dd403d,13ec963ca12ba9caca8d74aa26670a9c,TheJollyJellyfish
51ee9e78-9513-492e-810a-9a62853570e5,b4f8b748c08cd2c82518441dc6e4e399,TheSnortingBoar
e2fea029-c27a-43d2-9b9a-e61c98501626,5276cb7544035dd99472a87722215541,WardenWombat
7cb292bb-ee6d-4235-8de2-3b41226f537a,f205406b834e8bcff3a75f0f1846b8c1,PrivatePlatypus
90ce2040-390f-4fd0-9e23-3bb2a4fadf45,f873567fd07ff753165d232dabad45f9,TheCreepingCaterpillar
559f039b-fb3e-47c1-8edf-66abf379c780,d54cf0dbe0f578ccc052b4f422b81ae3,CountCatnip
26a7af17-d285-4a29-b8e6-12b59bf42efe,6efcb36f9aaf6eb604aba4a9c1851c95,TheStalkingStork
77fa852d-bb75-455d-b01c-911a1d6d607f,887fe30d0022da41682826535460fa3e,PathfinderPorcupine
a769a25a-02ac-4b42-a171-1b6a3f8746a9,126f2fa2804ecf319692979ad9082c78,TheFloatingFlamingo
272c7c19-8823-4d2f-a317-7cd1118b9048,c2d94916daf77290b87ad1a83eb8cc73,BaronVonBubbles
62e7cc75-eb8d-46d2-b831-42460ae1c111,5e65fb3c583b356ae228af59c104ddb1,TheSingingSloth
e50760df-4e76-4f98-9692-2abcfeaedb39,46e42c643e87ef29306ec07a77f38abb,TheSnortingBoar
0a3228cd-266d-4347-8310-8fc6c85528c8,e23b33197760afd4662ba6f9cb3910ff,TheTrumpetingElephant
28abdb36-0b65-4233-b48d-c393de2e0940,75952e3ce87716bc811a90981cafa451,TheFunkyMonk
c787248f-9888-49da-9df7-04be288d5866,d732c80efc43a071f5d736e5eaf3ae20,TheWaddlingWombat
cefefc4b-a20a-4133-a599-471d0c945c99,cd220ba44b57e7e6359cfd1d920221e8,TheRumblingRhino
3f18b65f-5bbf-4d14-8804-617482819cd2,af6929e5d6b10d9255fd3fab44656f8b,TrackerTarsier
29e90b59-cb55-43c7-9721-78075d0f4ac5,a51f89992280274c72b6e1f048e3967d,CorporalCorgi
63c13589-b288-4580-82c6-059e87848e58,e89815b488b0cdff7eddf631a79ba923,CountCatnip
774b7e0a-102b-41f0-8198-524e979cc034,fa5876aaacb6467a4b0b60b54abcc842,TheSillySalamander
7d1f12d6-1452-46e7-8fb3-8f4246d72f09,6f94d15c8be6445de4236f502f635511,TrackerTarsier
ea24d9c4-d7c1-40ae-ba98-74320b7a26ba,47eafb3159e5ada6eb46f1ffeaa9069b,TheHowlingWolf
2058c174-af19-4692-acfc-3f3c03599f16,eb423fa46946e59369d141536b2569ac,CadetCapybara
a29520fc-97b5-4ff2-96cf-6c07940850ef,c8b8da31e26012df34c30a76447105bb,CaptainQuirk
fe61300f-b645-49ae-b597-5a4d9edfdb91,482bff615c26f62c790c85f1df2c964a,RangerRaccoon
fd4ca628-6511-49e7-a9e3-b3c085aadef8,f0948a449068f381d8646772921b62e5,TheGallopingGazelle
f5f99591-ca9c-4e04-9651-ff9d785373c3,a2f9a657baadcdc060b003740d37c4b6,WardenWombat
3a2f1de0-b489-4851-9240-6e75f00b2bcb,1fd76e3eac5e07250a1bfa7d6f44e847,PrivatePlatypus
b9937380-a6ea-48d9-a069-6c885b29d358,7eb599c434afe56325c6abf61ae644b0,TheDapperDolphin
2d7df1fc-644a-4c18-90b2-0e6cdd42c2f5,2a20b61718a42a2e7cf5888809f57a48,CorporalCorgi
a2bbbb91-c659-423e-a298-e70e186a7145,b29711303f23412f58bfd325f029d966,CaptainQuirk
b05b5959-9099-4665-8116-83b616ff28f6,e789a1811514dc5c4fd834177636644f,LieutenantLemur
1f447f45-4b31-4191-9b05-559bb8fc718b,67a333fa1dcd3b374db2be9c45bbd961,TheDapperDolphin
8670e794-4e58-468f-85bc-0607d12125ac,48353caea8f43fc0ca027b9ab0827bff,PioneerPangolin
7e1acbf4-524a-4d6d-be92-0232fb50b445,da71700cc1b442c662d0a7d40a2fac81,TheJollyJellyfish
8b9f1768-c9a3-415a-adde-03537d807587,f5c7d0be50c36d2847e790e950bfff61,SergeantSloth
899d8474-d27f-4aa6-9785-ea7b8bbac871,386a672bb8ca731d4e27702a15d4d152,ExplorerErmine
6de65161-6110-4ed8-b808-84fc6e3e105f,bfdfd3225b247604c0c6cd02567e80ff,TheChatteringChipmunk
585a4b4a-be6f-442b-b75f-87b5cb0aabf7,9e704cfce996860eb2208f66cf1ddbc8,TheGibberingGibbon
f9d4e949-8680-4ebf-8e5d-bf2fe5f52ec0,e05f22814aefc8f0d9772c328af469bf,TheHoppingHedgehog
1c04c8d6-2560-4082-ad1d-64e0d61b335a,f8e8320e0270885c48f145a6b3ca4b45,TheGrowlingBear
db324173-e3ac-46f9-976e-290079fa80dc,f4a250033432d76bb4bd99366f2cfab6,VoyagerVulture
836eb89e-4024-4d25-8b4d-d44611543358,d84158cb7cb4f6fa6c43c6eeefa7718e,TheWackyWombat
1b4c6c0c-7b80-4985-b0e4-c6097bad5eb6,cfdf597bb9cb820ac1b10847581dc0b1,TheFlutteringButterfly
f6a0c94e-1c73-4557-b744-6327b7513d3e,d8ca9b938b472a4ed4ce938da2384ebb,CosmicCucumber
79c27bb6-2dd8-45fe-bcc0-078c4a695fe4,fe4a9315e5c0aa5d075677be566cfc31,CaptainQuirk
87fda600-ee06-4153-9991-ca285d5a8f55,ac3307a4692da68cc316b92264487a65,TheSoaringSeagull
03898788-2a46-4847-8e80-2eac693df38d,f9d9029a7a6fc1a69d2a3ab2a89d84dc,PathfinderPorcupine
d87314ee-78cc-4f96-bab1-e8ec6df4887c,8939ad2a3af29239265aaac35591a2f8,CosmicCucumber
b6e2c713-45ba-4093-8478-97a8c97175cf,b051b739d98049211f8a3d6314e8f5b7,ProfessorPixel
9d1682ef-29cc-4397-a707-72cb116f2b89,72ac0c04da850371f1a27c49c343e9a2,ThePrancingPony
97186926-24e2-4830-a662-9bc8fb2d70f9,d1b9674398fa740a981d9b3dc60f38b4,TheCrawlingCrab
17ecab9a-f22c-41a3-b844-5d77097273a8,eb92531c0a65dd1ab5f7d531ed43c798,DuchessDuck
194469a5-1898-43ca-b8cb-40ebe10a9561,b0c88c5f480531140f7b9ef7fe570173,TheHoppingHedgehog
6c9f46e9-667d-4d63-a390-09f163b2c713,d7e0bc934299c6bc9fd813cbf94d6042,TrailblazerTapir
b1e18f5f-7145-4767-958b-97b1534756e3,f9d2b508741b274b31c0825bf31c2e84,ThePrancingPony
3a1be1a9-5a1b-4b62-a87d-c24ad25957ae,d29a4c6f16388dd6ea6a3ce4419618af,TheWaddlingWombat
2283a110-a7b0-4a04-8c7b-52a6eb76c9fa,a3e9645647c52b71d5fa39f661771c69,TheSillySalamander
20616bb3-9053-499f-bdbd-39a016cb5f75,dbd9119f56293efd11e84e80755687da,TheHoppingHedgehog
bcc6006d-68d3-4f29-94c4-f1e918d5c292,0ea055fb18da0ffd28bf268e834b92ef,PrincessPanda
b84daccc-662a-4a57-a432-37e83067e29e,0b8c96e41f7e940c82bab111bad2dbb1,PathfinderPorcupine
7cdad6c3-7102-4bd4-a5a3-85c67e525ab0,6069a29ac6f06324b6a786ffab0abb2b,TheTrumpetingElephant
301fcbd4-8cfc-4c67-848e-4926227df7c3,182575bb82c1377cdfcf5fa1e68c253f,WardenWombat
b8cfa599-d71b-49ad-bcf7-e544a76fa494,fb06c0b0d32a44253cc3ead25a22b825,TheSingingSloth
3fe6463d-24b3-4ce2-8f69-487d6f20d60d,c9d6a99c15294aab821f4c443cac249a,TheCroakingFrog
c415dde7-b54f-49fa-8ef8-82afa3b05fce,cf52bfd8a2e19ae7708198da42d45bc2,TheChatteringChipmunk
2e006853-6d07-426c-81b5-707d269b9dc2,7bbdb4409550dcf2e69dcf5f3ea2196a,TheTrumpetingElephant
d2054790-7add-4a5b-b8e7-0e5948986503,c7b9775d12aebd72a7dd41b8e62fda36,KingKoala
ea0d359e-d50a-42d2-9400-dae473437c0c,360d0cb511811b8d73be7b5bc8219433,TheProwlingPanther
53749292-cace-45d9-b0b8-c47ab3c8861e,59553de6441882a7ce33615687a8c583,TheCreepingCaterpillar
2028a034-a6a1-45f4-bb22-e02bdb9c6f11,c979d1e48a7a5fc57e678060bff25d95,TheLaughingLlama
3b35a391-2dc2-4872-b303-c04b890019e0,50e546f0e13b3ac2038196242dc62071,PrivatePlatypus
e4a2ee00-b7b3-472e-8a9d-126908fa9014,08f9d8a419ff150d21a3c8fe07a2553b,PrincessPanda
1d66a789-bae8-4b2c-9f39-351958f5bec6,f45058fded622b67643e37984b7edc97,TheHootingOwl
8f995a68-6db3-4a84-9a44-b7996821faaf,b5729cf0a16d0831bc3dedad0c994e4f,TheSoaringSeagullfff
603e1007-7bc7-475f-936e-f82b30ce2769,3ee4cb757c86c5f6a803f8d303355ea9,EmperorEmu
38108e89-028a-42d8-b331-8ccf1597081b,0392dbe6e3beb46ca990654f3f9cc5eb,TheCrawlingCrab
cd19e3af-a135-4eed-b3fd-a4e71797d20a,fc8f51cfb389fa9e3d2ffd34756adc46,TrackerTarsier
9356c920-796b-4101-adc5-38f4af537d82,46b2ed78c1602b92359279a5d17da29d,TheGibberingGibbon
c9827406-d9d2-4a5d-9650-a6423eb1f8b5,0bbb93e418f7307d418df69a1bc99321,TheZanyZebra
96f72220-54dd-44d1-a4bf-7b767730bbb1,ecdcd1d06fe84e0fb4c816a5b4aaa4d8,TheProwlingPanther
7299661c-b01c-4ff8-9cf1-a50384fd8a16,a15e886609c86c5e732a9224f42171f8,PrivatePlatypus
9a2b38d2-54b1-4879-ba70-c4ade1b76439,6f2afc4faa19a0fb1a5a9094ed703bb4,TheLeapingLemur
74c3e8d2-72ec-411a-988d-8f1da63820e4,f121f0a034d86470bbd8fd6052687ca1,CosmicCucumber
9046e73c-fddf-44ce-8e41-020a5511605e,974cc8f014920287313ef316316947b3,TheZanyZebra
4fb5a468-9cd3-4738-b0f7-35470bfea3a9,bc070709c2aa319c781833c60436888e,RangerRaccoon
8b02b591-9558-4f61-bced-ec98672bfa12,3ea2b55906a776de6e8a897bb7af3743,CaptainChameleon
ec1396ee-963d-43a6-a3e1-33ef78bc7757,990a117fcf366c9c4c8902149a70b424,CountCatnip
8a0dc208-c480-47c5-8796-92a5493a9c1a,04d6509156526422019cbeb589eb13e6,TheWackyWombat
42a19133-ee6b-4f57-b584-3bd1cc2a2ae1,4d8efa890c2a41bba52619dfbb72cc41,TheWhimsicalWalrus
4184af76-1f73-4a67-b1fd-e0f7c5ec76b4,39de7085fb626840f177f8a80e76a61b,WardenWombat
ba35f72a-8d19-4db5-b99d-251218ea16dd,6f3584e24229ee85d800011f965be470,SirReginald
2055e5cf-193d-4d5a-a03b-561546901ce7,d9178c9b9b04d44404f512b36dcb61b0,ScoutSquirrel
843cba29-835b-4a9c-ad49-6e3fec0c9a47,b1a177b16ef757cad4bb379f6e0cd1f7,TheFloatingFlamingo
b7b68cf3-c566-4dc2-a99b-40c3c79c0ae5,207fc9dbf39fc074d4461372bbebf1c6,GeneralGiraffe
5beb1a05-7af4-44d6-a3e2-cc0280c89988,f18b3d3fd2ec81a9bb630ed300830beb,CaptainQuirk
b8cc9fed-f881-491a-85ba-2707d900d110,eab0605ac25e96ae9172801d32e7f2ee,TheRumblingRhino
6b712b8e-d94d-44eb-9442-346a448e51db,4a7a40cbbcb775863bd52ef42e540548,TheGrowlingBear
4bacf7d9-e806-4d29-bc06-77af0ab0633d,6b099fd3b482a13258e2fd9bf49f0033,TheChirpingCricket
0d281a9a-df80-4f98-9a82-0c5277cee1e4,1cb18227c522b5f1d162f4d76c81e214,TheFloatingFlamingo
55624be5-8e36-4f56-b1b3-3bb6a48d21a2,03e22d0779290836cea8e57da166bd07,PioneerPangolin
c02703a7-0ffd-4ba5-9327-f800a42c8a4f,65f340b1840bcd4cc7e500007aab7aa9,EmperorEmu
1b35fff2-bc89-499f-b073-7283bcf10583,e2c719d3832bb7fff4e6f43db1fd8d6a,DoctorDapper
026d5502-761c-4854-a8a2-6e2d19316092,d1991a9eb07c16a6066744455ecd8e5e,DukeOfDoodles
33dcaf27-287d-4c7e-ac3f-bbe894c8396c,253ec96a677dcd0d2190e0583a5036e9,TheGrowlingBear
01bd5546-84b0-48f4-a487-ca807b760ab3,cd8ed64e3398a1fcee579f36b8a9fa90,TheJollyJellyfish
2adc1f7a-d708-47f9-96c8-9b8a1222a538,65ed7652d85bf492d44e597439749def,TheHootingOwl
44807857-b707-4997-b51e-c766ccf35973,eb76da55edfe645f9cf8f22d9f848c1f,TheFlutteringButterfly
9c7c636b-24a8-4c0c-b920-ce775c1f321f,068031bb35eef3f7f58efbe9b4a84ebc,TrackerTarsier
62043bf2-2d05-44de-a739-a679cd6c375a,41fe6756befc2b823388afc88fc6a08a,TheGibberingGibbon
2bb66bdc-202d-48da-8468-1bcd4b3de898,ec16e99639915e42d6d875129f629df9,TheSingingSloth
9e03b7c4-12b1-4225-bed3-3e7109cd92d2,ffe603e600d84c353fee8064fd56f8f7,TheWhisperingWalrus
51211fbf-3a72-4395-bc8b-a52cadbf1cb6,236678fa0912d3e4d04ce5f6788977a1,CountCatnip
af3dfc9f-b512-481d-b826-aa5cc1600d80,524cf2109c9385ba4611d8d6b93a9fb7,TheStalkingStork
d1954d38-51e2-48a7-ac2b-b225b64549da,e6c3dd0879b4ff981ffe8d126281a494,DuchessDuck
57e74fc1-2a4c-438a-8873-434653b6cdcb,e3b4e1cd861e1e406add248e66e3d654,TheJollyJellyfish
b8e75428-7ac5-409c-a74b-ee9bb7bc1871,070119cccb2a67c0f33fc39ee097e4ba,ProfessorPixel
cb80b2c2-4c5d-4414-8c60-77c6e9607b20,db173ab55c37b024cef512e3efe490e3,TheGallopingGazelle
e8180f06-bfd0-489f-9ac6-c8dcfbb96328,b63b559811840cf36051dc6010488c56,TheBabblingBaboon
5cfe349d-b616-43af-b675-556b91145064,59d9310abb0e05210171ec2d733c7188,RangerRaccoon
3869f4e5-62b1-4470-b221-79bc2bab7b08,3bb979f82c15b27a4db5474aab1aa400,DukeOfDoodles
fd864155-a7af-4aa4-8ee6-a690d7fc90a9,b83e58a6cef90fbf321f921d733809c3,TheHoppingHedgehog
381e3c29-3c59-4947-92a4-6daf217e9f53,40941663014c1fea2554647c13cb1b41,TheHowlingWolf
472ce144-f18a-464f-b76b-0557341a0eaa,e0e5f45db275311f708a30da0228b91f,TheRumblingRhino
b44685c9-d2ad-4cf9-b588-6459f12c0b9f,d0b18fa86055b38f205b02cfb48d195d,TheGrumblingGrizzly
38f64870-8d0b-4c35-a66d-3a74a00bd394,899a1bde54a43b95599ca12659bfc667,TheSoaringSeagull
c33ec2af-78e5-4fbf-abab-1bcbfd1798e5,fb1d8356646343899d792fd54ef474b7,CountCatnip
d4c527dc-a545-4884-87fb-acaf58fbb7e8,a7e45ebcbecea5a8fd9895df2b57f0dc,SergeantSloth
e967c651-5810-4bfb-b3ce-07b21bb589fc,8b49d9ae19309855495f462a619d5d87,TheCrawlingCrab
667c938f-e202-4ea5-9e9c-c2d1b5548d36,aac94c6d8e729466ec4d0110fa07bc11,CaptainChameleon
41d6c824-e7f9-43b5-a6bd-b0178cffcb14,8289bd18df3c7f2f3fd7a4a6736a4d60,TheSillySalamander
7294439d-d0bb-479a-a65f-d08fff5a2fa4,9d441bc73472425ab249d719f307c2ee,TheGrowlingBear
067838f9-cb08-4d15-b841-f1ae351a5c86,d65bb73807ca513cf6248aa1ced22059,ExplorerErmine
b2d816f5-f44d-4ea0-b47f-0813394b9c6e,4a26991aa296d859ed5ee6080a0e8654,TheHappyHippo
86c38464-5cb6-4964-ad58-2e8aa4d46347,7d97200f3286bdd73ca724d465961e09,TheJellyfish
898e2908-b19a-4b36-8bd7-f33676045754,d238e777054f63305974f25cca9a50a0,TheTrumpetingElephant
52f79c96-03bc-4163-a01e-82b7c3f8be03,4b9fe0a4414f61c21acf53ec1f3210e4,TheHoppingHedgehog
129c4da0-cfd9-47ab-a5e1-acab0b09f8dd,6f5da92a2c17cda5cd502e0d4d4ce057,TheFunkyMonk
3a4b3c22-d9a9-4d04-96c1-204baa1952b5,cd3fea665d72babd15c508b692d6c62b,SirReginald
beeea565-a42f-40d7-a691-4d65443584cb,87459d105922cd36d4948eab095ba532,CorporalCorgi
a42300fc-1dd0-4e3a-99cf-9d10e555aa4f,9770254a79bd279ca31281db57499009,MajorMeerkat
3d0cd59e-2bcf-44c9-a37a-62e30f47fb20,40c4c3b756ad45edf8cbd98dd7a92090,RangerRaccoon
314db7c5-3919-48d2-85fd-28fed9fed8f7,7c7f95f313b0f7716001ab7ba98a6dac,ThePrancingPony
b56254a5-94ce-4c6e-9040-a5e326763961,25d0b9e8ad2508d63b9efcab3376f051,BaronVonBubbles
2417f987-f707-4bf6-a78d-b05b8532c250,9a712694c47b7164669c86937d18c70e,MadamMystic
1c34dc8e-35f3-4637-8887-4b97fc14d637,368aa9ec8262e950dba314ba692d15d4,TheBabblingBaboon
b6d7e231-378e-41e8-bcf5-06c93e733813,0a2d3415da219a10b0be064bf2e5d70d,TheQuirkyQuail
5478e182-cec1-4242-9f50-90db72d9c20d,11dd4deedffe695404d1e4643bd1357a,QueenQuokka
61fd0573-0fc1-4bc1-b63d-65c687c01d97,fd984c747df3755ace14e416c939134c,PrivatePlatypus
44a0ce96-1271-4ae8-8370-3efd7d3b807d,9eef693ca1a5a6c054fd84a7ebfb0338,TheDancingDingo
49bdcd4f-c179-4759-99d2-913b746aef81,a95a11b3a008be965244cac9c8257e4d,OfficerOcelot
a53cec07-1bf7-480e-90ef-404c8726b871,0d935e98731f0e1f0dfabfa94bfcacc0,TheQuirkyQuail
8b98121e-b9f5-41d8-a105-c2645e26bd9e,c831d6336a76a15e2bf050c020d4e95e,TheMumblingManatee
6b3d5a69-c6c3-4abb-bec7-7ee603213266,bbdf914794d7fe0e92ddbc26d78d0627,TheStalkingStork
c49728fd-fcba-4955-aefc-9c8cfb01b9e7,4fcb14d9d226a0fa3e44b0e0a16d9b9a,TheWackyWombat
3ad21a11-eaf1-44fd-9a00-6f05e00184da,24d2d771a470e6d15352849943d55b23,TheBellowingBison
d04a5f21-abba-4948-95e0-f9eb15765c80,e3bc77541c3ac7cbbbf8367e4a490edc,TheRoaringLion
ec3fe880-e226-477a-92a7-742105e81de1,5880544dd438d2f3e72403bd09c40d60,TheHowlingWolf
666ca2df-315e-4572-b361-4c26ce180706,648a92ac9e941230c9d3a32c8aa3dea4,TheChirpingCricket
67f0dd2d-9e06-4287-afbf-ffc1cf0ef456,ff3b2f0a83d7a9af3dca942a85e268d8,TheGoofyGorilla
c1c9a389-58de-41a1-9698-1cf39500b982,c95384c2aa8345ea39ecf0db027262c2,TheZanyZebra
963a3011-b2c4-43e6-9962-a187b5b3d4c2,29394d1069b9718ce791f53c7ceb385d,SirReginald
799e86ca-a5e4-43db-a1b0-34fe80ae97fa,017f349c20b29ca73a69c36fe313459a,Ed
670ea9f5-6e0c-4a7f-a39f-c7e5d698876f,7705fac27ab2558427f90484a8786e41,RangerRaccoon
fc870730-25a8-4c23-8cfc-401b1ebbda13,07e13feca02f829f8cf107bd601b3b51,CadetCapybara
5664e4a4-9c7b-45ec-a5ad-fbc71f917a2b,2f893977dd67bbfe3986c540f1a4fdb9,KingKoala
2ec63f5f-2ea3-4fda-bd84-bf6347414600,7eaac1c2a6d8223c8ceeb38f57b3ca0a,TheQuirkyQuail
d3c953e3-2be4-471e-a5fc-66f363f23bda,6a845c8894a304a15355b8e99ea5de22,WardenWombat
735fa512-c33b-446e-8bae-9856c1b929d3,42de9efcaf8511eb86ec3c2ee1d2b052,CosmicCucumber
eef1c329-16de-4400-8169-f608e326ea59,43668868d289b22a3e3140e8f7e60a79,WardenWombat
0026d942-0170-43cf-b4ae-1c58530d0a2d,2f3d1fd7a408fc1f0cdbd5dfc13ea4c4,CorporalCorgi
736253ca-517a-4b4c-bc76-8b7e65aed992,21b13f768a38d3d280fc6ba7923b64a0,TheCreepingCaterpillar
c1330606-18fa-49d1-9dea-001b4f49ea8c,7eb082d9f54fe63fd36dafcb29dd464e,TheFlyingFox
9d92954b-e06d-45ec-acbb-2ad4953f35f8,c215525672fc1f7aece101950a40008f,TheFloatingFlamingo
1d214296-18e6-4524-8964-0ee168a27328,2173e2121b9e08065bb770903b41f0e5,DoctorDapper
e92bd7bc-3e33-4aef-9369-ebea19374a06,c9b4beddcc73d69204344c46b3838126,TheGallopingGazelle
6f7bc6a3-3d7a-43bf-9a12-e2fb8a1c92da,fca19ef6763642ff4d3567c015611016,TheSoaringSeagull
c5414ed7-afc2-4578-9a86-afe04c8a5d36,15458613cc435e4659b02dc78958a577,TheHowlingWolf
b55bae9d-b990-4750-8956-24765d09a94d,aa9c4399d51c3fde14662664a22c35ce,TheHootingOwl
c25d7a52-7cdc-4790-aa6b-76bf79e96092,26bd0398a1343c4789dded9c74653187,PrivatePlatypus
2e3e25fb-419c-4b33-8dd0-e22a2fc1be7a,722854fca5589180b2997a4797c59ce5,TrailblazerTapir
e616ca68-6aa4-44de-8a0f-d9f0c44a821d,485a50294e2e56cb1cca4a0634fe8f50,TheTrumpetingElephant
d5955311-b9b8-4bd1-918b-3be912d7e2b8,9de471d92636920ef4f177103e18d243,TheFunkyMonk
b6ae0300-a7bd-4160-9773-5f8e267f0f6e,e0393856e5597d4bc542150d1979f542,TheWhimsicalWalrus
d2361f10-8614-478f-9a15-598e2da8ac23,72018a8ae6bf4bb626c197b264b8ed1d,PathfinderPorcupine
05267ba2-ff61-4036-954d-5763a826652c,d156e6bd4da87acb00a92cc2e5d91ecc,ThePrancingPony
8a63efea-ec44-4e19-b8a5-68023a85a617,4dc57fd3fe17c92952502218118bac39,PioneerPangolin
44cf32a1-042a-405c-8e5b-a0e497f5cb22,26df829a5b2d66ee44a65ad751ef3eea,CorporalCorgi
989471de-fff7-4834-8735-72bfe1f35872,453132dc0d0d9f5993dc2a68b1f83738,CountCatnip
0c36e5eb-1ebc-4aad-b8a9-6ad10361ddff,ed5bab50f4bd274d1046e4d0db721c84,LordLlama
685add35-52f8-4820-8938-f9564d79237f,00e19c19f817e367b17f780d728d1835,SirReginald
be5e1d91-4c81-4286-b589-eb7bfbe183f0,0a168244f1605fc1e748b4548674ce4b,TheGibberingGibbon
0dc229cd-f95b-40d8-bc7b-cdf1f31b9b55,025b6ae43d01c483d551e696d26e5db3,TheMumblingManatee
3639ac10-803e-432b-82ae-d2fa96d6de2a,ed06f75ba41b7c94edf4503fe2445e65,TheStalkingStork
c3c422b4-928b-492e-afcc-0232eba914c0,9279391cfe380c42b9accbc22dcbeb5c,TheMysticalMeerkat
5c66d396-6bc6-4c22-a4f4-d6a1a42aae10,868b5958b356a939356fc191429ee70c,TheBellowingBison
84647907-12fa-4c25-9b9a-cbc3960897af,2a7612e737a5afdc547f9ceb337255a7,TheGrowlingBear
7b66a25e-3078-44ee-bf00-a3f0592658cf,893fd6a12aab3728f13b3126893bbd1b,TheFlutteringButterfly
9f58ad65-2a3a-470f-8cb2-988ef8847d5e,066d24d71751f519b254a03a1e3e5791,TheGallopingGazelle
664cba27-3114-41d3-9e3e-29fab9469997,70d2965baf31d311b1f5d82bbda34246,SirReginald
3b8aaea7-ce91-4140-b15d-404b70a0dd50,d31c3a579162286e919d92e9c8f82757,TheZanyZebra
fb48aa4f-eadb-4377-b0a6-2971a2e06fd3,ce0eaa098ea88b0f055bf06a2d08c847,TheGallopingGazelle
0c72561a-a7d5-4112-89e2-531038a19f60,eccb3f21ba19256da111d50e73344d7e,TheWhimsicalWalrus
bbe90e69-d845-4675-9738-1a8ac71400a4,f3b72a7479b09e49133fdfdbd2a8b4db,LordLlama
7716568c-43b9-4aca-b417-9b69eb0d0a39,b24949a59e97cb79c4f586b7ded324f8,TheStalkingStork
f5f8a4f2-859a-419f-a450-1471f4c659b0,0ddba23a6178a5d88d4183b4f3f224b2,TheProwlingPanther
f339c47d-3cde-4b4d-9b4c-90f53007d0bb,0c6b134cbcb0af1d38a792c2b234c4e4,TheSoaringSeagull
a998127d-4b3c-4c39-9ee8-69f4efbe2f26,2c925eb012a024f4fd3490acf066891e,TrailblazerTapir
cf4210fe-94b8-4201-9f70-fccd916bcc9d,860c3570c639ef4c033785bed2760e9b,AgentArgon
75e7d5f3-7b2b-46ae-adef-5cf0f6928c15,c8c7e194165fe5d38ab3cbb7aa5a7e32,CosmicCucumber
975eec5f-55d2-4c12-b04d-2874d76cbf1c,05c33fafd1aada68626ed580eb5ed22b,OfficerOcelot
a9e16ef1-afdb-482e-8728-a3a43f10c3ef,069a7107b4546810644e157aafc43215,TheGlidingGecko
073950d1-e3b0-4c73-87c8-561318b53131,c7e083c5dde6bd5092880ef3b626b948,TheMysticalMeerkat
c1cbe76c-a423-4beb-8132-25619a9b2b5a,765312c1834fe10d065ae3994380d201,TheLaughingLlama
8105a7a5-f47a-4722-b2d7-3cbd5c4a2abb,f484387c8ecba485b34abb62869c4650,ScoutSquirrel
fd95c507-fb70-4468-a733-57f55f482abb,c47960312b33c8426d3447d84eca8fd5,TheGlidingGecko
15e9edf1-7c74-424e-af1b-b89a82ce3577,48283178f78c388b92267669da40db03,TheLeapingLemur
4c69fa38-e358-4c8e-a059-53c562c4938b,4f05ef6daffac59f66679312710cbe3d,TheSqueakingMouse
94042cd4-41a3-47f2-8fdb-7ac91daed377,99342e84619160aad7099de9902bba4e,PioneerPangolin
f21c7f26-82a0-4a34-8cad-51040131f821,bc083121ff49fa733dcbd339922f0fa5,DoctorDapper
78ffe946-7157-4561-adec-bf182f85f638,374fea5cf5af6c6ebb3f5515fd2b8074,CosmicCucumber
53fd3dc4-5d1f-4f8c-b573-75f4ffc0e3d4,88d5d7e41a1a4085cdafaf1ec35981ae,TheTrumpetingElephant
dcc889c2-8fc1-4e41-99d5-7d9d72f62c50,14c9e67884296c4b35d1cc1d67c095c4,AgentArgon
1da99fc7-09c5-4525-8479-e45158dc76c9,6f8176b1b7c1648e3ddeea061802668a,TheSqueakingMouse
2065c662-a15e-4196-908c-b28442cb9591,1ebf6e88527219d8d00607d8360ad54b,TheLeapingLemur
a5839167-cf9b-4305-8640-287e17df79a4,64ebed33d94df469b72a80fade570cb8,TheWhimsicalWalrus
f70fcdb1-c5db-4f66-b898-e122aba1a61f,0ae7c79f16011ba36633f15f34f6fb70,TheProwlingPanther
f0e07242-8100-4157-9648-fbe9d6cd9c8e,ea1c40687edebc306297d21bfc05d8e0,TheMysticalMeerkat
711c49a0-92c6-4239-9079-70f3d79261a8,a2f46656659ab0ccffd9f16da70f214d,TheFlyingFox
3cd5bda1-2538-41f6-80be-29cadca70a46,4f528937ccdda2583e4d33f5898832d6,SirReginald
05f79936-62cf-4887-a5ec-6093ff8bc07f,29b3c064e9a078af924b625a510645b8,CountCatnip
8b6a23ea-6dc0-4b8f-87b6-10fa8bcdbb99,dda9e086f4879847b86e17e8b2e2d50e,BaronVonBubbles
16d3d77f-393e-46d2-b295-404b2e84c705,d71492236e0ae1bade27d65ddd53974d,TheSoaringSeagull
6f5c9e64-8877-48f9-ad67-103a3394e14d,d4e35be07dc746a227fcc34a4e5aac7e,WardenWombat
316a468f-3a73-479c-871c-9e871ef4ef04,cbffa943ece7d995da3d3da97eeffef2,TheJollyJellyfish
5cb39768-e43c-474d-8991-d4dc1017bbc0,fef7027a1e2daedc3a33eba234c0f8da,TheRumblingRhino
25c8dc09-606c-4ff5-a9b4-d4327a236d22,244af2bd8df065a955e878f96bf24926,TheHoppingHedgehog
ff859ada-4bc8-453f-8f2e-b67dc23e99c0,1b39713edb26b4094dbf3ee4da8bbaff,DoctorDapper
54235b25-69d4-4547-9cba-d32711b00aa1,575299fd24837b4c5997e7a1b810263e,TheSillySalamander
5bbd6449-e0d0-4a23-a53c-b6c1c925b67c,3191c835bcf5353c1bd9fe79b14d4d7b,TheQuirkyQuail
2541a521-e341-4e53-9d16-39ff11d781ae,b4854bd0d731aaf0b3d4d28480c2456c,AgentArgon
2a493654-7517-4abd-8e8c-6fca147057d0,d6a403c33b91cacf74c3ef3eac9cd60c,ScoutSquirrel
0d4666e3-7c94-4db4-b009-ae96c3064fbe,b9d24ec6aa764519f85f126b8e3fdac8,TheGoofyGorilla
8278477f-da08-4f43-a199-efbfe6432175,7c2651793c4071cc7877ac506d345798,TheBouncingBunny
0701a828-59f6-49e5-aed0-c4006d0e929e,7dd4e966b99d077ba31c2cafb82002a1,TheChirpingCricket
c2ef6d4d-f2b3-4d4e-95de-59c1a52da716,39793c4d750ae297953e643de67012ac,CountCatnip
ac1eb9d7-b0fe-481b-af3f-710e4a231f3d,31874315aa86186ddf976030489faf17,CaptainChameleon
60e80c59-de1b-4eea-9c65-abfbfdd57122,c6ad8eff31e446918bb6764220110bd3,ExplorerErmine
c13bf3b0-90d7-4bba-9954-3917f95e0c03,48167b9f9ef3b541e594271f75ff4aed,SergeantSloth
7fae9fdf-deae-46c9-a441-2007e7fd35dc,5600501ef5ed5fad4b4b60bed91ffd5c,PrivatePlatypus
3c6caca0-e4ed-4c73-8710-1aec1bf31da4,e2325368d9effbf580b4b880a89a99c5,CorporalCorgi
7cbd2ca7-b6a3-4d9c-9960-3af8e5891eef,20ffcf75a8f175ace05f1fa83933ef2c,TheBouncingBunny
b24c0e66-7cc2-4f58-9064-7acd90c50b74,a49e3d3a1afe614b261ecb4e508d4595,TheBellowingBison
cb5c5b63-5d8e-46fa-8c2d-f571018e98a0,0cc2913ee489f584b9a15b28a18af801,LieutenantLemur
22d636f1-7d1a-477b-b3ce-465411e13026,41e29bd459e05d7f0a94bb94279cc05f,PrincePenguin
e7d63500-8704-481d-bffb-6db012316967,abcfa26d12e99016cf6eec5e83994eac,TheWackyWombat
ac540559-5880-4dfe-8aa2-9008a4fe5a39,51791d94a75e594c784046d1d0283bab,EmperorEmu
45f3ed87-f343-471a-868f-83698ed40f64,92050d19b905684cff774c7f30cf53a8,MadamMystic
c42a5323-9f5c-4251-914f-9bf9284a5731,44f7abd98116de9bb95eba29cf407ab5,TheJollyJellyfish
284a58b0-4cd1-43f4-ba7e-177e84091b12,658bdbd705c8a58aaf2d724a04564c90,TheJellyfish
e4b89c60-e716-4764-a9a1-5426dd620280,32b7c55728f2c22c02c43aef247e3ff9,CaptainChameleon
e96d7e97-4f4e-4b37-8f66-18e52b47f8b5,0d626298153ae01bf9309c953654cd64,CommanderCobra
4fa79e0b-5e5a-4135-901d-c786c87872d8,0d59465fabe6c6ed82dd29b4385aa318,TheSqueakingMouse
0140da22-e282-4d21-ba5a-7219da283240,bb35f9f5ea21108efa7c277a43e58028,TheChirpingCricket
6ad14f49-c254-4bea-93e0-b866f1388c95,302e0e3f8a0c1eb6ecbc442415a784eb,TheGibberingGibbon
7beca0fb-1c22-45e4-8bf8-0dfd433a79c2,a5bea1860308eb4f4a2ecc5ea712d3b5,BaronVonBubbles
d63dd33a-4bf5-4f53-8add-18d56804bba6,7e6ebccecf6995fe9934b91c100e320b,CosmicCucumber
56e26b77-5bf2-4260-bda7-2fe145c55847,689743df81e82dc1527e9ba648904857,ScoutSquirrel
3cdbcc6a-91aa-426f-92b0-2bad4b55d948,3492be58d221cdc4130c65dc3a2117da,TheCrawlingCrab
37e83c9a-c916-4004-a655-b815d6333850,f06ca7dcfb8a162ed68dce25d0af2b08,DukeOfDoodles
c432214a-818a-4639-b55d-f3fed3d65e10,c5a5a73d5a18a8df58867e8e1942f002,TheFunkyMonk
15606d56-c60a-4aba-afbd-5628fb0844d7,e93c2268d6baaa410691c41d215ba468,TheSillySalamander
3804ebd0-3a3e-4784-9342-4a4cef3350b6,68482d47981203de69273d16b9080404,dubeux
b8151680-c5bd-4f91-a624-0b28c7b6853d,054417cbb9b54d4c8ad9942a714e584d,TheRoaringLion
05b4d8fe-6831-4528-9457-765daab3c351,0aae6847d662680f3960e271f5e68cd2,CaptainQuirk
bc65869c-48a2-4ba3-856c-74c93a1c6c0e,7d3a64fb0a1409d3ff5c4ff14839735b,TheHoppingHedgehog
02cc78a4-59c7-402a-a3b5-4c70348c66fe,4bb18755873242195672662fc8c6d1c7,EmperorEmu
968c140a-462e-42d3-86f5-aeb53bf4ce1c,f6e1cbba7345007b869f6e5b41d5610f,ScoutSquirrel
a48358c0-4b60-4b29-9d67-000793608604,8160eba90e17c2f8c9db06e83a2919c5,OfficerOcelot
5acd41e3-e602-4b52-ae39-3913d301652f,a7817375eef9513299f3ebcb47510114,TheSwingingSpider
2f2088e1-1c65-4983-9146-65258d9ba451,e80fc44ae277ce690d76ff48d8f0bac2,TheDancingDingo
2f0fbecf-cb06-47df-9feb-46f25b52cf0f,09259c20e9a4b515025eb599ceb364b8,TheRoaringLion
a50d8bae-67a6-423b-92a7-a024840a7151,1eb547d7546a35f3dd24dc0113f6e26b,TheHootingOwl
0ee46703-6a9c-4f1c-becc-25778d2e82d0,557f3f69f2241408473d7c173d12ad57,TheWhisperingWalrus
eeb6ec0f-51db-4248-a0a7-2bbc813c87c7,07e589fb173987e899b8dd85deed5700,ExplorerErmine
3fb71c20-e8c2-4956-af5c-763e6f594aa8,e8ff4cd2450002d48751da4694425d34,OfficerOcelot
1c7f27e8-2b85-4cf1-b450-e95705ee840a,eb9ea9e6905ce6ab2fdb098d01e09bb8,EnsignEchidna
c350abcb-6156-4ca5-a7b1-8f7673a3f53f,9ce842aee1ef9b34cdf56c6020687fd9,AgentArgon
0b4032d2-b2bd-4580-b6b9-02d6a7b3b2c5,d0f8bfe47b3d71216bf63e648cf765f3,VoyagerVulture
bd1b407b-ee51-4947-8495-0c29bea52153,f83d5b782faad31d6e7ddd028760aedd,TheFloatingFlamingo
71ac9355-6a5f-48f7-b86c-4e2d1a871d4f,9548f54f563aa386c018971c7d204046,TheHootingOwl
2b581ff3-1de3-4d26-8b3c-1ee287ca0826,1f194c4ebb14e0a35b7b539b9d52ab66,CommanderCobra
359dd2ac-d18a-4946-9639-1f3da547a64a,766e69d1995af21f88068b92354ee73b,TheProwlingPanther
b5fda33e-fbb3-4b9d-90ae-04ef23134c96,8010768b921f5ce14001f4e54bfcd7cf,TheLaughingLlama
a69f88bb-738c-4edd-ba9b-03cc81e415c9,edbdf0e809ca6a13381188e3f4fcd333,AgentArgon
f528cfde-92fe-4a63-8911-8ada1fbd24bc,2ee3cae869f71b0430238a3cb6f32f86,CadetCapybara
a3b43cea-8f35-43c0-b8bd-0bb77ed5558b,d11e67015c222477e5896226aebcedcc,TheSillySalamander
947bf2ab-5532-427a-840a-344cc1602257,aa14f10ba8585dc5de66deb27cf13005,WardenWombat
761b0230-263e-4695-85b1-a7981dfdf29c,e2b37eeac353f5011871193cd5bea25b,TheCrawlingCrab
3ff76247-fb14-4e71-b282-835ab64f7005,97d99ce42bc0f40ba0968f1f6c7504bd,PathfinderPorcupine
d94ad5c0-9e21-4996-97a0-c8576243d96c,35bd94466d0235c05523efed09d8beeb,TheGrowlingBear
d9fdf5d0-20af-421d-a14f-572d638b1616,c06e6d08f90a034292427c036ba1bfd8,ExplorerErmine
cfe02ca0-64ef-4442-9209-2d4c568a5406,5f094feb8381921bc4fcff1ce983929c,PathfinderPorcupine
49f75d60-689e-46f4-a1f9-4ee7a0391f20,da458640d988207da1a4d1aece0ca5fb,PathfinderPorcupine
87fb45a8-7004-40fe-acae-35cadacf8e91,863d17280302519225724f52e1cee73c,Mathias
0ce180be-b927-494f-9546-25faad2c8afe,b3458b0a15d094a6ecc7eec287175428,SergeantSloth
4b59d775-7fde-4786-bd75-c27a245a353f,b29a390a297d84cd0ba710dab76cea63,TheGibberingGibbon
b0142249-b454-461e-85ac-6ec871b3f71f,4177058ff0c8c274040a6c799b763c54,TheGlidingGecko
11c5d371-83bc-4f08-a4b3-073d98c1200a,4d9b72dcff0cc22c85163392be244eb9,TheGibberingGibbon
fc49120a-57f1-40b9-95c0-b8ba5b172aa1,0c07e7f081a90af69e434a86fba8b5db,TheGallopingGazelle
08e47ca5-5173-43ee-9e7f-c9eb176e9b8f,bfc308f9baa98f70ba40a869a9c94cb4,LieutenantLemur
9f787bab-2c69-432c-a1cd-035730c07ad9,3892a5c16df6610036c2fbac4ebf4b45,DukeOfDoodles
d2e53f48-8de9-442e-a941-d00e249adde8,38e6129d4ce7cbf8cd85394f66031991,ak
c766dd3d-fbae-4023-bd12-463a5b84f8e6,c21f67030d7d0d1bb8b866e9154e5834,TheGoofyGorilla
53492e42-f1c8-41af-87dc-d42a79fd0bf5,ee802285f06b0abbeacb8f70efb740b9,TheSwingingSpider
0f69f3c0-6794-4200-b057-156a66bd344b,b2532336222cfe2220769b493c2d499c,CaptainQuirk
eb2b0a6a-1a98-437c-8c87-fe4c50e8b828,525165ca3c82266e92154b85000805a4,DuchessDuck
8e3c08b7-318b-4fda-95dd-471898b51dd8,86bb0c35651617855b0b05616e0ecabe,TheGoofyGorilla
5fc8106c-16c7-4aca-a6a1-43fa6b443cd9,9d8cd98a1b391278eb80e738bbec6bb6,WardenWombat
738bd7a8-0e47-4b9b-ba5c-18957a2e9a5f,61a4027322b0057d890c5c05744cc9fa,TrailblazerTapir
52024650-5356-423a-959a-5c0b7108c3b6,4695a84122bc2b86e52e6fcb3342edda,PrincessPanda
6775b204-d57d-4459-a3cd-c64288fb0d4f,4433f5f4a8d867e8e528c78083adb815,SergeantSloth
c9c97b0d-f6b0-4b2b-9883-23025feb0e4f,2d86cbb622be3c22af43ee1f13b21145,TheBouncingBunny
33347545-cdb4-4994-b763-8e49991da3b7,1c50a14c4cf54ad256d2e9fc4dd4766d,LieutenantLemur
336fa210-a9bf-44d2-90d0-79a2a0f92f4e,424e519361ddf88c408b1b521970affd,TheSnortingBoar
25aaa8d4-7edf-4908-a64d-40dcbb7d8c9a,938f6035d1c9acfcce67a28f30e2af04,TheStalkingStork
bdab2e16-ce26-443d-8157-0ffb578512e0,34178737f2209fcb1fb4f53ab3a522b5,AdmiralAlpaca
fdf2ef7f-0482-4462-ab50-92bc9bac5ff8,1e4bd2ddaed0875a110715c8ee8c5271,TheFloatingFlamingo
a134b0fd-4115-4548-a1ae-fee18ebdba46,291f737be90f2f7210d108ff90add178,PrincePenguin
c576583b-c8cb-4b19-a169-c360a39eebc1,573fe63e6536d2eeb03cd1e28bc3a5c6,TheGoofyGorilla
aa6492a2-debc-4d00-bf88-0af38ae859b6,e47736b50950c5d5cb54cdfa4ad92e6b,TheRumblingRhino
a18aee35-b07a-446a-aef7-0b4734931b00,a1fbaee9c43942551ad9427303a2156a,RangerRaccoon
b1726052-743f-4b6e-bdaa-d4be7142ac88,c992ba07fb1df783f60f2542a1388a10,TheFlutteringButterfly
73d7b033-21e3-4fc4-a997-3ed2a1c9c54d,07fab0fc67547f09e7e533f78320e665,TheCroakingFrog
b3e2fb3e-a1fd-4337-a07d-0f0a095c7601,cec53e1f5d7df92a28577d01feaa5d8b,TheDapperDolphin
bff6566c-c543-4c68-b916-abdbb6de3a47,a82e0f67bd1dd79f82f26f24507e49a2,TheHootingOwl
1bf88fb9-fbdf-44fa-b3bb-f438e63b2f58,87e599a768a1fc3d40e3fa41c76b8fc3,TrackerTarsier
c6f7d7de-2166-4333-a695-0f48342afc2d,77ff757e451f3e52b6a04d2d9bd822a7,TheGoofyGorilla
c50b03f0-8008-4e89-abf7-4a14d8fc2905,cf85a5ea3802ce0c9579574257270ad3,TheFloatingFlamingo
5cab2f80-25de-45e7-ac67-37e1f187d127,e8d3f80c6d2daf64d5fc183f44247743,TheSingingSloth
f4f8e716-2bfa-4886-8d4d-369b8fb838a6,8c9e3f444113f85777e8f940275a8096,TheMysticalMeerkat
b60653a5-9ce3-4677-8128-61e2e765a6d7,c09663a1e846faf8d592cd1310291d71,TheProwlingPanther
20ebaaad-a646-4cb6-927f-e41c06226f35,bbcef14ac0b9307a8b296c27c507c18d,CountCatnip
570036cd-117b-4c2e-af2b-7d7655b75fc2,b83feae45f7f09245d1f7d12d59632dc,TheMumblingManatee
657ae387-195a-479d-9ebe-82df51e362b2,b8a205bed9e8dde7ed98f42bd92e007c,LieutenantLemur
e9fcdb8f-7323-41cb-b344-95df3b1ff92b,bf58a43262eecf9ef9c324b312615996,TheGoofyGorilla
f0045b12-79db-4bc3-b686-a7e5122f21ef,7f3718da2a2882fd64ed412918bbaaf0,ExplorerErmine
bdcf5f9f-793d-40f5-8954-1a2e933576b6,406e0fdcc179a2e1fdde005771046a31,TheChatteringChipmunk
95c0a8ff-b0fd-489f-a013-8c3c0b54de47,a0eedaf7c9afe3d84c619ffaee5031ab,SergeantSloth
f2e68f92-f07f-4848-8ebc-04bc3dea6597,e57593813d6a0209b26a206f42485685,AdmiralAlpaca
a055c4d4-e7bd-4f20-bdbc-a7f42880bd84,0626afb5779e12c55e24e28bc1c132c3,TheChirpingCricket
bba8528d-3fc0-4c54-8607-83b78ba663f2,096210e2f46d5257bd7cc266d6ad87ff,TheProwlingPanther
b0e6f5ae-1713-4ee9-8eb6-3fbd7bd86759,3469c6d9aa9737075070caba6671a3ad,TrailblazerTapir
bb46a337-2dd2-4fb1-a995-cbb323bd840f,68252fef41cb41fb202c3576f33e5cc8,PrivatePlatypus
d1522bd1-7dbe-48b2-a01d-eec15203d491,0f9f7a9ecd32878b79483393d874b091,TheSwingingSpider
d9c20536-ef1d-42ff-9732-07569ef798b1,f74be80f4bcf13120601dbfb2dbf80ab,ProfessorPixel
9071d353-5b7a-4651-9de0-2086a61c1105,37edea302f9964d66352b09a32b0c5b1,TheSingingSloth
a4b89e9b-fcd2-42fa-8c0b-116f15fb0d30,0060d88a0d625da14f338e0b544afb12,TheSoaringSeagull
cec1e8da-e10a-486c-8cdc-91c647805039,e914af8e79d72eeb60d4215ef12659cc,TheGlidingGecko
d1abb056-8633-4610-9b15-9465c4c32fe4,760159b9f3bf205c3efb2f7121bed7a8,DukeOfDoodles
7771c429-89bc-4696-a0ff-f9c6004a29ae,0482440488a352df1447efe8da60757f,TheWaddlingWombat
79fc92fe-469d-4774-b490-30979d14ef84,fe93259c314d4dcde541454be4fd3753,CorporalCorgi
29bc264b-a79e-4a59-ae7d-51d59aa82714,fab6b2d617b794341f8bd0352b54d84e,TheFlutteringButterfly
1cc6ca0a-936d-4559-bd30-7b7814102439,34d21b746fc381909fac0c2df29434aa,CaptainChameleon
34c879db-971d-4986-8e25-60116c6a4b37,596761704e4d596c582f53c6713dba54,RangerRaccoon
d38b15a0-bf36-4b24-90af-828d220fd246,fdf53a9f343dc61769fae8bdf606850f,TheChirpingCricket
d15e27b4-4f1d-4799-9fea-128ceebde54f,476f4c36fd0df91dbf1b228bfc8084d9,TheMumblingManatee
6fcb0306-4c77-4b65-8c33-35e6e965121e,d8518b36be63dd65f7c4be5b8f21c963,TheCroakingFrog
31d9a117-e614-4b97-9e78-5087f380ae9e,f7a671bf26c1661103606dd60fd055fc,KingKoala
fb7ca90e-89c9-4b73-83e8-783b6b5a1899,01efb557c241081399e4eba4544332f0,TheWackyWombat
aff668b6-bbbc-4f5c-bc36-e746cb436989,8fb5d0b8ef9ddff40b53610684200612,TheFlutteringButterfly
477be56b-60fa-445c-8336-7e0c9f168180,d6a85448d9d0d4789ff27f620467aa29,TheGibberingGibbon
cac12473-e5ab-4d5c-a119-afc0f3244660,746b646daafd718bce60b899569f5189,TheCreepingCaterpillar
f0105e08-d713-43a4-8130-d78c77496539,6a313cba49ed2b53ce7506258a9d60a7,CountCatnip
627d279e-190f-41e3-8f90-e819818b95d4,dc7e9115096d92e2f3986b5a1ec30f23,CountCatnip
46f54e7b-82aa-45bb-8723-d3a780b75c5b,5aa66d00b661a24bf50e09e9f3537f10,PioneerPangolin
d3475bf9-cfed-4790-b9b1-3aa5e15184c5,d8eeb076c34f53c97de088a3c9905d71,MajorMeerkat
77e43417-4aad-4dfa-8201-4a173ff1e31a,45a523ff0d930ca3560b77d8c1e2e87a,TheBuzzingBee
5d06ffd7-b133-4317-b115-e0c5df980b7a,283575f115cb9affc15adaabfa41c669,TheDapperDolphin
c14caee1-388c-4876-bd00-4028dbff9cba,6d6a1b235995387b2fca5f503d814662,DukeOfDoodles
aca7d905-2590-417f-b6d8-21401bfcacee,0322a1615d0403e0ff469b728927a88a,QueenQuokka
7536799e-08e1-4cd4-a5d9-75f9f6074375,4889b6c5ff853045f92d4e8d39e31d36,TheCreepingCaterpillar
eca38341-4a18-4eac-8323-a3f6c7ecf16a,57f9d73ba7fb5d5a861934387f0b6f81,TheLeapingLemur
8de3e6a7-b93e-4ac9-8310-33e7432ba3ca,09a379f636aa2272f8f8d9a2489d8574,AgentArgon
5240667c-8f5e-42c0-8e0e-98dc9a5db244,ef3dc3e0468079758bd1bd2ead45bef3,TheHootingOwl
379af4be-d56d-4eef-b0e9-6f309be61362,1e54cf049a8db12b8bed9c57356d5503,CaptainChameleon
076379e3-3f69-4e47-b403-976dfe45535b,8c3feb332c4169461450ca3ce64f5f56,TheGoofyGorilla
efcf232b-d81f-40f9-ba3e-52fde9c69f25,0561ad4996e68f40535d76086b5ef845,TheGrumblingGrizzly
9ba7dc50-3c48-4c70-b792-fbe0619e4cf3,11f4c73afe6e1d90e6a5d647b4cc0964,TheGoofyGorilla
5bb8b881-59af-4582-9b18-c27119174cf1,5e3a38e8505d90acd2220fa046c441dc,EnsignEchidna
c3953583-cba6-4bb2-ad4f-b64795b4b994,8e54e60cc3dd25bc4b0d7c832cdf2e12,SirReginald
d16e6164-f6dd-4583-bdaa-5d4d71f683ab,be1a7e0a6b8a3bfbff6e2c1c9108a6e5,MajorMeerkat
82840530-8de4-4f76-baf8-8276eeb504e1,a4ff80bb3c4d5b4522e26cd36c51ac05,TheProwlingPanther
2353162c-9b9f-4004-adb4-6f2e823426ae,0acd3cf4532d339b8126fad251b7ce04,TheLeapingLemur
db12eaae-ba54-4873-9907-01747ee82ca5,c48a2beb0b7e2efb0c65ea7794a4d6f7,TheTrumpetingElephant
c049a3b4-d29e-47a8-a169-2910e6425d3a,c383a1b6dbf56c4b701f71e12e8547e9,ThePrancingPony
6a63caa5-2912-4638-9b3f-7180b8c0ca0b,f198a8b6f5435ff7e6568080ff2fec6d,ThePrancingPony
7febc882-eaf0-40da-b317-a1cefbe3f3c4,b20ad9d8f8b0ca0cf03198975fe95cd4,TheZanyZebra
452dcf39-69b8-4d99-b983-05fad4c976d8,ab9ec7564102396a7edc7a2d2d9bfd0a,WardenWombat
2a4a44b8-05f1-4959-844f-25f5357e0066,c6fb3ec516ee85e6e04a4942768f805c,CaptainChameleon
050cd687-e9e0-40fd-b9ca-4ff87f879300,0e4310c75c3f10e89fdd366e612f1b1e,TheSillySalamander
66308de7-e7af-47c0-b8de-c618ce3c2dd7,6204a4e0c0d14ad2e8be9b2a48f0144d,TheRoaringLion
2cedbf78-0bb0-4bb7-9fce-3c26160b70df,11eb807c889f885085905422e5646266,TheFloatingFlamingo
18f1d7a0-bbee-4719-8f77-e0d802723a28,172adbbf607c7ccc91bfb62c58ed7e8a,TheZanyZebra
ed214ffd-a44a-4042-afaf-ecd2cdbdde78,ca8eb87899f655c1f7c8d8bd1c9719f0,RangerRaccoon
5271a1b9-443b-469c-a787-78e6e948573e,c5cf726f540239ee0696bfddf5228008,PioneerPangolin
f165d758-558a-4e5b-8c68-b5d39bcd3251,5ce7dd81f71b60a941d2470735e5d431,TheWackyWombat
6f6b40cd-789d-4f1c-82e3-7ea62b50e7db,6f152e1c441289ddb8eaca80fbae6ea0,TheQuirkyQuail
07f7786e-de04-4053-9923-eccf48a2ec92,f9465ed2f679a66bbca2564f36553499,OfficerOcelot
b9f5d38d-715d-4b0f-b9d5-1886cb6a88bb,fd2dd8a04edba8bc0555823a8f75751e,PrincePenguin
2af5f83c-a8c9-464f-ac8f-1ebbd7f1ef67,3957e886c18a3602445cc8f1aa6f16cf,TheMysticalMeerkat
69244bc3-c29a-4eb2-9c65-8c97e812640f,22313c079b6eab593b3e6e878230db98,DukeOfDoodles
14a7dc0d-2b26-4d62-93c7-f0f07bf9bec0,2ab8c6fce810ad0f8fff8055eb260319,TheWhisperingWalrus
e6238385-4acb-4741-80d4-920d2ae68c84,540e4ed4dc5b65edc0d0c97174b9bc99,TheChirpingCricket
649bad30-03fb-484e-ac82-20666c5ca2eb,3caa00879108b4afc546228b2c96bd98,TheGlidingGecko
e1ad5582-9e18-4ee3-8d1d-003bfbf7a364,f3b6b3e8fa1cbde8f0fb47111849c56d,AgentArgon
e5352cb2-a489-4d7c-8be9-1a5d6ce791db,bd5a7d1e77a13f0c300062652b8aa223,TheLaughingLlama
7b37d9f9-e6bc-42cc-bafa-2b35f6d116b5,95dc63b529cd237e23383003082f6569,KingKoala
ea7e1cb0-c872-4e09-ab23-4441d6010be3,83efd5d313a8bbbdf57662595594e689,TheChatteringChipmunk
67b83115-cb82-4ae6-941d-96e32351ecbe,978ae42e5b4fd99eebab2aec2de38924,SergeantSloth
eea238c6-f5d0-48b8-8bcc-daa8c0ed2079,65656a84cdb6697195a7f743efc577fe,TheGrumblingGrizzly
3fe04266-dc2b-496b-bc70-f2bde05151e3,f5df6e15a3532f16c03c329bd574b333,TheJollyJellyfish
7dbb9776-f15f-40d6-9813-b00c6190defd,552cbbfd7bbb39dd47446174e983be21,MadamMystic
372aa3a5-8e72-467d-888e-5c08d76f6290,a4ed649851c199244bb8e4b372c104ee,KingKoala
7145f8e8-9494-48b2-9ec2-b7b8b7ddcaa9,80fd3aa8f6ab326415f0eb8265ad9a75,ScoutSquirrel
08e9a650-5424-45a3-b756-1f4e17321716,2b151fa7dd47c66dcdb760dbdee978b5,BaronVonBubbles
1ebe054f-1ba4-44be-9eff-51bafd618752,83579f3aef0c50f6e14915045223b6f9,ScoutSquirrel
9787889d-4589-4915-82c2-ded4d838d05f,3fb655806c297f492700c1ba00bebc00,AdmiralAlpaca
1d1f9d9a-85a9-45e6-99f6-dd0e8d5b29ce,fbcce335d52f57bf179f21e958a1ad3e,ProfessorPixel
3bc2760c-fbae-4e44-af27-e684745565e8,f3bbc44cbd119bdb0b2ea70ab796d52e,SergeantSloth
cf6e8970-cac8-4657-8afc-3817ba9751bb,8ca6b56ad123220e77f8610df09a50e0,TheBuzzingBee
ac70b886-d532-4938-b04f-59d1894bd566,1c18790311a24d861d1623eb98767a0b,TheChirpingCricket
b2d89c48-cc46-4cb9-80b1-a667dc814055,12ec361c1088e58eeb5c8c462344af89,DuchessDuck
26f58508-9c10-4a20-a83b-3337be53f432,3773c844d96e2365b36aab0b73271bfb,TheDancingDingo
93f4f58f-af42-44d0-9392-62e199f7da41,c58428c617e4cc35671eeaa8bbc1439e,TheGlidingGecko
b35b8ed6-93b6-4016-baa0-9edb875b8323,736877f2d249b101625f64928032d179,EmperorEmu
3fe243a0-1e14-454d-99af-c3f1adbd4593,aae383101c4710c62d208331e4d7dc11,TheWhisperingWalrus
cefa9d23-fd22-4ff1-a82a-b49a04d0e7dd,71c435f2e19fc3aa9eb0f80e56bde236,TheCreepingCaterpillar
064e295e-590c-4c07-b2de-15e76e3d474a,2f2f08df5e74aeabc4eb3c38a46895a2,TheSingingSloth
cb81ca0f-cf66-4f5a-8b36-a1572b339329,395f19006a1c108bf733b402fa7e4164,TheBabblingBaboon
d1d23931-013d-426b-9137-a92999d41c4b,1398ef7b4c8beea65232ade8d6efc52e,TheJellyfish
f623ceec-840b-4c59-a548-8d08a0529c4a,1fc6949601982153df0fd419d36d90c6,TheStalkingStork
62b9d1ca-7821-41c2-a1a2-0e7a351ae680,8047b99d1b74e1d905d62a3d1dc3fde8,TheFlyingFox
0035d289-e2fb-494e-b400-563c3facae0a,576f222f809dfb776f937d672aca3ab0,RangerRaccoon
5c41770c-f19f-473f-9f09-84aac1aab48f,a472d411034fdc6e40a854650ca1c8ab,AgentArgon
c9cfe88e-9ea4-4ff7-ae0d-cfa48ba67123,baa97649feb16e3420dc4d9fc60da44b,QueenQuokka
1925ff5e-4869-47bd-bca3-aeb8ed79fa78,c30ad97ff06f5e6795e908e6e3f2356a,TheWackyWombat
0c5a0a44-bce2-4b1b-b7ed-2f12ca0730b5,51a91a2e53abe48c5ff29eef687ef556,CountCatnip
44dbd912-fbc3-46c8-91a4-c98799a4e2ae,d436e827dfabf5b433064c62849c1736,TheSillySalamander
60790d02-4ddf-40e4-a9ce-b85513754216,54ace76b76c3efbfa06b3f67033dd5a9,TheChirpingCricket
2203bf5e-9020-4e63-a141-09753209ebb9,e0109fc645e772e5306b18b944f209bf,TheGrowlingBear
ecfb0bda-92c3-4692-9775-bd7d178f234b,e1a1903846610db5fff1999caa8fa045,TheGrumblingGrizzly
53664d1a-ba82-4761-999f-33f6d4bf0fb9,6e4ec3421a19ead034f9affd7c116cb4,EnsignEchidna
45076d9c-6b92-43e6-ae85-8699185fafee,2383401b1ceeba4dcfdda0a3eaceffd7,TheMysticalMeerkat
e9479d89-61ea-42db-ad39-fbd5fdf66bda,69d8fbd2eed31ea96fad8e0e5e877c0e,TheBabblingBaboon
8399a1f8-32e5-4cc2-af14-3b504eda35ce,afee534c33de0a1cb26954921539a479,VoyagerVulture
a83f4570-ebaf-4d05-aa16-f2e53cab9dd1,abddf4b8cbf86e2e21d42716460dfcbc,TheBellowingBison
81b19bfc-c016-4667-ba6f-72d8883523eb,b2abcbcb8aefcd76db7e70fa19eb5680,TheBabblingBaboon
ad550f9b-4367-4f90-856e-8549fbe9901b,e99fbeee31ea508cb03c1af0a830826d,TheBuzzingBee
6c1967d8-6a7f-482a-843b-74306f443663,cc2bcf08b8e487b8458988464db6c925,CaptainQuirk
66c3a5c1-9f2a-4377-a0ba-7f4ba08574d6,3120045975ede6951bab8552843f0ea0,AgentArgon
6a50b5ab-65f2-413e-8171-f2e6ef66ac67,26e0a27f417373506071114eb6ea195f,DoctorDapper
1ac2b060-3f62-4cee-932e-33291897c4e3,f6ffe150923df86e887d0d13f53870eb,MajorMeerkat
68b527cf-6650-4964-a577-2a5aa0629af5,291a13557368c2c374ece2c66aac0e4f,LieutenantLemur
8fce0cae-cc6a-448f-bd6c-05597dd1743a,706c6c3b966be59d7e21ac75c3a5df1d,TheQuirkyQuail
90fd3be9-c1ff-4e0b-b429-8d1b39721f6b,d4ad7336a40efcb6a48c30cc092307f0,TheChirpingCricket
4fb1f38b-3a96-4160-9766-869cff310ffa,b10278f0ceca6b3b6776c2ff49a705ce,TheWhimsicalWalrus
d92d79a9-376d-4fea-98d3-942311c86db3,7ee770c70512ba5ae6f6e66b42f1d53f,LordLlama
90ad55ce-7096-4621-a653-ca13505b1add,e0342aa0e7de8ded3163b9be81bf6bc1,SirReginald
39699b83-5075-42e4-9a64-19116539711c,3020410ce908ae75cd50ff25289b808c,ProfessorPixel
d97fc044-ec5b-4bf5-a9e8-01eabcbc93bd,efd13aed9387aa3db61ef73f2b459335,ProfessorPixel
b37c6c9a-9125-4028-a36f-d2752cec25ac,68e8f0a8bfe8b21f907b5de22b0b8530,TheHootingOwl
751e9b8c-7e12-4cf0-a0f7-5b140210063f,851966449d5356666b20f86a3a9d1381,TheBouncingBunny
af2c3692-6832-4b9a-a757-dda73bde4379,901af875ba6f898de8174870db547b14,PrivatePlatypus
dd783651-222b-4e3d-a4d8-54619c5a6e60,ce91194a6d0575044569c4584fb6ddbb,SergeantSloth
0c4492e7-581b-4ffc-be14-b0777ce0ba4d,958b10f3ebf4284fb8140f75ecf424b2,PrincessPanda
2e9ac0d9-45b4-4c66-b60c-b1a58eeeaaf6,c631ebe45a0d07a5834206f460bd2290,TheSillySalamander
0d17ef44-a179-43df-9325-0e6a16ce295f,4aadcb6c4dfae5bdb4ecf894e4078b7c,RangerRaccoon
584450ae-56d2-408e-94bd-b83650b76322,15c095becb8958f550835b4721f729b8,TheGrowlingBear
4ce0a2b8-777f-4961-a7bd-62bcee4bcca3,34ef251125fd93b325152e491210f37f,PathfinderPorcupine
5e98965b-eae1-43b0-a593-5bc95967a831,dfa54070501da3076e658ad573d71326,TheWaddlingWombat
e9a4c140-397e-471b-a163-c98536393e50,4953d5ce483c9263a6a45f415b41e36d,TheRumblingRhino
515f6722-d3e6-4937-ae04-be94dab2fc71,8496a114666a6ad26b9dc3d2c2de747d,TheSoaringSeagull
d481b46b-0083-4de0-9a60-f7dba40fda58,43d5435544d2bdd07b9fb7067606ee64,ScoutSquirrel
8d1df5db-f918-4e6e-b69b-7adf6901d277,456868b8a9b1d7d890e32b09e2130dd9,TheBellowingBison
e234b373-aaf9-4c93-a0fc-b5dbde728b55,6939281849359aa8449e18fbbbeba91c,TheWhimsicalWalrus
3c92932b-a7c0-4765-bd8f-b7dc406cbe26,6a4ee67d2c239a4699e63badcadfdf93,ScoutSquirrel
68bff186-a4f3-4f38-b49b-5fe44b4af557,1fd6503a24414fea6e4439eb7ce423bb,TheQuirkyQuail
a8a52ecf-21dd-46da-ab81-2f2b85293e2c,e6df0720072727b25950d683d4909101,MajorMeerkat
1b77fcc6-4d3c-409f-b14d-a9427a487235,9c58e53c45161ac2111c17391fdfe298,EmperorEmu
265d7c0a-ec6f-455d-864c-d71f0cd624b3,8b1fc3361fd6b4f891102f23a135b03b,TheLaughingLlama
f0aea474-d774-4390-96cc-4a17dc4b6472,87c302dab98a8bc3d7e1179fc8466ed9,TheSqueakingMouse
4c01aa89-938d-4842-9096-2d6969077ff4,f5fb19c00f1081fda3fa10081edae564,TheBabblingBaboon
9fb01e50-821b-4b28-a211-daa0ef4f4748,feadd9fecde53bb39cf56c2cc6525465,GeneralGiraffe
9980a81b-03f3-4e93-b2fe-5f1a770352cc,954b56b618e56b20c6ca615b0260160d,DoctorDapper
403fab5d-e76a-4db4-8043-d62754472fac,f33807b8ffebcf79bb6b91b8b55db77f,ProfessorPixel
80ae53ea-93fa-477d-905c-6c7127c5c3c9,21296b4fcc926c824d091dad15bc02e5,TheCreepingCaterpillar
45768729-d498-49f7-812e-079e6d46ef6c,1328cad3330b1a57588a7ea003c4b8c1,OfficerOcelot
71dde52f-c3df-436a-8138-2dd10c125e6c,83991e9582bb6c2e4034844029c5d099,ExplorerErmine
0d561193-e35b-4ac2-b7a8-2a2467a0fc50,2bb73760631690ada5f61da731f39284,ExplorerErmine
b473d509-92d2-4af2-a011-11c910027250,bd1e34c894a41c8978c3e77377580c09,TheGibberingGibbon
6e66ff4a-8a04-4bdf-9dc4-71396e8480cf,4752caf945630ac19b9435b9a667b242,TheGoofyGorilla
c7bfa231-d53e-4e79-a0b2-fc4561863bb3,f452fac66472db15c712912658abb6fd,TheLeapingLemur
45439eaf-d807-49ba-87d6-3c11644f392c,9ce19c9797f831a24bd4dec5181763f2,TheCroakingFrog
5d3f44bb-0e08-4024-b20f-37bce7abe9d7,925f5a96e703884f04172ccef7354f83,LieutenantLemur
301b86b2-990a-4003-8299-ba223d87c72f,21435a7514c92cd271b12330c248fdcb,TheSingingSloth
f7380370-9cc6-4b26-a74d-ab0fb4d2a72e,3560fb80160a41a8f352693eff76d549,TheSnortingBoar
4bdc9deb-268c-49e3-b036-0b12772bc159,4d1cbb50f77768178c09ceea2ed9fddc,TheTrumpetingElephant
57d79bf8-8cd4-4c19-9fad-7c1331621b65,b92c43bc5be9f65bc1f62f3be8401308,QueenQuokka
6a3bd1b7-65cb-4f78-a0ce-1c111a3c656d,d469d710fdecb65fc6905399458c69f2,TheSnortingBoar
a50e790e-0b36-4552-82db-71f9b608dd64,23e42dc7c06746ca26e6c56db4361675,CountCatnip
8a00a5fd-dc6f-44c9-bf71-93a64f3023fa,a2fccd5003d665ac04286658e25975b2,PrincessPanda
e8245772-83f2-453a-af05-e02b935811c4,493b310b5c93397df55647cdbb3c0953,TheProwlingPanther
ee1af5c9-d9ea-42bd-86aa-48eb2dcfc60d,f7d0439f4b23c2f50d08aaf610a74a77,TheHootingOwl
14c9e904-e635-425e-96db-810186e411d4,fade4ed857b184bbd990514e539ccb64,CountCatnip
029c3204-85ae-4d8c-8a32-d28b484822c8,f5aa94b120dc0d7bdb17ba08a832edc5,PioneerPangolin
6a1d1f1b-9d4d-4652-a1b8-d3a517ebfe23,bf17944e7d3dffb25a72e7b89158a79d,AgentArgon
7e9c085c-e1eb-4a9c-b47a-e7d139850f7f,3b6b8ce1b94f64a84e89da59249df42c,TheGallopingGazelle
2677a751-941e-46b4-83fa-63cd58fe751a,805e5c47b79542e7fa0aa8c832d84122,TheSnortingBoar
381ebe0c-95ba-47bf-9ccc-c679235c5ea1,1d4cf34c7aa1472eeb226e3205f31c30,TheFlutteringButterfly
639403da-613e-406f-95d4-aa5b6c4b8017,ec10b052327d7d0c09c96188a62119af,KingKoala
7ec9a932-ae75-4fe1-9afd-e8d0ee702bc7,7b31fe74c7ddf95f34ef17c4d34688d0,TheGoofyGorilla
11266e27-03f8-41cb-a836-96c30c9861bb,28ddaa33620ddd28a529799bedbeadf4,SirReginald
4c866db2-d34c-4ab9-9060-39d071b686d2,fe327b2ddfa869f8f6b8ba420fc1308c,TheSillySalamander
ff2b752d-2e17-4a05-bc1b-1a1ff5240ea7,ca094141ace610b028850bb105c406d7,TheCrawlingCrab
edf875a4-be96-40c0-b626-6f743600006a,1a004bd93c64cd2e679d019264217e27,WardenWombat
4c38bd97-aa69-425f-b76c-ab35dded99a8,a165102c27dabff1a6977fce1ba69af9,GeneralGiraffe
2db48240-2283-410c-a04a-f39043cdad1d,d4c2302ab83e7171d6589b83e8e3d1f3,TheDancingDingo
6b9c0252-c20b-4125-a3d1-4a87336f3415,5d2414ece5dc4bedc90b4a9f32e250b8,TheGrumblingGrizzly
d9a056b7-df3f-4242-8a2e-c77c24dbcfea,78c6327cac1455d8794cd704b1031290,TheHappyHippo
37f41ff1-9d42-446b-ac56-04a5111902b6,b388bffcf528704e3c1595da956ce3d7,MajorMeerkat
67469a7b-6f46-4bd3-b579-ca35e5077664,7e58d1e684586ebbf07e0b60a06c8324,CadetCapybara
9a3efb67-22f7-4170-9465-0ef3bb8c3b0f,a4f62ceacada416932a7caf506ae6d3f,KingKoala
00a3a2dd-99ef-4b28-8eb7-8e61b29f9467,dd925e54d5f290490a60e81705dd1df4,LieutenantLemur
f1bb23d5-94be-4b76-8665-c5d7d457b7f5,297163e60cf0d56f4383874ef57878fc,ExplorerErmine
56f71cd0-914d-49b1-841e-4bebf68a3325,439aeca22a08063d0e999fe0da8cfc13,PathfinderPorcupine
1c006787-f12b-42d2-97a8-f6aa7a2d76c1,3a50a5cf884afeae5dafbfd8f3368275,ThePrancingPony
2603ed53-3a96-4fb2-a306-6d2827375bea,81fb743fdf6380ece151978d3d3b4492,TheGibberingGibbon
bd1e4651-f7af-49d1-82a1-82c2290981ba,06977259f6aeadad5eec18875c6033ec,TheGoofyGorilla
7ef3bbbb-7e9f-4903-9b25-9a9231ed9be9,cd164d3e6b48805e0fc165a331aa0248,LordLlama
07692af3-7ddf-421f-82d5-4ad3fb6f1cfe,a031f7a49f21ee20513884f51df51fe4,TheFloatingFlamingo
3f7953ff-92fe-4af6-bc09-4bbe93b0ad19,08fee5cdcbca9684e8c14800377403d4,TrackerTarsier
32aa6214-4115-4be8-a0bf-fddcf5ce59b6,17436d66ae1fd40ecd9a7f99a74d1108,TheSoaringSeagull
46929387-6970-4500-97e1-10442c04c0db,d0b5fa2228dbec913cf7dacc1129b936,TheJollyJellyfish
34c8b6b9-ea76-4818-a211-732470baf76e,7d0179611b4426ae320a330b68d94fbd,TheGoofyGorilla
bff52252-39db-43f0-a56f-d107e36ae446,82c7b6a59b086e1445037a6589725e19,MadamMystic
f9e22e4e-5719-4197-9ae3-f2f3e592a28d,507aa50165258b16a5b194d3c14858fb,VoyagerVulture
23079d0e-41ed-4b41-a043-7c287fa9caec,c546e57d4a03c0fbc9413b2555f8567d,TheGrowlingBear
bfd9f2e0-d341-43ce-b4a7-fcb40952f9fb,c086bbf7879e08ce1823669b3d61bcbe,TheSwingingSpider
1c0f0e05-fe4f-44df-b9a8-67f1b1609fc3,989960c368cb5d0f7943d14eabb02f39,PioneerPangolin
fb5846da-f835-43f1-8e7b-42b673272362,8daf58f1960eff0c239c830dbb281312,TheFloatingFlamingo
624930b5-e32c-412a-b4df-17c3db071f82,df1f9e19efde4986edbf2897a9e8b462,TheGrowlingBear
b681d7cf-6d37-46f2-9b51-e783d322bd7e,44a2c1b8149e77ca79a91e526b26a9f3,TheWackyWombat
96eb0190-3480-4582-aaf0-274163708105,ff711da5e880865f5a09b5e4c0c8d047,TheSqueakingMouse
02b0b762-8dc2-4c4c-be31-9e68d2831883,cf659cb8c702650fe6e70e1b6b845f03,TheFlutteringButterfly
e3b0617d-14f4-461d-87d8-243a84ae0355,67f974f0a2270e44e45038d78e53509e,LordLlama
51526f81-428c-4de9-86da-8bc0711e7e13,d2e25a151a997f150ed02a95749e182b,CosmicCucumber
f59ab7d8-0c47-4ab0-a2e6-e4f3205a4f6b,27dd0ccc495310ee270b8d7b5d86b499,EnsignEchidna
2a7635e2-287c-4a87-bbc9-2d6569723f0b,cc11aecc19b5fc509ed90176b0cdd0bd,QueenQuokka
ceaa3b98-db0b-4690-9b9a-f45aa8d6c855,8db60acc0011b3fcdebde88c91d31690,TheWackyWombat
f6363f14-4221-4a9a-a27b-0ab4790a50b4,b8f073731f3bb7a7c2a7db2bda095a5f,QueenQuokka
e95ababa-bf37-437a-a485-44bd0ccabadc,b53c0a7df39e1f5f09410227ffecbc0f,TheGlidingGecko
3dbe4880-f005-4b7a-b776-796b51768e92,b7ae9dcf677bad9e47129daae0b4a7d1,EmperorEmu
8d0f7623-144e-42e4-8511-f42dbf48c321,68d099a1f5b0e888e28c31177e45534d,TheDancingDingo
910fc65f-a8ee-44bb-afd0-17d08fc3f930,3a5e1b00689c935b7f46db7418f781c2,RangerRaccoon
651f1649-cff7-427d-acf1-d506c96fed8e,1a30180baae4b7143645cac687dde6db,PathfinderPorcupine
301bb1b9-211a-4473-86a1-b79178b899b1,6b171ff100ce54c5fd392df0119d6624,TheGallopingGazelle
d72a2205-f8a8-4669-b26d-3482f1c1c443,76ac794de7b4f56ee49fd466b46065f5,TheGrumblingGrizzly
51bb8dba-0089-4462-86ee-294fc5675228,e1b2ed455009a1a0480c8f238166802a,VoyagerVulture
abd275e6-85b1-4bcb-8c15-23f85651fc83,ff6786bcd3b2451d8b13cc6d4a394587,TheGallopingGazelle
1abc6122-1a67-4b49-990a-c71079a1fa1a,749d8be41ee869a92d6f1e26a8d9b935,ProfessorPixel
4dbd4941-f95f-447b-9734-5a162080e7b7,06b1f2cd00be70dc49ebb6436f91613b,TheSqueakingMouse
127ca2b4-6c33-4753-8acf-233885865c1e,d04927eb46c68b10cad9bbca5745213e,TheTrumpetingElephant
1b4183c6-6820-4bb9-9103-a78c00201246,db722fe602f9ebd661819c5fdec65b13,TheHowlingWolf
0a016bcb-26aa-483a-bc98-098a25b2598a,41af2cab50fbdeae84ae02b99b2510e9,PrincessPanda
5de2eead-fb89-443d-b4c8-c965030da495,db3921a260895666cff10aaafe5b352a,TheBouncingBunny
c33b41a0-63c8-43b7-9d86-6f84c957dab4,e2582c6673dcda2f2f362992c5563ced,TheGallopingGazelle
a0fd5c86-e379-438f-afe5-d91ba298190a,cfa5a62d48a8fd96d9b96a01d20a514e,TheWhisperingWalrus
5afc9fa5-a581-4467-a8c7-bc3e7af2c0ff,f85515557d06c3c5e4a01a5800babd6a,PioneerPangolin
5b7af2f9-88ee-4d5a-a1ac-6e825ee8d815,90c640a801155ea7c188dc4ceb436226,TheWhisperingWalrus
49a9416a-a289-4830-bbb9-de116f7cf59d,6addc77a150d8ce17806ba293dbcf415,TheSingingSloth
f458cf6e-ebd3-484f-9fb9-17fd47e89993,963f4c26b5abea3916701151e5c7a084,EnsignEchidna
6a6ad803-f016-4a39-8f94-97998f3ca67e,3d8a277532ce14c7ab0f8b82d723f700,TheBouncingBunny
45c9f2aa-d751-43f8-b3c7-27f7c9af29a3,7f197717a69e8fa74248d67f93a91148,TheHappyHippo
07bb330f-a281-4ae0-8d58-2a81589f8c21,3f08565f098bb259070479516ae931ff,TheDancingDingo
77896b2d-eb4f-433a-94c1-5f29226102cf,5a9d2f853b7a3b40a02e9f1dfe4decbd,TheGoofyGorilla
2244b7d3-1a06-4e54-b904-fb087828e35c,5de70ade3e5aee06a3739c98546e7c6f,TheFlutteringButterfly
22823701-4c4e-4439-9d5d-1692194dfcef,5b945206e2aec058c1db296dfe2f092d,TheGrumblingGrizzly
93b104cb-f874-4f7a-bbd6-2495f4448526,4724d9488b2d90e2fa45a7b875bde461,TheGoofyGorilla
191f2b32-1ab3-4348-b338-0704fda3cf44,85bdceae3d66966fe90b36ff6988ef8e,TheBabblingBaboon
dae7e371-c7f1-446b-85d4-dea34472e99c,80817864a972e9c0f1ff6b1622cd9eaa,VoyagerVulture
adc54735-75d7-496d-b350-262139596f2f,518302384de3cf49e74eaa2f2bca56c2,TheBuzzingBee
8154319c-2ee9-495d-8f97-7a163b165a4b,a3def305111dbf320e2c275ba278f52d,DukeOfDoodles
74c655b3-e955-42f0-9d28-894fc5344668,d8ae368ee70c35f064896c0b819e530a,TheHowlingWolf
4b4b738f-9c6b-4b42-a2d7-6e3d50b8e31d,5ae2a855f746949cfb140a5cdcd6c124,TheZanyZebra
f10b91b0-a500-468b-bc06-1ede56f7277b,10f886e3f443a5d5c440a0fb86c18732,GeneralGiraffe
bda63516-b904-4dbd-bb29-341e324ffbc9,b7c4e7b2055ff86c96229a08adfb1e88,TheWackyWombat
fac1f38f-b758-49c2-97e2-174953e7d5fa,9ad481df3df1866309e83b9422bf2fd1,TheGallopingGazelle
456e5fcb-29dd-4c92-865b-067088971ea8,06910a5df097d8af15af11b9a9109b92,DukeOfDoodles
ceac99a3-8617-47ae-8384-77f22d8b0474,3458a4d34bfc55113f9eee6504cf8fe7,KingKoala
7e4135df-4da2-4b1a-93f5-30cd0f17bccd,5b7407c5c0a63c88d2e0e8697f730a25,TheBouncingBunny
2442e1ac-5571-4e2b-867a-4abf8e910225,2228beebdda0f49fd224a5593756f83c,TheDapperDolphin
7e303f87-960d-418a-b0d4-e7ba4e85dd9f,fe7ac58f9ec68ca286618cb2a4b97691,TheHootingOwl
a05c6020-b7f1-45e1-b9c1-1fc6483f2168,049c28ed89b954fc0138ae078b2ce9b8,WardenWombat
86f1d564-4159-48a2-99bb-f022b93f4984,3f612e9705b41e4b822ed03b8335fa94,CadetCapybara
e3f272e1-e6ad-4734-a22e-7d9974d5816a,a95ff5858a5dde8308408e5ce4405c2d,TheWackyWombat
8cc9a354-4a97-4958-a6ec-069a7ca4bfa1,fac3519cff4ef98aeca2dabbaa7c4940,MajorMeerkat
8afba1bc-79d9-4ba1-8ea4-fcca21e5594e,3026474395fd918ca3acd58434cfdbcf,ScoutSquirrel
5c4e562f-b4f7-4f63-a4de-3af7673ebec5,f313abb8d1bfa6193a7ad646f6a4605c,VoyagerVulture
2b32be2d-f534-42bc-9774-db8426cda545,569071074cdf0b4569648d608a02c03f,TheMumblingManatee
a49c9df6-7097-4e6b-adbb-74db37cc5a91,c895b8a4b0734802926515a27201176b,PrivatePlatypus
a97fb571-0309-4aa4-b5ad-047d7e7f9e0e,6174ffc8f5cbcd2797cd7d4c25fa7883,TheBuzzingBee
0366a5c9-04ab-4554-a0bd-342e5f7e778b,9a283fef83a078d1e3722b6736d011eb,AdmiralAlpaca
e6571692-21b5-43f9-bdd5-ea9ffea92bc8,3a3e77e092c34544ea7221611bb98a21,SirReginald
b9913512-79f6-40ef-a902-6cd2a4be9356,c9a50b2628b9c5090e9eff4c82f28117,GeneralGiraffe
66391554-b81e-4434-8ad5-3c3aa732ce33,7deca264c87a363370305acfd8ce7baa,GeneralGiraffe
47d4deb7-98d1-45b2-9035-e2cba6fbd128,d4f237ba9753872c41a45762033b56a3,TheCreepingCaterpillar
3ac061d9-353e-498a-bde2-b7dfee81e848,be8f7712be9a1922863f4043793e3953,CosmicCucumber
953bbcd2-e0b7-43ae-8cf9-f8cdde7db7f8,a82b09ee7de11138bebb3ec7aeb42818,TheQuirkyQuail
839bdbcd-bf7d-40a8-9089-a55c5530f4d8,17ad3c34e913ac1c33ed48514b5960f4,TrailblazerTapir
1c6850c5-6152-4f76-8ef2-bed84d85eaad,851655dcd5c2fed1d6bfb5ecf3c66b1f,TheGallopingGazelle
0b1e1615-a25f-4dd0-9bf8-6a812dba1092,fd926ca3e80cef2f993f6ca68b932c89,TheGlidingGecko
1688fa59-6a32-46bb-b863-892c473f9063,2204f1d6c5ce54e25e1a26d3061bee51,TheCrawlingCrab
d88cd077-cac2-4818-a9a0-62747d9353f5,40ba1afd9250707e69a7ff179bbf74df,VoyagerVulture
fc5bb7ea-7ad8-4356-a4af-38cc71ebf5f8,b6364029722c6317018be97ca16dc10d,TheFunkyMonk
1f8189f4-5981-48ef-b7a9-487542923513,79924c869d16c23aef6c889fdd92d4f2,TheMumblingManatee
0f80d901-68fe-43c3-9f25-712ae675ab52,ac172bd951b943b0ddac746abe5db784,TheSqueakingMouse
f7dd28fb-05fd-4d38-b454-8b10191e93d2,034ecaf54c14d3f5dbed54f1db55595a,TheSoaringSeagull
033a6280-962c-429f-afaf-132dc5c413a0,e68e3f0ec070e3652f2c71b6e64156be,CommanderCobra
9079f32e-6e30-4366-b2fe-1e525bc141b4,b86e7dd1ead9b33505e09efcba68dd6b,TheProwlingPanther
29e18c8e-fd39-43d3-b68d-a43225dd8cc2,3c722b8700d4b37394f1ff2c5401b2d6,ScoutSquirrel
bcbddec4-8d2a-4ba5-910a-723ce30f1147,9045f131efeb9c1557bea8dbd6cc95c7,TheHowlingWolf
09cbbd9b-f644-48cd-b72d-45fc4111f18c,1e77274fff817fed6b1ae3ed4b5bfcf2,PrincessPanda
f8e3d76e-3bc7-4bb7-86fb-4dc619d79f7a,d65ed6d69510debfae08c5d88c7d24f8,TheBuzzingBee
9eb7b956-aeb7-4fc8-b283-3d994b7a0ebd,7609e6a6f4270e2a351adf637ace94b5,TheGrumblingGrizzly
3076a4df-462e-49c1-9b58-93b95da21b73,1f317d0f7023a32916255633b50134c5,TheHootingOwl
ad54f372-0665-495c-a238-83abb991edd8,6110d516850573042e2e0b9c350df9bb,TheZanyZebra
57ee223d-5632-49d7-ad61-1ab93f28dc15,65cc08f0b5ece8e7bb73542dd48a813f,TheProwlingPanther
0f5bb49c-02a2-4d85-b269-3e81e319fa22,575e65adf3636fdc8bc4de8004a751ba,DuchessDuck
70d33da8-aebe-4f34-af0e-0c412a990271,8dd11af9e051bc7e5bc7bdbe3c07d4e6,KingKoala
d26f638c-84c4-47af-9c6c-091563f28b12,577ea80d9c0a64582aa26699634892ac,EmperorEmu
644005d9-17a7-4f75-9382-cd3525202d54,610261ffd451f0b54fe9cd1dcbe15eb5,TheChatteringChipmunk
a664b1c8-f2b5-48f2-a4e2-3ceb875ffb36,de15e878975fc5e78685cc56ccb574f3,PrivatePlatypus
2ad2853b-df2f-421c-94d6-e07df6da23c3,0da149a179414f185cb28489b15a3a60,TheProwlingPanther
47170cc5-3964-4614-8fad-880a671ccf62,6ebb095ee64024ecaf17451d17a5f00f,QueenQuokka
5b7c39cf-1b5d-42b8-a5d6-aba2fe73db96,2c01c8dedfd3286cb2fdbaab61f122e7,CaptainChameleon
4e3bdc3a-6ad6-4a85-9214-aa188e46cc3e,bb9d5ee7173f71c92915b5d00d691053,ExplorerErmine
427b842b-527e-4683-867c-e3ef5fbd7d14,f4bda5efc0ae09f861e82a5d440a98fa,CadetCapybara
38c14b42-af78-4c3d-973c-ea71d840929e,c8c7a935f73524dc9b4c6ba6e77d84ba,AgentArgon
d9ba7cd2-aed0-498a-bfaa-4d3441653e5d,a5f768dd98d928ec38e09e482b8cac31,TheJellyfish
bf5682c3-727b-45ca-b595-747cd5b6957a,ddd93d4e28a9f549a6098e70a3a26c9c,CommanderCobra
c366df76-8a46-49db-9308-6c83604bdb4f,1a169b5048973bcb291a4823a0230476,EmperorEmu
24ecf8a2-2ee4-4310-abba-f94204ccb35b,8b7027dfe2b6695a3ace3fc65b4e5b77,SirReginald
6344bd93-ef49-4a8a-a958-47b0b2e0e391,8a7dede0adf69208ddc75b63e0206b52,TheFunkyMonk
1e9c7021-e86a-4d42-b454-55ab3f4100d0,487f95b396aff84825eed4cbf1af29b6,TheGrumblingGrizzly
ccfcb762-e3ac-403f-a7a6-a2a8ca1f1fab,edfe20c515b6576add604df9a1df4be6,MadamMystic
a6e8d32b-ae6a-49fe-9a45-ef1cf9d96f59,e73fcb6011e206f3298cc89de638e965,PioneerPangolin
45219b40-6014-4c78-99ba-394c213f1799,ddfe95131abf7d4fb7a6680031e273e4,TheFunkyMonk
0118affc-921d-4ff6-bc2c-0ad6dc6e9255,83f22c5b92856661582d985e9a5e64c9,TheGibberingGibbon
99f61724-2bed-4c45-8c2b-fddc4ef87080,1c49dfeaf0577bc5234299a846f8c079,TheWhisperingWalrus
4c9232d4-35e9-4ca3-a1b6-895d6e87dd9f,c8c4fcacc2ed674417e1ab19c39d3490,MadamMystic
83ed811f-84d8-4bd6-a199-a309837389ed,22a22ef97d9729579cee42ae3be82683,MadamMystic
44c3df97-3a72-479f-8240-b3594a9a5839,100002bf5c4bd2af12e14ee6df915db7,LordLlama
1a05d85a-4494-432c-a70b-f8ae1d2f766d,90c8bc6896ef682063d98fe9ff26f65a,CaptainQuirk
e66b2706-fd35-4fb9-a35a-f7c6035330e5,d0fb4619be55c97749b546a5175c9ae3,TheGrumblingGrizzly
b7d41a84-3e3a-4d67-b059-77b89fcf5edf,4bb82a52b16e7d19164acee4b825dd84,GeneralGiraffe
8d5879e8-fa04-43de-9d22-b9c68cfceddc,e31eca27a20cb05e360a1c3bb830c784,EmperorEmu
fd24246b-46f2-402d-91d6-8891ce1ea521,dee3e9637e8a69ad227446dfa4dde519,CaptainChameleon
cbb986dd-b0cd-4d25-a94b-11f0d6fc1a86,5bd2842c0a6f58d8d68ca29fbc3b913c,TheHowlingWolf
7313e8b5-0706-43e9-b3a2-ac5f822a1ee8,9cc9449eb7d8d70a5b9df5186e1855fd,TheRumblingRhino
e53d6e52-20ff-41c1-8841-004984a8a128,d94a35e3a21efd74a4626c47d4b3fe70,BaronVonBubbles
ddc33cde-8248-490b-8df9-cd089106ac40,ff0aac6625b04aee1499d881d015401e,TheWhimsicalWalrus
f29e43b4-650b-407b-8a65-715ba64b42d9,dfb520bd710f9e730a7c5bfec900cf40,TheCroakingFrog
2f0a847c-d8cf-4b54-98ef-ba979eaacd55,cfd6ba087d725753016f54c8c65c1a6c,DoctorDapper
af3a8d9d-8f22-4569-acac-c8d92bbbbb60,5e41c760176955d026a8a825bc651168,TheCroakingFrog
dac5784a-5a56-4648-af2a-a34eb12a4aa1,59e5da813e92ac58bef9043e7c34fe50,LordLlama
977714d9-1b46-4d43-b14e-5f5ed2bdfd49,4406fd32e37338c7fea78d2d77f5928d,TrailblazerTapir
e90beac5-8137-49ab-b911-9f3817d4bc7a,5d448f4394264518ce8d062675bbb53e,CadetCapybara
156f460e-c516-4aa5-a198-ebed5c59949f,a46499cf6b4dab66cb4b3f3d8f3fc513,DukeOfDoodles
a3062a52-2dd5-4ca9-b0a8-08cc8c249a49,bbb9f351e0175fa3c33c0816e6eedf9b,TheChirpingCricket
fbaa1fb3-352b-490b-b786-a162401604a6,77539dafc22d4e4c0d09601f4a9f7644,VoyagerVulture
8b6d9e84-3cf5-46eb-93eb-061b4972b393,16c4ca48b8081b17c39844c22e3ac452,ScoutSquirrel
fc0a1105-f884-4b02-9029-64eb5c43f1ef,b5abdcc59273a27f6ae63a6d50e49881,TheSnortingBoar
d4b423ba-4849-44ab-8b87-f3fba7f220de,deb38a72c1ee67243e8150e4593d26bf,TrailblazerTapir
2a8d3be8-9ad9-4343-9e39-da7b481d2d81,ff43163c0ac938be5d8168194c3ec1d4,PrincessPanda
7b72b8b0-edc5-45a5-9c12-faa763455057,99240e5a20cb4bd6e757929649eda4f6,TrailblazerTapir
e90fb505-8242-4100-869f-e937fc60442c,bdcac16850d96bfd883ea8ce483c587b,TheGoofyGorilla
3db03ac4-0331-485a-9e26-a2b0bef04db3,00a0e7d5a21299fae51643a2c51021ec,TheWaddlingWombat
d66daf5d-912c-47a0-bcc6-effb4558636c,9ecf7c638b7430d2662f741c33b81bd1,TheLaughingLlama
3f83c010-2167-44f5-88b3-75a140957bc3,7771e98143cf6355c4871be66d0dc64a,DoctorDapper
ea68fc0a-3637-42dd-910f-cb48bd3d9a9e,a84e8bf5e93ab240db38fc0773a202e7,TheJellyfish
e265133b-71d9-4833-a403-20bd89e8a98c,876e04f5f207e95eb5b925edfeab74b8,TheWhisperingWalrus
4fdb346d-ab00-4624-9cb6-cf94f9c99e9e,9e74fe62bab1cc0819b53a9935b107e0,KingKoala
e23d20d2-6eb8-40f7-8bf4-43504eb2f427,a7f73a607f34dedd3510daa0d7313ae5,TheWackyWombat
84bf11fe-8848-4e3d-877d-5dc081445864,5661d7aaa1da8f78861c98968d5dcdc9,TheMysticalMeerkat
908c4ffb-9200-431f-af8b-7463368c076b,fc2a807a60daba4b3585609e07e71ba6,TheChatteringChipmunk
c7a76dbf-8156-4568-b03d-1afc44de9c66,2361d73551b298d8b16785d06516091b,PrincePenguin
7e112535-20d6-4e25-a672-72ca66bf597a,928ab296b21f92386901c4d11e3da703,KingKoala
9516dcd1-8d3d-4b95-8004-b3a68d672d31,a90a5ca0ba177099540668c6e39f021a,DoctorDapper
17092034-d7f7-41fe-91a1-0f6a49b78e65,a5f182f8767637e5afb8d9431c4283de,TheGrowlingBear
320f8c8d-7e5e-4905-b50c-d589ca687212,f3b3ecf497391c1deb7c3a66f208f863,TheSwingingSpider
65c3a571-c256-41c5-803a-954967669f2c,8b8c11445727ffbc663df8c3e4726683,LieutenantLemur
5f27c0a0-eebc-4d8e-9902-faafbb0c3172,ab6e61e98a5405681ec9428307522548,TheGoofyGorilla
7368a7ed-c89b-4d8c-b05b-e79ed8c8d2ae,8e8793c70d2b3d07e068bc33e1cddda0,TheZanyZebra
c5d15948-4990-434e-b435-663216e5756a,b40ce083f90abee84bcf65d449f2213d,CommanderCobra
e5f83469-3116-41c5-920b-1e8718b221bd,5b34d0667da9ebb72b0aca086d0a1640,PrincessPanda
b67519ac-01b6-403a-83b8-9b5ce6fdaffd,b618b6d360f722b80d9abc917a19bec6,TheSillySalamander
57f64309-6b94-4db6-946b-fc5586048d79,d3eca2d2ba7a53cf90e7c1c9773138ff,TheCrawlingCrab
fd2a6432-a42c-4788-a683-1d13d5703ffb,8e9724acf6f4f21aeda81640d0d27adf,TheRumblingRhino
20ff7933-bf42-461e-b2e8-37222891a5ba,15ad7de879436be2bd84d4c08d87aec3,GeneralGiraffe
5cd025b4-e30a-43e1-a6a5-669e083c53f6,aa0195483adb383edfdd286cae52b854,TheWhimsicalWalrus
2047dff7-ac5e-49f7-a028-aade6c7afbd7,7f7886b0df0848ca07a4a243ee6ec59c,DoctorDapper
0e6234a1-756a-4d1f-abbe-a467bf1a01f5,a1c451bb7f289699799afdfc983e6776,TheBellowingBison
4ad818fc-7837-4cbb-8d50-64c4fb2faeab,a2cd11e11f0aecb092cc4bf01d2802e0,TheLaughingLlama
15322279-b45e-42ea-a587-3f18d6a3471b,fac39cee4fc58d0c0772df1f5b51611f,TheBouncingBunny
a51d1a18-8011-41d0-88fe-4593aee5edfc,4e5da1e88ca722d68026b35447ee574b,TheGrumblingGrizzly
5baa086a-0afe-4b82-a1ef-3272299d8ec5,c51062cf22f59954f256014fb41a627c,TheGlidingGecko
1b9b99d8-2805-4065-bc3a-ea4a1ef975b0,c006edaee4029d492ad5feb4c73aa7e7,TheGoofyGorilla
5fb8c45d-e89d-433d-aea6-2363cfeeea47,4c6cd21ca731bf29434ea7ccaa063699,TheZanyZebra
b0a89e4c-cc76-4674-8899-4940570295aa,be683939fd41ff3def24383a5bb702fd,TheGibberingGibbon
0ecdd3f9-6a04-4642-b05b-048ae65818c3,0cafdd4ecd7e13cff3fe7681a18f9f0f,TheHoppingHedgehog
d81a0455-7a12-49d3-b6b1-b99dc6421af8,5707cdb4b85acaa86cba50cca8881355,TheJollyJellyfish
897c8f0e-7728-4499-b1ad-727e50c9f245,db6b3d0606cde6f3569048fc25ab525b,TheBellowingBison
d78bc9a5-f9fb-48e9-ac3e-447009653d23,edbbccba8064579821af370751a402b5,TheMysticalMeerkat
4f7f8b6a-2cc0-4a66-b4f5-66f134f3a40d,ecf94a33fa940af6a816e288617eaa77,ExplorerErmine
097544f0-901b-473b-b581-848e4a2c3e2f,2bf8b7704b746321a025ce90840cf698,TheJellyfish
1f11c403-a3f7-43cc-b4f4-9de4d58cb8e9,543a31b38c5fc25094ab2a8ea3962e72,TheSoaringSeagull
81fcd66f-75d0-4322-92df-d2cd57806ec1,fa3d941d8b469cc563ca4fced6c2ae07,TheSoaringSeagull
62bf094a-7443-484d-8fc6-9e2cc5f30878,7fa6b0041f6efdbd86ea9f5d1cbde44a,TheFloatingFlamingo
3c1f92a5-c538-41ef-bf35-4486e3b97180,91c19af01f586e8e644ce2ffc9ebecf3,TheGoofyGorilla
1476d471-f71e-416f-8211-8b7130bf85d3,a2242764345760e9a5f78ab5f22c4938,PrincessPanda
0fb43332-9d35-40f3-9b02-045219b8bc7f,8d99ca7ae1d23b228a01dddd3d69cf97,TheRumblingRhino
50712c14-84ff-423e-947b-fc3ea71fdc8e,2e167305769e088277eec4ef2c69c142,TrailblazerTapir
53cd9caf-14f6-427a-b0a8-456c04a8c8ed,10e95117308c406e900a519be06a29ee,TheGrowlingBear
83df0e56-9b6d-4a9c-bd85-c6e3de87ad48,54a04c8ef96e9e0d426eac0f5b82e2e1,TheDapperDolphin
52d73358-b41b-4c86-ae1a-d7ad861bfaf7,d0f8ebbe10f06adbd6d665e4f49204e0,TheLaughingLlama
d89d7871-0c54-4e9a-911e-9c1053c2c0c7,90fdc25da344fbf91928339ccb7a305f,TheCroakingFrog
4cc1a44d-83ef-4df0-9f20-24c4e5d63efa,43137125e4b1551b34cfff5a734d0fd1,TheProwlingPanther
9c24aa21-def0-4434-afa0-0b78c4f318b9,4c2fa50c940190a91b386d491ae4a5ad,TheMumblingManatee
c075e740-cf20-409b-8cec-b098111be804,75402446442640964b1eb880ffda349c,TheFlyingFox
4bd73781-15f4-423c-9e1a-aa4e2f7ed2c1,505a26a048160eecda6d1c3a5e5de209,TheRoaringLion
0d524873-d4c8-480e-b6f9-6b273a51c571,70b657af57fccee5d5b78d2f9bcdb0ad,TheFunkyMonk
653e4406-f1a4-4d48-8ffe-38ea840d6066,4f5fd35ad81f8a3a881c86d846eaf31d,CosmicCucumber
1eccdcc0-bcc9-4f0f-b958-b53f459d85c9,c29a3aee503a230bba14a6ab62636a07,TheJellyfish
82946bf5-d047-46f7-9b46-1ed6ee0b1597,2bf44b68cf1fc152d23509ad05fef987,TheChirpingCricket
c3299926-c721-4328-8134-b2ea49d5d06a,9d328efe3665f347ce12e4c97d6e2412,TheHowlingWolf
0e3d7e12-c5ea-4aeb-8075-4a3e976271a3,da848493f626fd19aaed8406da09cd71,TheGlidingGecko
45dbbaea-5bb5-40a2-8ba4-ab1d113ae0dc,6cf8015d974ea802503f58abb0efb126,TheMysticalMeerkat
3d201e84-154b-49f3-8ab1-b036a0622303,a582d2c13e2026be855002fbc6dde51a,LieutenantLemur
3e499771-27d9-4025-8a96-c0028e6650ff,46d7acd378366531c0ec6a6b098ff7c5,TheHootingOwl
26ddec61-61d3-4669-8f6c-5bbfdde4a9ed,318c5d862c386e57bb4b9750f38f961b,SirReginald
f692cf2f-0d01-4bdc-9143-22836790d3e9,aacfa539540b1aa8d3fc7e6f25b96578,PrincessPanda
2e10e015-af93-4e3e-a279-49e56de32666,9f129916263ea875a617365d4953a8c0,TheCreepingCaterpillar
1ea85567-9e8b-4f69-92e5-f39f2b732cb0,7bbbe084a4f3b5bb6746d6cbf0d435a0,TheFlyingFox
3d5430ff-f874-4c89-ae74-c86c5cf8268a,f8b4ca8f937107f799c26c04f1275e72,TheMumblingManatee
724c0803-4feb-41f4-964c-e908602295a0,79effd8f6b8b31aa858ca9fdea94f434,TheJollyJellyfish
8d46a7d2-d18c-4d21-bbb4-aff07e9b757c,75066b15ec848e884bf43671b0159e1f,TheBabblingBaboon
77c15f7f-8d39-4ef9-9286-a16cbb192465,1b6e3e6337ab40c3eeff8e1552edeeb5,TheDapperDolphin
9451ab1c-a6d9-47b1-a108-65d640ed457d,e823430ae0709094048e54116f7d25c0,TheJollyJellyfish
183f5654-70b4-4619-9b69-7adb1398c96b,a4ef496dbb48901a677587868ccecbda,DrumKit
c2422b44-2538-44d8-a982-921c29520aa9,2671e4bd4feb22b7d64becff609c9c8d,TheGallopingGazelle
c431d2da-cdc5-43e2-884e-3ff4eed5f9a5,2ed6dc6cdc33b117b87d0f14d739ced4,TheJollyJellyfish
6dcecad0-5d8c-4bbc-9357-e6187af71862,2b606ced05a5bdbba00b1afd63d4a591,BaronVonBubbles
d5490c59-bcdd-40af-b440-583434153e33,0e6f7a2398f6462fb8679018bf8cfb70,ExplorerErmine
2d5f3716-56e5-42c4-93fa-775bbd08d809,d35c99abd8be01ece09609176dc8ffea,TheHowlingWolf
4cde38f5-1af7-4fd1-a2de-d6afdddad5a3,125ecc7e22cc76de88fad1405c8b2a93,TheSwingingSpider
aadffdff-4949-4b81-9d76-a952fe3f3adc,32a972409df89e2578306fd076fbe744,VoyagerVulture
6b773493-31d6-452b-9b8a-efadf76bc481,056692692757c67323a32f277f0e95d2,PathfinderPorcupine
59438e75-749e-4978-bdd2-ba5c8988d9b9,08b1217c6d9217b818d28e2fcde22359,TheBellowingBison
28d98a1f-841f-405a-aa11-6a1e96a9b01f,e54ad778a8cdc67d9051a8bc20806996,TheHoppingHedgehog
2869aaa4-0766-42f6-ae6d-fa0e6ab34be3,1d458b3c5617cd73ad1fafa3040b409e,TheSillySalamander
0f67bcb0-d900-4b06-b0f6-1ffa5c209e46,ef265e64fc90d4f76b8f0899aa7e8912,KingKoala
98878fad-8896-4b5f-b85a-28869e5e476a,ee076f6285d9275eb5354666ee416d59,TheFloatingFlamingo
3ebd02ef-b157-4a18-a5b4-508895311712,e1832d4c4c1cc5479e3ca00408e40fa3,TheGrumblingGrizzly
87c55513-dedb-4f53-8e82-9cd556bc40c2,a68c99cfe10d80636afca29cf342585e,AgentArgon
855ebe7a-2726-40ec-a999-9fb0bf2c4d51,ac38e1618498bf22aa546365f14ba8e7,CorporalCorgi
ac23eeff-2ff1-40d5-a9b8-80fe46cfa3d6,c91175a6bebbdb75c0bae104c66e787e,TheChatteringChipmunk
a806be86-9fe3-43da-a875-c6be3ff1eac5,2085db723ad541c92a46a97238579884,TheMysticalMeerkat
82eb7bc5-01d4-4422-b48a-332b4e6b9ab1,ca37f422a8dbcd08a75e31f81702b1f3,TheGibberingGibbon
6acf2a59-51c3-42a6-9050-e801e7782b13,f617322a5616f804f2e1535fb722fbb9,MadamMystic
2cae678c-5503-46bb-b8aa-1643a1ae2ecc,59cbe380ce1f320949dfe174cede6423,AgentArgon
aa01cd99-195e-492f-b59b-e637b7b27bce,1d25966bcb2462389e703c67499f1fa4,CaptainChameleon
9ff3f88c-f63b-4e44-822e-163f32d0998b,df043db4dcf91bdb730f25a0ed0d4fb4,AgentArgon
272297a6-0c40-45dd-8b23-990723097e64,f047aad3d3031f755885c5e8d19146f8,ProfessorPixel
520a2ea5-c5aa-418e-83e3-b050132924f0,6ed08ca444ee0b5316e4ee7ad4b406d4,TrailblazerTapir
ac9ec06c-184e-4f72-89da-e496dbfca62a,49c8a0d18c588a0b6f920712bdfa149b,PathfinderPorcupine
ceae6d4f-c491-4660-af91-5036af0b0392,91ddaeedb0c6074b7dd3b39545455787,ProfessorPixel
18292120-110a-41d0-9cd4-3086846cb9ae,811d377966536c2bdf43983d91ee8021,TheCroakingFrog
ceced7e8-d428-4b36-8e93-7a52c9552a58,39fc97c417b76cd3cbe58215a14403e6,CommanderCobra
8becf2b5-0564-437b-bd45-289914a5aae9,3390ce3a6b9054a53cfd90e9e888b697,TheCreepingCaterpillar
a1fa9037-889f-4772-8751-1dc354da3b9a,600a538a9248f4e9cd799302a3cb9265,TheFlutteringButterfly
9791a9cd-3f21-4c47-943d-5140399aae90,1ff199a380c434f290c75abc96072dee,CommanderCobra
2399bfee-219d-4114-868f-84025a571308,e74d9f6e6f0db6efe5d982f72361709f,PrivatePlatypus
284b4b4f-568e-474a-a63f-8793d4160349,dfae1fe7f4c6bfce13331f3bcd906917,ThePrancingPony
b15ca702-4a64-4336-8331-595e77f99321,de1d02cab3da083666f443f159060470,GeneralGiraffe
ff07b476-5bac-4177-af8a-05627a5c651a,c35f404e144ef020e12c0e4978366eff,TheBabblingBaboon
995ac2e0-7cfe-4d41-a061-eb93f314763f,cca323f695647ba02193295161c562a0,TheWaddlingWombat
3bde30ad-f267-4a3d-9682-824942976046,6054bba432ba9ea9fe1a27250a0a81b4,TheFunkyMonk
e0c036be-ac50-4740-adbf-40909eb36f00,82b3b24586d9e766bdf00a57db777737,PathfinderPorcupine
39a18175-9b48-4367-80d5-a9b366446500,556070291d250c28aaaee01598e487e8,PioneerPangolin
eba5757c-9ef0-45da-a936-aae061eca061,fcd41c337c83d923765c9a6d68dc123a,TheGoofyGorilla
70a99901-e9be-4669-913f-ac3bd159a4be,469279d142bd387d16fe36d37fbf6caa,TheMumblingManatee
bfaf6f19-976e-40a9-b6e6-ebceb9933a6f,28daf265dde6d95aca94fbe7367a6ad3,GeneralGiraffe
e55046d2-f6a6-43ee-b5dc-4a1a9dc96360,b06f3e866eecec8b78bfa61aa4858c13,TheWaddlingWombat
b694ef65-e1dc-4041-a3e1-8b9c7ea11f05,65275a59c96d243af34f4ce21b1ce4ca,BaronVonBubbles
9b006e92-ebf2-476e-99dd-61751b18f9ee,a6bd9db5715ccc5c838451c29c4add78,PrincessPanda
0a2c4607-cbc4-4cb4-a8f7-9806ec4ef8ff,57b60ac74525d00767c753662ab417b4,TheWackyWombat
11881215-34ec-45b9-a96c-d441d00410b5,6bc3af011c875e93301d90740c02afad,rhythm railroad
07451b50-6db4-47bb-acd9-3354f2dea60d,90b191b28b0602e60fa3753c46098bd5,TheCroakingFrog
67dce440-799a-4b9c-a593-631b1c401261,058116851d07ae4badf0f28feb728a58,TheStalkingStork
a024c6c2-f4d1-468b-b025-db7d141cfe97,be6cdd8533907fcd7832311f9dd053b7,TheSwingingSpider
af0c78f0-effb-4e96-a4ef-4931aaf5289e,ad70296e7ebb17acce45f7fc940b6770,OfficerOcelot
41e1cbd0-e7ad-4e2f-b660-ee692ec715fb,6cd3164e9184813bd7a59bbd11f475a5,TheMysticalMeerkat
396d5b10-80f0-4b92-8b7e-d4d9aee31f7f,0acb3f4493e4f1d57472d31e8820ccf4,SergeantSloth
28f29768-e534-4b32-81a0-13388979aa1a,b3dead5d7a36954da5fca0b1cc43f9f0,LieutenantLemur
33276738-dcb0-4b40-aa49-4087ab8fee09,3b5d124dadbaa7d0bcf20f83d0a42e93,MadamMystic
3dc1ce45-ddcb-4e29-a89e-09cfadd22cb9,aeead7fb995123beffdeb6673e0eef61,TrackerTarsier
52fde081-18f8-4689-94dc-a362f4542029,abbbd128ab6b5901bfce29ca8af538bd,CountCatnip
4941e80b-55da-45a2-8093-2238ff1dca84,cd4cddbc69adf3298946a05cf977c2e4,VoyagerVulture
0a07d698-efed-4371-bf79-41c4d5aabb2a,4d8be6626c6012d3bd842d3619a0c25f,PioneerPangolin
4593f2cd-421a-4da5-99f5-513ce1367e1e,7f01e32912d6ce9387c9e0eeb1e932a1,CosmicCucumber
562aa8be-ec4b-4d90-85b1-eaf1469dfe26,d29f3757e4844e07ee0ebe2a9676635f,QueenQuokka
fc993e0d-d1b3-4ea3-9168-1daa41dc6e3d,e9aef703242484fc991a9f4edbccadbd,TheBouncingBunny
a9a54637-c321-46e3-960d-9afa809fabc4,413bf759da41a2a93d65edec5c837230,TheWaddlingWombat
ce4ff130-bea3-467c-a429-4df383850374,5d7f4b53781eb28ead6b747afb0d1106,TheProwlingPanther
3840349a-6e95-4dea-912d-e80d05bd79fb,4b55d5c405b88b987efd99da0878cd6f,TheFlyingFox
be65148f-305b-4a34-9b2d-dcd69b41f45a,5300d7ff2f8d8a6655edd775d109cf67,DukeOfDoodles
c3912f6f-6a4c-4c50-b417-fb417b01fbce,e7c8c9029b7aae1db8a61d5b67b5e61f,TheFlutteringButterfly
15ca4916-e600-4b1d-be53-1cb829fea0ff,fe41e1ff701355d5998eb980beee43cf,SergeantSloth
3bc1340b-827c-4249-9c83-b6b55dff1de8,1759ebef16477795ec8e47235a56ffd8,TheGlidingGecko
d36602f7-21ab-43e6-895f-aca591287aae,79d68c1ad66b881872eddf9a1f1ddafc,TheGlidingGecko
b0a9caec-f5c3-4459-994c-319f4ef83531,5d075e6c19cb35711691fafa42e0e5da,PrivatePlatypus
efe3b0f1-d0fd-4558-b92a-dfeb5c50c6d7,f60cc5d26dd5f6ea9d1ced10bc413758,GeneralGiraffe
76f6dae8-e7fb-4277-9c68-6abed8e92e28,449fed29c6b4f67c8002a56370749e8f,TheWhimsicalWalrus
18378919-b02b-4d46-8fb6-279188c3b358,de839741d934e02731ae4ad0e8bd28f1,TheCreepingCaterpillar
cb5f94b9-1ec6-4d34-a8e6-74c13aa8994e,57c48ab04c369c38d720c14c277bd944,TheGoofyGorilla
3f6d5b79-d4c5-4ddf-add8-cf8a00e34ce1,20624fe3871b37223576c9e753ceb8e6,DukeOfDoodles
2106fe56-1f69-44ae-8062-e3addab5901d,3c2191f507eb03f6707cb8b74450c77e,TheFloatingFlamingo
4eed3811-3f97-48d8-8258-745c9d51f003,f6f6651ef6fa6454a24b3364df4a93f7,KingKoala
e2d6ecb6-b7fd-438d-84cf-e6e67afa0c96,000ddb573d035355560c9f0c15ad6c63,TheBellowingBison
edb733de-b710-4ae6-83ee-c9301c77837e,92228dde15eee3adb3718029a21bdf69,DukeOfDoodles
b36910b6-b51d-4cb7-afa3-556e3785dbb9,fa3f22ba88ea7fed27ee8e052703a145,TheBouncingBunny
f5691edb-9ccd-4abd-aeaf-04847e25b1cc,3515106f259cf831fb75800c654fd6ed,PrincePenguin
322b0887-f061-4581-a43d-26336222d1c1,d7e08ca82e80d43d5145d60f01fa9daa,TheHowlingWolf
019fe7ab-379d-4398-b7b3-ef31ba1a7f67,4912072fd932ab2d8a0537336b512b1d,TheFunkyMonk
acbaded8-a583-4f86-9b57-1830c1f6ba15,ff5e49f3b1c7d706f0967c33320a414b,DoctorDapper
20b8e7bd-18f0-432b-8c58-2935ababebd3,d228a96b07d32bc6a56fbb9e8fe5b2fb,TheHootingOwl
62072120-64f9-4680-8296-90cb9c824434,e3f4d05bdecdbd010f3b2563de7dafcc,TheCrawlingCrab
232c97e5-30a1-4629-9e9f-6f367c80b474,32fad4abd079a18afe813b43edc26385,TheGibberingGibbon
9c8a7d4a-8622-4861-bbb9-98a86ed5d6d7,9e1c8135829c78ec8c24ae96f86fdfb6,CaptainChameleon
8853f469-64e0-404f-8fd7-b4fa9e7a5ee9,587538cd418ed98a607fb8395ff5338d,CaptainChameleon
b11829c8-1dfe-4d18-ae8b-fbb54f12bf7a,df398e8058c8441ab61bf164ee4f7cec,EnsignEchidna
c549677f-b1a7-4340-9ee3-fe4c86a9b3fc,06f6d3ba7452bb6353637ea452f6b378,ExplorerErmine
8ea073cc-67fb-400c-9349-ff9183568f2f,1b1b16eeb084c46b37aa9b014d22634b,TheFunkyMonk
12d4b5cc-14ea-41dc-aef9-b47f46bb9163,773c376060ac2fa9658152db42a3f1d9,TrackerTarsier
e36007a8-fe6f-4565-9e03-140f3509f08e,2e41708d6bf8c4d10b6f9840fedd3c2f,TheQuirkyQuail
6846c058-fa3f-4694-b3ca-cf6c00984f23,3bec9022a7b0be63beed2b513ab025bc,TheWhisperingWalrus
a804feb2-a8a6-4318-8579-e3287e70fb30,42d1904a0e417c3ef1e0c5af7b02d677,DukeOfDoodles
d6218569-91aa-428e-a45b-ece6edc34964,cbc76ea37461ef5226d1e6119b0d7d5b,TheWhisperingWalrus
6220961a-5f96-4d8b-b652-708ae55993bb,e4af6496c4b1fa417c64e0d58c22545e,TheCrawlingCrab
e780c452-a40e-4415-acf2-9c50d6565376,1a0e7be36c2baf92ff7de5c7f89c4269,EnsignEchidna
027a0144-8ec5-4c06-bee9-c0a5747da438,852a0ae1d0b5c412f9f5da3f38c48672,CorporalCorgi
17b3b182-5e0f-46c0-9cf3-8eaef803efac,0d3da554ab132e15f51918fe1bcd7c05,VoyagerVulture
931d4d54-a1dd-4794-bab9-1b51b918b671,39fb17bf584798597cdc7bcb9ec60bba,TheGlidingGecko
1273da02-bc09-4411-9138-22162762494f,fe06a1dc394c0bef5df44298041d4a77,TheHootingOwl
0d039dfb-982d-42b6-91ac-70480637951a,846d3b3aa7645f5ddea625072a546af2,TheGoofyGorilla
c093fee9-110d-47db-8b51-df6792bd738c,eccdb2047c6ca55bcfbfd43b251fb46e,CaptainQuirk
77f5f440-1384-4479-b787-1107af933ed1,ce7635ebaebe611c24736d0df8784a4c,TheCroakingFrog
08e67caa-fdf7-4cec-8391-71c0583f065a,f5495456c9a0a76813b94e82d5910560,TheChirpingCricket
dfd65bd6-2317-41ee-93a5-97da2c28aa41,307e2e0f8fc46ef6589f6b980f3660d4,TheDapperDolphin
1ddae33d-3d95-4385-99ad-81a4ab33d49e,93d6ffe6f4e3b865651a149796bbe0e2,TheSingingSloth
165e42af-0848-4915-8697-7fcce7b305f0,9bdb42923a4d86ec6a82ca175fd4581f,TheHootingOwl
2e408f25-5118-446d-85b4-3f0c0d8c8a1f,a76f89b97d6eba5399a92616949f2d22,DuchessDuck
4f293809-2109-407e-ac97-6e8dd48c9948,d5e863d4d0fed0b1a9eaa1954103ddf0,TheChatteringChipmunk
4f781d4f-a508-4c58-b6b3-417af14ace6b,7deb7e8fbcfc235d8bd9a8eaa6d5df0b,DuchessDuck
bc09024e-aae4-41b3-a254-6e6c4dd5bbc4,8b990117e2a7cf3c3dcfc6931b0d4356,TheWhimsicalWalrus
3bc708ba-221c-4641-acf0-8104e80cdaaa,9019ad8614ef687a298f890ba173173c,TheJollyJellyfish
06c14fcf-ce8d-42e7-9bb0-db53d865210b,326bdff7209b93d31626762949b5d3c6,OfficerOcelot
214797d0-0712-4199-a863-ee0ce02948db,45296aa1c8ec83fbffaadcaaa5451a8a,RangerRaccoon
136dd809-525a-4283-9722-75a6ce9e7805,4da187320ee0bd57d0683193b0c78317,TheHootingOwl
8ed73fb4-a489-4535-88cc-2b96236f6382,a71702f037604bf2b7b6acb313d8fae2,TheChirpingCricket
ec71a181-0926-41d7-ab00-68e1b182c8e9,0bea4a6c02fc6b0513d8a5ffe061108b,DoctorDapper
959e8f47-91dc-4059-b7ff-a89b0c067112,3acd5652d931cce8e10483ddfde55f61,TheSqueakingMouse
0d91e0a8-7a8e-4533-81cc-b70283930583,83abb31c2bfe54be0fbe5d48af693955,PathfinderPorcupine
66e2319d-7a03-4cb8-bf58-888e9be55efb,8d32462d3774ad9d7b184402633dbf65,PrincessPanda
47f1a9d8-7ce5-4324-a7d2-48e312eb9740,257427f8183e98424762fa4780ae89fd,CountCatnip
af78b4ca-49fb-46b3-bdca-6ef0d85da547,f1413a83d5e6c05d4effaebd56e1011c,TheJellyfish
e74a20d8-1fa2-4abf-9543-4499acd9ff8d,f2541c12e016d89971a1bf9b8c1c12aa,TheQuirkyQuail
6096d734-4a2e-4290-b7eb-816fd98b16c7,f8b3ff70b2b458bbf1ba57d9523ce6ea,TheMumblingManatee
9a9001e4-301b-443e-a20d-77e228707cb1,11a519bccd4b89c41dd5241853d3c76c,CorporalCorgi
4f1f0717-b976-4caa-a3c0-370c1a0bb6ce,e827a610d90f65b49df6cb2f402e43aa,KingKoala
ffb5285f-88be-42a5-a2d6-b2ca0c4c7deb,0dcfc7f7d7f8780d7add07614f108719,TheDancingDingo
2763047d-d436-462c-8e4a-08dcf2c760a0,7fcee02370d9452376e2d2d755e326b7,TheSnortingBoar
32143ac3-701f-4266-8c14-b2b2d5d3e536,bc0c3c0d3749db4d4548d4e323e5488d,PrincessPanda
c2970840-0863-48d8-94fd-415e76f2d95c,92b22c727f877e1cf734dce6e328a5f4,ExplorerErmine
d6756f54-9335-4041-8105-486d2ef4eb71,4faa537ac7ec48b5706bc05393b872e9,ThePrancingPony
ebf27124-afb6-400b-85d4-ebcaa1a2200f,372471d9a152241d5aa36b13be7e9285,TheSnortingBoar
5c21f488-a69c-4839-8608-3503af44d7a4,5ad09a5e43d81d34ed8369b0a9b3dc39,CommanderCobra
2830820c-c983-4a86-b6df-242066869b84,f2796ccb77bc98aa2407d77d5142c859,VoyagerVulture
49fd72c0-1f3d-4c0a-a209-4310bfc53d55,525b279baee28193f3e23f1346fbeb48,TheGallopingGazelle
d76ed843-94e2-4539-89a9-1ad7cb12fcc9,6fbc2ce41edf3df2a2f4998368089698,TheHootingOwl
d4014568-0d5c-4bd8-870c-38d392711ede,c14f8f690110ffeb7175722afc5ec3d1,PioneerPangolin
58e54bb9-a6d5-459a-bec9-6a707e79b0e2,9628ee17865db696a8e954eb13e647fa,DukeOfDoodles
f485cf8f-ba9b-4929-9a58-ff1a1361ac2e,297e8ac5da62e8d56d4693709c7715e4,TheDancingDingo
4d26064f-a031-4315-9511-ca88f1c16d32,666da3ff9dff5e0da2148887c48692fd,CaptainChameleon
82d0c176-5af9-429c-b9f5-1ace278d0c94,ebcb62cfa22ea3b2dbed34f86821397e,TheProwlingPanther
4e7a68da-7183-4bfa-af88-9d36ea130c5e,aa9bbc8a481a82c4017d6e91f719e2b1,TheHappyHippo
5baca756-8ae5-4fa0-bd71-edffa1740f31,61725a2bbd4c480ab69cbd9a2d9425da,TrailblazerTapir
00502903-cdb0-4978-8312-f2232d02f453,9b638e098b7b0fd0f18e34b8f595f6f0,TheHoppingHedgehog
e4368a73-2fb6-4bc1-938d-4509ed9fbb8d,705a79753d06e9b94d73b2b37ecd7aea,CadetCapybara
0411e6ff-0ab4-4cca-bbc7-869e2d393b07,3663a58a59f653d72686bf266cb7e487,TheBellowingBison
b34d0283-c228-4d12-a91e-be5035397823,a718f54e211bad1428fd371b69ce677e,TheSillySalamander
55ecae95-c37e-4d50-9222-26c856e49251,1b3a987092c0293b49563df3ad1381f2,TrailblazerTapir
e402cb60-2645-4f50-8ae3-7127af63b035,5d7b687045d91d34426f0c858206b2a7,TheMysticalMeerkat
a5cb709a-59aa-41c3-8999-de36c592585d,10ad648e6c0e4c03705266933fe71616,DukeOfDoodles
82624bf4-6b3f-42b0-8148-682c48b5c630,890a1d92e5491d0f9eb6716f0c88f95f,MajorMeerkat
34b3a422-7c78-4d4b-97bb-eed3f359b4ea,d9b1d6947658068bccc57d1f69e9e81b,OfficerOcelot
9935d310-cd20-4711-b5ef-c51b4073741c,09e75bbcf1d459101f39e4e6350e986a,TheCrawlingCrab
7f8d61b4-fe32-4a62-be42-37b699030656,c3b3f817023c9c294a385288d790004e,TheDapperDolphin
a2f579bc-deeb-4689-ad1c-8ef36866a806,4018489d36bc16e0b6dbf6572a9b5b29,TheFlyingFox
f3cd58d2-9aff-42a1-84c9-16f7181a0a7d,1a52ebc6fcbd9a0af4e7f90124765f09,TheBabblingBaboon
c5f06ad3-a9a6-4b54-8534-748f1d6277a8,6444e7c09a0cda4140e073f28cb6656d,PioneerPangolin
dd7a4763-c246-4dcd-9315-52faa92fc614,85142a80af3f3c882800997e17c8ed2f,TheFloatingFlamingo
faa98887-1111-48ac-87e6-4687f4d0d1d7,89b29d51fc910313a3c00597e7da2671,TheGibberingGibbon
a285a8c7-b1f6-415f-972e-483e8bd5df07,e9eb3d50575ebaa1257eeab45362ef7c,SirReginald
97556e13-c460-48fd-85a8-223e4b257e32,25e4d888cf7a4baac008fc51589720c8,TheGallopingGazelle
95924acb-fd43-4280-926d-e32dbc63ec82,e9984578d2dee229f9347651ae9af4db,ProfessorPixel
3b32a9e2-f043-4579-9b90-ff9525a0f010,106f8a0502bbc0382cdeaffdaa945b76,TheFlyingFox
ea60c3c1-235f-4195-b134-6fdbe3782ba1,894b7c71e73f2586d294aea5297f572c,TheRoaringLion
4735938b-9ea6-495b-b26d-9448e42685f2,a6f968081f415ecf016ff91343896318,DoctorDapper
0596dcca-5170-493f-ad05-52054fee287c,fcf33cf1f02caec2ae30b0ff3b45298f,PrivatePlatypus
6216b361-f727-4ada-96b1-306dee7ef065,6df672def21e1f858f4e3dcbc15d4680,CountCatnip
65c8cbab-98af-41d0-8963-04dd0ab9f2c7,7fb97ebf7ee6f6310b55b5018bc3eb25,MadamMystic
f217cbcf-bb40-4192-8aa9-3558723ea6dd,8447ccd64cf27dbc3387f5a05eff9ce0,TheChatteringChipmunk
488eace7-50ea-4dab-ab94-296c71fcd204,6a751fe42a7cef225814b06c11f6cefa,ExplorerErmine
135a0d78-3d57-452d-8ace-d699c9c1f0e3,849003c0867d4b6e638ca2f67eb0e3d4,TheFloatingFlamingo
71e00779-8dbf-47a7-a750-da7da6ece05b,960a375b4519203db05b607a4e9f4af3,WardenWombat
7d201f05-f7f4-4f23-a3b3-822e937b43e4,1f6853f01200fc15ada69e611f2e5f70,PioneerPangolin
bdb59ada-2c58-4970-aff0-afdf4945ac70,80cbec32963f982cbdc69ec3eec1490b,AgentArgon
f59e1140-1c4b-4aed-8727-65194ed16998,d73fc15701f3a41c61cdc51cd638ab3c,TheJellyfish
3caf7d3a-31e3-45d6-bcd7-bc6de7d86cff,7357650356043d06387d261b6b8e972f,TheWhisperingWalrus
54ef6cde-747c-4864-9a42-2c0151064d2e,fcfde7dfdec2c3cae7e4f1fe5f2d2056,TheZanyZebra
c5cbad55-667a-46a0-8e21-00c9807d6e3b,eb1b7280e83ad7c8a3ea39a5594d582f,TheSillySalamander
d1c15c4e-5f52-4b0e-91b6-c329d9bfee3f,1d22ef3e681a3cbd0388a2f0f17c1509,BaronVonBubbles
abc200ff-0880-4d5a-b305-94b922767c1c,72640ac857ed2d8f559dfb8e152089cd,TheSnortingBoar
f8882c35-5b06-4e8d-950f-7c75a3e14833,916e123f17e6247be71378c28e7ed0ac,TheFlutteringButterfly
d08bd108-9be9-49ef-acff-18b6ef0536de,7b0edd5bc4eb4476626c200acf6ea4d5,SirReginald
69531b73-ef25-437b-917e-a0b545eded84,87ed1c672b6e1559b2325581df01e1bc,ExplorerErmine
d6731ed3-3ff6-471b-9d17-59cba2372932,24fcccbc2fff4d802205486ffce9847f,TheProwlingPanther
2ec75ad6-4353-4ab6-8f48-45ca5646e3fc,5ce22d8c3cda534a275af2ba82e16124,OfficerOcelot
678532fb-3e30-47ea-a88c-8791aebc5a65,2c2ae2d7004a9c8644d48bc6cebe533d,TheGoofyGorilla
68052691-cbdc-4cae-bb6c-5c651233da28,91bcd46c603232eb0d9cc282696bb6bc,TheChirpingCricket
f47cf4cd-0836-4da3-8742-5b5476e891dd,0ec7d015b8ba3a68ad4d39d6c2bed77e,TheCroakingFrog
6784b447-e4f3-47aa-bf74-0055ad71eddc,f2a78e940cb1794f6a5a57c494b8bffa,TheGoofyGorilla
1a6e755e-bad7-4e7c-a53e-bd9c202a2d64,4a120fc68fbd39f7ba0eab425db2e6b3,GeneralGiraffe
f4480145-7cb3-4592-b640-4db88a6a7a30,19a7438d2dd69e11858225793b6e8610,TheBouncingBunny
c586a570-6009-47dd-8bc0-f6e5dd9fced3,fbc35252cd07a31e8dc67774e15af4c7,RangerRaccoon
80aeec99-ec9c-4e6c-89c8-3cb82f44e389,9b27ac6bd6018f79d8bd2e267a564cf0,RangerRaccoon
5d9ae36c-2026-4437-988a-cf41e126af7e,fc9dfd0cf516a7a54b779f63655a5d19,TheBouncingBunny
1428e3e7-05b3-4a35-896f-fa42dc2cf79d,e14c52e678938cf13c2e7da2e30cb312,TheChatteringChipmunk
b7445bd7-4cbb-4142-86d7-cc67c5022121,556fd2f477ea27f02e4fffd9e189accc,AgentArgon
d13fd72a-8bfd-4c23-9717-ef067edafa1d,973440dc99c9ab1320f3a6c25da4d6c8,RangerRaccoon
764ab510-d60b-4bf5-b2f7-769085a48fbd,d26162903f3c2ce9fac11ae3fd16bdbe,TheMysticalMeerkat
90f25b01-d60b-45c6-b118-2006fdac1ee6,55ae3e0075e42e4a6f2e01b795188d20,TheZanyZebra
51ee2663-7f96-42af-a192-ee9d058eaf8a,cfbd9c7d789a15f026987155fc51049c,TheSoaringSeagull
2dff6d5f-e6ef-4310-b809-1ddafd88858c,4906ca5cd4dcbb38e3d7b845f7a78919,TheSnortingBoar
015197be-d917-4169-8383-88b9dd1c6449,6982af16657eb1050d32a66545ccfab3,BaronVonBubbles
6531f051-187c-4d0b-864b-319ffe8111d6,6a762cdccdee0fbd32b85b0762e5abb1,PrincePenguin
eb2c04ad-228d-4e69-a595-6623a496d048,40b7ee8cc54a5e4488562705829b6d98,TrackerTarsier
36740d3b-29dc-4e79-9a22-437b0160d1c6,b233347601dc0aa7feced3cfda7004fc,DuchessDuck
101ef9b2-4846-44be-8c68-1b794690f832,e7252b5f9a1e8b87ba9297b61c514612,KingKoala
2456964b-8890-4b3d-a50d-5b9186afdc0e,e61325ca58592e38a05b49d704c9047d,GeneralGiraffe
1a55e713-5def-4ac7-8b03-832f8d976c0c,d192ba86ea4bb1ffc5d7cebc983480f4,TheZanyZebra
286f7acd-8a7f-49cc-8a37-392c3df81da2,a5d548ad08ec7d9adbbf68d864c08e26,MadamMystic
451bc5b8-3222-4bdf-a5d0-d8c56a6b250a,e5ede5921bdad93a6b317553debacb32,TheSillySalamander
478f95cb-c4d2-428c-9ab5-fa1fadfc4ba9,24a343eae1fe88c8da3519871b012491,TheLeapingLemur
9ea54338-f4ad-435c-b474-60d05715edbf,476d7d822df7671c0f82bb0538f05bf0,TrackerTarsier
cae6e69c-f458-4fb0-a9af-c145fe15a9a7,2bbc74c428be14116a65c7d68d9e7770,DoctorDapper
3b3f9476-02be-462b-a5c2-028ca53b0c6b,1914e15dc7d5c326d9db49c0e6960cc0,EmperorEmu
473adb4a-f2a5-41a5-9358-26c052fb28bf,95dd308de5536655cebfcdf8186f2d11,CadetCapybara
ff850774-c25d-43f8-ac05-67b2fa3fb6bd,97d7fc3c2c9ab04ea66f69a13c9903d8,TheFunkyMonk
c60a0df7-1e25-4218-81c5-5d4c9ab7521b,a1827caa5a2b4007831d4ac7bdf283a3,TheCroakingFrog
45e97b83-aecf-4299-941e-00b2b93de976,6cca15fa1c1afe60767a59905503d8d7,TheCreepingCaterpillar
18828168-dafa-4f59-aa8c-8fa6c3ab4857,51569cd3927d08b448b1e87a342b177e,TheGallopingGazelle
85d8523f-5c0d-4077-b5af-74eb4116d304,2aaa37c1cc5e7a594c9b963b4cf75083,CaptainQuirk
502cb655-ad9a-489a-82c4-21afad87c99d,352b260ae3aef91cec3bb4589783679a,TheGibberingGibbon
412b5365-1227-411f-9778-8500b2ba0128,e29a72aa6d8cd39b55da19b0d44d73ae,TheGibberingGibbon
3abcda9b-3630-4b91-8a90-595801072138,71a3733821c7aab14e63434444f37ce8,TheCroakingFrog
fdc42f86-283e-4eb8-8c42-03c0fca8460e,f91b887139d6174891346afa3c7489b4,TheFlyingFox
5b451a5c-46da-4f32-93fb-0c390e6df7a2,3697a558666e17782a34c04ca3626bfe,ThePrancingPony
a285a3e3-9a38-4d06-b2e0-172c14f6ed38,adf688431551b4d0fe5e0e30ac2f1553,ScoutSquirrel
d0b8ec89-2e37-4e42-a451-b89cd5b95405,44f2f446f7567a001d92a2a622361242,CadetCapybara
e8f1ac64-c361-4726-9747-1723ba09e9e5,627bf269d2b586cc93a62e9a4fe1df4f,MajorMeerkat
ba3af7b2-a057-4946-8d76-f868009f1c90,aba7184e71fa52eebe6dd96f8cb54402,TheGrowlingBear
ec537c18-b8b3-4306-87b0-eed1692a27a6,bb65d5767e7a2b92e2a4360be1adfd15,TheLaughingLlama
aa164d9c-a470-4a14-8d7f-853653451d7b,7d89ca8b431d46502d420170d9699f7f,TheSoaringSeagull
9ae26937-a936-489b-8117-540cc993d0db,5c18b9cc30b0d8ebc49db7ba7e2ffcc8,TheCroakingFrog
fad9752d-af51-4f48-9f71-72145ecf5612,029ed9f6097f11510e8f61a50803f61b,TheWaddlingWombat
a721e28a-55de-4bfa-b569-2590b53eeafc,352a14c14805c0f189d2acdccdab004e,VoyagerVulture
0d0ca119-6e71-4573-9e75-56865a356b4c,661e68d36333d4e611e181518ed289b0,ExplorerErmine
f0f57523-140a-48b5-9877-87ba83c47c60,f006bce652865224b4b973ff308d58be,CosmicCucumber
f9a3dd37-71d7-4794-b493-2c814643f1b6,fdb822fb741ce0d3a03a8d39217c3f7b,TheWackyWombat
fb7d043f-3b86-47a4-8461-fec3da3a537d,07c5d54c38bdb2c59cb1f6aadfb2cae7,TheBabblingBaboon
2cd28397-b0b7-4e81-b742-f04a82b04f32,0b1feb2d415aae1a9fb36278a16cafb2,ThePrancingPony
ed989045-e292-4c8c-a230-f244dadfcef3,7f7a257f4f29c6c9cc49fe1516cea96b,TheFlyingFox
a62116b6-11d6-4b37-bd38-8051d5f8d58b,94f2957982e4e0d98f6f25fc3f507158,CaptainQuirk
bab2b9b8-26ec-4f16-b281-09475672e983,b8dae8ef5255b088b74a0365204c530c,TheSnortingBoar
02b4fc0e-ef1d-4680-905b-e66c548183b5,025db77e823445bd4e5bd834980e4ea9,TheGlidingGecko
7d9ae0d6-15d1-4450-8e18-1e54e3108ef5,9ca3bae0b41c89450b619aba7cc9a009,CountCatnip
2d798549-ed6f-4c3d-a589-326aa0a34609,4e15e070b2633269c52003ceb05d2534,TheHappyHippo
c0566172-b0ba-4bee-bac9-129e8b987458,f9dac19129c9bd13348c7e1f743b4009,CosmicCucumber
bdcea8d6-b959-40c7-b227-dc3eb07f4677,b0a2daba5623445cbd9c6500095a2381,ProfessorPixel
6b17b3f2-171e-44ac-9538-37584b9e043f,f37f4e200c682d6323e3cf6360d89fd4,TheCrawlingCrab
0a14b28c-77ce-4d60-a8e3-802205e9fab8,c82a96b3ac01a5d2ca89d5ab0b0ed386,TheDancingDingo
54e2f9bf-e0df-461d-8808-48d62f005110,fe021a3d1dfd5326295936f5d9a20237,TheWhimsicalWalrus
961d200b-bc46-4f7d-bfc0-21c76f575303,f37709b072b804fb50897f20e0d6c571,EmperorEmu
f1a211dd-870d-4aec-9895-ff0662e5cef1,edd0c4a11c4a1d371aea848a96bf0fbc,VoyagerVulture
1767b85f-f75c-49be-bd8c-186e28dc9a6b,528041de6b4db7c2332605c40d2fa503,TheFunkyMonk
6edadf20-50d5-4af4-9b47-0ff4fc746901,e48be9c599f6f796198d7c04261ab641,TheFlutteringButterfly
5d56ba12-585a-4de2-bb40-4b522987c0b0,08d3736b8e0916387059b66895085972,TheBouncingBunny
8febbb99-3f97-4c5b-bc06-290eb53273c4,57a99c7ef68bde4f315471ebd955fd2b,CountCatnip
468444ae-63ed-4027-82e5-891f57711039,f7281a1a32df15e53d1c362ebc4e7b6b,TheBellowingBison
e0ec9e63-c52d-4d99-a005-39ac22150322,97d71cde8a7db85b12ebceb4937c5321,MadamMystic
e7252d7e-b7df-442f-8a90-f309ba68d6ac,a5af1ad8924c6071490f816ea10f88a2,WardenWombat
b4a53d14-b292-45c5-b002-be7e6edc2d0a,5b35805de43d436f7493d9fd0637ab08,PathfinderPorcupine
a1cce089-44f5-40c1-be17-56c28b4e196b,445d345d8cc19f6ba571765582d98228,CommanderCobra
99289c3d-62f2-4a1f-bdb2-bd35849c499b,7ff88b49e9a65658ae6cbab12d6f8d86,TheBuzzingBee
5c358d91-5575-4879-a262-7c7d70e125ba,6cded0a4b6ef91654d7549dd04e4fc1f,TheSqueakingMouse
8ed7e3d6-c353-417b-a296-5bbd77b0d1cf,488d92efa54c46a3aaafdcb570010956,TheGlidingGecko
53fa5f74-bd05-4efa-bef4-d01e8cceb1b1,cc99f679203d7bd6d6f2ab8f2f23ec59,TheChatteringChipmunk
77608e69-ad01-4910-a554-096bf5d01966,50f5e01603a39842a06e8e9ae05383c5,TheGoofyGorilla
0add2de8-5973-4d08-b3db-c0016eb46354,6ac5ca5ab83cf91bad9f623c676f1abe,WardenWombat
f6249852-ad34-411b-baa2-922282d55811,ce4860ddedaad52fc52b16bcd8913a59,TheSnortingBoar
f8af18fc-a1cb-4326-9360-2249a6732597,9cad1add013d43484546ea29eca6b65a,TheTrumpetingElephant
540a1efa-8d99-40b1-b26f-d8dc602f497a,3d09b2d25d1e3761858e85ec4bc59d45,TheDapperDolphin
08e39d9d-3dd7-4e6a-9805-51517f033bb8,20cf3afd73ee2ce7faae93d2b44d60bb,TheSnortingBoar
7824c020-b2d8-437e-95ee-dfe03c09d157,3edef85acd08295272e504c099b601da,DukeOfDoodles
8eb827da-964d-4d3c-bc62-2652f985d437,7a444fa533ed849d4c1b955088d1aea6,CorporalCorgi
bb4abc63-df82-419c-a485-98ef8259995d,1acf0015d21f91d558377419c2bbd74d,CaptainChameleon
9c8b77ab-f0c6-42a1-8cc8-47248eee3d6b,4721c8c40016c4b8b83ee5a73a9259f1,DukeOfDoodles
25b8d722-b4be-40f6-8a85-97c894fd2955,4322d7e74877b31af13da38b48b7c395,BaronVonBubbles
25a2be9c-893f-42d8-aadc-2abeb1047887,e59080bb3d5d62f726f70cb130c39208,TheGrumblingGrizzly
c95b1293-1c8a-45be-a8c6-0f43bd88b1a5,90ed078f39ceaed070dc4dae54269c7a,QueenQuokka
f5018f9c-56ff-4dbc-a11a-842572b5d0d8,4f1e7ad9af150cff885ef4102f2005bb,CaptainChameleon
f70a3401-58ad-4b8d-9ff0-84345a541a57,37fc494894b8d99d251467c237900c83,TheHootingOwl
4cf9df50-3d68-4e92-89de-dfaf68091eac,09c1c6f8715abbdc9d9e69be84a948e1,TheZanyZebra
f3f57598-fcbc-4a3f-ab09-90f628f3b35b,9752e0dc4c9076f876dfa529f1899379,TheGrowlingBear
5b0b3305-4458-4f9c-9cf8-8082b417bf08,16a043f45572f7e8d810f683488a29d3,CountCatnip
74afd9a5-faa2-478f-a2a7-d812db3c839f,15c25149873d6636b07e3f23b6fb04f7,TheBuzzingBee
baf982f0-0dd6-4bc3-ba99-1cd6b5832563,5a052728cc4603838472ea188559dd54,TheBuzzingBee
b3983467-045e-4748-9658-274bbe9dfd75,2bdc0fe0f4798377391708ef860c52c2,WardenWombat
4f78132c-a662-47c2-807a-779b139cdecf,feec2034d80c49daad50d1f803ce1374,EnsignEchidna
8e2c43c4-6436-42e6-bf64-5bf763f5dba8,d9c90c32decd2d70af5b797be9e038d8,WardenWombat
5d3f98f5-fc4d-4354-9a6f-8735dec73edd,0da8076bdb41d5c6f72166be5ddb6c8c,TheHootingOwl
5b39ff8c-4519-40fb-9f6c-8d57fd59393c,97b424f2dd268017ae86ce9a7cdb80ac,ScoutSquirrel
9bcc9a2e-f29b-4a0b-913d-0cec57efcfec,015cbb8dfd9fdb34cd04b5ff104d9216,CaptainChameleon
6284cbf5-b65c-41a7-bdb5-e16601b7a58c,07fe54fb4c934ed8ce006f992014c192,WardenWombat
7f3e47d6-3ff9-40fb-a434-d2a911f397ba,c895db526e365f2db182d515cb3e323b,TheBabblingBaboon
ddf85fc8-659a-4d2c-ac95-064d0a984bd8,5c0a80e6be0162d0a7bd7ff194a36cc5,TheDancingDingo
2418e753-10de-4cae-849b-e2e61ee6809a,2ad2f3e3b0e491913aa6fc63cdad9e5e,ScoutSquirrel
e220dba0-a63c-4084-990e-f7194b432534,9f91fa15a46dd361687ea3043b73627d,AdmiralAlpaca
5e844352-3f60-4558-960b-026aae22c89d,015834ac03924644dfd140308aba02f5,CadetCapybara
1fa1d503-7191-4e5c-a5ec-684a6e3a6302,e27615a76f6655bcd2b39a11470a16f3,PathfinderPorcupine
bf6f0c6e-4dd6-4d6f-bce0-e093e98b8f2e,97ed9097ebdc237973ee9143f42cefbd,TheBouncingBunny
f614e9fc-3d64-4cf0-9b3f-193c4037bc9c,134346b088ea9e9460ca060f6714259a,AgentArgon
84c49ae2-8489-4d3b-ba41-b840916dfaa7,0c20d319f0ead9e0450eeed55e4a24d9,TheBouncingBunny
192411ee-d61d-4d7c-a0d7-e282dbf10d0c,204c9024e3ce7c738b546de4d404980b,TheBouncingBunny
140bc2f9-3b14-4e2e-beab-a5d7f8ec6ec3,392b1dbf593e1346dee09a9ac7615cd8,TheSingingSloth
6e40eb61-8d9c-4781-8eb5-c71cec26cb80,d6f778d7adb170003047b9ba379bca05,CosmicCucumber
652a4763-aa0b-4892-9fa8-834095c86b62,32d7bfd377e318ac6b679bcd7ec47219,ScoutSquirrel
a3e6c5d0-dd53-4241-b82b-ba80839495ad,ba10eb02bb8af5c6a6aedc5eeef84797,TheChatteringChipmunk
1e74f15c-41aa-4461-ba5e-468db4c0c4f8,71123f0657b7f01f427aff184af41ff0,LieutenantLemur
918c3116-140f-4309-8946-aba6d08e1f2d,348f3c21be9dc7738e7a1c3a2ffe4052,SergeantSloth
a8b1cfbf-fd21-45dc-80a3-0685490c16b0,0bbb7368a0ce5030ec28edbcf805b507,CommanderCobra
3d9ea563-8fd7-4c7e-8131-712ff8c512b6,33f582a0f2b847c2041f432c7ba261a6,ScoutSquirrel
88f7d3df-485f-4ec0-9b80-6ac5142d12c2,499bbe5bb1bd013766977ab0f0acce6e,TheBouncingBunny
9d00e5f4-dfa3-4a0a-add6-d6e89978a010,f6b824577a70246920eafbea70bb0a8f,CosmicCucumber
ae9d4d36-ba18-4ff3-b4d9-51b15643b85f,b95692c201cab2e15eb9bb93f836ae51,ThePrancingPony
9fe00f94-dccd-4558-bf83-c223e413dbe1,c6553e2aac2605ab86cfae3d2383b909,PathfinderPorcupine
fdbb2977-0a11-4826-a06b-a1600426aeed,74ebe7eb75f4f40fc65fc1a407401ad7,KingKoala
1bf85676-f429-4e55-abcd-88b655d170c9,ff45b7abf8182bace49411340802c2ac,PrincessPanda
e645a8e5-2593-4831-9834-b170b1b70f36,b1a4da554567921ad745f33cc17e907d,TheSnortingBoar
9eef4539-2b73-481d-a279-9679c82d9512,b90c8cf58d5b56b1c7d89fb187b8295a,TheWaddlingWombat
96e5f939-af4f-4721-951c-95c327d4d766,e48e6609aa0ac651a9414e0efa57da0e,PrincessPanda
ae306fc3-f121-48eb-acc4-200db5478290,83f235d6feecc5b0e786f31750cc033e,TheGibberingGibbon
7ae4965c-1d2d-4529-958c-78bde81b4971,d87fe5ba0257c114d3fee54878bd00e9,TrailblazerTapir
234d40c0-8f32-47f5-9ea2-352c80f2e38e,3d439f7cb65ff7d096271a2102653e47,TheSingingSloth
af0cc815-a951-4c8a-8df1-c18ebf70fc56,96a2de4cec7cfd5b70e7e0482f53ba34,CadetCapybara
ca0d6207-7b70-4a70-a919-9830a493de1f,b8889f19996815cbbfefecb49f3186c2,TheSqueakingMouse
e281f90f-025e-4db4-a6f3-4e1296654f1a,6a2eb56e15c0b6a8aa7e3e9d8af9db08,OfficerOcelot
504a4e72-514e-4ce1-bd9b-94004c89e7ff,b1608ee9e6e573af484b2ac4bfe8b9fc,KingKoala
224280b6-781d-49f4-a2c3-0b9e445c0dc3,e586f23a913a151b332f88bd7cc2c387,TheTrumpetingElephant
56a2c059-fd50-4429-af5d-163bd01141ee,5df57bfbd334d189da6cbeedb6606b3f,TheSingingSloth
382c8155-0ea8-46ba-a4ac-f46755d91332,e0612514066c649689498e3fe5a16e5e,ProfessorPixel
0e737712-00c1-405e-8bb9-2eef731afce5,60cc8002fadeea66d1689dd184eb5564,TheHowlingWolf
fdbe3457-8b3b-427a-ae64-1a6b0b1333d0,f8de523c1624cc3d7be957fa59d278ed,LordLlama
fbe05292-fc4c-466d-a2e7-9b30539de66e,059202a1a583804349459407db26de6c,TheDapperDolphin
c022eb20-feca-4f21-9e35-6f0c221d0e7a,1a184c2d6ae3330d6a29d60c22f927a3,TheLaughingLlama
2050efb8-26e7-48e0-99c7-2a7864a047d8,b4b43ba57d5cc55329c007ce09278cdc,TheBellowingBison
4ef39317-9eba-48b1-96a3-48a5caa603ce,6457c00863d2bd2e473270d28b699c43,CompostThoseBeats
16c67e71-90ee-4767-9c87-ec4a0d0cd386,52f94554e4b88407e7f4598190283db2,VoyagerVulture
5ad19526-a616-4fe6-91e7-605bf4cf9ed8,4e8588e60119527fc8332af7a312f86c,TheTrumpetingElephant
07912cbd-f160-436f-9ccb-abf414649eaa,eb4b4326d692988e1b0e68bc3cf14ee0,TheWackyWombat
6ea47e4c-b8cf-4130-858f-12c6d07b062f,9f82469b07e1be45f0a527a0f0ded458,Marvio
60dbd26f-ccd0-46bb-8578-92ed6b21b4ac,5d5b9e9af4fb236e1da427f985a03f25,TheMysticalMeerkat
2dba8a2d-cb32-4c46-8552-1addb3134401,aab681b1c30c11ed3fb7e9601ee326e2,PioneerPangolin
3e9ed8c4-b4fd-4c5d-a5f8-1102d34cf728,4e71812319cc5fedff83086a3dc97b32,TheJellyfish
e64e7a8f-9fbe-4a43-970f-82fe07f329b2,b1dd454721ee0004479218fc7d1a7c79,SergeantSloth
7af8ccdd-3aa8-4376-b3b1-9bf4c678d454,f22703998325339885e675d150764603,TheHoppingHedgehog
045d2103-ed48-4bf3-8b91-a07ebdf1cac0,71c1dfc6a8b9c6aa6667638257e67699,GeneralGiraffe
63a8336f-941b-4f39-9364-a5ea78a790f9,1905291114a7bfd3760231bdfdbb54f5,PathfinderPorcupine
c2ec5e75-591c-405c-8be9-ef5f6f636934,7ef79ac36cef010a490cfd7bf114d686,TheGibberingGibbon
4948ca5a-4ce5-456a-ace8-357eab31f485,9fa2758f6d7de7ecacd2453f0b3e4e83,TheSqueakingMouse
5a31e7b5-3698-492c-80f1-ceef4ead5a37,61f2ce6f7d0086c45066a7bebd277139,TheGallopingGazelle
f9912e71-4ed0-4614-b6ac-40836bbf0dd4,260af150c8402f43f0f9c6e97e03f822,CadetCapybara
38f7c26e-ad7b-4a58-96ea-dbc4659fc58a,dbc2bee3f2d2b7a588f0493838a1a444,TrailblazerTapir
a249ab89-ecd7-420e-97e6-2fa2312e724c,692f00a7103e8d0a709da6fbd9cb837a,CadetCapybara
3dcfa552-6304-44b0-922c-8e339ab52a7c,a5528a2f8c195d76c423f4bb0342f51c,CadetCapybara
980c075e-4380-43d3-a8ed-999c07a87fbd,f8b895042d4485ff438ae0ad1048f98b,PrincePenguin
6e73e350-71da-4692-8a55-2e70c40617ed,76535e539929b76b6c96454144fab58c,TheGibberingGibbon
0077f015-6b3e-4db4-9353-b9a45a65b824,520f5bbc431ce8f3c3d92a8d36b6bddd,TheZanyZebra
7c998fc7-df86-4998-8524-a9ce8e7366d1,6df692d87bec020a391ced43d782f499,CountCatnip
83dac8de-2d5c-4d18-8e33-1e0897f7ba25,5b7623e765e04c03905af98f7798bb81,CountCatnip
a8d9a18c-df91-479d-bea6-d5d351c61249,9c2f4738bf4a9f44099104394d0a5a12,ProfessorPixel
118b9420-93d7-4620-a5d8-a2cad6a6c0d1,c2254f4aa5130f7d8109381d6afbd9cf,TheCroakingFrog
05bd6926-5f8f-41b7-a112-eb351c6d8a45,8efdd9f8e3e148281a9323a5fadae46c,DuchessDuck
568c225e-7cb6-4391-af70-82cc8c427131,185a67645e9a659ae55e9dba02dc27f1,PrincessPanda
a0dcdcda-1a2c-4cda-8328-245bb8612acc,fe7cdca3b1a911209c0117b404eec93e,DukeOfDoodles
4150d7f9-aa1d-4b1e-847d-584827d8522e,12dd540fab4e314e490b084d16c9aec7,LordLlama
19ec4932-2852-41a2-bb73-89e3800e6f35,7448ae67b6bfd09e791ddf5adde40dc9,AdmiralAlpaca
43f3cb53-11e5-45cb-98f5-d832ee6bd9a4,5e575e1e7db5217cfac3e4249256687c,RangerRaccoon
c936ce11-4f1c-4743-8b8f-998807dc3fae,ded6e1b012f0e6fa0355e80b4c2022c7,TheHoppingHedgehog
65232b73-1ef7-4f8c-9a60-d851891f1668,86dd97de33852b89d8dff446567a82e4,BaronVonBubbles
3d45c991-88e3-4778-ac62-611a657f136b,b95b34ebce8fb725feb7d32b7e22c764,TheJellyfish
7df7e770-95bb-42c3-a02e-b0bb5ffe6cbc,90237f5767afd9559afa0a2ed19cbae0,TheCreepingCaterpillar
5c931754-26cc-4be7-b55e-5dfc57dc1ed0,8976cf56e702a55267a7ebb57a3f9709,SirReginald
bcf0644a-720b-4dfc-aea0-4936b32b8bd1,94dfed519a02c8f60383ee174ff80b56,TheWhisperingWalrus
5f889aa5-43e9-4d5e-9735-9b975da6c4ee,7fd0aba2e2a90f17ff8c7e33bd8a5c00,DukeOfDoodles
b5835da0-3e11-49b2-94a5-7a5f37280d28,6b1339fd60f5c323e4fe0ed194055090,CommanderCobra
f3a996fb-413d-4855-afed-a161e4f67204,16636dbe15d712246bea14e2b07bb03e,OfficerOcelot
d27d7c2f-884b-4452-a08e-fc1705cad474,7013f080b5db2d04be3c8fa2ce9d5bb4,CadetCapybara
0a6cd238-fffa-404d-af36-543bea082cc2,c3c545cdef8cc9c9a03e647674ec9470,PrincePenguin
58d597b5-2d06-413b-a3a5-2ca3a48d2bf0,4ef7485ffe0dfc91f5bf46537eb43a9a,TheFlutteringButterfly
5371fb6e-e08a-4f71-ae2a-948df62fb4ac,a2ae2029b9a2f2ed9fa393d96f3f60f7,TheCrawlingCrab
6917f460-ed04-46b3-8185-f749cc0819de,0bf727b51c0948188be9d447572230ca,PathfinderPorcupine
4ec679e4-200b-4337-a473-66637d9362ef,dbd748a0e69c5332d06c905a3d63bba1,TheSillySalamander
617092da-497f-4770-b00e-72d8638e7e8a,cd880cae9e0328be2eb637f5151b7879,ExplorerErmine
7294155a-c3ea-42c6-9886-5a766e31d6cd,25a29398d1c97de5c3e07473314e0a05,PioneerPangolin
f61ff68e-2b3d-4d88-8c74-8cdcabf684eb,301d300dc7a94b07b2a835923555f775,TheWaddlingWombat
0277a163-1efb-40ac-8fb9-d7a474c93bb4,5d2bd566a79e97949b14ddf75b49d74d,EnsignEchidna
e1af4a23-f847-4634-a5dc-f229d76cc387,a93e4183eb400a93c697b375736dba84,TheBabblingBaboon
a90ba3ed-4bdc-4901-a457-73a4191412fd,f9d5eeb4e8d46c46390cbe5cec496833,CorporalCorgi
658d97ae-8fff-497f-b509-506331d341be,d2cc059407581ae7e3a747913cea0e6f,CaptainQuirk
0bfc7164-bfb6-4718-8cb2-07a7e67a45c5,03c23c699674fe77d0ebe3ba272793c7,LordLlama
f48eec68-4537-493c-b6ed-f7f8c1f94447,072b52966002ad7ec6c017cf274def7f,OfficerOcelot
7b4ca6de-fa7f-4a5f-b1f9-bb2c16915fe7,da5ceb5c89d480ab3a0f359b1c7fb761,RangerRaccoon
ef16a277-6caa-4a20-ae19-cea2fb036321,c22ab8a27db1391f75c8ef491e3f2541,TheWackyWombat
2c99c6f0-4e66-4f55-861f-7f58f7fa8cd1,c6bddc0d7cc0a413527a88b44e51ab97,TheDancingDingo
b0754a0d-3813-42f9-ac4b-73ff38a5cee7,83851da0d7980196a3ea0dfef09f8608,TheHoppingHedgehog
f860e308-605e-4e4d-a728-4d326113592b,81572031463c03649135f3a35a9bc748,TheSoaringSeagull
640a91b5-94a5-4cbe-b789-dfaf53f10534,5879d1f26c69c7f6a879d7cd28567fe0,PrincePenguin
64480c77-5c85-4d3a-979e-314d0c8498d0,40a595021983933866241419101b0390,RangerRaccoon
fa6be9eb-927b-482d-aaf8-1a2a1a18aa64,e21469e3d66751b4347fa9481e4ca606,TheChatteringChipmunk
571c002f-a3fc-43c7-abed-ab38b31a8c02,24b6c319726a93d6b912973b6f082b79,TheHoppingHedgehog
c22f0d7b-fb56-4e9f-b85d-4a5de93950f9,74d926decb06d53fab7fdffeb48a8581,ProfessorPixel
84cf5e3d-a1ce-4bbb-a226-e03f4bc6ee0d,575629a17d3ba8b4f7f2325855deb9d4,VoyagerVulture
570005b8-0561-43d5-8056-d2db68e1b727,c893b51dedee7043b3d9a1fed1c25fef,DukeOfDoodles
00ec0f71-2ba9-4b16-9ecd-37237faf989e,03eb8b2e51e12a1a231c0339971849b0,AdmiralAlpaca
f829cd10-199d-42bf-b32f-ecc9f14f201d,740c7ae9c5d8c7f8ef3dd6f679f501e5,TheZanyZebra
ad49a2bb-b279-4d77-b965-079fb4656263,47bdda8d40eb5235e624ac66bd8aa475,PrivatePlatypus
a6b60cbf-8eed-4ae9-8c3e-58f9e49dc144,50d7af30d32448853ff7c39f0af2f455,ScoutSquirrel
ad9836a8-65b6-4d88-8eac-aa9ce7c90046,77f0744f78418f047b96c165d99f85fa,TheJollyJellyfish
900c6bf8-1023-4bbf-a120-0ac5f1443e01,3fc489c6090ce8d35efc957c9bbfd488,CommanderCobra
4bc8f59f-cd4c-448e-9aad-5221a30bdad8,fd8661c634ca95f89bdc51db7a7e79ed,PrincessPanda
35cef42f-636d-4bda-934f-55a898e5a74d,39c07a88746443191a4a8a40386def47,TheFunkyMonk
136a5ce7-6215-44e3-a73a-90572f8e5e78,0d3e3e16e7053d302755b54f6566a464,TheSillySalamander
514fe974-b498-445d-ba46-c1a78d6d45ea,54349d10db09a47ad7564e57de8cffc5,TheGoofyGorilla
7dca9f3a-af6b-41e0-8d00-776b4dc6f140,5cf2a682920f2b762302789a84cdf6f6,TheBouncingBunny
d91c9fa3-397f-4f58-af84-0d1993371b85,61c4411fd84012b42039e4a5cc4d3c45,TheSoaringSeagull
1f253230-3dd2-4215-81f6-18a9aa71c079,42bd51a4b04a979413e723fe02c18229,TheDancingDingo
ba28f91b-8e74-4fde-a279-8e753dda8388,9f96c7f148c00d181a49d668c59ab757,TheHappyHippo
1caa9cd1-1393-45e9-b1f3-d5e021d23a88,3db370a27727df78eb786cf52fbf8231,SergeantSloth
70daf54d-2b60-4466-a4f0-e7b867bb35bb,7534b036893ca42fc032b0f4aacc5fd4,TheHappyHippo
47e06c05-1e2b-4615-b9ba-9e2d7e47e4f3,d8aec143e96affb43e5e403407978589,TheJollyJellyfish
dcb17e4e-bd72-40eb-a163-f148c099f804,be1c240cb7ac5e0e59ad927add500ebe,ThePrancingPony
b11cb506-74c1-4579-8a38-56880c1ff55e,3e8454b12d7ba8e89878c6f904dba886,TheWackyWombat
1cc66b57-3f30-4c80-a3fc-3d83ca8e9784,72472ff4679ae81d6a903d34a880f3f4,ProfessorPixel
93d2c4b9-d773-4ab3-88c8-f4cc8789bf45,a2ab1893ff5165c2a0ce06f7d3ff4982,TheMumblingManatee
c900dc3a-4c3f-40f7-bdde-fcc36efb9b17,14356a720e627d96c5325bc5e3ce3c7a,TheFloatingFlamingo
eff49f97-e9f7-4d11-b7a0-53b3f51c92a9,c2e5590a486c8be1495389ed62add546,AgentArgon
92772633-4f64-4878-a54f-8c2661e31271,f1bd599e0ded3034814e054408284b5b,LordLlama
99b9ed3a-4609-4125-82c9-1a8fae4975bf,2e089e93cd6d1604ffaabc69272d3567,TheHowlingWolf
e377df78-aa48-4898-af35-26cc3f587c9f,6bc2694194e043c8d787a6e31b8399d9,TheHoppingHedgehog
ff33b9a4-ea21-4989-8284-ec9b264ec235,59cc8bd99885dbe8769e5253d0e5f59e,CaptainChameleon
6a0d988b-8ecc-4bd6-9a31-ec49eab460d6,dcf0cc1c78e3d4ba4772c290c5c13cfe,PrivatePlatypus
dc9d28da-f59d-4ae4-9bab-0f4f6de27ca8,524da3e4113f03b12df60b2a3cca8f1b,TheDancingDingo
ede70a64-acf8-4a43-9267-72b00ac82d0a,0465b7800e9bfa7321a6b11bb93b6b41,EnsignEchidna
a17582cf-25e1-4d94-8126-ac51ec920243,679eeb56822cb184db25c3bf8e5184ed,SergeantSloth
c6f9bfcd-c4bf-48d2-a082-2287249c8ec3,7303eea23b0f9e0cf9e361567ce1954b,TheWhimsicalWalrus
56493676-81c2-4b00-8177-a8cef98eed3c,7d72d71b959aa37827bb0660a0897779,TheBouncingBunny
37235a9e-8039-4a60-9e8c-72b14e5bad5d,5fafc1bc41cdfcfa2d486a698357c381,DuchessDuck
c2f35bfa-081e-43b8-af7b-c1424fce129d,15037f27de8dcb263b49657a3980709e,TheCroakingFrog
022be8cd-2a78-49b5-a5d3-6e8173bf96b0,b0eeef4891b18fa374aa6210896f0086,TheLaughingLlama
396d278e-3ac9-4613-ab5e-e9925990a195,73fc82bd821e1d0be4b02c0b8a51a876,TheHootingOwl
be1a9998-7fd3-43e1-80bf-b65b906564ef,712c074eab6d831dbc65f7d5fa00db4a,CaptainQuirk
bef8f29d-1f59-41ce-b350-e08670b22fa0,3864fdaea935f899be70ece0cfe79937,SergeantSloth
fe6ac83a-126e-4b23-b044-70d1b9c93f0c,1cef8a8c22742d469260a5b2fd6a48e4,CountCatnip
21bfffcd-e893-4352-a7a2-220a8b082e90,7b66acb222d4ecf3ee88fdcb2f987c49,TheChatteringChipmunk
59166400-bd02-4e20-b0c5-116ab940f9ea,b6fd3afae1c647f820e5780ee5807ca6,ScoutSquirrel
08e22457-a088-45b4-b20f-8bf5c0336b83,2ee249b4fff076e82f48419500cb5213,ThePrancingPony
075f867b-b37c-4f45-899d-ab5597c233e4,6989f32bac2a3dda9c220e7647e0795b,LieutenantLemur
05a4f02b-68de-44af-99c9-7dee66ac8a76,35a4a95a46cfdd1b7d3db3355bc10c31,TheZanyZebra
270c0b51-a1ad-4897-99f3-e90f3f46cd01,7a782a960b2325f638321e3b7243922f,WardenWombat
0a000dac-4571-4ab0-805f-1076c6a3176a,c0444488e3c0b16e6f8906d19e6e56ec,TheSnortingBoar
3b83c4fb-2bb5-49e9-b2c1-554239d7195a,05ab728ff7d2c581d6e022f61d98e649,TheHappyHippo
1d9747c8-5fee-4149-8a52-ef22900aaf8d,98ec1fea0094ae225244be8f4450f4bb,TheGallopingGazelle
5570b211-da15-4690-af56-0034309d32e4,b5e89a19f217e7911b6698bd5ea87b43,TheFlyingFox
7bc9a736-f5cc-4cf6-b2d8-bfe871712c12,3ffce8572b7ff094a782996a9019c735,EnsignEchidna
acffb240-bde7-4b9d-a9e4-351ec66667ae,c774651b5b830198037fec53c1d4af77,PioneerPangolin
7190aca8-4cd0-49ce-b6ec-261f1cbceded,a9f78753121e83bed0165b0b2ef29ab8,TheLeapingLemur
c4dc3640-821e-4853-ae09-13111ccea730,e2444bf2dc67d3906098bfbf7d7b6734,TrackerTarsier
bc0c3e4e-2ce1-45f6-91eb-ffac3c1995b7,c65a5ad948e5f34e6278be4e911abcd2,BaronVonBubbles
cfbf31b1-f093-4fb2-bd70-6ec66027ce8a,f85efa0d8a0579f343749c473388a33c,TheGlidingGecko
00fbf113-c393-4ed0-8d94-e63db1011e74,8a7974a2f6822972ed6b33bcc4c060b1,DuchessDuck
4e04a403-6b16-4e51-8410-52caba98c480,72c78ba4b1bf0dd041f4eed4da63ccee,TheFlyingFox
efdcb980-94f0-4dac-a1e3-b6482d237a4a,b867dde3bcde275d70f8ca24e671fb9f,TheDapperDolphin
fe497e04-0195-41d3-a829-266111bf541d,9df1887a29b16cb627abd2937adfa5c3,TheChatteringChipmunk
d4e0d1a5-f17d-4c32-b511-822e893d6044,d803de38b3a61e37d86241be8be27293,TheCroakingFrog
e84dc29b-f207-44ea-aa14-54121d6bd512,02f7fa2852a58c40658eccc957cff56c,TheHappyHippo
7e0c1e0e-7e77-45a3-9a88-3d9468c9576b,7382b2610d32096711755bf2f1918692,Nizuzu
d207b312-45a9-4490-9421-3178c2e277ee,4f00d95e155db05f870cb5f2a33eee1d,TheZanyZebra
38fbd58b-4aa2-43c4-93ad-37376a34cacb,721499cb134b541174b33341738cfe2a,TheDapperDolphin
b117c173-eb12-475f-abbd-c34f86d52b8f,021c94b891bb06a5e0b3c8faa7f1378e,CaptainChameleon
f21ec452-792a-4c30-b4c3-439455b5dc1c,989ab99ec8b6a9f483e6430db63efa42,AdmiralAlpaca
694ecf59-9857-42ed-9a82-733b5783da25,23951f6aaad342122a94632fc7998ee2,TheTrumpetingElephant
d86b9829-3aae-4659-9c65-77af1c42a68b,d1d072f19b328ddc97a4965a795da497,TheGallopingGazelle
85e60e6b-585b-4b12-b924-2910be43db3d,10fa41978c3bd65d7ee301e4a77913ad,DuchessDuck
0cf84417-818c-4002-8567-4c4479721c3e,9bcb5c4c571da1535481326f62d74c57,TheZanyZebra
d68652c0-c4d2-4583-95d8-e92eb640418e,b536598eb6f13b699c4cf8fe744caa29,TheBabblingBaboon
e0129a54-fe18-4d2b-9fdd-587ca61aaa48,30842f302095d2b35a9857d893b15d2a,TheBouncingBunny
281e112d-bd34-4386-ac01-bfb7a7eaa41f,16b3635ee57f032b26cf020abf663bb4,TheSnortingBoar
a53e870e-92f0-42b5-b080-8a0cfa629164,6855576b8bfc496a8712d16e86e4bb31,ExplorerErmine
7253044d-26c6-4a11-85de-47a7eda473b2,869c739c148cceb7136c01ff5a7ba496,VoyagerVulture
84112902-d3f6-4246-99cc-8ed722bbda12,67f9d60ec105472adec5bd18813ee926,TheCreepingCaterpillar
c4cc4cfc-9336-4f43-bd5c-9675e870e7c3,ace3faf14370874625d6fa6e279894d8,PrincePenguin
6a09e852-3780-4313-a618-9cee0d890313,26a7a6ce8723c621a8575127ac59b419,MadamMystic
678ca9df-f477-49f2-89c5-67b6f8a4651d,0cc746630a159a4681afe33d48b28d96,AdmiralAlpaca
c8a79cde-699c-4ab1-b013-b710ccef6ec5,f704cd51bdaacb655e27cafbf1b8a05f,ExplorerErmine
39877daa-1cda-4e08-b11f-e89f99b4074a,8e0038aa81a746f0b3906abe6d3a0db5,RangerRaccoon
84cd9e9f-d071-4a84-a1e7-5c924242985b,d2f950b52c58e9acb631e0568ad23bb1,ScoutSquirrel
91a73b08-7828-49b9-aee0-f36277ddc1ed,2b4c36724217e2955a387f734920680f,TheJellyfish
7c0c0b17-711c-44d1-ad2e-17bfe7545f0f,86ab0f8d393ddbf6eb8055196eef1ff6,TheGoofyGorilla
abee355f-7cce-4027-8253-10734a809ffc,8b4910082617e2c607466b9d2103e27c,TheRoaringLion
b206c2a4-a572-4d44-a14f-b93f98e8373e,731413c3b2e57a255bbe76f867dbd814,TheTrumpetingElephant
164f60f0-9dec-4233-928a-bab7bc3f64d1,2b475d1101554aa7d0c81b6d26dfe8ff,TheSqueakingMouse
65c00697-c9d2-4fb8-839f-61bbf2baa11f,64cafadfb1d87b58f88edf5cf92ca8e7,TheChirpingCricket
72948e0c-0235-48a9-9c7b-77fe2562283d,5ddf55a631b48e92861ca214f032a550,PrivatePlatypus
b23cdbbf-c129-478b-9c82-99130f0dc663,6e3e57f05d052dbda6eb13f7e58ce413,TheBabblingBaboon
095c6fce-f917-461b-9e12-27843611c963,8e1daae7a4df27b5b6c19ab9e2de6a5e,CommanderCobra
b5d5cd03-2fe6-4037-afe2-6450cacf2f51,a0f402ad54aa69d04f7fa698fb872695,TheLaughingLlama
94db1a9b-396f-4ed6-82ed-8977f32589cf,8943f71dc18160d14226d002c4f8e58c,TheSwingingSpider
9cc2dc04-04e4-4313-ab9a-40ec876f5562,921ca3aa91dde9db2a0926394420ee37,CommanderCobra
9426bbbb-8292-49af-b741-6b366a34b7fa,ec809894319b62ef42d598c4f82a1c79,TheGrowlingBear
b89101fa-c2a8-451d-9b19-21a8cb5c030b,8027c878e409c18e3e3cd65d26112389,OfficerOcelot
59e64963-7b95-4823-96ec-7e47c56f7374,67cf75772d98e3dd51c7b77f8991b075,TheWhimsicalWalrus
df7e7b8f-8fb2-43d1-92e5-5768db4d32fb,15b8ed2074a9a305098a4db2b8e96479,TheHootingOwl
26b01717-a3b3-43a0-94fd-e6db2b2886e6,79bad6ad54498de018e19fcceec12757,MajorMeerkat
406a8b43-e055-4f05-8492-7932813cc42e,99a4188a979f62a6abaa95423f4484c0,TheJollyJellyfish
f53cdc80-033f-4ced-8bec-1aa5e3478396,2470dba9a7421f7a86a4dd4c17998dd8,TheLeapingLemur
5cd281a5-23bc-49a0-97d2-83596fb51d42,ffaf1e4560a40e128b5557615073db67,TheJollyJellyfish
e8bc2bb6-d4cf-460f-896a-7bc95a884f40,1d768a989871c173e0adf76de41dbdda,TheWhisperingWalrus
e9188816-13b0-487d-a5f7-c3075cbe0c07,e9005e3de07827d7d8706ad93555bd28,TheSillySalamander
9df08f6b-df56-4eaf-aa7f-c1d7ba858ec6,79ff0429ff44d2893b277b55e9933d58,CaptainQuirk
5ac40746-4e8f-4f19-84a0-6f01820774e1,ac31eaecf2a1b8c4fcf3318292ceb93d,WardenWombat
cfd3f2e4-dd69-431d-b70c-46b1b688dee7,afbca29bbe2e416256d4c44a5cce0e8d,VoyagerVulture
78c7678f-239a-44ab-8adc-9fb1040c3360,3e41228d29d7b27bc6ad8de01e5d12c7,DukeOfDoodles
a49e2e4d-2ef7-408b-9080-fb7f4c60f844,1ea3bf2644eccab0d7e6b02ddbec9365,LieutenantLemur
63a26edb-c23f-4380-ab2f-184351c39da5,4efa75760287ac171df7172b2b97abbf,MadamMystic
60ad6792-32c9-4a7b-902d-910e3cd80ca9,49f1ce5ddb07e9fff6b6bd0d280281f7,TheWhisperingWalrus
6ce3b4ab-aee7-408e-8592-d888c70bb8b1,1790eaff909785b7797ca1b86213e26e,CaptainQuirk
2ae42223-7453-4b59-9ee0-f9244903a527,fd7854e05ee6d2439d43a15192cb5e4a,TheStalkingStork
d896308c-7771-43e0-b26c-95072146241d,89a5a53a052222ed879d3899af5f9758,TheWaddlingWombat
26915dfc-8668-478c-ba70-43255194cbe6,1a78e854998553b8e8432dfc51c77756,TrailblazerTapir
6a3f42a8-188b-4100-95c5-a80719eb9a23,50450eec316776abee8a82287fbf0de6,TheGallopingGazelle
549a4591-837c-4aa4-be02-a712bcd18778,6b001ac16fdc47b20b5781bd7cedc471,ProfessorPixel
eca082d9-a5e8-4fc6-af81-8267e79d2ca2,aef0e8e789ef9080a179dca8e3eb4ca7,TheCroakingFrog
00d063fd-b848-4d84-a78c-ebc07379735c,992cfbc497aea8000b74f325b41bc755,VoyagerVulture
42d125c4-835a-4498-97a0-d5c4942c6416,14a792d41ec317d913c42d8bd4c05304,CaptainChameleon
8f9584a9-512e-476f-92d3-6d1706618692,915d7792418e7326e2dc94c6ae9080e7,TheJollyJellyfish
fd3a46fc-59cf-4aab-b7f0-13d17d7b4fb7,a520d8f218119327746f311859b29a63,TheSnortingBoar
2eff31ea-2529-4035-aa2e-87aa0cfb5f6b,99265e8e751f093ef4ec3489ad4ba090,TheChirpingCricket
208c4b88-5e9d-4af5-8c02-7263d59d6f75,77d5323889d415a6ac23d1ae0d7736cd,SergeantSloth
593bf1da-d43f-4079-89ee-e90948d73d5c,25f33effda583be70e799a0ef7da1d96,TheLeapingLemur
d5235dff-6ea4-4f49-9d85-15850992e0dc,cc52fffa5bf063afcfc9c8b557d793f2,TheWaddlingWombat
eee39ccc-357a-43e8-8b19-52544cd789b1,e49f2e2702b4f5dc15d2469d80fed0da,MajorMeerkat
01cfc756-443a-47d1-969e-b8627b8a4ec5,df23f6a087d71642d3552675ca5d8c23,QueenQuokka
a8c951e7-a7f9-473d-8fe0-6e876dad9cac,ce0a3914f196b21e2c60ac58f207498e,TheCroakingFrog
abf86c69-dc7b-4c0e-a282-a7e4e768caee,40efca2c3e78b459ecc15bc7a9b17e11,SergeantSloth
7b75907b-8a2f-4038-85b1-cfe8c216f01d,8ae6e3c6895eead8309bd561dc3c3364,TheFlyingFox
3e15f2db-c979-430c-86ad-9a76ea3f0b07,b5ab826c5c51925c4266d77b35f1be41,LordLlama
cf87a1ef-021a-4b0d-9988-a246abe6afb2,8bff77ba21264a159661c9c60c72352b,TheTrumpetingElephant
d9f54a7e-8570-45c6-ba9b-67b067c1edb0,3225025ddcbf070daa01ff077ea5df99,TheDancingDingo
a9462c10-6684-40d6-b0e1-3ff834facbba,d664b85d2dc292879b5e9f4e531207f1,TheChatteringChipmunk
71e08a89-1960-4faf-b36f-b7fd8e87c1ca,335326704d9085a9b732cac9cd2639bb,ProfessorPixel
c662e31f-b102-4ad9-858e-0122814664f1,d007f787f086521d05797be9c48f11c4,VoyagerVulture
116d55ee-c988-46ff-ba36-c162e3dc8984,234a8f0e68d32dcde9ca7c4bde433bf3,TheBabblingBaboon
a28c8fa7-884d-471d-bfb0-b5adbaea207c,718360dce419400f527ccdd8c5281e20,LordLlama
3f13b0f0-7f7c-4110-b019-8cd648ee8062,b6537166a5e636896ed10f40d3bc1e15,ScoutSquirrel
adda06ea-7299-4600-b42a-142281c9b3ef,0fc61053cddbbecd8150142cda936144,TheFunkyMonk
adf38924-25ef-4c2b-abf4-0aa9a5e75dab,cf879567dd600c99f2697cf4e1db8643,EnsignEchidna
ffc0757a-69d1-4904-b5e0-bdf381573e70,a2ebf56689115e452a4d35375fdb5181,DoctorDapper
bb5ecd4d-97ce-41b2-bb2a-dab92bce3e60,19cd5e72bc0204b7c6f0d79a7f5d1c70,TrailblazerTapir
0df05d0b-22f7-42d2-b780-48c0e759c994,7dbc320d40e701e4b0e0e78a76a773bb,PrivatePlatypus
551973ef-ea35-43df-a4a4-a7e9247566d5,52ac539c55aa0a0491e65f8b4dd0f3d5,PrincessPanda
fe5a6434-1cf4-4dca-b5b9-583268da627f,950486e35d1173adf3a94126e9f8b4ae,TheRumblingRhino
a837c3c3-8725-4160-8e85-4ec733c92792,fcf865bed498cc3c300be2577568b527,DoctorDapper
94ccdb83-ba11-4a95-9280-5bcf2b4f8e93,dfd4ac3e480953277b2a6cc68c25072a,TheGallopingGazelle
3b5bf750-4944-4c46-ab83-c18a3077a27b,48671c1d0cd33f20f99f8198c84b95e6,TheTrumpetingElephant
ef0c3792-f585-4d74-b47d-5e835b90fc1e,184625e15735a34cdc478796664e7f55,TheChatteringChipmunk
b2b15394-ee5b-4be9-9f61-9eaac93c5b76,fed1a67318370354d0be955a0e768151,TheJellyfish
0b1c2314-0b52-40f3-adbe-44cf81f117d6,e5c18c32a9c4b76571ec458a857d6de6,DukeOfDoodles
b4633880-2fc3-4e12-9129-e4e96582d659,8080779b18d23bd035deb7cb4117d3d8,PioneerPangolin
675d3768-0d9e-4b62-a103-a3644723adad,e8e1a3febb07e353804ff51a4ba93f8a,LordLlama
32bbc7e7-3603-463d-8330-bfb51819c39e,da44e77119c7879e9af80c66027ac499,PrincePenguin
5c7e349f-614a-4952-b27e-c71122a45206,d4cf281eac2ee3a25cc898ddb3fefe21,LieutenantLemur
3c658d6e-de3a-4f86-bb55-c22c2fdc1c14,04ac2fb2062694dd419f5130176e684f,CountCatnip
a3b40bd8-8238-4bdd-94b7-cd0ec831f1af,5c33680548303e6ed5a3a9cd7ea3f8de,TheWackyWombat
ab211a15-94f0-4988-b1f8-e0c3cb23d16a,11c883566823a24ab53b3335147c474f,CorporalCorgi
71e37abd-e7a9-458b-b50d-d3f4f4c87622,76865339148a427c8568bfc37a0a04df,TheGrumblingGrizzly
39b87701-794d-4a8c-bb85-14fd240a5e20,834c7e650b8aa159fea8dab7af09d92f,TheBabblingBaboon
62c22993-984c-44e6-8465-2292854aae15,0fec17f1f7d2b432e3f39a6336bafec0,TheChatteringChipmunk
ba9e9103-aa71-4f20-baf2-8c35413a0082,2755407056cb51820d2ba97e1aaa8284,MajorMeerkat
e0b761fb-26f1-42d7-b819-210bc2bc7cfe,ee6116ea70f28665c3f047aa711a9523,TheStalkingStork
72cc40ea-70dc-4984-bf90-993ca35cf84f,b605d3c989ccaeef67dae000685ae8e4,GeneralGiraffe
0c9e0be6-04c1-4439-9a70-9b7f025a0ff2,9f2eff9a6bac48e0bee1e8c347d4b3e5,RangerRaccoon
cea80aff-c90c-47a4-821d-fc1ab3418c7b,c2bf605e909de4dfe50bcb0c020aae49,RangerRaccoon
6b737d1e-e608-43e7-8fef-1f9a7b2386c4,24310550a716818dd82419cae24931d1,OfficerOcelot
9b6e7a2d-41df-4e91-8ad1-c2209f6484e1,43b9f9817a4d61961ad68b6eb23f546d,ScoutSquirrel
e0321f29-0321-4151-a894-627e4582135b,5d09da406a08437110a17ba8090bafe8,TheCrawlingCrab
95ee50b3-bd50-4104-8224-d3c48e36ac25,5fee115767d1c5b6f7210030a26a6d5d,TheMysticalMeerkat
a05197b9-40ed-4df8-8951-b6a668027966,9b8cbc09738a35a3aeefe2a1994d1fcf,TheWhimsicalWalrus
603924cf-7e17-4d52-a3f3-b7771902f783,5bc815b62048ad6f06985fe117b07278,DukeOfDoodles
fdf9f56c-8600-4880-adc9-991d7889b3a7,57fdfcb05078d3ef856f836b2601e141,TheTrumpetingElephant
3212e8c2-7537-4d07-a53b-4b4c6da1cac3,8e1c90c48176171e42146aaa3da42d1e,PioneerPangolin
12bdffa1-6b2e-49ef-b174-f23390f49224,1b208c6775515658dcd66236c9fa7fc1,TheJellyfish
86c05224-ab62-40ba-b42a-f6dad38c2ebf,93c95f44518ea48a7a55c04e35036e69,TheMysticalMeerkat
2332aa73-7727-44b8-9517-79b97c4353e2,0669236af05f8fd123ad26a74d24a51a,SergeantSloth
f44430a6-7975-4009-bbcb-c54db032ede5,ca549ba23fc1737573cf69a5d1bc4b3a,TheJollyJellyfish
ecff4c55-56a8-4721-a6ea-dcbb705d3212,e9e84e6877c94900e82bedcaa822ba4f,GeneralGiraffe
fe62219d-9b5e-44c7-be61-70d07b11335b,0d48c4c6fa5a8d8f386442fb65be662d,SirReginald
b68e3cfd-425c-4ba8-b092-5c8f0564bba7,12b7df077b561472e5e360470e05502e,OfficerOcelot
be7c9e22-79c5-43e3-abf4-bcab14a59490,7817a93ebdb70bd2359d2ee79bd15d22,TheTrumpetingElephant
9a9f3f5b-c5cb-4a62-8025-1d8783eb34be,09eb5698b40f430b6073587420b04b3f,LordLlama
8ff6a2af-a535-44a6-a333-a8f6135c0daf,853dd6dc68787a5763d91aa39ad01123,TheMysticalMeerkat
843630a2-5d31-4b7e-a68b-d0ee5809827b,837ec53ef784ba6413b7921bac2e66a3,TheJollyJellyfish
223ce5f1-a54c-4e72-9c6d-48342994018c,48e4d8834790f947fcf4379e623fb8aa,ThePrancingPony
0d889373-5785-4601-89b6-b9c40052f4f5,17b7925ecfe5d01f748f1d32b44d2d11,WardenWombat
0018f3f2-4736-46f6-9803-6f1fd431f0e5,45ae1c8213ade6587044b9c7f42645fb,DukeOfDoodles
fcaaf5f3-3a64-44bf-a53c-1aa8c42feed2,b4cf995599fded15ccda37b9f561419a,PioneerPangolin
314b1285-2ec4-48e1-adc7-af5ac27fd257,92c2f62c96df9cda67306124b75caeb8,CaptainChameleon
41e67bbe-ded7-4338-b37d-9b4c5b73307b,199ae7e35c1f0f5f15a4af84a3e01794,VoyagerVulture
5eb269c9-5e1f-4e2d-a495-d07fef32c9aa,2d2d155a0ad44edc0e6b010dd86b1cb9,TheCrawlingCrab
3c27952e-f190-4a3a-a1e7-0d11ab6f9172,515fa6ab671434e9dcee52c1459ed93b,TheHootingOwl
cc2cc74b-1f9c-4bae-896b-f95fb9e30377,f8a8df0c26d8dd781706f6b04e8fc00b,TheGrumblingGrizzly
1bdef637-dea9-411a-9dd2-55c6145bb4e4,5a31de773a8bdedafb83fd9a1d86432e,VoyagerVulture
074d0b22-1f88-43fd-aeaf-af54c707f8fe,1f540ff7e2aa7d12d37bb46681e1c731,TrailblazerTapir
bbcb2834-6577-40b7-adee-f7c55263b34d,c127bcdd7812cf316fc6e48c2a444a1f,TheDancingDingo
058585e0-7d24-47cf-b5e9-9e9354362afb,209c2a2900a4211714e18bb6af32a81b,TheHootingOwl
d72d5fc9-6084-40c1-87ad-8138811ce8b3,d81a3797f89bdeb0cb3d8845a6e575c7,MadamMystic
631e3a06-6bd8-42c3-a802-2ed909eb63cb,534df733b2d1855b6f53b0b79e8e8e45,PioneerPangolin
a4977cda-db41-4af9-8323-cfdd2c26066a,2f4b4d8f8e4f9460b3f72cc80248247a,AdmiralAlpaca
93d71f1f-a996-44d4-961e-2b8203cf3f45,7bdba1f8130b988aceb1f067b619b20c,TheCreepingCaterpillar
d6435ff1-8f92-400a-a0bb-e2f897504974,ecd215d0fd730c4fe1b806815cc5f76c,TheFunkyMonk
2043246f-79cf-4b09-8c5d-9a0b542df725,9bb35d8aad745d27f93b14b1a8d05a78,PrincePenguin
8219c0c7-81f3-4b6e-b5f7-054cc219e231,94d8b60bf89387cb2cb07292bce085c5,ExplorerErmine
11fceda2-70d6-46e4-a28f-d28679925e65,5d805a7c3458d4294f4e9f06a9d7188a,TheSqueakingMouse
4b217a48-822e-4615-a436-0229007a984c,8acf0f61c6f1eb166ba28bf11543d574,TheGlidingGecko
c01bb54c-6604-491d-bf90-6728932a1d3a,3c57f173c4858d4245e679082a01cdd2,TheDancingDingo
cd98f5eb-4cb0-446c-8639-eed632c3619a,859cf476b90651a05ef920aebce16107,TheFloatingFlamingo
bf8abc70-97e6-4437-a98f-49ac9c46c344,a5e2e9970ac43252c3b5e5217c839324,TheJollyJellyfish
c0ae4e20-4bc0-4e65-8357-d0e15af1c267,5f966c369826ad984fbcaa1486b9cdbd,CadetCapybara
68e5233a-2cf4-4f89-b553-48e3db44462f,f3e9b734bfb6998a58eb2a7bd0c4b626,TheCrawlingCrab
56e4ed1a-1904-4d4f-b6ca-87fc95b471ae,3fa4996d005fa376770e234abd3fc77e,TheWackyWombat
cec86e9b-812e-4bd5-a460-fa36f2ad2914,85c0a5a3475705bc2d0cb339242fb71b,TheFlutteringButterfly
2525bd81-2709-4ea7-9439-7e38455a66b7,9c47f6c9d892cee65f5d7f020ee477d4,TheProwlingPanther
0b857d26-ddb0-4ff1-9fc2-20f63c5e5c43,4a24d3a9752b592b67017c1fec60e883,ExplorerErmine
ddf80afb-bb0c-4a39-b5c2-7880f5e9b463,201674039129985536552fa9c42b7aa2,TheHoppingHedgehog
74c2cd58-2d6c-4549-86c6-03f91478b1b5,ca310f8cd0a0a7635416ba994e665cb4,TheSqueakingMouse
354b6214-c227-4620-83d5-c5e3c09be834,760761638f2debaf6cf0c3ac88d93281,TheDapperDolphin
96be7fa2-1852-474a-93ac-7bb59ce6f780,270950ba4e52ec1dceffeb85f35351fe,TheSoaringSeagull
cb5ddc89-0f3e-4e0c-a346-6e217b9401c4,235cd197f2182fc3aba4aefc7330f870,TheSnortingBoar
743b0ee3-3768-43d2-b9b6-c69a069139e2,b1d89608a23ddb2d0715820e29c68054,TheSwingingSpider
60259067-c430-4b0d-b393-3f868d0d6d8e,9a109131b9ec08d43caa99a741a75b8b,PrincessPanda
d96e5bcb-27a7-428d-8638-18f8b63ee221,5ae301742580595f64512ba80d15662f,PrincePenguin
eab1e0a7-d2a5-4144-a86a-dfd9e22379fc,954ccbf9eb61138032b36388f8b8e8a4,TheStalkingStork
d21b0144-aa3a-4c60-90b1-7198779a7dd8,82456f12a5f25379339b7c2b3bf6c4b7,TheGoofyGorilla
544ffc71-782b-4b77-9db3-a0450070dc3f,5e170b3c17a6117f7fdcd14f7c724293,EnsignEchidna
d57d9d66-9479-4354-a85f-cd8e8c31f9d3,2b2810d7946b7a9c130e0d194353854f,PioneerPangolin
030c1e81-2008-4cde-94b4-bc8be5d53e9a,e9a046a2aaa0875e466d67b4eca484e8,TheZanyZebra
350a43b6-562b-4dc8-ab39-e5c2fe92bce0,4bbc2df492855522cb698b74edeabf24,TrailblazerTapir
0bdb39cc-0248-431e-9f4d-c3b6b015fdc2,827c2f7699b70ce6e7c6703ce0e9c3f3,DuchessDuck
a9c89656-c731-4b31-8733-a83fcfd276df,c9929a7b3b22dee51e144a81476aad81,TheGibberingGibbon
ee1d1b9f-19e6-4fc5-be74-b3e4073bf893,2744e5c1927ea54b2410af1ecf537f47,TheCroakingFrog
6f3f97c5-c13e-44b7-9188-d6a0a6b312cf,c57859e17ed2f8f61c73abeace5421d4,ProfessorPixel
eb59c47e-d35f-46ee-a0ac-b86b28fd75f7,fb32e93742c619c29ad9e58b2ba0fb63,TheBuzzingBee
26890664-ad6b-46a5-b479-c3a4350c52ce,f99fdc907de76a78c81995c58a4ef5c1,CommanderCobra
c2749815-ec51-49a6-a069-42eba90ceb02,877909b1e0a4e1471dbbc64bfc9e3bf3,TheFlutteringButterfly
5b36c549-5cea-48e3-9de6-556c57bceecb,e5c0c3ec80aa6fe04abfbb6bf743a801,ProfessorPixel
84c7cba2-2ed8-47df-b092-16309b1ac8f8,0fef1b293fa867de4294b1ee0edd7469,CorporalCorgi
16c8d49e-0500-4452-a747-328080832da6,09425c15d92fccd2b1dc73ba8adf055c,KingKoala
d5ce1da6-8f26-49a5-9de6-ecf34953c01c,587307ce25a57fc43b8c158490440190,TheGoofyGorilla
6f2282c3-cddf-4c00-8ea6-e611845b1e4d,b281ed85d15da32b5b567ff370e2488b,TheSqueakingMouse
5b77354c-76c9-4958-8f6a-71fbecb82f5f,2c634ce44e51584e972959ff6a7140f7,BaronVonBubbles
383734fe-e749-4790-8779-fb16482f5441,10f163c14a631228c804030bdea26a53,CosmicCucumber
46a680d0-cd85-4b03-9337-17956e88c9f2,921550871d0b809c58b5dff43f806a15,TheFlyingFox
fd3b87f0-a462-4947-9c7e-8ee696799689,96fed6e4e850e8cf45fdbb0f5033114a,CadetCapybara
bdbd83c5-1474-4ac5-aaae-09abdcceb374,14f134eb85183260125e4b62650e8ec0,TheSwingingSpider
75682d58-f7e2-4f6b-84f6-34bfb53db5fa,ff7d404ce80f9641e928592fcf816c95,TheDapperDolphin
174c9778-7525-46f1-b2f3-601776f5e04f,9804fc20716a2497e0a1526c9e1af0d1,TheWhimsicalWalrus
f7d1249c-b4f5-4c6f-b9bb-9526813ef83f,b6d2b2083222e49654b0bc46267cbd7d,TheZanyZebra
945c6e6e-78f2-4813-91a9-f8b5f90fc446,feb9d53d0e9998c7ea4973bef8eb5095,CountCatnip
a15b0c16-74a9-4017-8ae6-d454fe996ea4,54010f02bad18a4096c2f9b0f7705b2e,PrincePenguin
ce4619fd-99c9-4bf6-b656-f1bebba8d9e6,b99b93f277a802fa59c925fd241a1864,TheRumblingRhino
b8c55024-05e1-4495-9112-836c5bbced37,2c59e627caacd6782f6ce67c1a55de0d,CorporalCorgi
6e45ff67-7174-4615-8813-2b9eb837b3e4,8ddf0d2ffbbf9e42459dec75b7aa0d6c,SirReginald
d89848d1-f1e4-4f4e-872b-70d8538aed83,8fd11ba6073c0545fc8f6a5cc34f3b9e,TheZanyZebra
725c9de9-c284-4435-a4b5-b5ba0f963735,48088ae02ac6c2c111814242aa548a84,KingKoala
76f56ebf-dd03-4447-b112-738108ea806d,9a83d4de21fc621dd13f40c758f9a0ff,TheSwingingSpider
b3cab8ea-8682-451f-8e9c-616df1df1a8f,1374291d2d0220b968f9c937ac4c33ca,MadamMystic
ada7c100-e04d-4267-88e4-2d1e221e5966,708cabf878be375917536d1382354dbd,ProfessorPixel
c585ca70-2fd1-441f-b9c1-7425b05f1be5,2e4b79bc1c295e38c5fee3a971507b97,VoyagerVulture
bf2003d7-6191-47a8-a484-bc6275a40422,6b672226fd2a424597896e38be7eb655,TheWhimsicalWalrus
c43cd94b-1d40-4866-b79b-be1b6402b007,b3ef15b3373d8909afe619264dffa9aa,TrackerTarsier
e48e7696-585c-4d79-8926-97e991002051,e7c3cf8a6b0f68fa75b963764a7dfde2,TheZanyZebra
79826e21-f084-48d7-9229-a9b60472280b,c54a440cd93434f2426ca33f0a2bf69f,TheBuzzingBee
f6151474-bf4a-4966-ad99-f55d0ffc60f3,5c5e524fa44a090f1ecd3aeb376b4918,TheFloatingFlamingo
c179d13a-b951-4047-b591-2c5a4e7557df,5942542622695dd4ebcea0db719836b9,MadamMystic
ccab5df8-90a4-40d8-82f6-1f230af9fa7c,8aa9217830f95631ee141d733f1559a4,TheSingingSloth
36c9ec6d-aa33-43f2-ad98-42539ec2fd9a,73c6ced43a6b21e4098868adeccd42de,TheCroakingFrog
137e4376-0152-47e8-813f-7c47727e5f21,46e8dd0278afdeeffd00f6871ebf9693,TheZanyZebra
2d950ef7-6aa8-4230-a50f-366447052c34,ceac7a177a01f11861ee78ee52ebb355,TheSwingingSpider
f16bae4b-2dc5-4237-9e72-1cc8d1d5a91d,52939517cc289dd2b5339a98f4b8e37e,TheSoaringSeagull
4624ffe5-d166-47cb-93c4-f8977f3c180e,b83e6475d0cf7051807e11e30e07882d,TheSqueakingMouse
919be2d2-7b63-4172-bcec-a02222684c03,8a9532d55bfe77d7d154340d9afc233b,TheLaughingLlama
f0aec8be-dc3b-4fd7-886d-f25472d5cf49,1e461ddbf41b0fe445ead4631758f183,TheGlidingGecko
1a9c0569-cffe-48a2-98f5-7e6081b47430,02e3c8d2619bb33de242a1a2e22d5435,TheGrumblingGrizzly
b8759b46-2a8a-41d6-86d4-a0e9c6edb4b3,51e1bc18f9aeec2bd2b032b0b3a0ad22,TheFunkyMonk
257ba29b-9ab0-416d-ab46-04068ca11d19,269168655d44952a43bc891f74dde69d,ExplorerErmine
8df8eaca-8f48-4296-a27b-16285e5dee5a,da9cd3df67bd4775e8f3a0b7e05ca113,SergeantSloth
9f35a73f-623d-433c-a906-daad2f5f737a,c41a04bbedaab2f40c5f4c2c0617ac33,ExplorerErmine
67febee9-228c-46f1-9a71-75ab4afb897f,dccc11ebfee1db4ec2a84906eca8d87a,PioneerPangolin
4ccde7d1-e1e1-4998-8318-91e8e73a012f,54b7de58005b74e2314d3ff34b40cc7f,ScoutSquirrel
eee40c87-0863-48bd-a015-ad56d8c01d61,4eed11a5040944476ec65ed867e70a58,EnsignEchidna
df2452bb-881f-407c-b44a-ff70752d674e,03504f94eae19db106b637cba83b7876,TheCroakingFrog
48404bd5-b25b-4a08-a319-4e2d4bf0ada7,192b9f29f38e50c9a3697842f5bbb8ed,AgentArgon
12fe3296-4df8-4568-b161-37c209f6c633,8d95370e503c0fee9c4d55e158a85fe6,TheWackyWombat
bf6f5a94-61ee-4a9e-b462-8d52cd1bc794,204a4550633c2f9ebaed9acf8d00f67f,TheLaughingLlama
13f5975c-3d6f-4a56-8ba6-7f140fc6fbcf,3dc2ce81a1cdd2df1081a0b4c8675a3f,ProfessorPixel
f3153d79-c5d4-46d0-94f9-4d67b2d85558,51efcd6a6c533d19e017bd785cc8d6b4,TheLaughingLlama
6c95d994-8fd3-4b64-9d63-60b0ac9fa593,13ccf2ab0fb694a2eeab316b9102fc33,TheJellyfish
f8a51df0-549d-4697-a1d7-eb055dc917b0,d4a71e75d099b2571b0e59429b5be84d,WardenWombat
5b9996b1-8ccb-4b20-9592-46ac08c2ef41,cbf63d46f1162caa7529f8e7f7aee8ea,TheHappyHippo
44763a15-e80a-496e-b84e-2d78cece86ae,00da535db22f93dfa9d492687ba9de2f,TheBuzzingBee
a7467383-b96a-4475-ba4f-a2cf0911237a,02b222865a153f46277a3ff6f9818001,KingKoala
1b92c661-79e7-49b4-b96f-bd1c09842c79,1874eaccac00336209d3ef830da3c2bb,PrivatePlatypus
0dc37ee3-d2b8-4a4c-b117-5d5f35f4056a,fabb5d3451edade72826415a7680ab88,TheFlyingFox
f72cdadc-ed53-42d4-a0f4-9c6ee2f93f96,061a1dd3c7a91f651ffd14e4d1047e71,TheGrumblingGrizzly
ee8c5c7d-0952-4439-ba67-ad0a23ff3374,e93b23e3ea88ad9312b0ff4bc5c59baf,TheGlidingGecko
8b5cc6ab-8eb2-4952-829f-48c30de3253c,4e0ab3605a113dcec10c61c164484a74,TheWaddlingWombat
fb285558-d4bb-40ca-81df-e39d1e759c76,e8a50752b10de1af89e6817f3f831ec5,ScoutSquirrel
5253faa8-04ca-4385-bb6a-61c248a2f6b3,21db6bdb6873d50a820f61879fa208f3,EmperorEmu
2847029c-3b2e-4bf3-8b94-5bace35c8ceb,cf50b1b32b4903d05dedd54ca896a500,EnsignEchidna
6217f92d-e0ab-4ebf-a518-b7731a1ed126,26af83291c1bfd2b308a27a7d780e44b,TheSingingSloth
c52a4902-51fa-44d3-9e79-4654fe7deadc,108391ef2338d194f38c4c85c328398d,TheCrawlingCrab
9d94e9b3-ead9-4cde-9141-bd088e402333,1813ffab80dfe91e733803f6e786f7dd,PrincessPanda
f39bcc62-162a-4a88-96f5-d2581291b46e,366434f72cee466b3eabc5831883d4ed,TheBuzzingBee
d644605e-dfde-427d-9977-a0ae3606dbdf,62acb4d73b314309afb8ae4c31d8d71f,TheCreepingCaterpillar
bf39b8be-a2c5-4dc3-bbe0-d71424b12d10,4a5bd79f0a5560fea4716e24ab036916,TheRumblingRhino
c61cd183-9334-4339-b5ad-02fb48360be6,9ecb396215d35d58e40b94447c2d6a14,TheFloatingFlamingo
2db894a1-7c4e-4db2-8113-030f7a907801,268f78514c1e481a1b1fec563a38fe5e,RangerRaccoon
eec7668b-e20b-4319-8c1e-d9380dda7b5e,ee51396317db569a237a0b0cbe6b3680,PrincePenguin
8ea0936e-df50-4ff9-91f9-673e0ccdc7fc,d50743ea159edd8d97e106e1c1902884,TheGoofyGorilla
035403dc-8535-4616-a446-5590e85647f0,0c1b9bcff83e326caa98f572a31956e6,TrackerTarsier
b0379af2-b21e-486d-ad31-1972c6315c3c,ada2f5b738b38eec785c75ceb6a20e4e,TheGrumblingGrizzly
837986f1-5dcb-415a-9354-acdf9a688420,3c1166bac01831f21aee6f0faac34121,CountCatnip
e5404c7c-e4c1-4ce4-9463-481304b6dba1,cfd1625b8a31c6a3925029eddeb8ef45,TheHootingOwl
e725c304-7282-4ae3-91f4-4e7f854d5f8f,0554bcaebed879007d874733d2718ed1,TheMysticalMeerkat
4a0779f8-ca21-41e5-aefb-64ade9b4ff5a,76dbfd4b5d6e3d9067e9d67eb16574fa,TheJollyJellyfish
65850210-2a66-4048-89ae-41bb9ae807c3,d7ec6e319fb810eaf565d5c37649fdd8,PrincePenguin
c88e87f3-ee81-42be-b80c-3643bf0b4e27,ecba9655201b055b096bec5436eb7264,CaptainChameleon
b2fbf48a-61b0-4339-a72a-ab9dbde06be5,2a7f9c7b1edd929557eb4626043f37f7,TheCreepingCaterpillar
a30ab6cf-8d5b-4dd7-8d7c-04d2fd84fff0,ecd496e92c9304cecf6ff478bfb65507,TheDancingDingo
f89dd464-51ce-4f4b-8f90-b7d2fc2166ab,a4cacfb9f07f289ff63ebd4cb3d54848,CommanderCobra
150cd7c9-a1ee-490b-ad26-0d7087e924fa,139744aa871758a196b3aeec76d271c6,MajorMeerkat
012a2cd5-aaaf-4857-9796-a98738eadc8a,1826d1c92ef265a8771808cd163a4635,TheBuzzingBee
3398988b-3e3b-4c3f-9878-e88e4b69bf20,07819a37438b83ec8799f1a5d9869090,TheBouncingBunny
5c5caadc-7bb8-447c-8d7e-a30ef41f377d,4abcb4582805fd47c61f4d261941ec95,TheBellowingBison
309c6604-a260-42fa-9014-35238176e613,a87bd0a1385c725e3e0c79c5728779a4,TheQuirkyQuail
53ae8dce-3f13-442f-a10b-340c65341fa3,110b6f8737ae59861d364a82e234906d,TheLeapingLemur
ef124d3e-f144-4304-ab9f-63756aef5b85,936bb8bb3c589232fd9b26b544c1a91f,LieutenantLemur
c321bc72-7dfe-465b-9f28-2f229b86e9da,6c9fb6810911ef98a5d893286e7f5c30,TheLeapingLemur
af1d5669-1bb6-436c-ac6b-bddf25f804d5,e39a4f505bb18f74ffd25b5e56c3b05f,TheGrumblingGrizzly
eca269bc-36cb-41c1-a595-ba529fe26802,8e1331d4c8212c0f3742c2037bf5ccac,TheWhimsicalWalrus
91f6188b-fab2-40c1-9650-949dd6f9106e,bc4046ddbeca047eb1e2cfa4ee5f5537,TheBuzzingBee
0b7f8cca-e345-4d6f-b1ad-3437f6f7a88d,818700759e460bc4810e279c66a94a77,BaronVonBubbles
70739caa-57bd-4c97-9988-7a75c2f1a307,662c411a2ff018b1564a0b09572538bc,TheBuzzingBee
bcdd57d5-533f-4178-bad6-f63f7a2e6272,f99305a0bf6219f68a6085a59e109c00,TheCreepingCaterpillar
d7d0838e-6e0e-46a9-8766-3deefab01711,f50ba53afec7a76ff9d1337e80ca10f9,AgentArgon
0dbee689-78f1-4f84-a0f7-77f6295537f3,4e0ca0a687b8ebc73f27075dcc5f9bf4,TheGrumblingGrizzly
184973aa-a4d4-4ff9-89e9-93394ab7033e,5e6725c5880a027a36b3925af8175dd7,SirReginald
9eb29969-3096-4d08-b72c-cfde9e745b40,8dbf479ed13484ecf3fb31ce902c8e94,CadetCapybara
533a7f25-50e4-4e3c-aa3b-c68e1dbafd01,bbabfe1e0f008f8e218eb43f3a628a36,CommanderCobra
50e77edd-59b5-4e77-bc4d-2ad3ee5a8cdc,c10c7672731c74ab9ad2c8412ea548bb,TheRoaringLion
241eb97e-f6ba-49eb-9fb3-cd4cb2307b97,adff5bb98161ec0b126d6b27647db3a0,TheQuirkyQuail
12a68ce5-8797-45b6-aeca-f7fde58e01c4,2cb550bf2baf36d0cf477e4f032a4a9f,TheBabblingBaboon
20c757bc-8979-4856-95a5-1fe679ccfc88,6d0355adee1f73ea5d306275d119a34c,ProfessorPixel
8288993c-df9c-457d-8b26-29fd9b6116ef,ff3a1c9145900614017f3f98c50043c5,CosmicCucumber
9c0b9874-5adc-4edd-8967-ee1a7a62ae3f,5f0b4318d9dabcf7c82b4fd70fffd1a2,TheChatteringChipmunk
510db315-ea85-4c3f-920c-ce37ab71aff5,878d35efe55e66edda5fd1aba77beab5,TheTrumpetingElephant
799d8cf9-f315-45d8-a5b5-813df7b31801,b63eac86f8129bdb46c5b94beeec37ec,TheJollyJellyfish
90365f19-1306-4f4a-bfd1-0fe460f58fa8,5970be29debf92fc1845235812775602,SirReginald
7eb9706e-717d-4810-b8e9-c33981b26334,430b911a2560ef3a6787f0f39cef6bc4,MajorMeerkat
b0ac2276-f270-4a69-90b1-332f33119ac3,d5ea5d35d8bc0d8974d4c5b01d77c422,TheWhimsicalWalrus
73da53a9-5d73-4d4d-97fb-2e5793a51c99,e4766fabe7c8ad0576b157c200cc091a,TheFlyingFox
a6986600-36cf-4597-a009-03a70c9705ff,7088c40eaf44deb55eb26af9abc5aeef,AdmiralAlpaca
cf7ba054-672b-41c2-bbd1-83f5196c7fc3,c4a8072248262a1cfe6e57225a996106,TheCrawlingCrab
a733fda5-f460-499b-9740-6dab67b15814,e9fd44fb08243145937cb091166807c6,TheFlutteringButterfly
adf58eba-4743-44de-8de5-0e06baa54581,613c5db5168bad8862a1c4bf7a2f4dbb,TheQuirkyQuail
8ae35c6d-2ec1-4142-8cc5-9e8be02f208b,d94a82e13875400021f4f48287c5562a,TheFlyingFox
5d283bea-959a-44bd-8ce4-3ae35a2c4690,d0d13059c27977aef05e8c839af610a8,TheSqueakingMouse
75395746-db22-4657-b484-64a6e59a0333,974ea7cb0555860bb875a4f69c166847,DoctorDapper
a9d78469-1066-46db-94bd-d1fb9b639660,05499972615cff634db921fc826bb736,CommanderCobra
c1e6bd9f-e142-421c-b735-282815367591,c19cb763ab9afa29c433eebcc84ba297,AgentArgon
d71db821-9416-4691-acac-28d9a9720971,db06a7f5aa836c470fb176a16822ebe9,TheWaddlingWombat
08160425-c0dd-4272-87d8-faec94e61533,be7699bd13afc9c242aca13aa8291c43,TrackerTarsier
32d2cf11-d189-4d31-a891-c03b770095e9,b3b0cf5b268306845fa968233ae8b17a,TheRoaringLion
b7f622ad-4a4b-43f5-b23d-dc41f2eb5322,c0fd92df96cebb8e9f6b0630ba45cf79,MajorMeerkat
ed05be32-6a12-451b-b174-c44b3bc1ae03,bd7f540d462fabc346800e1522652082,TheBellowingBison
b8ddeee5-8ffc-4ade-91ed-dd2bfe742886,e22e4000816f033b9f3ad6b2ae45fe99,TheGoofyGorilla
180f3e22-7fe3-4fc8-838d-1e670aed25ae,14270740183aa4016061b22bf8a317ff,OfficerOcelot
5750c148-fb06-4179-9d20-9bfce8fe2af5,ece6d3ba24574218dcb50cdf3b5f3235,TheHoppingHedgehog
70924af3-e314-423a-9ef7-c394730ba28f,9b73150cade80c374998e35f6604fe24,TheBabblingBaboon
940a4d57-235e-4969-95ee-3c0b5f981a4c,83205e1168b8d7c9044500d87d5fb6e6,WardenWombat
d6736f68-ed62-4163-afc2-7dbe223988cb,e9b3da40842bc5a35aa9ab1a7f5b39c9,TheChirpingCricket
b5ca0511-bd9e-430e-b47f-dc48b7ee1133,c75429ebca9b09966f4b88cb3e4f0821,TrackerTarsier
f5a0990b-4b3b-4130-b71c-703975cef700,f409b6bcd2807faa37a341cb24fb71e6,TheRoaringLion
bd9bf701-5ce5-4875-bb6c-d3a4987cbaf9,0f7f9b43a77ebba6154d54cddbb80f40,ThePrancingPony
1689413c-0437-4eb2-ab54-f8bc088da266,31f633fc8d55e487fa051292890b2514,TheStalkingStork
7f5bedb0-b538-4895-b440-94e99039eb82,3e5811c639f64b9386bba10fc7558086,TheDancingDingo
8bebd700-77cc-41d5-bf1c-976319b6974b,cf9c8b45d4d7081efeae59cfa7aafc5f,TheSillySalamander
6fcc8c0f-afdc-4732-984c-c6dfbd63ea87,c8fae78781fa374f4cbc220258a6ac15,PioneerPangolin
19ed6d17-1718-4284-a1e0-25a6fe0b7e43,002eab84e18ee785053808bb3dbe39c8,MadamMystic
4de32405-79d7-4362-8956-92aa1cc50199,ef0a160290780611f83b9ae7d2f691ae,CosmicCucumber
00aeb8d4-5084-4504-b7ed-267717b8d9a6,6e7735b7042fa2d9fc15e9eb41ec7b42,DoctorDapper
41143026-245b-4352-b5cc-b5733452c825,a6531568eaa5a5ac1d30e167e0903f63,GeneralGiraffe
453921d4-fb5f-4751-b757-8119c4b8a080,ce23973a4e416206336663ed3159045b,AdmiralAlpaca
fd1681cb-d143-43f6-89cc-f202591093a7,106fdf2d7039d9db64a04092fae1e466,TheLaughingLlama
147e77a6-24c2-478b-b8ec-16129c45495b,cdd45f81b0bbcf67d9caa9ed32df5a0f,TheWaddlingWombat
18c22d73-8159-4d40-9944-feb97819545f,30fe3b3c3b8e2432b329be22c49118e8,SirReginald
9de0f3e4-b36b-4e04-9429-3dca45ac54b4,209893be9bf845eaf62df972ae17bb2f,TheSingingSloth
7c0ee036-6834-487d-b560-e39d429f4c81,6ab97b67db8190fd4ce80b24afd032b2,QueenQuokka
f95b3d46-a09d-4619-bf84-638f60fd943f,caa4a8486d6082a9aec6c588de586266,TheHowlingWolf
476b15e8-f010-47ee-87c4-7edcde44b84c,fb4dda8360ec398b50205d29d1bbdf0b,TheBabblingBaboon
a9cfabca-6f1c-4221-a8cb-bbedbc19f623,744d351ba6796fb59f717d76bf347d65,TheGallopingGazelle
97f51862-cb8c-44e0-8cd9-de811739539a,55559bf21e066cf4de3151b9ee982f1a,PrincePenguin
3f08e412-3b1e-4187-a5f3-646da1a78c0f,6a93939bfe533b52eaded3ec679c22ff,TheGibberingGibbon
51110e53-baf3-464b-ba90-515b1f63aeee,30e08e18e424fb9fe77e59a0d4251b24,TheSingingSloth
c081bf6b-507b-4131-a313-d364b5d81900,8cceff641a7b0116f8061ab9e6819d53,TheBuzzingBee
3d6769f5-f537-4334-b259-3d663f8c415c,d7ba2cff669e9f71a00d58f23d10891b,TrailblazerTapir
5cab1438-0b68-48df-9aec-a29e4941d2e6,5430177e861c568eb7a12f68f1843614,TheCreepingCaterpillar
81837308-d126-48fd-a40d-4f9902de99a9,3b953b990e62854becf142a5026aa87c,TheWhisperingWalrus
5bc3a90e-ee16-4c6b-8af6-828cdf6b86a2,eaa6c3e8943c763a41a97e92af9d1a70,SirReginald
8a9361a1-69c3-46f0-ad55-fd634a5f855c,c61b702c00592513e5f70c60367e93a1,ProfessorPixel
34c5cb31-ce99-4250-aff6-b7c0f4a78ea7,5b608bb7155cfaf8499e981257afee97,CorporalCorgi
bc9cc322-2652-40a4-992a-babeb913dfa3,8db735a7d0bad5fb04f49fdaca07d902,DuchessDuck
ec2813ae-2954-4ccc-806f-b05f95714686,c1f91c009e8dac16fe3531bcc43c2bcc,TheHoppingHedgehog
11f9694d-9aa4-48ec-9858-6e4ea345de2c,3e512de96d031689c698f906764f63c5,Persi
3c93e5e0-5c1b-481c-95b0-5a1f08b39a20,aaa0745babf3302624f34ebd98931c6e,DuchessDuck
bc661a41-7cf3-44ef-b98e-021260a481b0,cc381a48c19c502022424dba0fb0e43f,TheChatteringChipmunk
40ccb0cb-0484-49f5-9b69-b153059d109d,1e23030e81bfe5f23a48db9d10c77de3,TheFloatingFlamingo
fe096731-f102-410e-a456-f8de204c630e,81a7f3863d88e912ff70b4b35c15cb8d,AdmiralAlpaca
df1e3469-5575-4523-8565-cb2a65bdb02f,51b3f961e8ea5a8afd93c928ca0f9162,TheChatteringChipmunk
826edf5c-d522-4732-a990-1149a923cddb,79561681e676217d4a7a831b44fe5b9f,TheBuzzingBee
406c20e9-6731-4f9f-a77b-491d9c066eef,f9883d66a2482068663ae8927e277528,TheTrumpetingElephant
f1b913ec-85fa-4bb6-a5ad-14b931fa0c7b,19941084807b7acda7156687f857dace,TheHappyHippo
e118b860-e216-4eaf-b3f0-a316ac1a9d05,4eb1c06eecce844a66ffb62c2616d63d,ThePrancingPony
1300dd48-8fda-4365-95ba-d8e08a62fd56,85f869e6f320aeb2eb402339f4bc012f,TheJollyJellyfish
e4a50806-db60-4918-a587-f953d69614c7,2469eb32e960c2f39fa39660344e39ff,TheFloatingFlamingo
efe2ab48-7775-4801-be03-c161e62803e4,0a1c0f7849feeb16ed8b3aa5cce68b94,TheDapperDolphin
f46d42f0-83e9-46c8-a7eb-e974f8c37b1e,ee7c5002ccad5e342c0b4de855f12c3b,DoctorDapper
a4ed09fb-7b22-4e7c-a005-d4448db9895f,207148855586a7edcbd71eb50e98adfe,EmperorEmu
812b3de9-87fa-4866-869b-fa9f74fa50c3,34e2e03b5537c696e3d3c48d2aeec9ca,ScoutSquirrel
6bd3d10a-408c-421d-8c11-33fd457949f0,416716099179ceb03c226356e3ec69a3,ExplorerErmine
38b1c9b1-ed12-49f5-828c-7b57cdd5d6d0,254c91bf465e06e846cd9f3f3c7ecb3c,DoctorDapper
438b9d59-5195-4ae7-a166-7c52daff881d,91b67acde48146513f79ec481447f524,Persi
fced067c-58e1-47c6-b894-2607fcf8b07e,40ee1bdcccbb5ab1668ea6bd32160dd4,TheHoppingHedgehog
5762ad8d-dd33-4fe0-9fba-f93972602ed5,0946fba0849bbe5e738b42b9da960ca9,TheDapperDolphin
4b933b29-43e8-4661-b8ae-924905bc69fc,51b48ac44803787e3b4836e79e5509bf,PrincessPanda
50caa8d9-b713-4ad1-971b-36f183d5520b,9bbd8a2ad1888449cc6787b702df3aa1,TrailblazerTapir
4a4e5df5-6ab2-42af-ae2e-e6b59e834c5c,c9d87c918ced077e07084b57e6a209fc,TheChirpingCricket
885f93b6-8985-4020-94fb-6cf1ba4c2844,06d09cc528af64dd69b3f8028dea0cc5,Persi
132a5808-8522-4c62-b38b-655b7ed7a0ec,5038d52217116f6fc93d56f48be747e2,TheWackyWombat
66c6d362-ca57-46fc-b536-c350b247019a,593b85d6469f8e04f207ff0498c2a24f,TheStalkingStork
1132f8af-6ed4-430c-99c3-68dcd73d27db,588235e783b8b666caf31c39b694cd8b,CaptainChameleon
d4ce55c6-7f96-40df-a1bf-baa40dd975ae,c6d0eda7d467ff72738a68afeaba4246,TheBuzzingBee
69070768-8619-4254-a40e-70666a61aa47,2d918b41c87861561f1d1f8f51c835c8,CorporalCorgi
f31e41f9-2058-42ae-a36b-770f1c757464,84b4b4f332b270ff56440e5a9d681160,TheLaughingLlama
727ec4f2-1449-4aa6-99a3-08ca03c8d7d0,eca2fc495c2f3bab52650c12fdc376bc,TheFunkyMonk
cc23f301-af1b-4536-8245-ef50a4e2e9c2,e5bfea885b98d934f5d304f3e8dcb45c,BaronVonBubbles
02d0e2be-91e7-4c98-9c8d-1d00961979b6,ef09ffc3ef24e602e1c2e0395e468e5f,TheSillySalamander
af9c32be-637f-42bc-9b30-03a086365500,c753c03b679384275e9cd632e6e289ff,PrincePenguin
de5f9895-7508-4b77-ac3a-1c042570a56a,102b218af1f53218c0feb55413b8d05f,ExplorerErmine
198227dd-f5c0-4b43-9f67-ea99f0ecd183,22afd43afb0c28428fcf9b5b684a9bc5,TheFloatingFlamingo
f13e2fcb-4971-4177-8173-9369cc651a4b,f8664ba94bfbaec35dcac238770d18ab,TheGrumblingGrizzly
fd964751-e41a-4dbb-87d0-985c3a5cedfd,e9bb61cf9dbc86f021dbef6381603647,TheCrawlingCrab
4b3a3c78-acc2-4dd7-9331-758a8420c12b,df389f07b2b541493baa199ccf28fee5,MajorMeerkat
0998fbe1-eb8f-498b-9022-3368854ff3b5,e975dfdcf69415fb13714d6870e47871,GeneralGiraffe
bbbe1cd1-84b3-4cc6-a312-87bd0031e667,dfc46ec19b2ee1b53124c2eb05928ecc,TheRumblingRhino
e955472c-8cc9-4042-98bc-db778ae153ff,b2a59bc66cbbf6ff3e2a3d52f940d139,EnsignEchidna
b4b83d56-a552-4ebb-b4cb-f522842183f1,cde8a7740d50edc774f565e36fb9eafa,Mocha Bear
b73658e3-245c-40e6-af92-a69e9aed3029,abfc20e487bdccad6e3814d3749e1f99,AdmiralAlpaca
5f17eb22-436a-4bac-8373-8a763d0d0ab0,3913d2b3001d55c402c92896e99a0bf9,TheMysticalMeerkat
3ddf5d09-7407-46af-bde4-7505409c421a,7bded5f3f452cda11655c40b455dacd6,TheHappyHippo
5b11778a-68b6-4bbe-834a-ba58a43207aa,d19d7914d54fb9283668a78f8bc2c993,TheJollyJellyfish
079a7519-772c-4d91-bee2-7d713ba68cac,b7ef59c3895d48f880f87e2fa4925d9c,OfficerOcelot
f6666592-7e41-42b5-82e4-571f1f5bccb0,568c28509507499009fb05a3478732c6,TheChirpingCricket
6b0211ad-6c6d-4173-92a2-d4bf39711fee,ed38ac871b479d9d49e60997e91f6117,ProfessorPixel
73736c96-4f3d-44e8-8c06-ae55bbd55cab,cc801ab5bf824d4ab8fc429e909ce235,ScoutSquirrel
ede413f7-e5b2-49de-8f08-dcf83c2fb236,fa8a6f21fc1935a7899139bd2769507e,TheHoppingHedgehog
b34c7f27-1480-4909-aaac-88543ba79acf,08fc53ca72b4c33ce90ec9d3e99ae3a5,EnsignEchidna
f4c476c6-3a2c-4aab-bf89-7b6ba3036751,bcff6b8cd7bd3ea236d2a1d82e5b8d5e,TheCreepingCaterpillar
84558d06-698c-4315-99fa-630078eac426,062a5c934674a481f59be3b40c73c073,TheSillySalamander
c5d3a4c1-4d89-46b8-b932-3a8d852e66a4,f6f697c45e3e36ba1f8837dee30d7f11,AdmiralAlpaca
c0f96b17-c205-4ded-9f40-ba8aeafdf0be,0ba386f7d5831bf613550f465ed760d7,TheSwingingSpider
0daf40b5-a142-4437-b202-5fde2b4ae55f,058761b8e0e4381ab2099cec4f851ba9,TheRoaringLion
48197d8f-d43a-4746-a0e9-3979e30330bc,240cefa9a6d944c15c724094f64adf43,VoyagerVulture
a964ce74-15b3-47df-8812-719d92a03c4d,9c20d1044c6bcdeff579bd1470667b83,TheSoaringSeagull
e0752ea0-a3dd-4ab3-b115-3838a403f381,5e0e29272fa866b0d346f291c7d7b4b8,TheHappyHippo
e9cf8bd2-6701-42f6-8b2f-477314ab5f2e,ff426497f2d1cf9ed6a8a5af93fe9e25,AgentArgon
8119f634-fa3a-4968-8d5a-3dc4928a6178,4d7fbfd9096468363b91ab31297ee313,TheFlutteringButterfly
63641d73-bdb7-4062-9777-0856c786750e,cd5c0f538bd8b67901a6c965f1788b06,TheProwlingPanther
130ba2a6-5eb1-453b-9012-b9325a69a4cc,76fced77c0fc545159b1879fd68163dc,TheTrumpetingElephant
29b47762-c5a7-4404-91ea-b25289be4b68,ec531d0e3f71666f2639f7b65f2267c6,TheGrumblingGrizzly
e95f4142-f000-4e93-9b80-b91563d39925,83e32c29805d131efa5a99d712e58233,PathfinderPorcupine
2118f3db-cf7e-4644-905a-91dc3528f81d,82695834b390f763c2da6fd611457bed,QueenQuokka
38801913-5f88-4ce9-a04d-bbbcf3b20d94,c8adb21aaa08bd40ab580a73aea7c257,AdmiralAlpaca
8b3a3e3e-b1bd-47d8-a06d-1d1ca88652ef,d4995317a4cde7cd19a7d2a9f941ef1a,PrincessPanda
265f8e03-0109-411a-bff1-84a73c9e92ff,54769bf5a559baa3a23f5a2c3a614976,KingKoala
7f26ac4c-d0a6-4ea3-b215-8e5ea4d26410,c7d173907f96aea05f9acbf8a534c2b7,TheProwlingPanther
44e969fb-9f82-4a94-989b-1f9818997270,e90fe6b9c5fc07c5ff09c8c10cb6ce37,LordLlama
115af8da-c057-42a2-9c06-8996d2050399,cfad414277ec68c13b8e8cd09c0e29d5,PrincessPanda
a242b9bf-7c31-4b29-888a-bbe05e2041a0,9dc61282aa9c4904e9ad6755bbda32be,TheGallopingGazelle
5938ea91-ab4c-4e83-a4e9-9eaca5cc85a1,9c44efd9dba4ea53b3345046f7e82191,PrincessPanda
bc734399-d6d9-4026-aa2b-721e0c458f08,d10f46732b9d06cbd04a9dffa5a8340a,TheLeapingLemur
8b621499-881e-46ba-baa9-3452fbcdca9e,2f275f2681c2ecaf2da920063656d325,AdmiralAlpaca
a3d3f09e-ff7d-42fe-a9d8-e9c78de3775b,44b94201b7ff3395d61dece3f8f33df7,TheCroakingFrog
04e0df89-3f44-4f6d-acec-63ee4b53cc8d,d595a5856ee7fe1b56e7c0a3f65d71be,MadamMystic
118c2b81-d196-4663-984c-a238f79bd3d7,ffd7d1736a42f6d0581099770be66987,TheHoppingHedgehog
52076296-a30f-47a9-8e63-0adb16559718,10885d1a6123f461bd80fe480ef5b5e3,TheGibberingGibbon
359567c6-303a-4a87-a8d4-7b8eae2aca42,05c3300ea01bc065684a184d3264c66e,TheBellowingBison
95adc332-bbef-442a-b997-a3c673fd09ef,96856ccf03ac64855142a1c5ae01bf95,TheFunkyMonk
f7c0e4c6-ea36-4ddd-8442-7121bd17f3ca,d2bfdbb6c56c728ff043f5903d191b0e,CosmicCucumber
039feaf5-ce32-4b8e-ad3c-681b4e0c0038,62341791ae768a0286a8cf4ebdfcdaed,TheJellyfish
3a84b097-5726-4164-978c-fc777dc55529,30e3c9f4a025394cd8b5a2e226f703fb,TheStalkingStork
23a97c02-3ff0-44cb-87a0-8e43ef66b534,08dd67b54bb8cbcdd898ede5fe2e7f63,TheHowlingWolf
a330d0e4-e256-4364-8bd5-a36cf46cf9cc,5b2ffc0469afda424f63aabe9c05f17b,TheLaughingLlama
6ee56db8-4173-4573-9223-175301a870cb,470b0b37c7c6a13d3bc2c7df18bcce22,TheWhimsicalWalrus
83cda863-3dac-4df3-81b7-2f3ac51815b5,8940ab4e53dc2e59746b01f478d1a798,GeneralGiraffe
153bb19b-13b8-41a0-9d18-80b428074e9b,4e75f043b713d6d801e2a9df768206cb,TheStalkingStork
5c65912f-fc44-4374-a9d0-538d8511485e,1cb7b7dd31cfa24d8d1bd7b3e1d5ede1,TheWaddlingWombat
55b6796b-b3f9-4ba5-a8bc-d217ccf382ac,1462f0869210456124602883ea5f028b,TheFlyingFox
ad6dbec5-a30a-4fc2-b05c-62060a336c19,cff5dabe6e5d5770b053e677626662cf,TheMysticalMeerkat
702adfc2-c172-4bb5-8628-a952a5eefbd0,26bdd65d60fab4fcecd723df939b9265,TheFlutteringButterfly
fa6bd942-65cb-4213-913e-c9a559ee8de3,e6cea66cc05f472ccd238ea0d09ac060,TheFlyingFox
0b20ebd2-2f74-4748-b7cf-0593ce7e2ffe,8bee0c2718e02268be4422f106b8ac98,OfficerOcelot
3335fafb-c527-456a-b1d1-d1b4e34308f8,199ca257b4681937fb4d667e83eae826,PathfinderPorcupine
cf39cd1e-0647-4353-9ee9-a3a1305c8df9,d4785f9f651ab05f69f3986f0a51a3e2,TheFloatingFlamingo
6c90123c-1e0c-4097-8df1-45a05997cbc1,c14c474dd0af6095f639c50cbc5865c5,TheSwingingSpider
ffe487a4-ffec-4c4e-8773-738e1c7d06c4,cdbcaa6d32fd06e72f75981baea94b48,TheGrowlingBear
acd39925-d9ce-45a6-a48b-954e32fefb32,e36d60ca3ef5dc71056a2c6ef6f1f62d,VoyagerVulture
dc924228-2c2e-49cd-9bb3-fa372040c846,37d6221737734652d5909734eb7621a4,TheGibberingGibbon
9f08b7c4-21b5-4598-adc6-640a684f9dd9,3e81b6f9076b0c3b92f8883e704bbf97,TheJellyfish
4658623e-8307-47f7-a898-44b47afbc7e6,e1d6593d315e1b7e1edf88fcccc8aaef,TheJollyJellyfish
6297b924-3331-4bff-afff-02578213eda1,4fd924d1828fd72b02a90cff29da1822,TheChirpingCricket
f74e3300-de79-4c7c-a974-9d3e108d46f0,99a2694583afbf30d0d958de5ff02a29,EmperorEmu
6ee33291-0176-4492-9cc3-b85df408041f,0fedb2938a9ef3a3d981811837bfbea4,TheChirpingCricket
a68bae35-832d-4957-828a-7ca3cf81f2fc,430407d0eded5510ca75684cf5d527dc,PrincessPanda
783a9e1f-d495-4b27-8cd2-00b962dd4079,50e887218f4f5b904185d240126d14f6,TheGibberingGibbon
696d61d7-e8a8-4804-bc66-6d130176aff8,e8cdc441e5cd1052d5a241b1766e5e4b,TheTrumpetingElephant
2874bc7f-5a51-4ba3-904e-acd737878cd3,7292345454dc384a0158a4f0b125e887,EnsignEchidna
ca887a35-6b11-4ca6-94bd-67e932cb8271,a84b494dec00ca49a938534f11fe6b28,KingKoala
dae34175-cd73-41ce-873a-ceafca19fe29,831612228e57224589795db4af76a4a2,MajorMeerkat
563df53a-e83a-4605-a7e5-191d33ffafc5,1718d3ac66b5ceda9ffd3a6a79dda657,TheDancingDingo
25075e10-da58-4201-a6f3-68251cf5e0c7,f8a748821614a5d9649fc13f3502f118,TheJollyJellyfish
542b104f-b286-40bb-9e2a-4e9db7dcfb47,45593520b256e38888081b9d1fbb4df1,TheMysticalMeerkat
bc8c4a8b-e360-45b1-be26-5c6dc77006c4,58d475ea656119e5a4bdbdac6fcc7021,TheGibberingGibbon
f8605de9-cc16-4b79-b278-23b62d61ba9a,c4a569e6361bd8c7df5e76cccf3122c1,TheQuirkyQuail
36a16b77-ac29-44a0-a1b6-0ce160b0c4be,95d3822c33b29aea46d78f55665ed572,TheTrumpetingElephant
8780d7a9-09b5-446b-9a1a-f0fb19e6a22a,232d4fbc72fd80efe85d39f8afa5dbbd,CosmicCucumber
d85b5222-f5b2-48dc-beb6-741121a904b6,b6ff41f1159ca2d2c98f247b88b28a82,WardenWombat
83bbda39-1a6a-45c9-9ea0-a59232ae0a86,f7293ca7e890b594f32d3335a93ad890,PathfinderPorcupine
1152232b-1ed0-4302-b979-0d3ad65fe4cb,40c4605d7002a9065a429fd843733bef,QueenQuokka
bb8daae3-591c-4f06-b2be-60f9ff8a111a,6ea09673b07b0e6954f1d2a5bb8bf905,CommanderCobra
528b1726-de28-4c65-9a8f-a3ca3e816aab,198641c76c1a52be2b478a3d091b5e99,TheLaughingLlama
99fd0ee9-e20b-44d6-b367-90b8bc739d43,ddc5c40b5198972ce8cc9a2ba01b1ba1,CadetCapybara
91d2f662-ce1b-4c10-afc4-001b39e1b417,f00fa0f4c54d9e72ab9d294140fbfa6a,QueenQuokka
5a34e449-40ad-44d8-b76a-a1ea25e0acce,111f4827f76997c5ca022b75a0b8f745,TheJellyfish
52b5a5af-a346-414f-af96-e6edb9a99c51,9086d2e372454fd0b3be9200d5ad0812,TheDapperDolphin
84a2756f-19bb-4f73-9c37-d3390f84a164,9b3df5512f16745a4ad322d0cf326b87,AdmiralAlpaca
440ab3d5-6174-4bd2-91f1-fc139b0b7704,e8dbb6a4aa3273647e18fd4de7917bd4,TheMysticalMeerkat
f82079dd-6805-4516-a089-1812169829e1,9119e46418e6ad4841a69926a7a8df76,SergeantSloth
043e1c38-a84a-4aa3-8663-8cce563dc56b,b44ef8a6c16bd9ed906de14a0fa06379,TrackerTarsier
6f4f76b4-cf2f-430b-81dd-d7e8b3a98ab5,cbc35500d4dd273bdc4857e7f3551dbe,TheGallopingGazelle
93fbb123-f783-4b21-b6fe-558b6f972907,fb741a2ce1d1b5a6d04aa8a3cb5c9fca,ThePrancingPony
1ff3f6c5-0ef1-4db6-94a9-62ba5fd6f1e3,ae99fbd41be6cb1a67a4c8b3f6f9272f,TheBuzzingBee
87735ea2-fd0f-43a5-bd39-032002989a47,7b3b67590f6272ad049717161d7425f2,RangerRaccoon
5c56c16b-f0ba-417f-a777-5aef36dae276,898b28d8c49e4956892ef3e216775e21,PathfinderPorcupine
cb5f655a-a093-4883-94e1-e35b814d06fd,a77b1bccf0bc13294c2c75891c0ca325,QueenQuokka
c4d8c54c-656f-48ee-8497-b02881eaf3fc,a00e742ca3d4b3ea0ad00caa3ab9f1d9,CadetCapybara
b9e8a506-d37f-41e4-8237-ac962a64f845,8978ffb4fa8554601734f2e9bcbcc456,TheBabblingBaboon
a23f2b5f-9f82-41c7-a853-f0647629b59f,131cf3b042d78789d9df3baceed3be43,MajorMeerkat
46c2fa8a-1d31-4ef9-954a-54a1c13e083d,885b9919d724b7aa7eca6d036c361ebe,PathfinderPorcupine
d2927e02-31ef-43c0-871e-7abda12025c1,0ac46d09481f865a790563105c57a3c7,TheGrumblingGrizzly
977eb24f-5a60-479a-855d-7a9f8b73d828,cfd256973a08f4086c12c66383d23f51,ScoutSquirrel
1fb2c08f-9ad0-4e97-b4f0-eb7c6303a6f8,35857b3198af803fe73c6102e8d97b38,TheChatteringChipmunk
39864be2-7942-4655-ab59-c06a2c0206e0,742a1af88f13bba58699827af17a9116,TheWhimsicalWalrus
5b7c2305-6684-49d6-9876-50b822327d62,586fb10673a3aad7a640c6fd93832be5,TheBuzzingBee
385e120f-b9b7-4f02-8229-c94fa0ede26f,769c5d8f245fabd08320852e1ea48d6d,GeneralGiraffe
904a4585-4f6a-46be-add6-b4c91edb380d,7d5a10a6df1d5b91bf7714d07f5a4a09,TheWhisperingWalrus
c5778ad1-a720-4c2e-ba54-ad801f084afe,5ac6f4de3d1b6d38e37d3621b9b9cba4,TheGallopingGazelle
bf46ca6e-029d-44f8-a089-90e0a3d1302d,893c1226137e511b534a1d11f835e6f6,PioneerPangolin
f9eb5adc-87f9-43e5-bb90-35255a74d07a,f7b62f3f302360028e9f333e3cac2c44,TheSingingSloth
9bcd28be-ae0b-4870-91b1-e065e24e102b,57c5594186170c16782a0bc52a7347b3,PathfinderPorcupine
28e3a66a-3fb3-4239-a876-f52c4559e02c,986da5cef5c91384b2cbfe1163fa6e92,TheBellowingBison
1ad75af0-2210-4e0d-9737-642520e7bb5b,f65a80c4a69d14cfe8db8f6503c96d65,DoctorDapper
ad9cbe6d-4d21-4184-b4c0-db72873f083b,f299043fad8cef89c143d73bc4df0213,PioneerPangolin
cbd77e53-0e07-427d-aa10-822cbd94f423,dfbc6b6fb6518180257c3e19689e096c,TheCrawlingCrab
42636282-48c5-4480-a378-fb37cf5f3972,512ef436747469d656e73d4013862067,CaptainChameleon
d5def916-4640-4284-bd58-8781e32d97ef,8abbc678dfb0fa728498e3a1dc1beb76,TheFlutteringButterfly
58ec599f-92ce-4ea8-ac0b-3f271dbef4c3,d34a58f5949e2499a01133b32f920282,TheWhimsicalWalrus
a4fd8b7e-89bc-4869-b371-eff93b2e8bc5,aafd1cc552d045af74ecff3a5af17e0d,LieutenantLemur
251be88e-64b9-429f-8fd8-5e6446f812b6,a8b200b55b9224516373cdc9f4d784ed,TheSillySalamander
ec13dc12-829b-4896-965a-66f3beea2c53,56e72132ba5f625e1fa024dc3855df09,TheSwingingSpider
103fb6aa-4413-4f7c-a146-0e6e677fe8f1,72829738db01d28fada9c01538459856,EnsignEchidna
99829928-cc98-4d25-9e5f-7bc80832a3a8,b902756643007baff47946c24f147759,PrivatePlatypus
f17bf7d3-c4a9-4e9e-8977-2e89bc832d63,ca41f55bafa7df310f2d7c606c2adb29,TheRumblingRhino
2eb57901-8555-44c1-b5e2-bf97c454ff5b,425c02ea4245286ac90c48552298c5d1,EmperorEmu
406674fa-e938-496a-80bb-5c16b255bfb7,c22a70cd7f5a2e11d6d220d52b556884,AdmiralAlpaca
e02d7379-7188-44b9-b2b3-298234fbcc1f,01b0fc418a3bc6569fe38a2c63a3df95,TheWhisperingWalrus
9e04566d-3df8-47ff-b0f5-652111f1de29,e66dc6fc6c3649833aa2c3844f5b6a19,TheProwlingPanther
5d0ad06d-7ba5-483f-bf54-5b540a4ae3be,cf19f9742192140c5aa6de3af30235f7,CadetCapybara
17321db0-592b-4c73-9432-c41c21a404a6,dc8408e598ce308599d99e1023430570,AgentArgon
a61981c2-0e74-49e4-87be-17f696d853ac,a49502b30880a136ec154b574abb5bcb,CountCatnip
0f09cf2f-f73e-4379-b6ed-b0cde92e5a5d,5789dfb63b3b071edecdbe70326269f0,TheJellyfish
1499c7c4-458f-4450-83dd-28219ad2c50b,c7fdb8d2945875bdf87a36c19831a9f8,TheLeapingLemur
2c8d0a33-7c97-4882-b70e-21d4de05f6b1,5528b8ca2f273a13d9fa95b501b31d2b,TheChirpingCricket
16ca37d3-3f7e-4510-a291-61f75d09fbdd,a9a50a8b6316f71a2ddc0e26ff7ef883,ScoutSquirrel
d99a5ba4-ab83-46d3-808f-35be0d79442f,71849216196c286fca2154cb878deb1e,TheSnortingBoar
57384ce5-1a3c-48ce-858a-766c31747d91,6b499ca092cc1d36be802e849397c072,TheHappyHippo
e92fcb12-882d-4d9a-9646-eae9c3870c67,9a57dfa9309e40f99ae370b44a8eaafb,TheBouncingBunny
03aeae46-de8b-4b91-b9eb-e87a5b49c4b7,bffb86731d2b59ad9652b7c83b5f4ddd,TheSingingSloth
41a96758-c213-420b-a5a8-386afd597445,2156cee48e401af2ee375888d9b31cef,TheSnortingBoar
4cbaa58f-2706-4b11-89bf-0bfe5a4bf128,3887e62ff141e367a559d06cd785a3bb,CaptainChameleon
4f897376-948f-40ef-8a85-23892581ed44,8788d44c40440674f60e7c6816138c3c,Persi
e157e846-0fcb-427e-bc98-56d6d70cb4b2,06a0491122da26eec656a37cc0ccf4b2,TheBellowingBison
2048abf9-c3f3-4420-ab14-cff0b7aa253a,84925a34b94a44aa844820447658709a,TheBuzzingBee
fb62b0ec-fce7-43e9-a73d-eb9617d7027e,205aa0ee98d1b1d7271efa81c318e5eb,ExplorerErmine
fe54f498-fdf8-4774-81a3-19a014858efc,0b6b882dbf6879f20c783adc377b8141,ProfessorPixel
e0e06c35-9f34-44e1-a9c1-4542812a1def,1f756bfa4b30c8ada3c94a26091f5cd6,TheSoaringSeagull
9ab35799-256a-4854-82d1-b8dfda9faa09,32e8138628f9cd3c5db719873a17d398,TheGrowlingBear
239dd07f-0f89-4f3c-bf19-96bd6c896c30,c29013012a835f99d82168d849582182,TheHowlingWolf
981a04c4-ea68-4ecf-9c73-24ab98481e94,015b5a90d298a2c8c104e9aa72acc17e,EmperorEmu
15c64c13-3fea-4c61-bc93-411c1937dbc4,28019eef959d30aedc43489150d819db,OfficerOcelot
21f51510-b7ce-4e25-aa63-c276d693efcb,fccbf29cce67abbe9a7a5bb98db722f3,TheFunkyMonk
0959a86a-7621-405d-bb38-3f92d971791e,0af4c2e52ecf3a173b281eab4f0b0d62,TheWhisperingWalrus
36b2de33-29be-4f3b-9cee-49fa4e3016bb,dc88f64aad31f53d175aad26b742e25f,PrivatePlatypus
043ee131-aa1e-4dc0-a0dd-cbc631bac3d2,5ec42a1edfdc03efd24164134dec71a8,TheHootingOwl
8a5aa293-19c4-4ed4-8cb6-a0b76754ffa1,588f50e3e58b641120f4fdbb338d768b,TheSillySalamander
0a40d15b-f40d-44b7-8dd6-c465413f9869,995a27f5cd2268fd126f91e7a27a50fb,TheSillySalamander
6b734be3-ad88-45db-8813-e48b360d23e2,1243e41d233265a49595a9666b4147d8,TheLeapingLemur
9d7f7a10-5fdb-4af2-b504-0aa34f6308c2,9cb0a8ff069926967aa4cb782d4638a6,TheQuirkyQuail
03a3e712-d5e9-4901-90b3-e16d8c5c4b79,73001edb644fb51ae23d5edb27e3536d,TheGoofyGorilla
ef00d2a2-424e-4e43-8136-ec6cd058c1ab,2dc183edc5225c67061fb2d73cacb32b,OfficerOcelot
198fee57-1c23-4f50-bdb8-1f47792e024f,a0ce4bdaa8d2fd3aa4522ba4f00fc82b,TheSnortingBoar
2b669ae3-1442-4b7c-ba98-1952bb28543f,8db9801bdeaac7096d11adc04c7c2d78,TheJollyJellyfish
b20cba20-e285-4b34-826e-22d0430665b1,87df487531124206bfec6ccfcb7e5e9d,TrailblazerTapir
75172aac-3862-4eca-8901-be43803ec7e8,23788b88c3ba244aca8b069ea0153f9f,QueenQuokka
7c9429ad-5c31-4ef9-8ebf-c330c1f5f74f,6ca39544c2417eafa801e30658e80dd2,VoyagerVulture
c016850c-c303-4f46-9243-f761c058c042,b25706503acc6d3e787721ede021f2c4,TheGoofyGorilla
48f9e814-403f-4340-9f4b-076d6d1c98d1,d233c16582342a97a905dc99ab0c5cba,TheMumblingManatee
29f70006-ec16-4ed5-a561-e872c3e3c0b0,8ba6142f678dd7388f33ec13b258468c,TheFlyingFox
02004316-7011-45a5-9059-a384099932d9,7d4ff62fe3c4b26dbf8fc37f3f7e4836,RangerRaccoon
139e0ea1-2d0c-4f73-aa6b-6c10581ee04c,84db15f71a205c067087653caf3474d1,CommanderCobra
201b7caa-56fb-43f8-a83d-1e1340555592,d1342d36a4e1fef387d8ee9013254c5a,MadamMystic
9f5dd3c3-d361-4da8-80ae-2729c4fdebff,54a14c4ef841420bc28974c31659f8e9,TheSnortingBoar
4a38216b-b634-48e1-9652-08f16273cacf,dc300a8478bb6008923ee5d59b673740,CaptainQuirk
da726eac-3296-412f-a6a3-662e78decd41,6630248f9e1184ef73fdd9d8817bcf8c,TheHoppingHedgehog
1cf8cfc6-373a-4f6a-8731-efda6c60ac20,53a87b65f72848a8458c2095434d5762,TheHappyHippo
8a8899a8-e796-400f-b300-ad35e3825b2a,a173c2e2a9df5331a8bfd8a1818b45ce,CaptainQuirk
344bd177-b93e-45b7-a79b-b7e238ab04d1,a53ec88ec4c64cd4540398b40d1f4a9b,TheDapperDolphin
8ecec7a7-d5f3-4e15-ba27-21fac5b8e0a7,04a1d50edc802e7e390f8f501257e242,ScoutSquirrel
0c20b374-42c1-426c-8a76-778596b6391c,5bff5d633840bd41e787f0de3fa34610,CommanderCobra
0816c0c9-4093-48c0-bdf8-f07ceeb0457f,f67c65eeedcd8a3f6888af24a588f618,PioneerPangolin
bbe9376a-b2cc-4afa-b2a7-37e1a680cad2,525ded5d4cba3d6b26f0db841341306b,TheMysticalMeerkat
2a1735a2-357a-4f02-9fd4-c43a94b30305,2c0830cb5fe8979116b5d6a04ecbcf6e,TheProwlingPanther
79923915-2a71-411a-ad84-f7a06dae0017,b7d19ed8c0dff007f13f62f7d37bdd3f,TheGoofyGorilla
c7c491d3-6370-4857-8257-6c6f76990ea8,1c4f7ac79fc0becc43c125e1edc2d69c,TheGrowlingBear
94e0dade-cc84-4445-8604-9f3448352976,f726cab355b9355ea164953cdfa09790,SergeantSloth
0f4e97fa-e4f0-4d33-a056-539de69eb7af,e3ce5762e905cde0491e78f53a029225,SirReginald
5b7f300e-51b0-45b3-b1a7-7199abf24fa8,deae26875e2d5d5e9060180d1658664a,RangerRaccoon
0285775a-c453-4479-8222-b735a8e99dbd,dc1b01b3d6f9f4ce4b74180370753d99,TheMumblingManatee
11394054-8444-4251-9594-9e92241e8f40,d82dfbed8ff3ad695729600b2547e12b,TheChirpingCricket
5c21cc19-550a-4491-adb8-c0e68e82ceef,439971f5fafbc70e8120e2950d006503,TheLeapingLemur
b8e5fa71-ff0c-46cd-b978-4ec49c604359,cd6d1666fcb697e2c49acd1b5c68a0f3,TheBellowingBison
d2a7fdd4-3c07-4914-92ad-fca080f0dbac,fce55189cf4a4c9eef7fea6ce47a12c5,CommanderCobra
f3449a4f-3814-4e44-accd-daf612c9f015,0bfc26754d2dc08bcf3ca2a8cee7c54f,PrincePenguin
1747bdf3-cc2c-4e54-8440-266a8601c1dd,a9027b75bcd3ba8d5e0ee8c1c89d6e1f,TheWhimsicalWalrus
9b3e0d86-2c70-4067-bcb2-f5df81f96ef1,c6508c6e11775c379457ea80df830de8,CadetCapybara
cd1f9fad-e5fd-47cf-a0ec-942e8ca39d72,67e45eda27ff28ab2551bd4747e3b4b4,TheBuzzingBee
196d1332-bd1a-4037-8b81-84b394a9d182,d922baf2020a9785ac9c7353ef7e62f5,TheWaddlingWombat
dd6c7d28-564d-42ce-b7bd-8eac0a7bda22,0e20197b872cfec4a40128eedfd2cc89,TheTrumpetingElephant
72d98c3f-dda4-4f90-b596-8af7f00b6f7b,e7870dd41a28af1db864e3fdfa9f2b04,RangerRaccoon
e48fb812-f551-47ac-ac70-4e8291aa1dea,984a4936f5b558cc88af30946a4ccaf2,SirReginald
76d19a3b-5c07-447f-8134-864c2e847c0e,2c6b1424c6cd38ca5a10efed1b871ae1,PrincePenguin
874d5767-2b5d-4423-bd48-d897c759f315,1e02a22a5e5207f8496d37a23974cf1f,TheCreepingCaterpillar
f5d3aad6-72b2-4984-a00f-3faef3f6b0b8,5bd835c778bef0b9ef37c50c4b74865c,CountCatnip
ca4734db-7eac-48d6-aab3-8ad3a7507a9a,d3a2ec21b2c3b72d62ffff57f940620e,TheFlyingFox
116a1ec6-6023-426d-93a8-403184be4a22,84cc1c0b32382bacd9e2628588f25f09,PrincePenguin
93d36e4d-2341-4027-8d26-4b6c0cec11c2,788c9d32dadbbccbed99b11a6b11ce76,CommanderCobra
c6d1d490-afd7-4773-83b2-1166f6cd2b31,71d0b9f8b890dec3e29e5217aab6f196,TheGrumblingGrizzly
56349f06-c733-44e6-b295-5e976d1e76b2,848ee1c31c6bd85e4cc59ec5c8404541,TheQuirkyQuail
8db7d423-3e97-4c8e-b36c-652a11f73cca,fc9928d02aece0df27b57e497dfd3348,TheDapperDolphin
eec34ef1-a1fb-49cc-93f9-0b2d71b17afb,5b9dd812e9c7351c57ff823be775e60d,ExplorerErmine
3e9b6561-0317-4ff5-b6a8-6227d7b7ddd1,c5fe50d9a296664db1b4f4b03976f458,CorporalCorgi
dfd6149a-9663-47c2-8b23-5bea0b22aedb,9640bbdd94b5c70c5f160a9a9740268d,DuchessDuck
0d2b9155-1eaa-4916-934d-2a397bf5bbfe,a2f223e52fb1cbc89f00fcee17901cae,DuchessDuck
ab962417-7343-403a-855a-c4f2dac71a34,fd57b1bc5c4ecedec43e1ef8473043d7,TheStalkingStork
8d302a25-56d0-4fb8-afe4-654a273b3869,018c278a3c7bb0350b19dfb5171ae67d,EmperorEmu
a2ab00c5-61a0-4654-847b-738620be2aef,c848ca36193b52a73f0511b43a777008,Kitty Kwai-Mei
8620f5fe-8a78-4bc5-9041-34e57113a4fc,50f825f6250c38999ea2c68b8424961a,TheChirpingCricket
53306f94-9b60-4ed2-ac92-0797a01b6010,2f87fcb1743cd848395c74e1e4c19d6b,PrincessPanda
bcd55418-8e37-4a48-9bdf-c6bf53353b70,38d539fed0634efb8b052a615ce82469,TheSnortingBoar
0f7b8a47-b2e9-4a37-998e-a1e042fa1092,b38fa838c30ec705128b834c0bf25bc1,TheMumblingManatee
e7c6e139-6d61-414f-8484-fe4a8b349700,255cc713ca9ad8a071e033f4ff4d8817,DukeOfDoodles
701fa8aa-6a7f-4c7c-a577-f69a14023a8a,27ed9c766a28d74fb18ab390c4dc4fd9,ExplorerErmine
fdcdab01-c405-44bf-8cb5-36d000446bff,7a7c2791f99d3d1fe3f57d92906ae254,TheZanyZebra
5b7f7da5-c1ec-47cb-ba1c-046a19f80a51,3ee18e452d816a32bd0530238f928b46,MadamMystic
0779a0d5-ca97-4230-a2cc-d497973faa4b,852c178e3cd512a4df504367762e1f88,RangerRaccoon
d430c565-eea8-4ce6-866b-e9f28e374255,79bca89107ee3f1a37df8ce7295a296f,CosmicCucumber
4d5ffc9d-10ae-4155-a4ab-20101c2912b6,c99cabedd437e22754b5a27cf1573eec,ScoutSquirrel
c680ac46-bf37-4ed9-b6fb-f3e7498e5681,fe1da0ad18fd9fd35c1d2c8399f39c6b,SergeantSloth
1fb516ed-9b09-4fef-a86b-2a62377a2ff1,0b2c5c9b079c105b451dd48a23bfe315,ProfessorPixel
725930ed-6a70-487e-bc37-e34df18e309b,f4c70375a47fcfa30a46559a1d632def,LieutenantLemur
aee9c38b-3175-4bd3-96bf-3dcb406265aa,29c99d90e9ed0661776ef9fbeb785718,TheSillySalamander
27a521a8-62e8-46d3-b780-8419ddfdefca,d8f2eec38286311e64542eb04e7fef63,PathfinderPorcupine
47c71fc9-411a-4de6-a5f8-702d835e2524,ad97fada133e3b4df69a96a422111f54,RangerRaccoon
747cb3f8-8cf7-44ff-9855-c6689f383ec0,86f67dc67da27c77ae4a74f0c53a9081,TheLeapingLemur
3a79e6d9-8631-4d06-ba5b-5e7a03c90395,cc6b463d00ac7e26a45cb929220251b7,TheBuzzingBee
b83411d9-5fe8-4020-a308-aae830157b82,45033506a67318cf09be75a61e40ac1a,OfficerOcelot
bd3a0a47-958d-4f88-9504-7d121e0164f3,838559bc9d8eb7cf2930ae5ef5cbc96b,ScoutSquirrel
42ce5037-4573-4fab-bc46-eb07a8bb5931,9937a399593db7b1966a2b5196f266fd,TheFlutteringButterfly
e0f2269f-266e-444c-801a-0d457d01e2cd,a807d6fa83829d7a714b2d484df9da6a,TheLaughingLlama
31f3643e-3cad-4f24-858a-dd8aaf3efad1,d1522ebcaeacced083c17a07f09be8a9,TheDancingDingo
9cbd0167-998d-49d4-a9f9-e1265a5e5735,5195a2629eb2e6c655a7484062ab1bc0,TheJellyfish
811cfa72-1cc6-4a9e-8694-e9b27e0c178b,d2f4fbf086ab2adf91aac44219277724,PrivatePlatypus
d2345f8a-5d96-43ba-8488-c3ac53347c4e,3b9a053133be88b4a52d491d7924a8b6,TheBabblingBaboon
c0bf2c5c-2d3a-4781-8fa2-7589a424f24c,af029713969128fb4f5cc1bb0d540dcf,TheLaughingLlama
539a586b-a09a-4732-904c-781de616795e,8e37ba18c2d611321af8e1f84a974fb8,TheJollyJellyfish
dafe3927-3244-41ad-8eaa-8d946dcbf92e,988fbd565d0db82af6a93ebbd8a74421,TheMysticalMeerkat
33d160c9-63e6-4aaf-9c50-d43292a6a74e,43eea7d0c16771f829d4e16748d9b7f4,TheGlidingGecko
dae9c86b-0fc7-44d5-977a-2f9ec7db21bf,289af2aeb05ad83ea862a901c93dbdcb,RangerRaccoon
bfe7faae-7c63-4f91-a101-31dce89fb936,f2754c0c738ead1b33d09392da3c2d77,TheLeapingLemur
a948429b-e456-47cb-9c16-48a5a0316303,e50eafaf328025f0064e03063ec61f24,TheWhisperingWalrus
fe2eb242-9a7a-4509-9c33-afec42557c6b,df0d77f7ff63d2edfc6bf110a0f3aa73,CommanderCobra
2aeea456-3c11-42a5-9e7c-8b96eb5256bb,bcd0783445601f228e40a257486fcc9b,RangerRaccoon
1aa47278-01f3-4739-815c-8146a2afa2c2,3342e7e58d7cedb7a04f5dbe112ea172,TheCroakingFrog
52a1d02d-bedd-4e16-99b8-b4e0b556ea15,e5abde332d97372d3af0845f5809a26a,TheCrawlingCrab
728c9eed-bc73-480a-8f65-53010e139a31,12cea1519979a5ccc6de937bd67f198f,TheMysticalMeerkat
ac7e321b-1ffb-489f-b50c-0da75864898d,6d92ab0ba300d3bc553b861d1f6a0bd7,TheGallopingGazelle
74329c63-9e76-4212-a02c-24de99a1cbce,c6fd21ccfe6766f0cc1593a7387060f8,TheSillySalamander
b801ff52-6f46-4e02-877b-52ac9e52c165,e45fb38c54ff79047ac6beb24b3fbdd4,TheFunkyMonk
0b2eec0c-29b4-4006-98ae-337b0ac4c508,31fbd1b9c509ccd504f3fbfb2676cf3e,TheTrumpetingElephant
da645536-4ff8-4fa5-a147-2a4112d4e4e8,32c45e07de62f16774068c63a8d0e6ca,TheSingingSloth
4e42d53a-4133-48a8-b1cd-358924455d2b,1a5c290e1191396043e1a7dda18967f8,TheSoaringSeagull
afab8f3d-0812-4bed-a6f2-c9c2a02a5f60,d22f330df7d46835ccc97d00221d3986,TheWackyWombat
19d7587c-a087-441c-9005-bd3be666f331,a159fbcbe92d5aa22b08d35e0e80de2a,ThePrancingPony
c16997e3-d3ec-4019-8b7f-3e295bbb3fd9,e919d668b4e5ad9313aa6dbb74b14f72,SirReginald
6675d707-54b1-4401-b31a-607a529ec252,4f47ff14e8b35121571442bfb6163e52,EnsignEchidna
27b20b5a-365e-4f5b-a7b2-e6a9b3984e79,ece6cdd0119ea816b05d61b73441a229,CosmicCucumber
550ca8c8-4e0b-41db-b14c-b30fa73c7f3d,1a01bbb36caba8d7ff53350caea599fd,WardenWombat
b59390c5-b017-497c-9616-877266647e8f,13ed8fceb68e479ba9a3b3b90428e695,CountCatnip
df34555e-381a-44f5-b87f-9bfdb57b9d67,a557b89f85f9ed3b7157b38060b246c0,KingKoala
80db2319-2720-454b-8668-048cdc971b36,e89a362a4d492b7c11f490220cad3424,TheGoofyGorilla
06cb3447-3b86-40f6-88e6-110815e65f33,5d5a48d0e423a081848c882634ec1b82,TheFunkyMonk
fd3efa00-895e-46da-ac56-0dae6728b3b0,39011524fa5e60e1306aeb46b6047fe7,TheZanyZebra
9229fa99-0466-451f-8d76-7f1a73044f6a,14172035e5248e0a17e084eda389950d,MadamMystic
2d9f7144-d575-431b-b247-0e648a024c11,f1dc8e110b22fe9394cc61b970b9a1f7,PrivatePlatypus
9b71ba6c-8660-4356-b132-0db945add843,35561425a5c4e99a85d6eb81f5a97a83,TheLaughingLlama
344a03c0-a3c5-4862-9e93-30143cb5efcb,58602e8d74cef720653a19b6ec13ad62,VoyagerVulture
3afe0b40-9255-40b5-80cd-53e53aaed99f,33df8d7743fc2a84c5a33f844b0bbc43,CosmicCucumber
33f8c4b1-cd23-4e08-b775-4a6cde19d48f,576e491857b35905c8f02242156fde85,TheFlutteringButterfly
3e40c34d-3a92-4e5b-b83f-fca169b3ec64,f55005fca707a96e01247026140b815d,TheLaughingLlama
0420da67-e65b-4905-91c7-ca4224fe7c4e,26744136f665b6c659ec4c2ebe8ba508,TheGrowlingBear
5af05fdb-88d6-4f11-bda5-a5c719a2d751,4f668558aaeb04e570810b84b635ed33,CompostThoseBeats
f2914b99-191c-4d51-bc41-b64f3bc94591,3c33f926e1cd6e024710e9389d79d6e8,MadamMystic
957779d8-b20d-4691-a3c6-831e76cbb2f4,bb2c8476b5b12d65804043678d6e56cd,TheWaddlingWombat
c7db54bd-1388-49b4-878e-3c9dd3fc3f0e,f93305ccb9886b085943418c37c1dd05,AdmiralAlpaca
f7369024-9338-4afc-8d4c-e0b53031b816,93c6685757190fac80335ee863e8e9ed,TheMysticalMeerkat
a760d6a1-0124-404c-b4d6-391702f26cd6,0ad3b8c5c520b1830b5ab5b7385b2bc0,BaronVonBubbles
55dc918f-5416-46ac-96f6-287bc5e7ed14,06e85e2836c57e4be71b2d5657be4080,CorporalCorgi
e0e99980-bd60-4244-b718-2cf046a26ab3,e47e4d3dfe53093a1f2a950fa57e2ecf,BaronVonBubbles
a8664e2a-c51a-4833-a585-b6f7580f414c,fc47a1c35cffbf2209648caf99fbb5cf,TheSillySalamander
64f24a8b-973d-48b2-8e61-753b45ba9cc8,26c63abf2c4daa609d60208bfd5b0bc7,ThePrancingPony
fdaa44db-c055-4718-b4b9-586cdccf4706,fdfa1ef175c18e3a576419ffcfa76cf5,TheHowlingWolf
187e9054-1cae-4ed5-8594-dcf9ac2cd78d,93c3f827df9b417df19afb3edffe202c,TheFloatingFlamingo
fb6b74e9-4c29-46e0-988c-19fd785cac63,fd590c9ef85de28357b58e03d2977cd7,TheSnortingBoar
dd7df221-9e90-43ee-9ad7-8784ce29e1cd,65c6d9fa20fad837a68ba6eae568a3f9,TheProwlingPanther
10243af5-ce06-46c5-aabc-68d96c177062,0e19a7cafa5a4dbfe0b31cbbbd69faa4,TheMysticalMeerkat
3f7da942-9984-41d7-b708-cc9b48e13700,64418d43380eb9e3953f5c76711aaf7f,CaptainChameleon
7a1fb7d9-1631-4d11-acaa-e4c6d4ae69ff,97a9d07d6b1fce58b0d2cf3cd9c6bd63,TheSnortingBoar
f30d5a25-9fa3-4679-88fb-feccd53f9988,2ad21d4d5311fb88d85d6ff77b3f3342,TheProwlingPanther
378a9dd9-b17a-4d03-bd3c-daab12bfed59,e2dd9312c8c253ac5633ea09b095a75d,KingKoala
faa64de3-9876-4c4c-ad75-297568c872ae,59868b9a1966e0c2a4378ed292870828,TheDancingDingo
271d7c0a-4650-46c2-b565-0425fdce4749,f471d36cfcf25643930a8a8b3e5f3376,TheSwingingSpider
709d7065-50e0-481d-b786-203b8506a0e8,0b126498c33dd19044e3af468b811c0a,ThePrancingPony
92dc052c-965a-4aa7-a7cb-5286d29ee857,06bb804c0f5a626cc5662df830aa1cb2,TheDancingDingo
0783cc2b-ab21-47e2-a244-18edcee88e84,a8e65a3745bcc54603b7a73265950b10,TheProwlingPanther
603a9ac8-309a-4b32-b24d-f00e953140b8,8006e4cc53ddcd0b9a2d02847f1c4c30,TheFloatingFlamingo
9ccbdd7a-e53e-411b-867e-3c6805015cfe,af9544ce200f6b1e4b999c586f5ba867,AgentArgon
6adb4398-c32f-4ce2-8b1d-149314715127,64c695819cd75654c0bc941c1d119d97,BaronVonBubbles
038fb5d5-35ce-42c0-a55c-ea5bcea0fffb,96c169b877cab1b35db5afdc3d234b23,TheSqueakingMouse
f304d5bc-f6dd-45db-bbcc-7678daee730c,59d60af0b6afda568bc9ab8583248536,TheFunkyMonk
dc71057b-d808-4de5-a04e-671bb718e8e9,f57bdb78d61e34d2048b5ed8abff2f7a,KingKoala
de0a7897-1dd6-4a0c-beb7-b0041561de13,bd3470756c059293fd7fc0bc57513452,TheCroakingFrog
1dad1649-700b-4966-a258-49571fe52242,71e0596f71876d50ef1e61a65f1d813d,TheLaughingLlama
1d596674-a1a0-4c22-a70b-9645260de478,0bcd6e747a1447db3b69cfb41559b15c,TheSqueakingMouse
3846460e-b9cf-4555-9402-946abcb5f257,9f31346031a807dc5feb084cb9b5997e,ProfessorPixel
680f602e-c26d-4071-9154-81cd23456b34,6025a08e107f66aade446362975e6b7c,TheFunkyMonk
792bce22-17b7-4189-93f6-f57c9d126637,4160ecd8b735230877e71d198d776b0f,LieutenantLemur
77fedde4-16d7-4d38-bb5f-f6109de86e0e,a91d839e6bbad3a4418030faf8cb4d08,TheDancingDingo
5a30a583-10fc-43e8-8c13-ca8a25fdc4e5,50d9c37423896af70abce24a357ba864,CommanderCobra
e6efd740-b3e5-4b00-bc62-4f336ba3acea,43d87900a5b87eef4aa9330cd9447355,TheBellowingBison
ebb3023b-6fc3-4b02-b260-57453d807b73,f74477357e3a2da0561983a822f39cc7,CosmicCucumber
f2e28585-b3f2-46b3-b63d-3cd5cd880d50,48f7c48811f18d5f81709fdd6b8b9802,TheGallopingGazelle
ec9e4af8-2da8-4e1a-bac5-2decc2d9aae9,20b497fa6a6f4b9dc51944c7ba9b7a80,TheHowlingWolf
27fbcbec-0a8f-452c-a168-8494240d2b69,b3a49513b01bb17738ce3c51d770d90d,DoctorDapper
3af81931-f72b-4484-8b06-e23f9151224f,088a37ef7a8a1e3784fa7dde7fdd4409,SirReginald
b62552b2-f792-43d8-b79f-80ec56e92c6e,9ae8e3dd9e8b33d5c0b7553c7048005f,CaptainQuirk
8c8f9571-f69a-48bb-a6fc-0426ef59aaf8,66a1a32cda61b7a096e773061efb0837,TheStalkingStork
f59348fb-9f43-427a-b402-76e761220732,086c8aebf9ce6f76b7c2529ea2e8a627,ExplorerErmine
e70d482c-fb95-46d4-97e6-c08eb9d5e045,2e7771d012112103ade472ffcbff2009,TheQuirkyQuail
0788e6fb-06d6-4a98-a7fc-5a75aa314930,060c4e73bc5ef14284572beac071bc93,CosmicCucumber
9175a182-d21f-43b6-a0a7-1d29f8a1c62e,4f6509ab043d4bce812bceb7e69209ff,SirReginald
18215130-9c58-42f6-a8ba-7d6247055b5b,d0279ad8e9dbefa510031e1fce6f04cc,TheWackyWombat
16591cf5-5731-42a2-9297-c9456741d9a9,bc74d1bbf6fe3bf271d5c1c5114c4621,TheLaughingLlama
ebcaa878-fcf4-4434-9a14-dc34faafbb47,36e50491cefee745d271f70b06a72122,TheDapperDolphin
7c1d8370-815f-466a-a7b3-8e4d5095afb6,8014ebfbfc2edcbe13416e90952bacf7,ThePrancingPony
261f4815-e314-4bf5-85ce-52d7273ddcb5,6c3193dae3e2397f126375461bc75873,BaronVonBubbles
7ac339ed-6757-45a5-b359-5db8468d44d5,a586aaa53ec57be191974ce46c58fc83,SirReginald
8b90f0b5-14a5-4026-a1e7-e3af53420704,a77c391dee57231ebc73cc5e35e82010,TheWhimsicalWalrus
34f17fa0-20b4-4de9-8d17-890f49019fae,bc53059a1b56d51032118fbf6ebc7ad1,TrackerTarsier
2fe432ea-df4f-4868-b49b-36a5eebb7fe3,bfba83eb2568fdbad432ad6985366d09,TrackerTarsier
63c995a8-cf9d-4d65-b903-0b30c4d09f30,3ba9981b56dbce3a7a9506711cc9fc84,TheLeapingLemur
4de1a218-c8f3-40d2-9cfc-4e0f6b2111d7,b197c85c5a8e32bfd9b48073e717a0ee,TheGlidingGecko
7c9679b5-de5c-489e-a142-ff910dff6256,0fe7e01a8b5d0ba9b12958263f98effd,TheWaddlingWombat
87604e17-eb2c-41b3-bfd5-31cba1974190,f73e22f69b5dfd9353bc4d963d7e4b37,PathfinderPorcupine
a8fd6537-c68a-42e6-ac0c-61cf18903436,89b24a5726b8adffd1145fa0aec0ca5c,TheFlyingFox
18aa481d-ed31-4197-bdaa-daca3da4f20f,e488b4ae6d8c58b989968e5a6ccfeaf4,PrivatePlatypus
78da6ebb-d199-4b53-836b-14102688e709,c25952c2703d80090bd8005080691b7d,AgentArgon
f29839a2-b35b-4cc3-b164-ee8a2c965604,7a4342e7af055b286d944e1c8200ffcc,TheBellowingBison
45aeb943-0462-49ea-ab91-eeb522fa9c53,4991e5e818e7e83f790fac30c7df37b3,TrackerTarsier
68aed486-4ee8-46b3-b695-b72ad8aa0d7e,2a80a47313ca54fdfb7b67958fccbccf,ScoutSquirrel
629bf247-5377-498a-a1a4-7e520dc3a5fb,7570f476aba4b6f724c72ea482ab3550,CaptainQuirk
4c66a772-8a41-4c5d-a5bf-68d43dc77d35,eb72a86a97e6d45af95857293021dfa9,PrivatePlatypus
9438f624-6742-4246-bea4-0d8779ca19bc,75a5fec302303cf0cbbc8438ac2b0094,TheGibberingGibbon
7fdf3a8c-9e68-4655-ad86-bc28522967fb,e1f3bc10bcf13d18fa9cd937343c8be3,TheJollyJellyfish
f9f48d76-ad6c-42e6-a865-d7ac81a4bb87,314fd149f423e84a878a49a87dc69f52,TheSqueakingMouse
92f78112-035f-40e4-bb22-54e91c0c5995,15b877d78010299967e387b1dbdc3046,TheLeapingLemur
fcafae18-27de-4d2b-a175-49ea8fd8574e,e5b7663fd5a1efb20d75d230baff5843,GeneralGiraffe
e514a5d6-128b-4ccc-8e49-0dbedba2e504,adcb8d5cf39c4d8f603cfb918fd4ef05,TheGoofyGorilla
83ec0ff4-ba85-47e5-a9ef-5dc722391026,8fd221deba916f32581b6968dd042c9d,TheFlutteringButterfly
e3c836e2-8d54-48d7-88ad-bc0e94e4bdeb,2dbb2fab8332d4dbb50454b54fd64029,VoyagerVulture
0c25af7d-d6ab-4f54-b221-c6a71fa2a965,7d65274d1d3b64bb910ff55877efcb0e,BaronVonBubbles
4ea353e1-fa11-42f9-a2fc-8422ebe8e3bd,0ee8d19d424b71b0430d5048f845455a,TheGibberingGibbon
f04c0a80-935b-4e8c-b668-0a02176e9626,58dcfb14f2c4def43d153ebaad35750f,TheWhisperingWalrus
afe133f6-415b-489a-be0d-918a6b9ae143,6e546bb9565876e9c27dc90775d6da1a,TheDancingDingo
9ae3fcb7-27e7-443e-9407-a09c1e985958,6c94890885d6f3eba99d7eca15c3eca0,TheSingingSloth
3a371f58-95a2-4020-abe4-4dffb9f33a7a,f8aec6e70309f23832ed6d7f9d790afd,TheChatteringChipmunk
74cea63b-df3e-46c8-837d-c3b302336434,59a2980c124abf281529411a5c4406ea,TheQuirkyQuail
c63df0dd-f824-4b13-9f38-119a7c97c5ce,83e91929c187a2003e90cc74dc1c2c99,ProfessorPixel
a63d1a5d-0f3e-4bd1-bb4f-4a1c9d6934a5,62a621cd778618f7ae52d3ba3175ef02,TheHoppingHedgehog
adebf4b3-02d4-4c43-bcf4-9888ef968a0d,df2193afb7e8778388dc0ef8b0f4344f,EmperorEmu
2da5ca71-6e06-4247-b3f3-7bdbbe427337,88e74e306e7ecbc9d821bc2adf128d57,TheBellowingBison
6b6d42d1-2741-4e9a-96c8-048b7f05f08f,54207d260573c15241b02a4871f91363,TheBabblingBaboon
fe84d425-650b-4a4f-8a60-3463e37fb4a3,64d6219966cac2a016450c15de0c2bcc,LieutenantLemur
9ce25003-8bf9-4d3c-8b21-addca84aedb9,7a5a09de0ba80dbade9a9fdde64639fb,GeneralGiraffe
b82f4b2c-3dc1-4b33-a7a0-b8676751c743,998b99f2c5792d95fafbdad838ccf546,TheRumblingRhino
2454c4e4-dbb0-41e8-827e-5ac96047cc3e,d50282c23281ebe00f14a324970b858a,TheStalkingStork
66cc7785-e8f3-4763-832f-451e7a96b712,0c58a924f0ae2304f301a978b8b30f40,TheBabblingBaboon
1d494fc4-8435-49ad-aec0-e0471cd1f359,d30157af8f7597d5a61e23fbce4e91e5,TheCroakingFrog
48c26f50-19aa-46ef-95cb-dfd7f161ffa4,98a06f8fe17ff896a00743fc2e4063be,TheGlidingGecko
fe228df6-4984-4fe4-b148-bfde9bd430ee,54cc50accfdaaf044dfe7a694e19d87a,TheSoaringSeagull
46d4d762-7de9-4ec3-8db8-dd7a07dc48ff,77cf735513b9e80c0ec68b52baa95ed1,TheDapperDolphin
743730fb-2e9f-46f9-96d0-53deaa447264,a3a3e1c0616dab9719b20fec9a377f4d,TrailblazerTapir
42dc17ab-e574-4f07-a07e-e85a4d4eaa7d,c52deb28919ff371e57cde6d0ad75e99,TheJollyJellyfish
d63b3678-18ea-4b11-b76c-59269c020e63,67ba0cdcea632877de273989656fb16f,TheDancingDingo
858c76c0-4474-4a20-8147-d41b86c0921e,e8f5ea321bddda4b125d506984f019b0,TheSqueakingMouse
262ab2b2-0694-4234-b4af-dd707a612c4a,9cc5a096b099662384df427f8be38d73,AgentArgon
30a77451-09b5-42f0-a5c7-e6b4d37d1b4b,716d2ef819418d12aa3f6790604be374,EmperorEmu
cfc43ffb-756d-42d4-b1a6-98f9a6af94e5,fe405f2315e7c7ad33f93718a03ff27d,CountCatnip
75ea197f-d68b-46c1-858c-10dec958cce3,f6429924b43f8c022b6f656e0e6938b5,TheCroakingFrog
a70146cb-55b8-477b-bc5f-5452679750a7,fccc2e1ab18d854ba947d76900df9dfa,OfficerOcelot
05052122-2ced-4cac-a70e-25cab8582050,5bf51c4dc848c942f6bb2f8ad4597c54,PrincessPanda
0edb1ce0-e165-46b0-9109-a88634e46eaf,68aa7e147d7d1068877804df3edeb130,TheGallopingGazelle
b121a5f0-8c2e-4dcb-bf30-7ddcc6728d40,828dc4e034e9b4efeb35220cc8b4b49e,TheGrowlingBear
96ce531a-b9ac-4f7b-a824-3bc84c84bf75,40b5d30e1b854fe4eeaf8778e75e92bb,OfficerOcelot
a97820af-0c88-4102-8f2d-3174267ec7ee,99d12fd2eab3a7a26e2939f4d061e42f,GeneralGiraffe
edf7e6e7-73ef-4d3a-8f19-e01d11637109,4b6047b9458d58a85f3c90ed480ea9b7,TheGibberingGibbon
5a631698-74c5-44e5-ad17-973cb8fbaa69,a1e2de80caa886044f4d26577e893314,PioneerPangolin
c81511c6-63aa-402f-95f4-3fd5e72ab30b,12a2c4b19c4b01f98e2efa468e6fdd13,TheMysticalMeerkat
7c06108d-8abb-4e30-9516-bba43fab2211,b64cf854d434f28fc18b18ba3e33d283,TheGallopingGazelle
696ceaa7-96a1-4a92-b59e-e67f66fe2dc2,aa8e3a26ab8fd59b952ba51428e350f2,VoyagerVulture
19a05291-cf12-48bb-b12d-faeed033080d,5990ce0b4166861b4d9d546180c9579a,TheDapperDolphin
2cf9b8b1-8cc6-4139-a894-fb7b06e1a56c,c2021c6a70894553f4f1c7b78525a90a,TheLeapingLemur
e1d609c1-d48e-4c85-8617-00edbaf55275,e655524d481bf39a9cb5acf03717a461,TheProwlingPanther
6dc7d589-73cc-434e-aea5-dd7a9c3e16b6,eec8b7e1dcf285c2f5ad71ffe4567ffc,LieutenantLemur
cd505749-4b4e-42cc-9509-fbc08dd782ee,ae9e68dede81af8cd45e0ed10a7a6e7a,PrincessPanda
08721a2e-e8bd-4ef0-826e-de881f1a6083,5d14bc0cefc59fd5319490fdda7b5b9e,TheGibberingGibbon
1bed2418-1a17-4fcc-93ee-ea542f578579,06a196df2092be67f5c0b701f17d48a5,TheGallopingGazelle
90174cd2-bd5d-41a9-bc63-31589f697f22,61ab4aab7886f2e84f8f456d3a580206,TheFlyingFox
7c7c7081-e4da-46a5-820a-d43e692db6ca,6c6d1f1ad4f83da9a217ce44918c4502,AgentArgon
063ad68b-7065-448a-9a8d-9a9171ca1279,d852f5e3215e9931e2dbd1f2e5ab0e37,TheGibberingGibbon
3a59e7ab-5329-46fc-8278-56ca77351960,7e613d2372d53dcc392a57ab9f786337,TheBabblingBaboon
a4b7f1b8-94a4-471a-8bec-ef78558d3dd8,3c2d3bf8c57849c0a607bb679150f105,LieutenantLemur
7697d1a4-de26-4349-9871-3c0ad7f10e2c,3585d27b48f71277daf3ac6b516bdfe5,AgentArgon
1ec9e572-a64d-4b09-a729-64c0bc48de62,64933023b812fcec18640c3017c9f318,AgentArgon
2446adbf-d18c-43f7-8591-6520e30509f2,c1faaa507aca380264f2cbd9d244a625,LieutenantLemur
759da6d2-8887-406d-8b45-5257b8bfb613,b7be9c9f054b66c2d9b245c1c137232e,MajorMeerkat
39b7799c-8ef3-43a2-82a6-ff07f0582a9b,6076588e353d8b00871627cca3116862,TheBellowingBison
7492ff56-5fb6-467b-90bb-2d4e7422eb3e,c970ccc841c5c1b8586a02dedf3ff4f9,TheGrowlingBear
e9fea543-9154-45e4-82ca-b02f78f1b0c8,df7f6ac14bf4a10152d628dbaedfedf8,TheBouncingBunny
178952de-a613-4d3d-951f-60a3fd26db39,d9a789fa6fcfe37a00d1ac9d0cb8e0f1,TheGallopingGazelle
f57fad86-4a6e-4d84-ae4e-0b6af0795833,4d3710ad4499b728006d637361363eb0,EnsignEchidna
12035ef7-cdf1-4704-8a7d-40368ac49015,c0859c716ed6e093d97524f5cf2c0efd,SirReginald
cef24d80-bedb-4c89-ad0c-da4c655ab2fb,adaaad2db08f2cd692c91a02b053739b,TheSillySalamander
20b1a99f-17f6-4cb8-9225-426057b1d832,331ed158b394ba4802a3eaa38cdd3bc7,CaptainQuirk
ee8f0d41-5676-49dd-b44c-4d450375ab8e,19f9e89d6284435b6b3b0d5ab7baed5a,TheLeapingLemur
5c7c27d3-aa28-40aa-8804-f3aef3d436e9,1eef7c4631edab70cd3295cdfd598439,TheWhimsicalWalrus
87b4b356-7dce-4cf4-ac60-4b71f6cb3827,57a8f638b19ad2e8c3042bacf20ca84e,QueenQuokka
755a1374-c7ef-4489-ac03-78acd773ace9,471602361df7ec88e90c11af14a44362,CommanderCobra
efab623b-0772-4fde-9e7b-a63f605a7ffb,b015e2c36d8633692f3924f6e1ab9b48,ScoutSquirrel
d84f910c-ea5f-4a46-9ea8-1e62584b3ffe,ae8b3e3b9ae5295cb06b2d6f8bc9a6e6,RangerRaccoon
5b92c49c-8f73-4389-b71c-cfc085b6c5b9,88c6729bc2b0a899b7ed4bdf1526a53c,TheGibberingGibbon
f944b440-5c28-4429-b533-a374dec99376,7d45b28054bd16d6582333e63860255d,TheBuzzingBee
6c003c08-8546-45c4-a3dc-eb441cd7aff9,d40f1593f28f418e8ddc9af5dbd56e0f,TheSnortingBoar
f1efc8d4-0d53-4d42-a394-0aa4af4c1d0d,ecb670d1d191176d830f615073fae06a,TheGlidingGecko
e9e002f2-3860-40d6-86c5-8c060d9ff8d9,704e79c0be6abe32c01d38c621c607dd,TheWaddlingWombat
7ab5ce63-ebe9-446e-a043-d068787f1858,c54297ce7451ba1c9a2e6fa137de6adc,TheSqueakingMouse
8666e81d-52e7-46f1-9000-6fd0c5e8c46f,24c816c0311fa0fae355a819da3e1a95,TheGallopingGazelle
5220def2-a203-428c-83d6-ece7c2b62525,f0e1bc5352de25013ede8f8af2c55869,TheMumblingManatee
500ab0b3-706e-4eb6-bfd6-c042d06648ea,a3b795db570c463990f0ab389e612846,TheGibberingGibbon
90e35c9d-10a9-439e-827c-c73e805bc269,f2ce6d4741d294c3c04f5725d916f55b,TheSwingingSpider
117f0b23-167a-4c3a-9686-9df3df978489,28d3f7f198828f9d1a7dce12472c1d71,TheTrumpetingElephant
eb55024c-b73c-4ef8-ba3f-0e058b0edb49,ebbc5eb1e14db8c2db330f1ef1ec1bb6,VoyagerVulture
0d8fb568-8dd3-4bc1-af63-e4021e9d1c55,04c5dbb18ffa90796fd8900855eefe9a,TheBellowingBison
814ccc60-7ae7-44ba-a40d-a517ff0dacb5,aa614543e7ae1e142bca9796c87a4eef,Dyldomfinch314
d23cd47a-de2f-4fdb-98d6-996593e30d84,98fbe4b06a95ca85d2581ad3911a8a46,MajorMeerkat
418da0d2-7d42-49a5-b8ce-399be68e7a6c,03bf78b7cf155f2e3c363d8529f6c6d1,RangerRaccoon
2163154a-5745-407a-a55f-e2231e8bf38f,273bb618931dbb63cf4fc14b4c622d1b,QueenQuokka
59b12f7d-6e67-430e-ae0f-633c53b6415b,f6eda87b3f36f5216c31520de43e87e5,QueenQuokka
d46c804c-61a5-4e57-8d12-5ccbd11d18ff,2ba2e2d47e2a73e54cc319bbdb9d18fb,AgentArgon
64106ae4-e996-43f1-9997-45b4b914eb05,8b7b5f0203bf21317b66d9a70582c1ef,DukeOfDoodles
2ccca150-2fb0-4ab5-8755-cb99b5fd196a,1d4ae34df28bee4f1097cae8ed91e6e7,TheGlidingGecko
581f5d8d-de03-4195-9197-59d68f23ca83,2e53c7ff8b378a421ae9cd7b60b64859,TheZanyZebra
873aae0f-1fa2-4dda-881c-70ae3a420322,7b5f1910d994cdcc5e3acf5141703d5c,CorporalCorgi
3812b9f0-64a0-425d-9aef-73b551e4480c,71c3404f917fe9ef8944b9e663a4147b,RangerRaccoon
fa38539f-62c9-45e8-9e5d-bdffec9a78d2,b4f849bf99bc215d9bf804137566b359,TheWaddlingWombat
0c7dd769-b0f1-4053-aab1-66be137911f9,716b40fed9b01b77bd72f69bc25299ba,TheWackyWombat
c4fdc1e0-8695-42e0-8e25-0b8a2b40ef18,5d9ef3ff7d8b72e60674b55ae52c7f0e,CadetCapybara
5dae4c55-5d97-46cd-8ca9-259c475c9f50,c91d5d8455bf6f02e1e25fdb8371cfde,RangerRaccoon
a74ec8ac-b35a-4bc0-8945-d78e0404bf28,30d5618e57b26274871110b4f0c63cd0,CaptainChameleon
8ec5eba8-2c79-4796-a505-8d49188467c0,80c9f30282ebd051bf7c9b497b4f6a37,MajorMeerkat
352e7056-dd5a-4476-ae90-71a5df8109e9,b88c4d2635e0781ea9b67651158a30f1,PioneerPangolin
32501ccf-b16a-4682-a587-b381bb244fde,3fb34feb108eb59c6a5a96ccdbcf1d52,TheHowlingWolf
3e79d546-8238-4fde-b017-7d1f9e611128,d789e4bd03a42734b661cae006e15c44,DoctorDapper
a4cee234-ecae-4ee0-9d62-02291f21fcc1,4862505ff5e0c78b326a0326b43605f8,TheBellowingBison
e2ea5c45-804d-4396-be42-bc21df03350f,0d459fd89d6e897eaa9f158d5de8f295,ExplorerErmine
8a374d6d-85c0-4d8c-9e24-5b358391ac9b,9ee470ad3152a79060fc909898758cf4,TheWackyWombat
b574c172-a15d-49d5-b071-79048e9af49f,6546fe61186239c87478c48e5d78e14c,TheChatteringChipmunk
23012d74-ab76-4069-9a0d-b3953846ffd1,1a6743f3a241350a1b055f46fceb58d3,TheHootingOwl
2ab4a5cd-35cb-4d67-b9b6-87338f462130,257b1045c1a096fe14b150660ceb4e3c,TheMumblingManatee
04949cd1-c153-427f-9a84-af168736a607,216102fdf136e456d51b7a47a4397d62,TheQuirkyQuail
f0eb0078-d3f7-41f0-9bb9-7d403f2ee15d,09111ac6ebc48e3f5da68fc3ce9fd738,ExplorerErmine
3b5698ce-e0c9-48a5-8748-65588dd568d1,ecd3b0e7fedfdf3927c21099c2830850,TheSingingSloth
40e988a6-05fd-405e-b920-f3321313ac5e,1397f19d2413e355be3ebf10e9d22001,TheSillySalamander
0a2b95ae-0f44-499c-911f-027f1b9eb0d5,67c9f434615fc621e01637a94481d864,TheChirpingCricket
0e2f1ee8-dfc8-428c-a0f1-ee5405b0e8a5,2a91f12f92fe021900f59eb8b7b5bc51,TheProwlingPanther
4c1d96e4-2dbd-4e54-8976-f1f9487069c1,526a14b2d2f313e604937b47a82d487a,TheBuzzingBee
86e5b8eb-259e-454c-ba9b-87d59e66f7b0,4881c0e9da06352bd1af983a672e055a,TheQuirkyQuail
1eac785e-1669-40a9-9d02-5ef5c979a8ad,0c8bc3823cba4314080085bc1841d5ac,TheDancingDingo
5bce37ae-4c63-4922-be05-b436dbe84271,e3aed4d5457695a5fffefa2c4e59cb0d,TheRoaringLion
a00dbced-f093-44ee-9cfc-effbcaeb4533,7f691ef41f3b76d1319713f7836c3e6c,TheGlidingGecko
b53af829-b3d3-4596-b578-f28709cb42c2,504c5c0cc284681c0b1af94e76c60f24,asapmoney3333
846c7cb6-7231-4975-8644-7e78e32135f6,c12c943949a81e35b1a8140396024755,VoyagerVulture
665adc59-fc52-4d87-9398-b13842dbe4fc,f6478b7bf1f9e6fbae062f912144b969,LordLlama
cb79f1aa-4d1a-4bc4-9465-dc276398451f,6703c8272b2a572f085b3c93103971c3,TheWackyWombat
216d77c5-28a1-48c6-a2e0-5692816ac4dc,6a43ce3f066b002ea34867b42c975c19,PrincePenguin
68ac35fd-9ee7-4e2d-a142-dddbdfefd09b,60197a6d8ec4a205d22ab4203f64de7a,TheGibberingGibbon
ec512193-c294-40d4-963d-96183bc0c65b,fca7946c2bb35d2b33b21f9e2c36cb50,TheLeapingLemur
654cf4e1-ca98-4750-a0c6-fdd641eced86,f3c44d988d047cdd1fb92589da32fe39,hsgw
9d00bc48-3561-4025-82dc-a34ae99d906e,0be9b8ce09ced2b9d2b995bd4a0511d3,TheFloatingFlamingo
c0fcd215-d087-4ead-aeb7-041d1f1321b9,67510984842ba157c4e6e78f7387fe0a,PrivatePlatypus
d9f6936b-07e7-41dd-96fd-f347550db210,a6079897a03ed3054ff7f82aa5a6ccb6,ThePrancingPony
f922eeaf-8c5f-425a-9321-35852ffd730b,4a80885a469954b49f7f08043c249729,DukeOfDoodles
1f65fe7b-33f4-4120-b606-34c92c607a97,6c14185612b0bdac45318db95e3b387d,KingKoala
07540bd7-070d-4001-acaf-c61283251711,6f8421d78aca7c29ada6334974f51aa0,TheRoaringLion
d681623d-697a-41c5-a815-21b80c46c86e,60f74ce6358eca84bad12e73b860ba85,TheGibberingGibbon
725e7af6-553b-49be-baa8-a3c1b64377cd,b42bc1db2ce68230004c33d43cda8ee9,The_Moraxx
8b6e7806-63eb-4139-87f2-4f9614c62b87,e1c8f71c5e9aa92608ddfd332ce15010,TheFloatingFlamingo
4c351bef-3a1c-49c7-9b9e-817935a164aa,c879212037cda99a0e4c0fc4cdd8d5a6,TheChirpingCricket
20d68777-c824-4821-9511-a20cfea06d1c,3f44f31e73189182eb17f70aaf42af1b,DoctorDapper
e5565782-78e5-455e-a89d-fcd5c4095631,0e4f3d142e89e025057dba2d97ac6f62,TheDapperDolphin
380599ef-215c-4d3a-a21b-b6ee2a1ec150,c3788f51d71804c69599e3c498a1ee78,ExplorerErmine
6a86e8bc-9e9b-4976-9ce8-ec45ca1e4daf,a9493edbfd7843b8c9c3851e52e21250,AdmiralAlpaca
13149ccf-d1b7-4c44-a889-177aa0098e83,4c1273069e0da9b784f116ad145bbb68,KingKoala
80145446-bfa5-478e-b9d9-5721a666e116,d508020c4a7e4d61c21e9ef018f71702,TheLeapingLemur
926fd96e-84bd-40a4-86cd-f528ece42995,b5a02f37a24f3a0b58b5dd7fce2ec244,ExplorerErmine
8994ae2d-00ca-43af-8ecd-2290df6e3438,ce9add1e9babc0277702b710e7501844,TheSoaringSeagull
6786f867-1e07-4cef-a533-8d3eef095a6f,ed617093f6cd5020f004748882d1aa8c,MadamMystic
4262957e-4a27-4c63-a3e1-82f49f195242,3a500757f07a87fdd53678af9f6cda3b,TheJollyJellyfish
51361f23-9bf4-4320-a853-2b2a0186eed8,58d7c9f2719762696cf8acd0d6b25dd1,TheCroakingFrog
c579cd1c-4fca-4035-941f-935c4ee35c09,92f916558c3e67086ab209c3f1f13f8c,CosmicCucumber
257862dc-c848-4d35-979b-9bee1a77050f,0fa9194d025e5ee41a31e36281a32f5a,kirpich
c0811c82-d493-48b2-8ba3-744ce15177fa,661370e0cdf23dc7649c4e79b815541f,PrivatePlatypus
885c3f26-7ada-49e5-ac67-d72da483c620,e6eb2fbc546c3ff94b66d0cbe6d840ef,AdmiralAlpaca
8577f75c-daf4-40cd-afdc-05f46af627b8,f7f31683e52558ef2d2d61d3ebfc2859,CountCatnip
d3e51c59-e1c7-4f7c-b267-0846e5ce546d,1d42de8c1105eb6af650b28dbeebd67b,TheCrawlingCrab
90d316dc-dbbc-4bbe-95dd-064dc834b868,9746c580798d0de4306ce2f240c38a69,TheLaughingLlama
21f09041-b523-4a2a-a3f3-e028afced849,481264dad88e103164ba3b797f9a6062,TheCreepingCaterpillar
0cf2ce06-f8d7-4dda-934c-2a629c9d1e6b,d15b5033eede7a264b346390bc88eeb3,TheProwlingPanther
8383e1f8-d87d-4c97-adcd-232eaa68aec3,33d7c8a1728b82695b59777fad5dfc26,TheRumblingRhino
a12b0bdd-95e6-423a-9b1b-b4fe288b27a8,7d4df0630a59e058d38542de03def998,TheCroakingFrog
75d2d90f-6033-4ae6-bfa4-4f6e8164517c,c25ee74c69106a98c2a35511c9ec6759,TheCrawlingCrab
b1353c39-640d-4966-9932-f8cee80d5035,6a577973bfaca9c4096afe5f4eca33d8,TheGrowlingBear
63a82e0c-77be-46ab-9a5c-52e7c4f0afc1,97915ac7523148928b5d74bd4a6bbe76,EmperorEmu
58874b6d-1bc2-4bd1-a891-8d7b67e3f055,78dd52defacc13a4b646addb7458fea6,TheCroakingFrog
3cfef4b8-1fdf-4e4d-8dcf-3ca101952465,6b24ee939372f93947dcea2809234eda,PrincePenguin
ea992440-c910-4206-8f12-35cb5d965fbe,fafdd31993b448b20e6c1d3fe3cdec05,CountCatnip
25047e2a-72c9-43c4-83b2-a202da8cb9b7,28cf9f9e9144e4b7d09843f4b86a64f9,CosmicCucumber
bcab4723-dd69-4b6c-8006-c42a2bce3535,694c3fa27f1d1c7c8c3eeb06a3a9fe85,CaptainChameleon
b6181c1e-69f4-47a8-87a6-9d072e56012c,973ada6c2f607a736dba1cd690b7c87b,LieutenantLemur
e518bbd5-df17-434a-84d9-a7e80e692d14,acef317c6af692b0f19bfdd72f4b9c93,CountCatnip
3af4ef36-e150-425f-92cd-019df08546a1,8f98aac0e86f31945de8fae78825425f,TheFunkyMonk
bcabb587-e814-43f2-86d0-7f68c4fcec4c,15997aa272aa8f416d9fd97021451bb6,TheSnortingBoar
bf46d4c5-c755-4372-90bc-b4c72752747d,46b74c86878af614c7d23839f8492c25,TheSillySalamander
3cdcac86-31fb-49cf-9a4d-7930b411b254,ed1867be156fa62de08887d7314e11cf,TheJellyfish
8fabe44d-0327-4cf3-b49c-1229a3d1e2f7,461e460441e3f48d52d920a270740e9d,SergeantSloth
a7e57a9d-f2cd-43d3-a5d2-6655351ffa64,359ee2a56e75c037efa477de1b8993b7,TheWhimsicalWalrus
e9900bb7-9a61-417e-897c-9c51fd97c81e,86cd2123236e8a140cca5d49d0fb86a8,PrivatePlatypus
17e33f16-f0a1-4d2e-8969-6555c6eed104,64ef401b3b36ca974557c63b4357894c,ThePrancingPony
5a9b98be-75ee-4baf-ab66-8a569be6d633,d01a4a2f11d7226e86ab2ee6826f51d8,GeneralGiraffe
82d93721-5bb3-42df-88da-6eed81c1a0f5,3fffe36bec07d2792f2c993e965b3a25,TheBuzzingBee
d75ee253-ca03-40c0-bd26-c480978c4633,201636b42b544fac656545c1497e8979,TheGrowlingBear
9a23690c-5d46-4d23-9785-32e4feb43a82,44f935e91eb2b2f500b8acf0a3cf6fd2,TheCreepingCaterpillar
66f36fbc-9c21-4235-ac2f-b3c68cad21a2,a335ae6f5bb9d1ae61a9886f118bf340,TheFlutteringButterfly
874eaaff-a82f-481f-adc8-88cc197d0c16,27d46598243f12faf514419d18a14663,DuchessDuck
af85bc90-3346-47ec-beeb-a462f60c4650,89186e6ce8caa27d61be74a7294cedbf,TheWackyWombat
d883cea1-ace1-4d0f-ac2d-af2938e0b050,9337b4d9299464102b1db95ddd39661a,ProfessorPixel
22ef194a-70f4-4a71-af0a-476134ed1e07,db94c928645f44acb1b892d7a2176300,QueenQuokka
c3fd6753-6790-4f09-a92a-e59c5342854a,323f4e98ff8e25abccb971e14bf2df0f,TheBellowingBison
66e66f9c-92c7-4f1f-af94-2db80e19dd6f,3815e0eeba7a93cf0c14118c8dbc5198,TheZanyZebra
8d7b4789-dd87-4a9d-a481-3d9202ad7785,797be55a49f40fcaff1f0f6e1bb780be,PrincessPanda
9e16b375-e104-49a5-badd-5f2097c862d8,25c4fc733548caecbf7645ae86d975df,CaptainQuirk
b80dfaf0-9313-448a-badd-f03dc57d8cfc,11943dd6ae9327c2db494c3f3dac793c,TheWhimsicalWalrus
69880878-04dc-4e39-aa24-e597da1c7ada,0c37c154286178de4bc4e77c7e0b0a53,TrailblazerTapir
d1ac0a0c-6a45-443d-83b8-045ce361103d,a44ea04de385395db59d5a6a23477883,CommanderCobra
af2f5807-4a47-4d68-83d7-81039c41f479,2528b9edf058f36368ce2049e732dd81,ProfessorPixel
97549347-819b-4210-8ff7-dc00ef1c4b68,c797cba5faa838511c6294e1ede37384,MadamMystic
a250f473-ee0a-464d-99ea-76bc02da2820,99fa6c17c8c8c8190aebfa07d50953a5,PathfinderPorcupine
3488af41-c44d-4b83-827d-cf67ce18dc6b,792ad80a9645eacfbbafeab120c83b21,TheSqueakingMouse
683d2d47-8917-4311-9d96-246c8a1a4171,40eefe5733002b7c810978475c0cb1c4,TheWackyWombat
ac047f9a-64a2-4fa0-b8e3-19ed90e61300,91df6ca92353a3ed07ee59594e28ca42,ThePrancingPony
0bde6193-4fc9-48d5-a02f-4349c8748667,7918704e3dee750c50994fe69d97c5b2,CountCatnip
3e0d6894-d44d-4f03-909a-dd61056a596d,0ff66da423e3da614466b14379c35e84,TheBuzzingBee
81a5172a-5c03-4657-b963-bcc973348261,729cfafd483ad02e91f6d8d14f9acf1d,SirReginald
914f66da-6930-451d-a2c9-14413044e734,29885ca5c3725df6c1fa0c5660bee419,ProfessorPixel
7106da94-ac60-4c8a-aaab-35fce8e4427c,007cd535ca00b7e148fb47d05eea0e69,TheGrumblingGrizzly
dd177992-fe8b-42d9-b294-946426beb9e1,6f31561a034194811093e62d2868f802,TheFlyingFox
dbd1233c-8e5a-4ae5-87e2-3a10ad158f54,be03a405eb835f70ac26672ec6870a4c,ProfessorPixel
1641c7f3-f023-43d3-a99f-30f6871cb26c,a129c1447ce1108375eec70f3e8f9f2b,AdmiralAlpaca
21bf705f-a8c8-4b57-a72e-6422c061046c,bd8ffc63f826cc7f3791aefccbddd537,TheChatteringChipmunk
eaf1ac9f-6c31-47cb-b069-678f495fb8b6,38e87b4eb4290341fd9cf33692acf36e,TrackerTarsier
c05f6fd0-8d2c-4b81-b4f4-aadc25eff379,ecd1663f117090210b917d155533a2c2,TheGibberingGibbon
92e87d59-4af7-4d85-a243-8f43a360f78f,8aad46f47f1a53c86aba885769396468,TheBouncingBunny
5d6216e9-19d2-4f61-85ba-bdf6784a582f,34e24bbe73714da31db4405f60efb03a,PrincessPanda
316a8feb-2633-4051-86ab-20f4cb20f4c4,62dc82002092975697e1a9c8fa5e998a,WardenWombat
7397f85f-7bdd-4dbd-8d95-aedb363c98f3,e22b8ef66bbedc9b813c11f5324236c8,TheSqueakingMouse
57a4496a-c02c-4c9d-a7a1-456fc8ab8837,b5f629a35522c9162812a2b0a1d7ade1,WardenWombat
7bca7ec8-32f0-43e9-99f5-3e23f6d6785d,c3e1b4cdbbeace2a3834cab277ba2e9b,GeneralGiraffe
bda48858-4389-48a5-ab31-b5df100a811a,654668488f27efe36ef466b2e9215157,TheQuirkyQuail
b0a58a85-5655-4243-840d-4df5b728270a,0e6cc98ee181a5c4beb2c9379cbbb5e2,EnsignEchidna
e23e1318-dacb-4b35-aff2-3f51e7840598,6524d1f84e45350842fd319d31fcf883,TheProwlingPanther
58cfab84-c9f0-40bb-898b-9311a3da2344,760d8667eb5d4b5b812fcafd6de91cd9,TheBuzzingBee
adf9bcab-2650-4e8a-bf03-8134259168fe,332d175a1b8ac8db29fb26a1b9dfd023,TheFloatingFlamingo
2f463f9b-102b-4791-af78-e4f47e5b3735,3e5464f8148a0e1db277077e3c5fef24,TheSwingingSpider
dd06e7d8-c973-427c-8b13-c881e4b77760,9697f5eb8234831f3149b86f8346d891,TheSoaringSeagull
8203cbd4-e8c8-4f15-934d-190d911fe7c2,a54e7eed82c4ba3a8cff4da99f1a50c9,WardenWombat
544cde13-0855-413f-a36b-f9b3197b90f4,d48fd02cba05732afc02f8737ad8fc59,SirReginald
1879dbb6-ce16-4ef5-bb38-83143c3fa247,046321f906deca8ad03e5e7485c46e25,TheFloatingFlamingo
8f82ec20-7e2b-45f5-91de-673dcf059e0d,5315c3e5aaf88e5d0a5714f41d96bd14,TheChatteringChipmunk
786491c6-fb16-4394-98cf-06020bab69e0,fe3cf1a3ba1e2444fd70c7d20a61c331,DukeOfDoodles
8670fb46-1c77-4660-819b-e49f90db3648,2a73951bb55c3a6005ac4c89aeb3acd4,CaptainQuirk
f6d96443-b6ef-47c3-b22b-04fc8764d86c,98ed78c902982bd801baefde7068a97c,PrincePenguin
688514a4-542d-4da0-aa15-234731602c05,dcc6e79c1e038c7feb5877229360df8d,TheZanyZebra
4a52e6f6-4aca-4495-8992-a167c989eef0,60454bebfd6b79973e57133083cdf3b4,TheHowlingWolf
9234241b-fd63-40b4-b1b8-71a3c97b719d,513ab15bf5c91a691fc55d89b35edd68,CorporalCorgi
f8ca9bdf-585f-46fb-b858-0db0c14f2a3f,bdde511450c719752a473a1e1ff4ba00,TheSqueakingMouse
e5b5ac31-b154-4614-ac34-39bf863c22fc,061f61111530ee25dc214d89f004efe1,SirReginald
c49af986-0a0b-47a7-9dc9-d68aaa6fa849,eac7f7fa14d5cee2497dadef94c12b21,PrincessPanda
f9a17c21-dce9-462b-8169-deb08adf57b1,d795880861a68d669097e568433b710a,OfficerOcelot
7c067fc5-93bb-4913-923f-cded3ff2fd4e,113258515e3ba1113a3cf893661d88a2,TheWhisperingWalrus
0abf044f-f82a-4baa-8e65-f3cb3b7185b0,cd61c6ed9db81f4cb438b77f5459006d,TheRumblingRhino
91c17b74-e11a-41f7-b337-34eef8480db0,0ad9d89312a563ed76b38ba0cdc731c3,CadetCapybara
2d530c0e-6019-42f7-8de6-67494effaeab,8061dcf752a9335cffd6bdb10e781d6b,CountCatnip
5b49c885-920f-48ee-94a2-adbd4836d4a4,bd834f1afabec557435b8ff71bbd66ca,TheGallopingGazelle
b60abbed-5810-4a1e-b962-0a1dda8490d5,d35a2d277bd3de1b2bbfc285e173d728,TheFlyingFox
ce48e835-3cfb-47ff-ada0-c49f6bb13fb8,0b2a095351788a51d2ea729858f9316e,TheGibberingGibbon
01622cf3-129a-4903-af6f-7fb32b9c3c14,a15389c4966d55f4e17b1e3a5b0e0a97,VoyagerVulture
14e7b835-c43f-4e56-ac17-ea82ddc580dd,74f485dfa4a70e313d0041408c6bbe04,TheFlyingFox
f107a5df-227b-4985-9faa-ecd05b632f1c,dcb761b9b6986fff318efe3e18896c9f,CaptainChameleon
1d2db525-3684-4ed6-8798-1bca73201183,0b0ed6e138450e270db665aebfd8ceb6,chikin_nuggies69
bc386361-4091-4f87-9d29-1669304005fd,d86cedef2957b8dfb7348ae50d18a219,TheSingingSloth
9363b577-2429-4aef-b20b-7c6183ce6e0c,72c337160567843ad846c8e5c24c71b1,TheZanyZebra
9ae4be03-7832-4bf8-b12b-0157cb39f95e,cdd2bcaddf0642fb504b44e250ae6832,TheQuirkyQuail
c69b88fb-7708-4482-919d-ce353bf5ef55,19bdc9c77d57223c23ef6dc3a924f826,TheHappyHippo
ff4278b6-b40e-4b18-ae8a-a46cc61b9d01,8a7277c4137345ed1ab06a97321ae842,OfficerOcelot
49adf641-08a6-4600-8eae-edffe3d533e1,c32a6b61d66e3f11ff9e081169102054,PrincessPanda
2c79f0ee-6b3d-4bba-8ebf-b2171031ebc7,23985c68642a8b6e44cebaa44938147b,TheFloatingFlamingo
4d2b2ca6-4660-47e0-8f6e-8793fc35a99e,440519093d57985157cb6b32e37d209c,TheHowlingWolf
1d70e799-95fe-4e8d-a58e-b25c3d5dbb77,c43099a47f8cf90568e1d4113f2a5449,CosmicCucumber
4641c3df-7c8f-4b9a-9403-5e3224ca9700,b821ac5afc7501fab4841e8ccbc0ce5a,MadamMystic
3c83b9c7-7bac-4faf-8d31-2bbca4d2aa1b,157bb5e47920eb5ca84375a7c8eb9f5d,TrackerTarsier
12df791c-d478-4ade-a6bd-fc41326765c2,ffd4f973eea2cab2862660c928be3c13,MajorMeerkat
d6e9ba0e-d3cb-4cb1-b9ec-a710804823e6,bc591d15b6ef3acfd00417f88d2ecef1,EmperorEmu
4c5bb39d-664f-4e3b-ad81-eadd5f8dd07b,25b76746a57b666068e1e720fc839482,MajorMeerkat
a2651afd-b299-427f-a136-1ea19861b969,c418e3699c4560b444cb6fc68f170dd9,QueenQuokka
80982c48-c896-46c9-901d-0a176e1fbb39,04078efe99dafe64b1dc93410e29899d,TheBellowingBison
4baeaba4-44aa-48b5-9b94-0ff665017e0f,78b4f685f0bd0e23ac33a7d7077d0567,QueenQuokka
09d905ef-ea86-4dae-be0f-446d6ea0a8a4,942722e8bfa944dee1abc8fd1195ed90,PrivatePlatypus
5492adcc-071c-49e5-98ae-2a4ba1589baf,ed73b542341328b393d6895d5ef4c6c0,TheDapperDolphin
1ca6cead-d209-4e70-9bbc-26a58ba7cb5a,e9a4d7fda3e70d30762eaa49bbc77da1,TheQuirkyQuail
a1c5332b-bd43-4b38-b7e0-eb8be721e46b,dbdcc760c4a78657941fcb51ce707a84,ThePrancingPony
78a32146-ead4-45d8-b971-297de75bb65f,16ef41692b76a94eb7d86d670510e89e,PrincessPanda
16650b16-7613-40f8-ab40-2785d413bc6a,f18dc71ed02428c3595aa9b897f1f317,DoctorDapper
f5b6008a-447e-4d38-b7d1-a088e7e1cadd,159ff10a668dfe0b8c350f49acb2283e,TheDancingDingo
2341c5ac-3aa0-44a8-b760-2c88c4c673d4,dc3446396bf2368c870cc58639156047,ThePrancingPony
96dba536-92b3-4b30-8e6c-4dbc9dce1140,98e9cd3379bb44a358af48b459c28f75,ExplorerErmine
1bf68fb8-fe7c-47d0-9141-611b34ebc907,b33d167a8b6f0b40c451753c5b10a572,CorporalCorgi
cab1a280-bcb7-4016-aa88-b4106c7acd7b,931b77dc335be4968899771be563de6d,PrincessPanda
a919dc3a-ba22-448d-9f87-50014ec0470f,d1c1d235bef2809c5fdd1adc0a9c3fba,EmperorEmu
c0d8fd01-4de3-4428-8551-d1b950e125be,fc588c026d1c8a05323604e5d4818e2a,VoyagerVulture
fd158ee7-b64e-403e-8961-23f0b4bc26da,fc3d61037c37a43cefa6f2d19b30e367,TheBouncingBunny
7b75d403-8561-43f1-a3e4-6bbf093dd0d9,6cf62762de463a1c94d581a37638988c,TheDancingDingo
7292353f-dfe2-4f5c-aa91-5b9476293dce,56425a2a020748f614017f73b5c47e70,CountCatnip
e17257cb-7bb8-441d-aaaf-c87292c7cc53,1b3a315708aa67ebc796ac607fbae43d,TheBabblingBaboon
4d4099b0-0c27-441a-881f-f3339d08d9cb,8edcd4c16fafc52fefe3a292586f4c08,QueenQuokka
2400ddeb-3fb6-4e27-a951-38024a209b3e,cb21f7112390ff96fbca1484f7700d21,SirReginald
7d4c6486-e7e2-48eb-af2f-578c7a09b837,44ad63abd93bc1a3a3d13a49566dd64e,TheWaddlingWombat
06a893af-85fd-4ea5-aabc-d6bf176cc6fd,64a2431278cc819ded80b2a8fdbe620a,TheBellowingBison
55359d8f-2c06-4ca1-8846-816d52a58bfa,c8d025fbc980a0e7895b3811d2c41c01,TheQuirkyQuail
49359214-59ae-4e24-bb04-ba2fff70b98d,31dbc329a05d8e53057d6b50a659b44e,TheWaddlingWombat
00755f24-c55b-4447-ad3e-a15d12892e27,f22064bb0bf0617f2e6a9ef0c8e9e339,ProfessorPixel
0a736e39-44ee-42f7-a4b0-73290f6bc74b,e9e640e3b9b484a396bf67190545b2f8,PrincePenguin
d1bd80b7-785b-4fa7-b3b5-552a4e5bc662,3cc099f312b744aa58a6ec1c73554b9c,TheWhimsicalWalrus
a818750b-55a9-40e7-a615-bc08ec6c10b9,9588582e73108848775cdf48c029244b,TheDancingDingo
e501118f-f38a-417c-818c-cc3505509478,6bee6505a20456a673c827d511e6120b,TheFloatingFlamingo
b08df99a-5879-4562-bdff-692db8e632af,6925282c87878159705246c0cd90a183,TrailblazerTapir
413e5e0b-1e72-47d4-bd6e-a66cc25a5a08,b0dd40cf7d6a4e519f70da2ccbcabe76,TheFlyingFox
998f6ae8-7b4d-4850-8a91-56234b062dd7,06778302c005fef1b3c7b9a459bcca1a,TheHootingOwl
5ee9a4aa-f955-41a0-8883-57af0544bc21,c17b444f50832fc72e75ed702f23c5ed,WardenWombat
c6017d38-bb8d-4a35-9b92-da757e3ddd1b,f83289f23fdb865735d0bd7c4fa8d36a,DukeOfDoodles
974b13ba-18dd-44d1-ab0a-042c57889bdd,fd5313e9d2d8019bd8829b3921452f48,WardenWombat
72060342-5092-47db-ab3d-f24a78b62573,9c2b5d99376ce8eda3e3bd03185ff11b,TheGoofyGorilla
358fe49f-3a08-447a-90ed-8380fecc2a9e,c5442d2c4fda9daa71b038dac65c9238,EmperorEmu
e39119da-b622-4e8f-8346-b908475ea47a,968fd3d4a8bcd7bad41ef2da4a5edaa8,EmperorEmu
a437f9df-0afd-4e5e-b806-bac265dd2ef0,ab550956473a5e0dbbe6a025c08dbfba,TheChatteringChipmunk
28cdb174-3396-4531-a6b9-1dabf3399217,5b99b1fd26eaf0de869faf7d17bcadae,TheHowlingWolf
d1d0cb51-39f3-4fe0-9e0e-da8276ead3c3,ef3f2ac7b30885748a71eca9377c8deb,CadetCapybara
745f3f45-a973-4876-8764-7943e911bc65,06348655e41d11493d79cf8373ee8861,GeneralGiraffe
082f994a-f50b-43f2-b328-2334fb5edc06,4677a2e1a65d09400b3d7183b88e2b8e,TheGlidingGecko
d50bc1c4-57a6-4082-be0d-d977e5c69dd5,116926c477af11abcc49b2133657e4e1,TheChatteringChipmunk
122c990c-b22e-4405-b607-95d20840268b,60a91c226da1b347efca5f5c2b49687f,TheLaughingLlama
efc9cdd9-b4c0-4209-8999-2c9878943ed5,a27fd76b2ba40b7465b007a9929ec91b,CommanderCobra
5fa4ccb4-145f-49b1-b690-16c072b3a17d,f32f6b5107d8b8a34ac243fa5cc1f293,CaptainQuirk
590a2391-7dd4-4aec-81b0-8e55b14c7113,a3b37058259064c39491ac0d8c9fcb04,LieutenantLemur
e97a4748-2655-41f4-a4b0-7cfe0fb6f464,58b4282362dac5f9324889ec85134b4e,DukeOfDoodles
4958d7b1-83ce-4677-8b86-f9465f5f9bcb,3dbfa83a5c0cd89df722bec723836595,TheWaddlingWombat
48fc6443-4896-4483-9fd9-99da2f9c1213,e343ee615f2f9feadcdea515bcf77ade,TheBuzzingBee
78d298ff-ba50-46d3-9544-ab29999bc270,e4a2d4f4bcc4d94470a723a051288268,TheSingingSloth
e7495f47-cb9c-4e99-b7ac-1c1e28c4e45b,bc384bfe65203cc06a5c47c382363b44,TheBabblingBaboon
976f623d-2b7a-48c0-8457-b5cd4c973d40,462b5865a90c51765f9bd599b8d3208b,TheHowlingWolf
3a996a37-86ae-44fc-837d-3354f38c18e0,b66f2a7810ca02a9cc8237de219f7f2e,PathfinderPorcupine
58f54d44-4b46-46b6-93e6-5e8c8713c213,477c730b80c550f2937df515971e9b46,DoctorDapper
88f0dc89-8d51-4117-9811-9d8db6593bff,b6b716be6564d1e6a6baf4e266682e25,TheStalkingStork
bed3674f-87c9-4e01-9750-e1bf0457479d,0fb14da0baaeacce51e3d8778d5de4d4,CaptainQuirk
5baa9c7d-720f-45e8-a8bc-e1a00c18f8b1,e2e1465a45ba471e296a7ff30155280e,TheStalkingStork
4998a6e3-b91f-4fe9-a9a6-697b1c9aee80,722b80979106414e0c7709ca27c4142e,EmperorEmu
ec2c4844-f5ad-45c3-9096-82cf95257790,69d66a171d53e1937ec09a5a7fd8763e,TheJellyfish
67d7ba5a-498f-4b8b-8fe8-52a63ed0d181,279ba7f706ba83a60da9f8d960811d56,TrackerTarsier
6b58ad7c-7d14-41d1-bac7-fc40a495fc77,4163f12a585f3da8b542e7a9b8f5b21a,TheJellyfish
92644734-efb3-4c34-967b-0dfb5fbe1f00,04c49712ae820dd931ee14f36720952d,TheChirpingCricket
4ca15d33-0326-46c7-98e4-1030f1c98fee,ab76bc63e2e6cc10bedeab2b3734b02b,TheQuirkyQuail
ab2e4b29-20ca-42c3-9e18-7b93707df8dd,8693f0a702ac0a29f7e3d10838e5d2ef,CosmicCucumber
e64456fe-7304-4e56-a3a7-75b13e4e16b1,3ba3eb8a3f6766f9eb358e4bc19b239e,PrincePenguin
b07ce275-40e7-4e2b-9665-468a7f0125d5,88179e4f7cc0ccefc3dfd19d7a54f5aa,TheBellowingBison
1a874d48-8c6e-4b40-bdde-ea15a7ba0a82,a04af6005c486f50965f2b1091a9b747,TheWaddlingWombat
f72172fd-3e3e-4311-9d38-e854fc617d5b,d94866934a2b5b9f7a4a1d2754f450a1,TheRumblingRhino
3694b8df-01d7-4037-8873-d5d42875080a,1d3440bd6438652b028dcf0ecbeb6fbb,ExplorerErmine
2f9be140-3648-461b-bd8e-5770bc0de5ca,c7a9bea8e00a9c53b88ca3fdd34c172c,CaptainChameleon
ff051388-7b75-4e75-a1f3-996b12f6f007,9bbb2ec9eb7472dd8bd332174b4ca67d,TheFlyingFox
36d5407a-2c1e-4416-abc7-75e13ec2894a,298204be23a938542ae6eaa977112eea,TheWackyWombat
2a2f2a91-bf3f-4ba7-b6c6-781b45bd1be6,e3590ee7781574990922d0490367d192,DoctorDapper
6ce648ab-9ce7-4834-a3f0-08ba9899aaa8,4d35d8b77200cfca6db4b9865897afbc,TheMysticalMeerkat
e4f2521a-b77d-4a57-92ea-70c63dadf7a4,2c58556e0ba8638064b81579c3688974,TheZanyZebra
3c90841f-f0cb-425a-94ce-82cdde774af2,7bce9d2a706c5a13ceb46f675735bebb,CadetCapybara
de15225e-491a-4f30-a6c0-571c28e1058e,a6e7c1dfe519d8a14a4a1a3309600641,SirReginald
7f662d9b-3fa1-4f7a-9974-4377ac9a31b7,9137b478868fad2462e02aeed0f5ab84,TheSingingSloth
e890b693-3f6d-461a-a9ec-158deed84f52,496f0663ec01dfb389ac041dc5311bdd,ThePrancingPony
ae202564-1618-403c-a97d-564d67a31974,5b7bd7b01228aa3d8569f2159d74c4f0,TheFlutteringButterfly
6bf5541c-f948-4d69-8015-4fd65d51b2de,7690902c9a5ae3dc1ac82987b769f536,MadamMystic
e9f95e6c-cb01-4c99-8d2e-5a751781b172,9574892866a30d3b8e976512196b6e4e,ThePrancingPony
dca7f374-2a49-4dce-9290-ac22b79618ac,a30d66f719e9915192e73c837f525b56,TheSqueakingMouse
963dc14c-e7bf-4d6e-8d91-47bd298c3b96,b48852f25a3c8398431202c88e34af6e,AdmiralAlpaca
644ac41b-d198-4efd-9f8b-9cf650059c49,8d62587a26544493f9bf4e823fe5c2f7,CosmicCucumber
0d1c4a44-454c-4dc5-8abd-f34d54ef3943,5a5b022c291bb362a21ffad3bb7a5bc7,CountCatnip
b2bc1e11-79ba-47c0-a916-ba5ea2691948,58092712f61ce2d5fa16e95f6fdd0967,TheHowlingWolf
9a6738fe-d8df-4224-8e72-7828360ca29b,d6cbcefdca0a07732ea68a06900f9b4f,TheBuzzingBee
2c30d0e0-e4e0-4388-877a-ac9723f29b43,824fdc04ba50daeaac9c8bcbaff34610,DukeOfDoodles
440862eb-4f69-4420-a64b-7ed357b9b715,f27acb7cce5c5bd7e2395a07758adea0,TheSqueakingMouse
b51eaa0c-5d91-4df3-93ad-89ba55a7b5d9,9156410b4c0453bc068d59ba4963eb39,TheJellyfish
6a6a7de2-3386-4592-a637-5d6da124a954,7093dcd932baf82d48fed55f900025ed,DukeOfDoodles
335aaeca-3bea-4579-91d3-3a8cd0816cd9,801b1f572b11b03ede04593b56704fcd,TheZanyZebra
3742da4b-56da-415a-9b5a-14b85ccf21c9,974b5ba14a41fef3f61d5982f5199626,TheChatteringChipmunk
d7a25173-3e61-4877-ac0d-e73061180a4b,303c5ddd665c45e23c4ed5db8e6ae77e,TheBellowingBison
2c004598-22a1-467c-ac20-b4d4e9f914e2,491760ac45737c03d804e4ef9509841c,TheGibberingGibbon
0f33881d-cf71-4a69-b88b-ffb9bbd2c12a,66e053fe270025962383c0fcc16b67ec,TheCroakingFrog
131c08da-a88d-4674-b8ca-3347d560d984,66b6a4d3b867ad1674593ee762faa4e9,TheCrawlingCrab
fc8af0d8-cb97-4fe7-bb72-399def0870d4,412d4504f6cf4983a30b50c18682013d,ExplorerErmine
0aa9012e-0cfd-439d-906f-4c8811f53326,8a62d90720b318dbcc6fea9dd658eef3,SergeantSloth
a0502a49-7f5e-4a36-8bf2-aff9c7400341,a22721c8072d7ef744b6a16d0ff21370,TheRoaringLion
b90b590c-ab36-441e-828e-d5c4caab4586,d136785357be6e857d816cc97ea0628d,QueenQuokka
ecfb90a8-255d-463c-af85-2434fe2f7dea,11fac0b7b24e140e864a52be9dc4b13d,PathfinderPorcupine
e0a10cbb-809f-44af-af65-231ec841e422,46cf315d706cb7eaf92a8f1c3e1ddec7,PathfinderPorcupine
5b93c00c-9e33-4251-b91f-55878d2d60d8,50fc851b6c34a806b1094b037342509b,OfficerOcelot
d00abdb5-91ef-404d-812c-ef6c9282a8a8,4ff4cd13fda43c8a7064337298301710,CosmicCucumber
c28b96ee-5df7-4970-8f33-de1251ca0e54,82883c0cbca927e1f5fc7dda8cf374fc,TheGoofyGorilla
9e83c06a-9925-462a-9b09-5759d6c2fa78,926504fc6122428c959e37b1eb53360f,TheJollyJellyfish
dfd7d024-4403-4c5f-8d70-f668e9ba33f3,adc292cf4a5ccfd8eb72c7b1b6836bfe,ThePrancingPony
4df8f44a-d3b8-48fe-af36-d25b6475d477,5d258dda701fe828397894c0dd2ec9a0,TheBouncingBunny
32b03bfa-0a5a-4905-8cdd-106b9383380d,e672b3074db8f63889819eb3e0e2663a,MajorMeerkat
ad770304-a37e-4b1a-afcd-aeb6af7a2ec5,31a66fa9b52f4aa08993f620ef9e1e45,TheDancingDingo
96037da1-cfea-4155-b2ad-19d48a478d27,41717c40dbc7789dfab24603f6bf7ec8,TheCreepingCaterpillar
1012621f-6d1b-4382-bc71-7a679915286a,53ef2423ca2bb4f301bce6731b85f3ad,TheRumblingRhino
7db7e7f8-b053-4209-8b66-79ab39603fe0,340b01897eb82a4212c9a7c0d43928c7,LieutenantLemur
07ddedf7-802e-4500-8bf0-a2dc97639510,0514128978ee8746cdcf7921107f370b,DoctorDapper
6d328286-eeaf-4b60-a1ad-a6252f1ca7b5,4bb5173d751b54a3bce6479865ca953b,TheBabblingBaboon
c8e6749c-3c97-4eac-8c0e-0c3bcd20fe93,095e8ae58375c73ab7615d8f75b808ec,LordLlama
95b10626-294f-4663-b7bf-f5e4ef541116,77c0e91d43e1d64c4f56693c324281c0,RangerRaccoon
991f9fb2-0126-48e6-bc23-26862c410b89,1517b9e3c05afe0ae398c6e72e43a35d,TheGallopingGazelle
d2aaca6b-8faa-4c04-9774-fafb3fefcd55,cd30a61c1bfe58b9d59f97734dd885cd,TheWackyWombat
00cb8d82-ebd5-4142-a405-4874944faef9,fe0cb86d35742a468028d9f0918dca83,TheHootingOwl
75087a45-bd15-4fa2-af6a-a970862d3ede,4e6cc99b2183c078c7b25a5d5866bf2e,MajorMeerkat
c402abcd-b83b-47ef-8fbb-19757eb3f3a8,ec17e929a6a36af273a65afc5efdae65,RangerRaccoon
23dceaab-1a63-4f19-8cb1-15570f0832bc,eec8e1ea14dcc3c400710b242a4d9e41,PrincePenguin
945cbefe-fe01-4a22-ab9c-612c7b506aea,2ee609b4a78c3509f0732918011d5e1b,TheWhisperingWalrus
746fd3b9-bb6c-48fc-92f1-05f5c5548ea4,0e902139e6daaa6f1f22b2fa8900efdd,SirReginald
a32177c5-108f-4d70-852a-f4a37787540a,4695be1cf01ac6e7b11e3034b29a7b1f,TheGoofyGorilla
ff8a5727-f86b-4561-bf5e-6860913ee105,23ad97ef92c1fe09c01aa53356e0be44,KingKoala
f02f8547-e7de-45bd-829c-2dfd8653a915,b36edf44a2c91a347f66ef2e9cbf3a92,TheRumblingRhino
35fa508d-9f2c-432e-b7de-1f5bb1884bfd,43934dbc06548aca8cf42e0f1fb65a35,PathfinderPorcupine
463c7796-6b2a-4a19-9616-725e69c1d770,fd5ec55ef7e6aa02647dfcf1d489cc1f,AdmiralAlpaca
750e6148-c1a5-43de-bcef-dfee37dfe1f8,9cd16fcaab38cae82dcb6898d3f1e57c,TheFlyingFox
3a6de440-e6fb-4de4-8e99-d58ae970298c,0d85e6cfd6ecbabc7550e10a2892818e,TheZanyZebra
edf86b50-4cd8-40d1-b80c-5d6d41e0754a,8edfde125ab716b8908881ec9c964dab,PathfinderPorcupine
24cc565a-cb13-4e44-baf6-7b7b0f5c026d,3b9f90be38f340a931849ae64746c9c9,EmperorEmu
68d33663-4ab6-4686-a84c-715773e32a12,cadff7051d8e15c1974065624245d8c0,TheLeapingLemur
9d96f80c-28d5-447c-91f8-3c3b2fc920b9,09258b5e71623b245378af196d66d2bf,LordLlama
0052188c-062b-4db4-9d23-4c7547a01a62,e6b88b0a96bc292c26b1e65e817fc982,EmperorEmu
794e8948-f531-4bb3-9e82-40a96269555d,d46ee40bb0c727e904bd0058ad39b210,CommanderCobra
8e63854c-8524-4e19-8cb5-ad96ba1a4851,e80898232b7f27109a17ae9bf2561c3a,TheRumblingRhino
d6c721a2-ae0e-4185-b786-1da81e08bb39,964b3d1842844a7b0fcd1944993b1b8e,CountCatnip
ccda78c0-3015-4505-9fad-edbcc9ac3b51,644aa14e79050c33f13add1085361c6b,TheZanyZebra
6e4807d1-a9ef-40a5-a47c-acccaf95ff61,1f9757db1f324804dc7d28fd2a22aeba,TheFlutteringButterfly
d7fdcabe-18bf-426f-a86f-4bf382f8ac3f,b098cebd9aba65d395899f2a26822dd1,TheSnortingBoar
f0b1b7ce-f2dc-438a-809d-cb4f2b5f1db3,ffa7413bb2c8c1a065b9d23bbf8989af,MajorMeerkat
e0076f0f-8524-4410-99e4-6b26c45f7880,951d9ead0addd34c6a0cf9fa80035700,TheJellyfish
7a6b0bb9-5e30-41f8-8cb8-8e6c5be2a035,deb258448ff7003f7ed767939979d71f,LordLlama
f8ce50bb-4d8a-4150-9dc4-0fbc4749c787,f142939c795f8b93b08753c3db6fdedf,TheZanyZebra
883a4bf5-3903-4af5-9260-08652588fe94,3bebca022706d8f9a351fdfc415917ab,TheFlyingFox
1612cd63-45dc-4337-b767-56fee5e1d4e1,568ac80b2fafda44b2f1a45b8399f03b,ederto87
9a1fea94-9661-49b3-a8f0-f4eff888b31e,7d5cb6d6f232cddc45df9cc64b74ff03,RangerRaccoon
3ca8ef27-5906-422c-a9cc-8325aabc5a13,f36dcc2fc94db3584fc20baa6f57db78,TheCroakingFrog
10c74dc8-c32c-4765-8e79-df32fd9469a2,5f3207dc29c6250b6c3478b0aaa02bbf,TheSwingingSpider
8ca6f23e-e580-4b4b-9dca-6299d698b4f2,7600f0a1df9cb4f84ce6bfd828221814,TheDancingDingo
c27f13ba-34e9-4f6d-bc55-7f571fc8c0e6,36e8bdc5153d855b972a900b85140030,TheRumblingRhino
a45a69da-b830-46db-9d97-793af61c79f6,a1298877021799e489c75404a2c7c097,TheBuzzingBee
6f25d7f7-f90e-4f77-9ae8-7ed5d8c6edb0,88c72ec868ce72b79a1838597f02809f,CorporalCorgi
c14d8187-7462-44b3-b503-a7d85fcdc8e9,34b80743964ee6836b082f8c134306d9,CommanderCobra
bcc6fd3d-98c1-4e48-84b5-78630af42734,9238e09a2709d1584899e2989e202ee5,TheLaughingLlama
bec80ca5-3777-46e4-a2e9-45038ad7b26d,d0245e952e7954659db3f38bcff4e435,TheZanyZebra
77d2bd35-f4d7-4d8d-a02f-510c9b1b1038,38702f75de6572964ecda811e69f6b6d,SirReginald
5b8ea3f2-7d76-43c2-bb17-002c06e79c28,28eebeac685e18a756717580e6072158,TheMysticalMeerkat
85964e74-4ca7-4b30-bdb8-4d8d896ba6df,ffcea613e98474d0a6c07bb8ec84a5ae,WardenWombat
ff254f8a-9b38-4412-9f07-2603198acdad,a57728098fad855ec2c739ad4352ac0b,TheLaughingLlama
e7e5810a-c021-48ac-aa8d-1f33c4752f08,e53e01ce23b5c3f09398b7d6b3e14463,TheBabblingBaboon
93fa41ef-1627-4e07-aff0-aa38b7de0bc8,7e39706f65326e4328bcdcb9e3fb29df,TheChatteringChipmunk
a409f1d9-1cd3-441c-a957-783bd329211f,c5d25faaa2e46059a817b4b41a46af95,TheFloatingFlamingo
c3ff0b8c-1a2b-48fc-9a83-a0e81e1daa0e,fcce8779ff35ac3cf0b43fb49fabf31f,PrincePenguin
1167bd15-791e-4fed-a42c-f1866539cba3,d8a18d53a1e4e50ca53fc5ab2c15fce6,ScoutSquirrel
3dc480c1-da2e-493a-839c-8d7dd0fd0e16,b39d2551dc0a74bcf0771ec04fdd7939,TheGibberingGibbon
577c858f-debe-442e-8476-dba49d91d99f,96ed1b0ad757d997c759ddbd87d29e14,TheSqueakingMouse
9597b8a9-a553-4c3b-954f-d5d77b079a06,d3c72852c9cb3b6b36230a20357b3b06,TheGallopingGazelle
b3123aba-702a-4de9-bd31-3b1e470aa38b,403343bb9604f0c274d77376f725b70d,TheGallopingGazelle
36b3d948-9643-491d-82e7-1840c0a0f1d7,6a50db3e494794e2072356c5f877292d,DoctorDapper
38405e8c-2aa7-44da-8b86-4b37efb8ed55,7b2d2ef91295a23bb74ebfd840688142,TheWackyWombat
bda2ec56-f8bc-4091-8f01-0b7fcd42db7b,1992669ad7aa5579dff9c2980929741a,TrackerTarsier
b8fb341c-e2d1-47e0-8ca7-378ce459c1d9,9f1b3f0dd99e36e1e97594c0f9ccbf76,EmperorEmu
7b09b07f-6dc3-479b-8ad2-610ababcaee7,35ee89fe3dc41f085b75906b54791684,TheHoppingHedgehog
4136e06b-6a39-4e34-b6be-79b04af4785a,6f1bd2e6c74827739a378fa9b2cdd4ab,TheHappyHippo
b54b2207-dd29-4106-868c-869382939f0b,fc3a51f3886f9948fea6c90f1e9671b7,BaronVonBubbles
654e0bab-ea38-4227-ad8e-310e1e7e7355,8db800b238b033b14e6c4f372d61074e,PioneerPangolin
42039836-a797-443a-bea7-cf52a83f5612,37fa406c1fad1005b53db348ab192b2a,TheChirpingCricket
1a8f3600-16fe-482b-9e1d-8225c4e275e1,6e402d1ea6a818f39336cbcf45536db8,TheWaddlingWombat
a7c7e2b2-c2f6-43ff-8fb3-0b170da9f78b,156db023e1008b814367caa8159cf914,TheSoaringSeagull
93f9b382-f674-48b5-a154-679c6a4d9bcd,04f8959e8e267b7eee33f19a27adaa09,TheGlidingGecko
00ebdfa9-2426-41b4-84f2-57cdf4bd370c,0469137acfd071118d6971d0ac545cbb,TheRoaringLion
87ea27df-b4f5-42f4-a272-8c666b441e4b,d8f3bc9254044291ddae2e1af5dc83bd,TheFunkyMonk
4e9d47da-2010-4d7f-9fae-4ef4b86a5456,3fbcfa2f3f5338981e2fcd469b7bfd66,SirReginald
c0ed7272-0a34-4d39-bf2e-e5816f0baaad,30da81941231a1f1c8c760bb282cbeab,TheHootingOwl
ef5e7222-5f13-434f-996b-616463ccbb53,e079eb2e8efb4cfa1919665fcc1e5ffd,TheHoppingHedgehog
7ba401f8-44be-4768-8d75-e5ffaf959d9a,c84785be1d9ef7013d28f31c03fbe679,TheSillySalamander
4dcada89-68f8-4610-8d3c-ca4c231cf6c5,335eff5a0c92dc93196d79c14834f4ed,TheHoppingHedgehog
0f05d3b0-c714-48a2-bd50-b14ec53e2742,9a35e17b7188d6b7d338d541471deea9,TheSnortingBoar
dbbeb75a-550c-4c00-ab28-7ae2e459847f,483a3012d6e8937aa7f58be01b4bc762,TheDapperDolphin
dd779097-87bf-44fe-bc9c-2b20476ab42d,271731e14b4ac38e0dcb99547cec151a,CaptainQuirk
5c74f744-6e97-450a-9206-496774aa4867,265474a8353c93fef27a2d614b38f497,PioneerPangolin
22a9a4c6-e3d9-4dca-a3b6-63fbe906ddc2,ca03d510ce014fac5a3e856258724fd8,KingKoala
2a859977-3e70-4988-a164-e7e7b8b8bcf2,9c97a09782daa342b3db2e6c0956e74d,TheFlyingFox
2cc61538-711e-4bde-bfef-6452473ba3ca,6557c6fd1d29d54822070ba986643389,TheCreepingCaterpillar
7f8dab45-1f0a-47fd-9d6b-483c7173b530,353b3358366b19174659e8d6eb0a781f,CadetCapybara
c752268e-c00d-4880-bf66-06854f555ea7,f70de122cc55e44cfd6e4bec8d08cd85,TheStalkingStork
4b665581-e3cb-449d-b04c-f83a085037ac,e324c96c8b30f3e73f92bb6a2df10125,karin muzikaal
71e9dce9-3f40-4dcd-93ee-952a3b0737c7,38c6906992676b96f6ad7cd0de31ffcf,DuchessDuck
375a6a40-2ad4-444d-bd9b-0a449518565c,048ac0757f3a91289844c3803724025d,PioneerPangolin
aa0f4bb8-0202-45f6-9751-5b4612ae632c,2f801eba926b393fafbcd432e39bfaf4,PrincePenguin
c042f0c3-00a4-40a6-bd8b-bcce9d4f3e0d,133b0d2de5841d28d2712e3f9e50bbe4,EmperorEmu
ba7e3e26-547b-4c4f-937d-c884a9e3d219,7cef8793342193899bbf5776670c7fd3,VoyagerVulture
7e626257-9493-4e47-96a3-f9c37f77d1b2,6c9f19f6fdb14c5cca741cfaba02d587,TheFlutteringButterfly
6c567f61-788f-45e1-878b-d3ac12c1da00,c5e15b6b3c31fde87548fd578ffdb00d,TheFunkyMonk
f1a4144b-69ba-494a-bece-c7f8e1c7e1e8,ba6e7cf6bb4d75a75bba45ee10d7529f,TheCreepingCaterpillar
18f628fe-1468-4936-a209-54b6c5d1b923,cbb7d271d69b7429b921c2c5206ed925,CaptainQuirk
3f4604e0-5373-4fb0-9d8f-39de9a73a1e4,6e8013f61ae9970716da9f5b52f8fd7c,ThePrancingPony
097dc489-1fb8-48e5-a696-bb63a2d6b88e,d51dc250e03131c743aeb0b3ac123555,TheSoaringSeagull
012420d3-a789-4ba8-a771-2db5e9fbbab0,5091e1ecad16b059882b0a600958cd9a,PrincessPanda
b3951647-a4c3-4573-8060-fa55883022c0,e0e70f92662580c49717a5fe1b665954,TheSoaringSeagull
056307b0-79c6-411b-a3a8-896b8337f87f,8bee6052939588a68ddc0eeb18cc8f7b,RangerRaccoon
b8f2f942-5de9-487a-9cdf-299a5625ab9d,5d34813379c074af48ac4c7768c859d7,TheTrumpetingElephant
b13817f6-5331-4440-b416-538b43eabd82,03993960552727a075eadaa3344b6ece,ProfessorPixel
003904ba-a851-4682-9361-00e8e3b29c22,90051d391df88da8a0f381c54ff06ce9,GeneralGiraffe
f1de7466-9d03-40e7-97ac-e1017a2a49f9,9f369db31f3223dca6825d60755c883f,MajorMeerkat
ad7313ed-c796-4da5-b6b5-0a3484afa66d,c8a892489737c2fcaf8bf97ffee58213,PrivatePlatypus
6ef6bc11-25bb-442d-a309-72e83f13bb55,2e39810a3060f2c3b8b4e80f47936488,TheBabblingBaboon
32387789-fe77-4c62-b80b-12d87623fcfe,933948598ba43425c286db4b4732e9fa,TheFloatingFlamingo
d820baf9-b16d-46f6-86ef-7a286e353d79,13db7ce5ae9ee965f7895c6b1e2882fa,TheHoppingHedgehog
046856d0-159f-480d-80f2-70028226a205,a096d7670ee6dd1823cb1dc1fcf73a50,AdmiralAlpaca
213dec3c-c628-4d94-b875-77dba65e858b,5616f49fe0324fa6eb0f930093dc3efb,TheFunkyMonk
0286c84c-1bcf-4550-8211-8f622dd50aef,9482a08e69c269afd6cdb319a8bf4bdc,ProfessorPixel
f8c88d41-d24b-4392-821a-67131a5f3b41,a2809a35730654393a895cf6c635ba2f,CadetCapybara
991b5af0-0b6a-4575-932c-45ba45783aa6,17933b35de4f326312a50dda9707ed31,PrincessPanda
193f33e3-56c0-482c-a10b-59697853f91e,f2c9368b75233b7aa9379e1181c14a00,TrailblazerTapir
730a66f2-c9b0-416b-8097-2b6473374c72,a9e174145573a3724641d43f65ece4da,TheHowlingWolf
023fb864-892d-4d8e-9271-450d10e79332,a75efa6d0cd22e60ce43d601b2849ae7,FJAYALEX
18438297-8190-49d8-b45d-a4bbe5b808e3,55b1f1bdcceb59ab8cd41835b964ab72,TheHowlingWolf
09fc5247-d4e6-42b0-ab2a-9834dce9283c,00117324631ad51fbb527e826a621c6a,ExplorerErmine
4df6626d-55cf-4eb5-811b-13fd79a42e11,8283ee7420b3e985dde855b217642dea,WardenWombat
fe0bc7e8-4f5e-4b3c-87ea-56e4fff61ab4,45bb23bf59ca8137a025c4bd52e85ee3,TheWaddlingWombat
abf74ede-d7f7-4aa4-93a6-7e10b0452dd6,c597b80074f826f0358e9b764c59f59a,AdmiralAlpaca
3b3fa6d7-783d-417c-b03b-0e66fab21ba0,f38285ef7674624cd73c484c234a40bb,TheBuzzingBee
1eee1b5c-73c4-4d9a-8741-b8cb03af6167,73d322a496ae6e1b672def8684f63c29,CaptainQuirk
9a854e3c-8e46-4185-bd82-c39e7b1d29a2,eab0d2a33349d5e2d18c012e4d9360ff,TheHowlingWolf
ede15036-8fdb-49e6-8e80-0d4c2b930a5f,b837e810cca71bd11027a7b60ff95885,PrivatePlatypus
d0667ba6-526b-4241-b4ee-251e7afc8a0b,b15de8b49acd0881db8e0adffcddf844,CadetCapybara
bfee174d-d845-4f9e-b9ab-da9cc0ad83a3,a1ccdd6cda8b68eeedc744895977a6b0,TheSillySalamander
44b3998f-bbb9-4e28-97ae-56046ca7d19b,f3f82751b8005a4fa889907e0d6b0b1e,TrailblazerTapir
33b92902-bc4f-46d8-a10f-e844585ff2ce,832e415aaf6ea7d762799703377b94c6,TheSqueakingMouse
0388bf97-f891-49b4-9383-b24cfba0b517,274610013b41ad8dcefde59787ee1949,TheWhisperingWalrus
cbfb0d20-c62a-409d-94b5-3544195649f6,9acd7f00218601ef103a555fdf51529b,TheSillySalamander
19ed2af1-1259-4af6-a96a-e97b08b1179f,87eddd44ac5d3396856ffae4bb76b11d,TheSqueakingMouse
022debfa-5213-4e36-be22-6bb73d958ae6,cee77f8616a3a2d2b25cb68273feed51,WardenWombat
c5d0998d-4041-4bef-8ab0-70a820bb141c,1634a7bd48bcc704379c59fdf89501a0,CaptainQuirk
b4809855-771a-4af5-a00b-fb02fc201b5c,9bc5724db1e19024f75ff8207ee48e13,TheChirpingCricket
ea414d58-8aff-49ca-91a3-b25a2250ec88,29c74098a9703e7d9b48e7342f756642,RangerRaccoon
3469a439-8ecf-45fa-9a87-ce4f0a2501d2,8085859031ed66f95f7443e52055b713,TheFunkyMonk
7bdfc768-27a0-4f26-8818-a86be5dcc254,0e3c59694f4294932d6781faadc8f6e9,TheHappyHippo
6349bad7-85f2-4e91-8ca1-bd383c62fc4e,c5bf90dad2e69da17f223bf5b6ec8d00,CaptainQuirk
7455ebfb-c795-44be-b0c1-f825eef9686d,18b6ff6e64f6bbdf0b8445e6b69b4ac2,TheHoppingHedgehog
633848ce-896e-4e46-ac0d-f67d7a41c905,13a547e418073b470c011d2588dbad21,EmperorEmu
cd542493-89fc-4f0c-8cf2-6965e8578a7c,4983f05608ca3267a95751317aedbd35,CaptainQuirk
58a2930a-e2b1-4bc1-bbc5-c9cab20038ef,417537cfa6f5895c767ba13cb6053f3d,TheCroakingFrog
9f35c9af-5502-4af1-9243-4de83b0718a0,862f21e582168bbbdbd1b6e4c0c099e6,TheBuzzingBee
3ca980e3-6b47-458f-898c-a059632063ed,e4b48e3fe16fc629a91100210ec2a3ba,TheHowlingWolf
c246bde4-7575-4761-85c2-3d5ee8824c0a,62b80d859181e6c62756f1abe47e1ad0,CommanderCobra
383b53fd-f7e2-42c8-bbbb-919a99b0deb7,ef13c1cfeb995348c7fb484639897294,TheSoaringSeagull
c68f5e7a-85c3-4fe9-b8a4-974e1bab6585,5f6d639f5520a625d9313eda66e9ee35,EnsignEchidna
fc36a7d3-faf2-4fab-9544-98a8a1745a19,a0ff9b13df731f49553f312ad1aec1dd,TheDapperDolphin
b38cfc63-835a-40dd-8c50-fde44690799c,ad477c97c4e0fe168548c4b69cc5d015,AgentArgon
e7aca1c5-a502-4f64-afea-516785387fbf,c5c8258e8364e4bc066e09d83eadd8b2,TheSnortingBoar
d4d0a0bc-972b-440a-b4ef-6b53e1280976,3287b98911eec7c9720e602f10826a33,WardenWombat
cb1b6c77-8524-48a6-91f6-feaaf2383bf9,b8d0a59ad9182bea95d33a8e44fc2639,TheLaughingLlama
0e8677ea-b291-48fc-8d76-eeb449b26a63,c7a8724108502537e2bb061c937348da,TheTrumpetingElephant
633b71dd-59e0-4b15-9513-c96add2298b9,b41ae4300e2a67d0b078cb50a394edd5,TheTrumpetingElephant
bed27517-134e-43e5-b673-39e7d8d3f478,63cc0783314c66abb45d434956a2e35a,aBionic
9190f02f-30b5-4123-acf1-f7962fd6882b,0e6ec45a31e0d5dfed4c8e29553823f8,TheDancingDingo
f1f84550-c539-4688-aad9-2c8da6e11042,7f6466f37177f41c8961c446fe83c70e,PrincePenguin
2d04c46b-69fd-4540-b858-5f08e1fa95ee,b85186c60bd9099eb9e496e7f0657042,CadetCapybara
e306bccf-1cda-4b34-867e-6a1520512302,d96bd5995e547d276bcb31b5ae94623e,TheCroakingFrog
485b6419-93cb-40e6-9a98-80aa4057699c,e97da0885b5508d070d6dbe1fd384b08,QueenQuokka
1a40053e-2e23-4341-b5ce-583a0e177bd7,91cc8a6ee789bf3f859f7b636910d84d,TheZanyZebra
9020ca9b-cb7f-41dc-abb0-b8a39440d760,b13c2cb0a25243fe249b78c125dabc31,TheRumblingRhino
9e1dcc5a-3baa-4af8-a1bf-2fea260d4733,f37318be7107789635d09fe9f8d71263,CaptainQuirk
52866ee7-4fba-4205-886b-bef7cf6dd443,af3de4d3a0a89934dd292f84ad22a088,TheHowlingWolf
08e575b6-4a7a-42eb-924b-ee680dc74b96,989cd8d64066293d175cbc2fdf387267,TheGrowlingBear
bfc6c147-dcb8-4c9d-8b33-ac60bbffac49,bb1104956ca8cebba2247eb80f73e59a,TheGlidingGecko
ac8f6450-341c-4516-8526-520ca276077a,24348d948b0e9e4a0fd4fe94686bb178,AdmiralAlpaca
d67af7f7-0faa-4dc5-8856-7c57ad4fdb16,dd09ceba06babd241c61c58e087be9b8,TheGoofyGorilla
722634d1-cfa3-47b8-a88c-4e431ef7a611,d7ad41bf8ce4519aac70858b03552c71,GeneralGiraffe
521537d2-3922-4fe2-b560-d4ef6f1aa089,e0a062e75e402b01abfb992b42f8d797,ExplorerErmine
a2cb1853-2c2f-4a55-8df6-da008a718ad2,234f337c231a074fc5c91291e2b264e6,CommanderCobra
9e279197-7288-4652-87ec-c74536205ae9,a5bcb2cbc753d4be31b7014b712a4fc4,TheWhisperingWalrus
70dbec2b-227b-4d87-8cde-c70ffa4bd532,89648ceca6d163ea22c57babb60cb4d4,TheGibberingGibbon
02fceb6f-a716-4802-bebd-e43cb37c7cdc,84ee9667f9a6a6d509a6944a9640f111,RangerRaccoon
53f1a437-3a11-4d9e-8371-be91db437279,a049e5a045f524bf90f2635bd1520706,TheJollyJellyfish
26ae0b82-f3cd-4cc3-83db-423238e167fd,053dde9d8936d626d4b23d49af8ed8b0,TheFlyingFox
59257cc9-5d88-4a76-af96-25ea220b65e1,988f3efb9e70bccd502de6792ac2d76e,TheTrumpetingElephant
f20fddfa-f349-486d-aee3-5790147256e8,57ea9315b7e4712950876603508267d0,CommanderCobra
5693932d-16ed-4a0b-aad6-7d97344d088c,7e6665e8fa4c3bf0d3f600ba297793fe,EnsignEchidna
4a620316-689d-4238-a474-4737a63673fe,d685ef128723ce101baa9763be61becd,MadamMystic
fdef1ef5-e21d-4176-8d9d-622023aa39e3,33230841dd978a8456c6e1a6ecdc56fe,TheSoaringSeagull
438206e0-b66f-4d9c-bc79-f2743d352403,044a46b5e8ee1b501c0151c19f7cb1ab,TheWaddlingWombat
de9eac1c-4d3e-4ca8-b453-b49880048d89,4050c7fba096d3d38101a99909e66a2e,TheSnortingBoar
e4427759-de2b-409c-9a94-0ea4515a8ae7,b2b85ecd35216df1c0485b45a5b25e31,TheFunkyMonk
32259c8c-2c1f-4a67-a60b-53031f13185f,f5597c7c17690a24e6faa7b42de2d548,blacklevel
86e591a6-5a01-4aaf-a8b9-0915c547ee80,80415df6b7b8cf181994cb6872b505da,TheHoppingHedgehog
63ef16eb-8ec1-4933-a588-fdb852f8e293,21dda64090e8f129a70322290337f2d0,Buddi
8237012a-25b2-4d1d-a42f-f4a46f31e6cb,92f5ba8bfa41bb6dfef0aac0b1f9e196,TheFloatingFlamingo
10fb118e-37e7-4be9-9073-b23b63c5b8bd,f03d7da4abab154726a1840aa624d5b0,TheDapperDolphin
c7177644-a33a-4ed7-9567-983d45a087e2,9d8aff400a9d7d213f57a3ea07accfa7,VoyagerVulture
19d80fa7-51a2-45b9-ba29-6eaa8f8a56d0,9365b4c93119f0599463fb72877c37f8,CaptainQuirk
8b394abd-ebc4-4148-a7c7-1b1dcefecd3c,1859e50913c1daabf4f7cc11f0ffd889,TheProwlingPanther
f8c08802-6d6d-42e9-a3b9-b90dc96fa9dd,977cb19dafb70209704b9f6bb76759ca,AdmiralAlpaca
7d8d2894-cd84-4bf4-86ca-e1ab267697ba,5df0c2a5d3a7accfd03f3811caa519d8,TheGlidingGecko
3c105ed5-d8be-4615-9bea-5e5f01a67d5f,3a24a3cc0d230bb51c87b81b84f69756,TheRoaringLion
11da275e-0a6d-4531-a751-eda385ebefd7,42b759037590ee13e2af854fc71c0ebc,TheChirpingCricket
64498624-e623-43e3-8645-87e4bbbf2d2b,e1f133c434adcac3fca91168d6b95f65,TheFlyingFox
2fafe2f2-0f0d-4c62-9dad-c052066c8238,3419d6ca64f93253f5f2871c328de89e,TheZanyZebra
110df424-b440-4551-8ef5-7373009ee1dd,0a4feb606a91cfd141a9df4e6a0c9034,TheQuirkyQuail
d874b7e6-c697-482f-a99d-b2b848f22a3e,fce729c757fd0fd230af32f0c07b461c,TheGallopingGazelle
4d685d48-64a5-46d3-a326-e72264edd37b,bf7aeff68aab6c615fa833400cce2278,CosmicCucumber
a41a7207-9db1-4d6e-9cf5-24d7c467791e,4bef782091c26a64c2e74d13c62e9b45,TheFloatingFlamingo
8264625f-35c8-4fbf-b173-612b4c9a8e3c,c0bf58faf585a8a23dd4f55688c0f40b,KingKoala
6a5a6c25-2bb6-4476-aa9f-0ebad034b760,4f1966e878b3a20edbd6afdc5744811c,ExplorerErmine
7bb338fc-946c-4713-b92a-7a581f1ccae0,b668abd73f0854dcbde8ad5e1c3954ea,TheFlutteringButterfly
d8150fce-db4e-44c7-b4c8-b219404ce75e,c8e8c2b674c41b57ea818ff6333dcc4f,TheLeapingLemur
14492398-fd5d-441a-91f5-720d94047106,70281472ad78199ebdbf5caae0060128,RangerRaccoon
918737b1-a9f8-450c-83a8-eeac7366e316,23290dd4841da3da14bb4242dafa1b18,LordLlama
534047d7-e2df-4b90-b2bd-7fba0e16b709,17bfd02cda6c09d383df6702e33e476d,CaptainChameleon
5d780d65-0d29-4804-bd2d-ab5bdf544263,7d4e77f1d9e493e18aebb86da1184038,TheHootingOwl
f49e20a4-ae5a-4325-a1a4-04d934c755b4,a5eec744747039854807323e2c701577,CadetCapybara
6f331bce-98bc-45a6-a2e5-7e03708a37da,8eeb63072aa717d3afe91112e6c75cc4,QueenQuokka
61d39fac-b560-4c5d-b927-bc263a2dd6e3,10ad1d8e840a1bdb8704a42f293df5f7,ExplorerErmine
a5575aed-3bf9-4266-8919-2597655776d6,7a17787032e120d107e4ac1147cb7d0a,RangerRaccoon
e321201b-44b3-4867-a465-c028ce18a582,0928006b7c0cdfaf8dd0e69e5cff9e15,TheSoaringSeagull
84b4f9fa-8919-485c-978a-f56c51fdce59,cbee87e8d649a2df48778a36707f865c,TheFlyingFox
f05c37da-8d92-4327-93d3-5526b4123a6a,b0c752bb421569cc05b49b49eac6de9c,AgentArgon
2b1fed9c-7f83-4fa9-abd5-18575fe146e1,66fc9d031c12907710c4aa3542f524e8,KingKoala
4d1b5d00-365b-47aa-a5e4-a3ac70c28560,74ef3c52b7c40f91f732cfd28d8b7ab3,TheZanyZebra
482ab37a-cc31-47b5-85ce-ab7d9c9b20e2,3761e7146f49b8d54386b4707fa17d5d,ExplorerErmine
babbe8b1-8a01-4621-b4e5-057720523a35,800bee841b9e45fd3ffe580dcbee3671,TheHowlingWolf
8bebd83d-f61b-4492-8224-4580dc8cc1c1,bc21ba6176b977dccb6997c04ad02b88,DukeOfDoodles
96856f74-0fca-40c8-847a-35912e1c38e1,3fc09e3749e1aa55cc3a605fe8d610c6,TheHoppingHedgehog
845ce2e1-53a6-40a0-81f9-b08829d36259,b3580ece93f6644997629c6af50c7ac2,CommanderCobra
114f2752-26c4-412b-999e-a29b730d3336,dc4f83b2feef849df32e2f57816fd86a,TheChatteringChipmunk
10bbe64f-6179-49b9-bbae-19a17903409b,b5e43471a6a0e5fbb049ff3c9aeeef46,EmperorEmu
c8c56fa7-87b9-46d0-a8af-27ccbd89a99c,e38fbbf51b1c2e84899d9bfbc24a81e9,TheJellyfish
ab2fb3a1-7a16-433c-86fa-0f37438c234f,32fbd6a9b83f65a34242f4132330428f,ScoutSquirrel
34931d61-4692-4873-8311-7ccaf1cd6f47,a875b73620c04fadf739ae87f865a309,TheGibberingGibbon
10a17cb3-7ca4-4d6c-b182-3052c79db402,8b84dca8990ddd4a4c82dbae9b80e38a,TheHappyHippo
de72dff3-2a3f-4d37-b5d1-ba326322c585,1a43a1b807ce3266b1572218b81f0796,AdmiralAlpaca
a30af3dd-163b-441c-9909-d1cca1b449c8,8d7edada0fcd9791bece8a710c97dca5,MajorMeerkat
9ad91250-a274-4e8b-8c79-a7edcd0e7dae,62beb08aa9bfd76fe4c20f8a01405cc7,TheFlyingFox
e512312a-ed76-44a7-b424-d93e2ec5e4cf,47edaf26e725d2067c0d08d6023a4abd,CountCatnip
230137a2-2721-4e1a-8c49-5e3ddb2fa29c,34ae7311e41285233a3b4af4da48cad8,TheDapperDolphin
78a247ec-9ae4-477b-bee7-cf6c029e89a1,7e617841aa5fbad67bd3f03bbdb1d3e0,TheStalkingStork
f0be6450-ad26-4ebe-9a90-2a1a67655a7e,05a1e5f79a173aaf0c83232596e45d82,TheSqueakingMouse
edc3ee53-19ba-460b-bf96-3b267e1b4e31,0ef3bdc741a9c7a4744a13293e1c2684,GeneralGiraffe
3d9c402b-f5d4-4895-8578-105d95bfee32,cb185edab5cde142544eafa764e503de,TheSingingSloth
d502957d-0b24-42c6-9261-5a5a2bc213f2,a0ef98a58b89374857d2d5e79db01cd0,TheHootingOwl
c07d49f3-a883-4aa3-9535-fdda266969ca,808180b9daeddca61771c3a71fe4efd9,TheSillySalamander
154bc422-bb81-45cc-8229-a68cdd95740f,1e07b52ebfed8a2ae8ccdcd1518d68c8,TheChirpingCricket
f8b219bf-0430-4c30-8ad4-df56483ba4a5,570a0ebeab65b59d080fd833994f618d,SergeantSloth
b9179a49-e60e-41e2-86f7-f55e9dd29af1,a637dec5091c789e14c5e1f534539434,TheJellyfish
caaf2bf6-a3d8-4b4c-a7a0-a36fd71c8617,24cf11e4c7bab1ad667a63de03f59afe,LieutenantLemur
1ad0663d-5650-40a8-b6e1-f06c852a2a47,17f59129de737505bad02053922c73ef,AdmiralAlpaca
b063ace9-f13b-4fb1-8f7b-53e3a1a8e41b,a662f4cb2db9d88de52280599060e5d2,TheHowlingWolf
20a723b0-60cc-4469-a9b7-18e4cff70cf2,7e9ff6b2514f1e74df0628f7f0b153a9,TheBellowingBison
91574fb2-6bc3-4b10-84df-8a1963077d0c,3fb5227db58e5ac5ac2bf65075612692,LordLlama
0338873b-8e73-47ca-9220-bd679a5ae91e,28e3d8d53c80c04d3eca96efa4436944,WardenWombat
c64893dc-ae3d-4d76-9796-b4cfb22a5e7a,98dfbcea37cd69bc9318cec1bf0167bd,TheCreepingCaterpillar
c9b1f4e4-3206-4dea-8dd9-a1f2eb2ce334,2bdcd07bfa12c9284c33a6f8b9f6e7d4,TheGibberingGibbon
4241130f-f530-4cca-93f8-caf578131d23,e580d4efe9e2a140a9c176a0dd22379f,TrackerTarsier
261feea1-72f3-4f7e-a2b4-4113ff80a471,f0126633833ee0ad2727428ce6884007,TheBouncingBunny
32f595e5-3e5b-4b3d-a977-4ae02677cf44,6e4e3196e29db5354264f0925f6dc86c,TheFloatingFlamingo
5d5f2262-67a0-4c6f-860d-3d9cfe3310ec,332a2947a56b1916c5c3c22e76329edd,EmperorEmu
1efc123d-b733-47b2-bed5-ea1f3fb29b56,1323e4253b6395609a0c71f23efab194,TrailblazerTapir
145b70aa-b8bb-436d-834c-3a47b8fb55af,827b1cf827947d0c7bb80acd04ad81d7,EnsignEchidna
c3abffdc-7d83-4863-ad00-ab6f38ac8843,a8433dd12d3022c3c7d40156e0ac0723,TheJellyfish
151d8446-22e6-458f-a466-e8cb51df8ed3,013f221681c0bc37ed6cb0545d88a290,KingKoala
a948ee67-b96e-409c-bc81-76c607bac399,90a93a007d7c9f2d2e9cc1ec835c7dde,TheLaughingLlama
6ad5c302-4d52-4fab-bcb2-3b354e13f9e1,a518db824f894273d3c376f24694c075,DukeOfDoodles
13a60a25-f6a3-4d9a-84cb-5c244c9f1513,7009e1bf73a1d77435cbfb6c64e0fbf0,TheSillySalamander
0ae651a4-e04f-4d3c-8a9f-0a110e7470a3,a18fc5789c4de19331655638abff8fbd,CosmicCucumber
c3e869bb-87ca-4684-80f7-111a4cd900d3,b629d04fae5e45895019e833adbe1bf0,TheFlyingFox
08dc4fc8-c050-4c54-bdc2-57d63c740792,f819cae1d0929ae615b71893bb0dc1b7,TheHappyHippo
3254000d-8682-44e7-b511-3267c8dd9f83,58d1265512514712022bd88607a53255,ScoutSquirrel
1466af4a-2938-455e-9630-61a8ad1b66aa,44576cc0229e2081290dabc43a508f52,TheGibberingGibbon
55bfd463-4839-437a-9cd2-0c72ffc8762e,98d884c1a8fa7787ede32a35907007da,DuchessDuck
1689f6f1-439f-45cf-8d27-8e13b375d615,0429a5acfce1c0cdcd5bf37f383f1a56,TheStalkingStork
924cd3f6-abf9-4ead-8a06-f2f105afa525,7e0bdc00c9ae50b34c0f48e3fec14139,CaptainQuirk
657625ee-8d93-4951-98b5-966a2c7fbe87,5f55d365d5c64e5ef735475603a1ce39,elfwwradio
8af7d806-9e86-4e0a-9376-c5895bb4620b,9e32fe3e0ca4acc9f97ab2fa35b2f418,CaptainQuirk
df933d68-efd1-4762-82ce-16c415037172,1b1b35a25afa16dd7e555744063fa860,CountCatnip
814a21cb-22f9-463e-b2cc-20511aeb7bc4,bc8deff756e63a8b2524795d796de4ad,TheWhisperingWalrus
0a671ad4-3b64-48d3-b643-66b7e59e61d1,5f5eed1fd6a467747511f94b3e5a7ef3,TheProwlingPanther
6fba4cd8-6dfc-4945-ac17-cc8da2f10fc9,cb115c6a9397aadbb625f173ab426190,MajorMeerkat
a06db434-81ca-4fbd-b787-f1b7ed7223eb,d5049dd0a30b233d318d2a80f007092c,TheGrowlingBear
cc95f45d-06b0-4741-9f42-e0cebc25a17e,e912373c8667a703285bacb3a79c845f,TheCrawlingCrab
99386a4b-7ec6-438b-a19c-eb8a074ce19d,940e71a8aef8ae8eb92fa02db63d0d41,CaptainQuirk
fc703152-be04-464d-8381-63fbb4cc1c3c,a45bc9155c4c5d5d4b55a99b32d31746,TheDancingDingo
ba832e02-a585-4802-908f-b6bc0dcea098,81e8ffe424625a241115a8072e385598,DuchessDuck
43fe014c-bde4-4e80-abf1-8ff3b65294c0,fba7d3586c7d39b88a68db9bfa4053b3,RangerRaccoon
45f662b0-36cb-4280-ad0e-cbaeff555f3a,1b39ff8f21db7f736285eb8a86081a60,TheSingingSloth
4f5b901b-16e9-4201-87ef-c2823a3952d2,e6487222f8a09d6cf7c9e07f8835cc2e,TheCreepingCaterpillar
97a857bf-0083-4e5e-a84d-a8fbfe402ab2,b3188618be9f9901e0ca14af8cadd160,EmperorEmu
f6f23da5-f288-41d7-bb81-7f0a38c67b9d,d1463ce17ba0438f5f0bb2cab597ee76,TheSillySalamander
7b6a6d16-3d16-4b4a-877a-05353f48458b,dc747a23510e841242b24dd049f83628,TheGlidingGecko
e5dfaac3-c93b-434c-83a2-ccbc687a8d62,119384e12dd56a68236cddcafe8a9efb,LordLlama
8f3c1b41-5142-4ccb-90f6-6c7fe742c4b9,2c2256e6fc22eec26632db6ef458fba5,CosmicCucumber
d61cf570-300a-4187-9146-63d565421788,b56d4f42356ebe71ad958a5d19cf227e,TheZanyZebra
871da25e-40b8-4e76-8f01-f871b9293ace,91c96b517e8a782668ac06d05c21ed33,TheWhisperingWalrus
f207dd77-91b0-41e2-abdb-a527850d1440,1a0f4d7b51933f25916dfc118824e5bc,DuchessDuck
4da6294c-4f83-4ddb-a78f-a05c39a11c9b,07c8cba227ba828b72c4b924dae62c85,TheSnortingBoar
37b6053e-3b6b-4de2-b188-ac372a7967af,c36465bbd454db01086ad5068576381d,TheChatteringChipmunk
7f9411a6-0a3b-4b87-9a80-dfd463ec3582,5609db392463f868251fbc923483dff8,TheSillySalamander
a44bd8c7-9912-4a29-ad9a-7cd760df59ba,e5a66df9b04131bc3e49061d69cd7281,TheStalkingStork
7d245282-42b8-4024-a14c-6e7d053487e7,e53c3d405807751f73866a4d4e8617d7,TheMysticalMeerkat
e252af27-ed10-4fb3-a78f-ad7cdc40f32d,34d8680e77c397ed3dc51ca5235d7671,DoctorDapper
b9ac543b-2124-44d4-b118-b8cdcd31bc6a,7f07b6bc48d4b0a70b2c2b03b76f042e,PioneerPangolin
daba18bd-18d2-4582-9c06-962a6987603f,050daad0ee5b306b49e94f9b8c117ae2,WardenWombat
b6cfbffe-c1d4-4040-91b5-3435193c5c71,842d8d9dac8e880f5cb97d46cd570c21,RangerRaccoon
732d5cad-efb8-44c3-9206-82a74173aa57,11f8f7a8c3a5f11e95f2b0277fffa306,CommanderCobra
f7aebd48-020b-4bf3-9bf1-f5869b5f1a6e,1e43ab46ba062fc5dd19d9760afda227,TheLaughingLlama
d5d0afda-fe2b-4a7c-8e9c-f94d527be049,b43086a6af407911f99c2d480ade456e,TheSoaringSeagull
189b1ec4-f737-448f-817f-70a100d1d53a,ceeb5a7232448fc3122767c5ba96da5f,TheCrawlingCrab
89bf8c58-079f-4f46-bd9b-15e318a7568c,976618a4f173f293988e7e61213d5f99,BaronVonBubbles
07bee76f-5dfc-4b17-a5c9-c98d48e7ca2b,e637a3f5368ee166eaf36107c174ad81,MadamMystic
0b89db60-0221-4ed4-ba7a-af3cebd1c32b,4d209d47bd6320581623742894d67fc3,TheRumblingRhino
d81eb781-dc9b-4e5a-abed-49a4fb059534,36015d739e108a7754b4f6877b3c4f23,TheWaddlingWombat
96edaee8-ab4e-4830-9260-894df3838172,cd9a8790d66195d8de541ffbdd81f12e,TheHappyHippo
f6ac0179-feb0-4e0c-9f45-257ee200a163,fdc3c6222fa377bbf635495cdf77ae7d,TheHoppingHedgehog
6521d5d9-7ff1-44db-a729-d2a8b26594ec,c46713f60a999fbb8324b1ac5af8953c,TheWhimsicalWalrus
e3ef932f-4a90-43ec-bdbf-2946923b0fee,afda5115b22563c8b826c128e15d0f5a,TheTrumpetingElephant
a0d11350-14f8-4b01-a187-2a5eed9fda02,8eeeaaec8dfeb505c737dabf8a0a04b1,TheGlidingGecko
4f2ac5b9-5a48-4217-a117-85310781ca72,5d4fd6e2db9aa58ed1c5f6a792043bfa,TheWhisperingWalrus
fce6ec5a-61d0-4a8c-ac75-db03adf980c1,2e7844a2ecd0d8bc6ee9daa8ffcde32b,TheMumblingManatee
19418d28-08e6-4e3b-8354-95c0cf15782e,709dd86438b63e7a334cda392679613d,TheZanyZebra
493dc07b-73e7-43bf-956a-2fbdb57ddb48,b5b709396df0ec6463d5ef7c015de91b,EnsignEchidna
ae93b0e1-b60f-46f2-aae8-63e5f9993510,f5c41c3b791d4f5600de69d6b7491a88,BaronVonBubbles
9fb240b9-27fc-4faf-b77b-95b9c32ab660,84a776cadb8c0c6f7fffbcd4d0a0239d,TheCrawlingCrab
4f2a1b61-0ab8-40d7-9145-1cccfc684429,613fc928531100d93408729b676d0419,PathfinderPorcupine
cc282633-9659-48c4-adb8-f42f410bf7d3,801604db7b8c343356eda046e669a9db,TheGlidingGecko
15db28e2-cfb2-4728-801b-3e92fc0c10e7,c8793c9ccbd61194b89b26448972e740,TheBabblingBaboon
eb286764-2dc8-4771-9c44-28baeb793dd6,92f6f643e58a27a7749cdd259993db7f,TheGibberingGibbon
1f119c74-a0c2-4f73-8481-b1eef925607b,1d8af0375579663b6015f455b451ffa9,TheCroakingFrog
dbebb59d-d763-4a57-990b-5291a9effc4a,333813a838185c111e4da2c8d07c65af,TheGallopingGazelle
9be01ee4-aaad-4d05-b321-ec61b0b841b8,007336bf6b22c71ece1aea25a1f9559f,TheHowlingWolf
01fc1111-e001-4a1e-a04b-4f8c106fb7b0,130e9865d76d8189446fa63c00d3e299,QueenQuokka
e35fa35e-3dbc-4565-b627-34e3314f7df7,7740d7892348408c3086b04c40eff389,TheHoppingHedgehog
e884c596-b492-4387-b1f2-ff4d3f1547c7,97e07bfbb95c14bf7bf8b9152db9238c,EmperorEmu
c5d6208a-4ca2-4636-9e94-e284a45b0098,d8749f488aba3996fc56fbc293b81b0a,TheGoofyGorilla
9f146108-2dbe-4f65-877d-45ebad8d01f9,8ac621a7b1268eb1e02e491339afe61f,PrivatePlatypus
c7a4e668-5167-4994-b5d0-d0976fe28a85,29f4a132ed67f01c2528e8036e162b61,PrincePenguin
28d957ea-e386-405c-bff1-29a374fcf5d8,95a4e387e697678aff8cd60ee63792d7,LordLlama
cd810f54-21ee-4703-831e-15073398582e,10641fc83be0e3838a223659e3cf288a,CosmicCucumber
c00ac663-9618-4e5e-8124-518492a4e663,06c3083f69eb5c0c67e65d354b049314,MadamMystic
dd06f942-145a-4fed-9cd8-70acdb2c59a4,6f65ae4d572e0c5384f37fcc26d8f65e,ExplorerErmine
ed36cbd6-e1e8-4d79-8208-e2ceca4ea2b0,eda87fbf335b12a3fde930ee96caa709,TheGrowlingBear
b49deb3e-8335-403c-8427-7f929456c120,498377394d34f45a00402ec788ead3c8,CommanderCobra
972b52c9-ba0e-43e6-b54f-8f661e8639f1,5c8f08602f6be599ead90dbb55aef760,DukeOfDoodles
63e88a72-92e4-46d2-ad5f-29354b00b4fa,734f90bfaac113d65ecaadf2465550c3,TheDapperDolphin
fe9c7f5d-5c41-4d9c-af13-9e82c4cc270d,85f9a86e9b5149ad901775986c83b50c,PrincessPanda
f9db16bc-53b1-4d67-8b66-a724d02fa3dc,33cbe6cd9a8df385974285e80baeba1a,VoyagerVulture
59c83800-d3a3-4f48-b4c0-9f61480ef1c2,7717f15616ec03182afd9ae20d646756,EmperorEmu
4ccec86b-d3d2-4f13-9de9-e9678dc41141,c73f095189d1a15db45ba0a497249b54,TheGibberingGibbon
c73f4102-c375-4b13-98a5-a0e0fbe94eda,cd08ebd1e1283cc51f41e196b956e9db,CaptainChameleon
b335472a-6879-4f67-b590-b7a0810fa420,f6f65df6cd62bf19e6d4345b63c75942,TheWhimsicalWalrus
6870253b-a4ea-413f-a342-e6b40a5f996f,186ce6daa90eb6826bc32dee5a52fb5b,EnsignEchidna
ba3eaeae-5c37-4f9f-9e59-e0443e3880fd,ddda80cb738784f06d8cfd77bdbe19a8,OfficerOcelot
da42ee14-cce6-4667-b6c1-9892c29770d1,7bb40c494e2f7669dc9a1f88146165a4,CountCatnip
2e644e0b-e18c-43c1-a2c6-0870602f6915,d4b3c027fdaac41c3ba4a93b16c1cb3a,PrivatePlatypus
c02b5be8-a913-464b-89f6-804eb147e33e,0b7f5b300a3ba8c6a6084a475d32bf16,TheZanyZebra
7eb64333-623b-4d12-bf7c-662916670deb,fcb087b3bd899c364baaae38740af8d0,TheBabblingBaboon
f9547079-d067-4cfa-ab02-e0736417985b,85ceec9422165ee666b2be5179a7ad0c,TheDapperDolphin
8cb51d3f-7e19-4731-95d6-09e6f7c121d4,4d77ceb39eeff76d69eb3022d33e3c55,TrailblazerTapir
c808afa4-45df-4acd-ae51-dcc85f697431,52833e3349ed10ab47e5441a36ad440e,TheBellowingBison
e920d3a0-399b-4ba4-9253-b3492baaff90,d3ec07c5f13cd467840814d611541ac5,GeneralGiraffe
1d7c55cf-f786-44a8-ba9d-09f5fcdca7dc,cb625d0374bd77b7aa5187e8515b0d9f,TheLeapingLemur
e92941dc-6f13-41de-b959-7d427686b4e2,6317b738b166edcd019b4b97279d740e,CaptainChameleon
fc713923-3b22-4c28-91be-6c357877e98a,4203de186f8b4b48ca246aae43a1e142,OfficerOcelot
7c2d02be-1825-4195-a119-caf36b2ce1e2,cc34f25c0d1e42c1db2ee48eba2fd4e4,SergeantSloth
7671bdeb-3abb-47e5-a48f-639cbd60bc17,47cea674c037e236ca6b753d517c7ea6,TheFloatingFlamingo
e83d2a2b-8911-4b7b-91ac-5d117fa7039b,f6621bc97d3fd8406d200dab1706287d,TheSqueakingMouse
db92fd7d-4fb4-4c5c-bc7f-11097e3202f7,4ad6330110261308f1bb46a223483aae,TheHowlingWolf
f695487a-7f8b-470a-8261-fa88941da894,bb880b77c1c327ad86bf8eb00e7aef45,TheTrumpetingElephant
3b95a12b-12a7-459f-ad4e-9f8acf9473d4,e5ae19b93700678bb4dab2b7aea3b7be,LordLlama
0004e66a-3bb4-412d-b750-1d979ad5e46e,22fba21e7e3b9dce2666d8d0bcd80ae9,AgentArgon
dfdaeec5-04db-4e77-a945-2c9b09cb1726,298cc4d93e6c2c6c46c2a258c6fee1e2,CaptainQuirk
c14d3724-fb7f-4936-807d-12a7295124f8,6ba0f614c58fc6502c88ea9d0f86f544,ProfessorPixel
890c5686-eed3-415f-a9c9-c379a67954c7,7463e55f13c91642bb10d24e687a37fa,VoyagerVulture
305d3669-f261-476b-be31-0730177d0ff6,e97e5ddf9623af0bde8cdbdd1053f5fa,QueenQuokka
45d05684-f660-4af9-8f47-c8b854e3d023,0923207eca2ba5b1eff633b264cd2f72,TheSwingingSpider
998ea667-329b-472e-bb61-72dc74d5bb58,145718e2fad5379f009c29f9265d24b2,TheCrawlingCrab
6bf3fcfe-e4d7-42d2-b386-3ce48b285eb2,a57e8862958100809ba312051edfd049,TheGibberingGibbon
57bc3b17-3958-4be3-a3c9-f382fa19795b,4713f4a4da773f05f778f6d2d5b79ccb,PrivatePlatypus
e30d4bae-7604-4ab2-8068-d9c69fb3c431,68d233e345d759ba49da67031f2be651,TheBuzzingBee
9e2830f3-976b-4c1a-a13c-4b7bf59014a5,7fbc1068c1c221bcb47780788700677e,ProfessorPixel
81348ada-b462-49f5-9b82-ac8c034a7199,c37db5a7277ebb0c58b025d5dd0c61c9,CommanderCobra
6302d5e7-6a98-44b9-8563-f11d1e91de61,6508511069be09b46a385a9e838f6417,TheGibberingGibbon
628dbea1-93f6-4eeb-80f4-be2dd76d9215,6bc6284c6616aafbca8c2d33b0e6abfe,MadamMystic
411d70b9-40d7-434d-a7e9-5f4d050dab56,904246840a95a301dc9d4737efc7047b,TheGallopingGazelle
d98fe091-c12f-4ff1-8473-9a5c53c0249d,c388e0086f18ae1529b323eea46fc449,CaptainQuirk
09f00fac-5d9c-435e-8032-dbc0292e1f2f,3a9d7a079f5ba05a44a5461cd55b3627,CosmicCucumber
c897d85f-4ca7-4fdd-85b9-4c5ffb716fea,76ce4d53e6c23391f96fe9308c19e16b,TrailblazerTapir
721255c8-66b9-4f25-89af-2a3343016001,88d0a2813327e2db086e5ebf0709c3a7,PrincePenguin
40409b8d-3da4-4445-ae56-89423f4be440,f7203b95ca16c9a28a5e03962d4b6381,TheFunkyMonk
bdabbe1f-2c85-4f01-9eb3-c1d917c5b062,fc2b03f8e4ac9f4988f83c1b77f30c36,TheCroakingFrog
b150d158-59e0-4064-97c8-2d827817b771,356199a7fc0e2e7e419f6a1f66ff133e,ProfessorPixel
d502a227-824e-4fe8-8960-3a30c8678fbc,bab4c6bbe6f28bb49e155d6203f6ca73,TheGlidingGecko
a32fd3d7-7c90-4fea-91e1-b4365130e2b3,4a5832228f9057b7c1be4f172ff618cc,TheGrumblingGrizzly
a86a7db1-bcda-45e1-816a-583d5f83864d,0a4e8ef16b451c8407aedbf68099ccc3,TheBuzzingBee
cd56a46b-b968-49c2-8d05-f839d67df429,bea31fc2d2ca12df79084d4ceabb8589,PrincessPanda
32284c36-5ae5-490f-951a-30be97f94647,c9586dc9e43469b53d3a4bd6ee0bddeb,LordLlama
7527495e-9f1c-412d-b2c2-4e6418c4511a,0229902e03dd549c238068ba95780e7e,TheWaddlingWombat
97e4e95a-e43e-4923-ac87-647438c5947e,9bb0b2e7dcb6448a65f8706d5af8589d,AdmiralAlpaca
12ca52be-ca82-43c5-b3ee-1bb3f1fb4e9c,78466f57de31c6c7b7491b704d83bae3,TheProwlingPanther
7e0290e6-4dc1-4c79-85ff-43789bb591d9,dd457567a0ffe9432f6e48e681d0aefd,TheHowlingWolf
0d31ec74-de3e-469e-8387-06c1ef17824d,b90c92a93e589e351b7875a0059a4deb,SirReginald
d6301d8a-dbf1-4820-ae3c-d754c4e3dfdb,c1587c31ba8eb2e5b1e896cb7b2bf76e,TheStalkingStork
3f39942b-4ae4-4e89-8c51-a81b76fe081a,3041f14fe37169822b8f07a064a208fe,TheGrowlingBear
3537f780-c9ba-4163-bc81-007a47571e33,e44980c494d86c926ceb068371600256,TheLaughingLlama
84cbb17f-84b6-476c-8cb8-bf8d8cb24d13,f659b7239de1c08b68c2893a591be7c2,KingKoala
cd1e4fdc-4095-4a89-a60d-0f116ad1685b,d0ba5d837f386368379feb6dba1c8b3a,TheHoppingHedgehog
33496c4a-c8de-452a-a26c-7eadcfa771fb,1bb9372a1596852250c7d9e88eba7b0e,TheLaughingLlama
6944caab-c465-42e8-ae81-0da3c97f585f,cd92a364c0fe2b859f222eaa16f26515,TheFunkyMonk
39c23299-2a74-4401-8d20-ee13c84c66e8,e40f19862a9b7283a00ae14722cb106f,OfficerOcelot
64935f4e-207a-4244-a84c-57ceef8a5079,e81cf7ba974e954453d6f647160a27cc,TheFlyingFox
b00ced40-26c9-44dc-8077-a1d9f42e6d61,172c8a5bf565e058738193fb95476d4e,ExplorerErmine
9c974c14-f673-47f7-923f-232b81e0d150,33f203ca0c49df70926b112ccdd541d6,CosmicCucumber
27ff3a39-feda-43ac-89ef-ecf1348359ca,c2ef000fd2e1a9cb8ea5dcade404bde6,MajorMeerkat
95b5b91a-debc-4bdb-9a54-bdcfb35ec369,405af0ff15ec7af9c755409851055e57,TheGlidingGecko
d943f7c4-2bb0-40be-9684-1e569c7e798a,d74635ef76b6d994d13631edd5f6e984,TheLeapingLemur
5ada2858-8bb2-4a23-98e4-c883cdb0586a,6f4a557182f9067bfa0b852aaf4a0ba0,DukeOfDoodles
dced382a-98ea-4e75-b522-074a1a24e40e,59ba79deb7c95ab84272012eefd12560,ProfessorPixel
ed8c254b-541b-4772-a7d6-4d7f381ab4ba,77e18fa768a85d88494557f444b36054,TheStalkingStork
2103250d-6ad4-4cf0-82ec-a6516bd994aa,8e47378bcfaa30f6262d5722141ad8d4,TheMysticalMeerkat
cb120e74-853a-42c1-95df-bd26f2157303,428705b3abb11b4aace8e69c69bf1e73,TheZanyZebra
1ea5f1fc-8548-45b6-9889-78a6f652597f,4e1f94bffadbe85fd02b97b92df2b199,PioneerPangolin
349b12bc-f46d-4868-8736-80b249934940,56101c50e69f5c3385e72ea68c7b0996,vernithor
563badab-70dd-4835-aa2d-96271c6927e1,7daaf069881c4e700186abb4a66b1cf4,TheGallopingGazelle
df1a0f70-1fe1-45ff-b843-14d2e400c5ca,339cb982a5fc9ed248223d10f1539278,TheDapperDolphin
c2e5ff0a-820c-432d-982e-dce3e06bfc82,b899d1a960b631653f4e750889da3cd5,TheSnortingBoar
79652f42-c0ef-4e01-87a7-22100daaa1ce,a8f5a3810dc8ee11aa9968a1a793cfbb,Wee Dan Feed
fcf363f8-6c42-4b12-9f65-57f28cf07b01,afc8c0ce7745a7aa3da653432a293fd3,TheSqueakingMouse
712841dc-fc2a-428f-ad21-bc18f8106929,d7fee72be086b7ba841f7143ea7e9fc9,VoyagerVulture
885692b0-3e18-4ec8-9382-84508875e1ee,f9ad7601d061623655d9177ba32d0f24,TheWackyWombat
7f689619-d741-453a-be5f-353c3f189ef4,5bb44eb7767bc5ac902f3109c3ab9313,TheSoaringSeagull
c64451c9-05e7-4917-83d2-27843a39bc03,6faea0eef500926ed9463b96243e3a42,TrackerTarsier
3d8038ee-cb12-4762-9bf7-e1af45cd8f3c,9c85fe94fd3b5328d17dc8c0f6688d6b,PrivatePlatypus
f1ce071d-78d1-4bd9-bb31-96647f4f5c19,f5c6d9d4c33c1c7a283ed44c559d6fb3,CosmicCucumber
d50d4c69-a5f0-4936-9345-7b4968c7720a,7cc632808860d7611963a2d670cec1cc,TheSnortingBoar
2a5278ca-eb2a-4b4a-95bf-265b44d6d658,d0bd9a384734dc21f9a4655f98df3c77,TheSqueakingMouse
b5c4cc49-a4d1-457f-b3e9-bf63b53a4ae4,8eae1f6753fe9957e0743e0bde3f9197,EnsignEchidna
445f7bcd-8d21-419c-8e5b-d8458e66a5e7,ada906c8fbf57e17378f75304dc30953,TheCreepingCaterpillar
b14681ce-c4e3-413b-a67d-6cbf41c64cf1,3320bd245d1275bd2b1972aa6be119e6,CaptainQuirk
4f8bb640-2c24-415b-8185-62d1b44da65b,aff7160661465acc2878b5d30457112d,DoctorDapper
0cdabd61-a3c5-4671-bbbc-cace024a3f86,6436a7715663e05b4f0f5a1a41fe0fb0,TheCreepingCaterpillar
e534a0b2-847e-4638-8590-d444abceab0e,4a835ffd89d0479da0e66d3ea591351c,TrailblazerTapir
239ece02-da53-428a-9057-a8407365a624,a439eff5bd137a2085e0073a057178b2,DuchessDuck
44dfd708-3e6c-45f8-9896-3e93845e0f21,d1ddd3c6b24650e80c3bde7a984fe06a,BaronVonBubbles
d5f032e9-ffdd-41fc-a15b-4a231c7244fa,deba7e1a1ea66f40cf33dce03d27a7ce,TheDancingDingo
b4ef7e57-58c1-4e6a-b888-42f3951a2d3e,699f0e8e73a51d2c77902b904022b97d,ProfessorPixel
fa9da1bc-9d7b-4075-b771-eae5011b42e3,d4af271787a1a3bf668fdf5c5344fc67,TheCreepingCaterpillar
58f15dff-d2ec-49cc-be47-68df06746002,82e4261868c0fd289b9e18bf735bdab6,EmperorEmu
472fc683-b19a-4574-9b32-071fd9bfd640,6527ce068f450af29281e68bfa323012,SergeantSloth
63c1cf6a-e6aa-45c4-ae2a-c092a1cf4e0e,3df2ed59be281647147c374efb07e739,LieutenantLemur
b886cac3-705e-4e9d-aac3-b7facaecfc59,abc191fbd87c97f1e2186a63b0ed27ac,TheGoofyGorilla
f4afa738-3698-47be-895e-09510cebec6a,a272144745bd2f17ff3600162d8f1167,ProfessorPixel
347dc9cf-60d3-47c8-8694-dd5da85f8ed3,a97e3a3b38b2f028ff733b8e6687e942,TheGrumblingGrizzly
1bfab8a3-3ba4-4a84-8a1e-06633de04744,cf13f36a86ad438207de058aff8d53d9,EnsignEchidna
afe6e3d8-15e4-4e07-94b2-c02e78041bf9,6d51b238ebcf2a70be31c85caba29b5a,OfficerOcelot
37e52af3-1960-4e68-8f0b-1ab41a853e78,a58137217341a5a9c697f9978c8be50a,SirReginald
ba4608cf-5802-444e-9805-5921778192b4,ad2a654042f106697105e405bf991127,TheSnortingBoar
b9f510a8-4e41-44cf-beab-9ff9bb7982fd,75cd0e857f8dcc8edbd843b566c07d71,LieutenantLemur
6b90b9f1-6373-4b55-a57a-d39881ded2b4,290ac7a2f72642febe12a50be533ca83,TrailblazerTapir
